sampleID,sampleLat,sampleLon,year,window_years,fc,t2m_mean,t2m_var,t2m_ac,tp_mean,tp_var,tp_ac,def_mean,def_var,def_ac,ssrd_mean,ssrd_var,ssrd_ac,TAC_EVI_bimonthly_24,Coef1,Coef2,Coef3,Coef4,Coef5,Coef6,Coef7,Coef8,diff,eTAC
1,-3.95000028,-73.4399997,2000,4,100,297.9804484,0.52765047,NaN,0.007729567,2.72721032033341e-06,NaN,-0.004177573,3.23722363263282e-06,NaN,16014856.33,4.31517E+12,NaN,NaN,-27106.92188,0.044443127,235.6710968,-143.9780273,-140.0601807,-41.35131073,15.88651371,0,NaN,NaN
1,-3.95000028,-73.4399997,2001,4,100,298.0622762,0.545425446,NaN,0.007466685,3.53612246820631e-06,NaN,-0.003904698,4.01162646843582e-06,NaN,16163969.79,3.80533E+12,NaN,NaN,-27106.92188,0.044443127,235.6710968,-143.9780273,-140.0601807,-41.35131073,15.88651371,0,NaN,NaN
1,-3.95000028,-73.4399997,2002,4,100,298.1857368,0.498645752,NaN,0.007291485,3.65705771002649e-06,NaN,-0.003732481,4.22887488832264e-06,NaN,16203141.03,3.62234E+12,NaN,NaN,-27106.92188,0.044443127,235.6710968,-143.9780273,-140.0601807,-41.35131073,15.88651371,0,NaN,NaN
1,-3.95000028,-73.4399997,2003,4,100,298.2323863,0.495514601,NaN,0.007210127,3.6251866050461e-06,NaN,-0.00365398,4.22544234876531e-06,NaN,16194875.42,3.50158E+12,NaN,NaN,-27106.92188,0.044443127,235.6710968,-143.9780273,-140.0601807,-41.35131073,15.88651371,0,NaN,NaN
1,-3.95000028,-73.4399997,2004,4,100,298.361084,0.560660682,0.427722264,0.006863207,3.40753774709601e-06,-0.078040163,-0.003294499,4.05671158891419e-06,-0.007956569,16301111.02,3.42285E+12,0.387603358,0.370702669,-27106.92188,0.044443127,235.6710968,-143.9780273,-140.0601807,-41.35131073,15.88651371,0,0,0.370702669
1,-3.95000028,-73.4399997,2005,4,100,298.5168813,0.489408516,0.41934647,0.006722676,3.28175326980617e-06,-0.082865139,-0.003122975,4.11327718785045e-06,-0.022585556,16416838.96,3.46182E+12,0.341884045,0.343269071,-27106.92188,0.044443127,235.6710968,-143.9780273,-140.0601807,-41.35131073,15.88651371,0,0.002010629,0.341258442
1,-3.95000028,-73.4399997,2006,4,100,298.557958,0.478677138,0.413041517,0.006616052,3.17771632012588e-06,-0.031182933,-0.002975517,3.88642939092131e-06,0.024699007,16557105.33,3.2263E+12,0.354563669,0.343269071,-27106.92188,0.044443127,235.6710968,-143.9780273,-140.0601807,-41.35131073,15.88651371,0,0.003610345,0.339658727
1,-3.95000028,-73.4399997,2007,4,100,298.6074219,0.493434264,0.38673474,0.0065257,3.77339559927358e-06,-0.01128323,-0.002866749,4.41852190723458e-06,0.035533126,16697277.31,3.14427E+12,0.349543893,0.373188589,-27106.92188,0.044443127,235.6710968,-143.9780273,-140.0601807,-41.35131073,15.88651371,0,0.017779701,0.355408888
1,-3.95000028,-73.4399997,2008,4,100,298.5800476,0.38345331,0.37275573,0.006737719,4.11008027778646e-06,0.044422796,-0.00307773,4.74608378373528e-06,0.072116281,16709675.04,2.8774E+12,0.310223162,0.376198375,-27106.92188,0.044443127,235.6710968,-143.9780273,-140.0601807,-41.35131073,15.88651371,0,0.015134644,0.36106373
1,-3.95000028,-73.4399997,2009,4,100,298.512502,0.404847652,0.348286627,0.006988637,4.71576503442546e-06,0.114749875,-0.003362924,5.35252271451611e-06,0.125936883,16531448.92,2.92097E+12,0.279043509,0.369864961,-27106.92188,0.044443127,235.6710968,-143.9780273,-140.0601807,-41.35131073,15.88651371,0,0.010079178,0.359785783
1,-3.95000028,-73.4399997,2010,4,100,298.608963,0.472286263,0.350722692,0.007018325,5.22071204759902e-06,0.143326156,-0.003399532,5.95964057646444e-06,0.137912468,16501079.44,3.13969E+12,0.226534804,0.322228447,-27106.92188,0.044443127,235.6710968,-143.9780273,-140.0601807,-41.35131073,15.88651371,0,0.016239452,0.305988995
1,-3.95000028,-73.4399997,2011,4,100,298.5707753,0.397837939,0.416518892,0.007225297,5.35553496131649e-06,0.186433298,-0.003617755,6.2500161582743e-06,0.178798546,16350993.69,3.37303E+12,0.249046596,0.286740977,-27106.92188,0.044443127,235.6710968,-143.9780273,-140.0601807,-41.35131073,15.88651371,0,-0.000301352,0.28704233
1,-3.95000028,-73.4399997,2012,4,100,298.5744832,0.378899412,0.482407606,0.007333638,6.50505079872691e-06,0.181179119,-0.0037227,7.54546770108655e-06,0.180317561,16319948.42,3.26332E+12,0.302677489,0.270227358,-27106.92188,0.044443127,235.6710968,-143.9780273,-140.0601807,-41.35131073,15.88651371,0,0.002402696,0.267824663
1,-3.95000028,-73.4399997,2013,4,100,298.5632579,0.379956771,0.576204794,0.007272551,5.70852740601068e-06,0.1593771,-0.003652199,6.68022546260562e-06,0.171219782,16339891.71,3.24277E+12,0.35538258,0.206086631,-27106.92188,0.044443127,235.6710968,-143.9780273,-140.0601807,-41.35131073,15.88651371,0,-0.004809369,0.210896
1,-3.95000028,-73.4399997,2014,4,100,298.4231618,0.27666454,0.595557759,0.007472803,5.04823294621981e-06,0.11232555,-0.003895549,6.0068909534838e-06,0.137665582,16099704.17,3.00912E+12,0.381978535,0.067546124,-27106.92188,0.044443127,235.6710968,-143.9780273,-140.0601807,-41.35131073,15.88651371,0,-0.001631493,0.069177617
1,-3.95000028,-73.4399997,2015,4,100,298.4948425,0.387786453,0.518779388,0.007587303,5.44798510988842e-06,0.048063822,-0.00402061,6.83559194828698e-06,0.074754257,16048925.38,3.56024E+12,0.282811313,-0.041607264,-27106.92188,0.044443127,235.6710968,-143.9780273,-140.0601807,-41.35131073,15.88651371,0,0.001090279,-0.042697544
1,-3.95000028,-73.4399997,2016,4,100,298.634201,0.501228876,0.462936145,0.007621094,4.99135982690844e-06,0.014594795,-0.00405131,6.34104944453023e-06,0.042401445,16003624.42,3.85529E+12,0.204588587,-0.103253296,-27106.92188,0.044443127,235.6710968,-143.9780273,-140.0601807,-41.35131073,15.88651371,0,0.046136377,-0.149389674
1,-3.95000028,-73.4399997,2017,4,100,298.7364909,0.448124681,0.389475634,0.007586836,6.45479316848248e-06,0.013331048,-0.003997854,7.87949117858701e-06,0.032057516,16076976.42,3.52348E+12,0.155705958,-0.087753242,-27106.92188,0.044443127,235.6710968,-143.9780273,-140.0601807,-41.35131073,15.88651371,0,-0.004658199,-0.083095043
1,-3.95000028,-73.4399997,2018,4,100,298.7610219,0.488777128,0.349831421,0.007574434,6.86589599452242e-06,0.052565548,-0.003970157,8.37853818265286e-06,0.063667665,16101749.69,3.78118E+12,0.141247509,0.042350422,-27106.92188,0.044443127,235.6710968,-143.9780273,-140.0601807,-41.35131073,15.88651371,0,-0.011383702,0.053734124
1,-3.95000028,-73.4399997,2019,4,100,298.7634989,0.397088208,0.366893853,0.007629115,7.2188891524041e-06,0.102777885,-0.004016727,8.39127892518076e-06,0.111264547,16064360.31,3.02761E+12,0.183147137,0.148838711,-27106.92188,0.044443127,235.6710968,-143.9780273,-140.0601807,-41.35131073,15.88651371,0,-0.004393103,0.153231814
1,-3.95000028,-73.4399997,2020,4,100,298.7979177,0.353665242,0.334094314,0.007213659,7.06050205502894e-06,0.158416634,-0.00358662,8.31252971032185e-06,0.161892063,16187296.13,3.24634E+12,0.183563261,0.238815659,-27106.92188,0.044443127,235.6710968,-143.9780273,-140.0601807,-41.35131073,15.88651371,0,-0.004811079,0.243626738
1,-3.95000028,-73.4399997,2021,4,100,298.7705129,0.401567547,0.300582528,0.007371059,7.53688315210697e-06,0.170181385,-0.003726866,8.76666464985025e-06,0.178399537,16269115.56,3.80477E+12,0.194157211,0.320969492,-27106.92188,0.044443127,235.6710968,-143.9780273,-140.0601807,-41.35131073,15.88651371,0,-0.020352951,0.341322443
1,-3.95000028,-73.4399997,2022,4,100,298.816335,0.413887534,0.285881115,0.006962419,9.64772960975922e-06,0.172414846,-0.003514354,9.30940799072349e-06,0.181976482,15475912.11,1.12622E+13,0.233343773,0.385957032,-27106.92188,0.044443127,235.6710968,-143.9780273,-140.0601807,-41.35131073,15.88651371,0,0.002076859,0.383880173
1,-3.95000028,-73.4399997,2023,4,100,298.9712067,0.672893878,0.286874954,0.005635622,1.01878794123261e-05,0.264899318,-0.002795458,7.34029390906618e-06,0.205739572,12884322.05,2.96292E+13,0.403872216,0.470850685,-27106.92188,0.044443127,235.6710968,-143.9780273,-140.0601807,-41.35131073,15.88651371,0,-0.003681116,0.474531801
1,-3.95000028,-73.4399997,2024,4,100,299.1552124,0.884999543,0.373743966,0.005644162,1.25636828995018e-05,0.368578859,-0.002904511,9.49026383589717e-06,0.223477662,12550225.72,3.30955E+13,0.594392299,0.51742648,-27106.92188,0.044443127,235.6710968,-143.9780273,-140.0601807,-41.35131073,15.88651371,0,-0.04275312,0.560179599
2,-3.94999467,-73.43979207,2000,4,100,297.9783325,0.541468828,NaN,0.008066198,3.25579759889374e-06,NaN,-0.004439654,4.02013833696246e-06,NaN,16033027,4.32509E+12,NaN,NaN,-27106.91602,0.044443119,235.67099,-143.977951,-140.0602264,-41.35132217,15.88655853,0,NaN,NaN
2,-3.94999467,-73.43979207,2001,4,100,298.0578817,0.541404071,NaN,0.007775074,3.73002850323323e-06,NaN,-0.004135502,4.31259340390752e-06,NaN,16184831.79,3.79958E+12,NaN,NaN,-27106.91602,0.044443119,235.67099,-143.977951,-140.0602264,-41.35132217,15.88655853,0,NaN,NaN
2,-3.94999467,-73.43979207,2002,4,100,298.1808539,0.496639412,NaN,0.007525547,3.76162969890971e-06,NaN,-0.003889519,4.39966889794458e-06,NaN,16212803.22,3.62614E+12,NaN,NaN,-27106.91602,0.044443119,235.67099,-143.977951,-140.0602264,-41.35132217,15.88655853,0,NaN,NaN
2,-3.94999467,-73.43979207,2003,4,100,298.2261607,0.492833801,NaN,0.007448697,3.73148950146903e-06,NaN,-0.003816701,4.37970050269639e-06,NaN,16198672.52,3.5182E+12,NaN,NaN,-27106.91602,0.044443119,235.67099,-143.977951,-140.0602264,-41.35132217,15.88655853,0,NaN,NaN
2,-3.94999467,-73.43979207,2004,4,100,298.3553467,0.556093825,0.432345715,0.007078821,3.32726499537558e-06,-0.066637574,-0.003430641,3.98575710318724e-06,0.005264105,16301750.79,3.44716E+12,0.394518449,0.3707027,-27106.91602,0.044443119,235.67099,-143.977951,-140.0602264,-41.35132217,15.88655853,0,0,0.3707027
2,-3.94999467,-73.43979207,2005,4,100,298.5103709,0.488222267,0.425201787,0.006926541,3.06677936988653e-06,-0.068899725,-0.003246452,3.89144352234054e-06,-0.005620482,16410499.77,3.50009E+12,0.34933154,0.343269118,-27106.91602,0.044443119,235.67099,-143.977951,-140.0602264,-41.35132217,15.88655853,0,0.000414142,0.342854975
2,-3.94999467,-73.43979207,2006,4,100,298.5503489,0.47743669,0.419070715,0.006881227,3.15503731106284e-06,-0.020216231,-0.003154099,3.84101825569601e-06,0.037537748,16557776.79,3.26317E+12,0.36193763,0.343269118,-27106.91602,0.044443119,235.67099,-143.977951,-140.0602264,-41.35132217,15.88655853,0,0.004175851,0.339093267
2,-3.94999467,-73.43979207,2007,4,100,298.6008708,0.493742502,0.389976185,0.006796741,3.73765840981341e-06,0.000215421,-0.003050244,4.38202290957592e-06,0.048015471,16702862.31,3.17092E+12,0.355990303,0.373188605,-27106.91602,0.044443119,235.67099,-143.977951,-140.0602264,-41.35132217,15.88655853,0,-0.00431092,0.377499525
2,-3.94999467,-73.43979207,2008,4,100,298.5732524,0.383457856,0.37222915,0.006996458,4.01793881599728e-06,0.055202549,-0.003248082,4.61343456246258e-06,0.083479995,16715793.42,2.89033E+12,0.314871311,0.376198321,-27106.91602,0.044443119,235.67099,-143.977951,-140.0602264,-41.35132217,15.88655853,0,-0.005449793,0.381648114
2,-3.94999467,-73.43979207,2009,4,100,298.5083923,0.403412737,0.340765576,0.007251934,4.82201681719454e-06,0.117195505,-0.003540488,5.41969188650172e-06,0.127194397,16545897.71,2.91195E+12,0.277207215,0.369864883,-27106.91602,0.044443119,235.67099,-143.977951,-140.0602264,-41.35132217,15.88655853,0,0.009039807,0.360825076
2,-3.94999467,-73.43979207,2010,4,100,298.6080271,0.471873486,0.337507879,0.007255866,5.2804957134324e-06,0.141869601,-0.003551597,6.01986108170331e-06,0.133900639,16515662.9,3.12895E+12,0.217511593,0.322228384,-27106.91602,0.044443119,235.67099,-143.977951,-140.0602264,-41.35132217,15.88655853,0,0.010761826,0.311466558
2,-3.94999467,-73.43979207,2011,4,100,298.5708567,0.39648936,0.401648687,0.007440123,5.306340338635e-06,0.180467703,-0.003744537,6.18563799353268e-06,0.168672171,16368069.15,3.38238E+12,0.23690607,0.286740927,-27106.91602,0.044443119,235.67099,-143.977951,-140.0602264,-41.35132217,15.88655853,0,0.011282944,0.275457983
2,-3.94999467,-73.43979207,2012,4,100,298.5726522,0.376651885,0.469495442,0.007557308,6.43516938580736e-06,0.172864723,-0.003859024,7.48574623258206e-06,0.165309541,16336100.54,3.27372E+12,0.288875682,0.270227331,-27106.91602,0.044443119,235.67099,-143.977951,-140.0602264,-41.35132217,15.88655853,0,0.021203456,0.249023875
2,-3.94999467,-73.43979207,2013,4,100,298.5617523,0.380517567,0.570106358,0.00747,5.58299280987864e-06,0.163653232,-0.003761608,6.60869125958565e-06,0.168839197,16348227,3.28886E+12,0.347811449,0.206086609,-27106.91602,0.044443119,235.67099,-143.977951,-140.0602264,-41.35132217,15.88655853,0,-0.000922822,0.207009431
2,-3.94999467,-73.43979207,2014,4,100,298.4208018,0.275266705,0.59467028,0.007693014,4.91986976315281e-06,0.129214484,-0.004032787,5.9177091206884e-06,0.150850472,16105459.67,3.06162E+12,0.381630092,0.067546098,-27106.91602,0.044443119,235.67099,-143.977951,-140.0602264,-41.35132217,15.88655853,0,0.004142716,0.063403382
2,-3.94999467,-73.43979207,2015,4,100,298.4914653,0.386040429,0.521328253,0.007834516,5.55603871565985e-06,0.082845324,-0.00418476,7.02558519035208e-06,0.109525614,16050913.42,3.59418E+12,0.284605188,-0.041607296,-27106.91602,0.044443119,235.67099,-143.977951,-140.0602264,-41.35132217,15.88655853,0,-0.013618202,-0.027989094
2,-3.94999467,-73.43979207,2016,4,100,298.6331838,0.503872767,0.465991801,0.00787311,5.26103369736219e-06,0.065974555,-0.004224499,6.68909868997192e-06,0.096940941,16001709.13,3.91427E+12,0.206332904,-0.103253334,-27106.91602,0.044443119,235.67099,-143.977951,-140.0602264,-41.35132217,15.88655853,0,0.017958516,-0.12121185
2,-3.94999467,-73.43979207,2017,4,100,298.7339681,0.450778412,0.38993211,0.007852578,6.65811026465633e-06,0.069839181,-0.00418085,8.15320696086898e-06,0.093999346,16075857.5,3.55088E+12,0.153985188,-0.08775327,-27106.91602,0.044443119,235.67099,-143.977951,-140.0602264,-41.35132217,15.88655853,0,-0.013616252,-0.074137018
2,-3.94999467,-73.43979207,2018,4,100,298.7587026,0.489790327,0.34948588,0.00782099,7.0540858860051e-06,0.104998367,-0.004134029,8.62297449026219e-06,0.121388785,16102610.19,3.79451E+12,0.137070809,0.042350403,-27106.91602,0.044443119,235.67099,-143.977951,-140.0602264,-41.35132217,15.88655853,0,-0.007801559,0.050151962
2,-3.94999467,-73.43979207,2019,4,100,298.7628072,0.397648235,0.36593992,0.007844658,7.38067532038098e-06,0.136986574,-0.004150599,8.56831838050283e-06,0.15028995,16066894.94,3.04786E+12,0.180482966,0.148838702,-27106.91602,0.044443119,235.67099,-143.977951,-140.0602264,-41.35132217,15.88655853,0,-0.004443299,0.153282001
2,-3.94999467,-73.43979207,2020,4,100,298.7936859,0.345871224,0.332724558,0.007456614,7.0701613956926e-06,0.167598832,-0.003735402,8.32721414131937e-06,0.177107196,16191057.08,3.2481E+12,0.184044962,0.238815674,-27106.91602,0.044443119,235.67099,-143.977951,-140.0602264,-41.35132217,15.88655853,0,0.003610319,0.235205355
2,-3.94999467,-73.43979207,2021,4,100,298.7623749,0.390657428,0.300322953,0.007628404,7.40001835918501e-06,0.144853065,-0.003887621,8.56802121695362e-06,0.159634289,16271721.06,3.82077E+12,0.196993813,0.320969521,-27106.91602,0.044443119,235.67099,-143.977951,-140.0602264,-41.35132217,15.88655853,0,0.011711615,0.309257906
2,-3.94999467,-73.43979207,2022,4,100,298.8049011,0.405115839,0.283717802,0.007201909,9.43361826450431e-06,0.119858288,-0.003656374,9.00319517265953e-06,0.134970936,15475444.91,1.12902E+13,0.23651504,0.385957067,-27106.91602,0.044443119,235.67099,-143.977951,-140.0602264,-41.35132217,15.88655853,0,0.0181144,0.367842666
2,-3.94999467,-73.43979207,2023,4,100,298.9545644,0.649460811,0.282445061,0.005873147,1.00865322062932e-05,0.201510578,-0.002941921,7.01421244482469e-06,0.13515917,12882378.76,2.96216E+13,0.405591566,0.470850721,-27106.91602,0.044443119,235.67099,-143.977951,-140.0602264,-41.35132217,15.88655853,0,0.003479284,0.467371437
2,-3.94999467,-73.43979207,2024,4,100,299.1410522,0.870945021,0.369435645,0.005854093,1.24695609267018e-05,0.306815227,-0.003027619,9.20952400559136e-06,0.142692436,12555869.68,3.3149E+13,0.59468841,0.517426499,-27106.91602,0.044443119,235.67099,-143.977951,-140.0602264,-41.35132217,15.88655853,0,-0.040280424,0.557706923
3,-3.94981488,-73.44000278,2000,4,100,297.9783325,0.541468828,NaN,0.008066198,3.25579759889374e-06,NaN,-0.004439654,4.02013833696246e-06,NaN,16033027,4.32509E+12,NaN,NaN,-27106.92188,0.044443127,235.6694794,-143.9772491,-140.0601654,-41.35111237,15.88665771,0,NaN,NaN
3,-3.94981488,-73.44000278,2001,4,100,298.0578817,0.541404071,NaN,0.007775074,3.73002850323323e-06,NaN,-0.004135502,4.31259340390752e-06,NaN,16184831.79,3.79958E+12,NaN,NaN,-27106.92188,0.044443127,235.6694794,-143.9772491,-140.0601654,-41.35111237,15.88665771,0,NaN,NaN
3,-3.94981488,-73.44000278,2002,4,100,298.1808539,0.496639412,NaN,0.007525547,3.76162969890971e-06,NaN,-0.003889519,4.39966889794458e-06,NaN,16212803.22,3.62614E+12,NaN,NaN,-27106.92188,0.044443127,235.6694794,-143.9772491,-140.0601654,-41.35111237,15.88665771,0,NaN,NaN
3,-3.94981488,-73.44000278,2003,4,100,298.2261607,0.492833801,NaN,0.007448697,3.73148950146903e-06,NaN,-0.003816701,4.37970050269639e-06,NaN,16198672.52,3.5182E+12,NaN,NaN,-27106.92188,0.044443127,235.6694794,-143.9772491,-140.0601654,-41.35111237,15.88665771,0,NaN,NaN
3,-3.94981488,-73.44000278,2004,4,100,298.3553467,0.556093825,0.432345715,0.007078821,3.32726499537558e-06,-0.066637574,-0.003430641,3.98575710318724e-06,0.005264105,16301750.79,3.44716E+12,0.394518449,0.370702517,-27106.92188,0.044443127,235.6694794,-143.9772491,-140.0601654,-41.35111237,15.88665771,0,0,0.370702517
3,-3.94981488,-73.44000278,2005,4,100,298.5103709,0.488222267,0.425201787,0.006926541,3.06677936988653e-06,-0.068899725,-0.003246452,3.89144352234054e-06,-0.005620482,16410499.77,3.50009E+12,0.34933154,0.343268884,-27106.92188,0.044443127,235.6694794,-143.9772491,-140.0601654,-41.35111237,15.88665771,0,0.000414142,0.342854741
3,-3.94981488,-73.44000278,2006,4,100,298.5503489,0.47743669,0.419070715,0.006881227,3.15503731106284e-06,-0.020216231,-0.003154099,3.84101825569601e-06,0.037537748,16557776.79,3.26317E+12,0.36193763,0.343268884,-27106.92188,0.044443127,235.6694794,-143.9772491,-140.0601654,-41.35111237,15.88665771,0,0.004175851,0.339093033
3,-3.94981488,-73.44000278,2007,4,100,298.6008708,0.493742502,0.389976185,0.006796741,3.73765840981341e-06,0.000215421,-0.003050244,4.38202290957592e-06,0.048015471,16702862.31,3.17092E+12,0.355990303,0.373188481,-27106.92188,0.044443127,235.6694794,-143.9772491,-140.0601654,-41.35111237,15.88665771,0,-0.00431092,0.377499401
3,-3.94981488,-73.44000278,2008,4,100,298.5732524,0.383457856,0.37222915,0.006996458,4.01793881599728e-06,0.055202549,-0.003248082,4.61343456246258e-06,0.083479995,16715793.42,2.89033E+12,0.314871311,0.376198393,-27106.92188,0.044443127,235.6694794,-143.9772491,-140.0601654,-41.35111237,15.88665771,0,-0.005449793,0.381648186
3,-3.94981488,-73.44000278,2009,4,100,298.5083923,0.403412737,0.340765576,0.007251934,4.82201681719454e-06,0.117195505,-0.003540488,5.41969188650172e-06,0.127194397,16545897.71,2.91195E+12,0.277207215,0.369865029,-27106.92188,0.044443127,235.6694794,-143.9772491,-140.0601654,-41.35111237,15.88665771,0,0.009039807,0.360825222
3,-3.94981488,-73.44000278,2010,4,100,298.6080271,0.471873486,0.337507879,0.007255866,5.2804957134324e-06,0.141869601,-0.003551597,6.01986108170331e-06,0.133900639,16515662.9,3.12895E+12,0.217511593,0.322228518,-27106.92188,0.044443127,235.6694794,-143.9772491,-140.0601654,-41.35111237,15.88665771,0,0.010761826,0.311466692
3,-3.94981488,-73.44000278,2011,4,100,298.5708567,0.39648936,0.401648687,0.007440123,5.306340338635e-06,0.180467703,-0.003744537,6.18563799353268e-06,0.168672171,16368069.15,3.38238E+12,0.23690607,0.286741044,-27106.92188,0.044443127,235.6694794,-143.9772491,-140.0601654,-41.35111237,15.88665771,0,0.011282944,0.2754581
3,-3.94981488,-73.44000278,2012,4,100,298.5726522,0.376651885,0.469495442,0.007557308,6.43516938580736e-06,0.172864723,-0.003859024,7.48574623258206e-06,0.165309541,16336100.54,3.27372E+12,0.288875682,0.270227417,-27106.92188,0.044443127,235.6694794,-143.9772491,-140.0601654,-41.35111237,15.88665771,0,0.021203456,0.249023961
3,-3.94981488,-73.44000278,2013,4,100,298.5617523,0.380517567,0.570106358,0.00747,5.58299280987864e-06,0.163653232,-0.003761608,6.60869125958565e-06,0.168839197,16348227,3.28886E+12,0.347811449,0.206086722,-27106.92188,0.044443127,235.6694794,-143.9772491,-140.0601654,-41.35111237,15.88665771,0,-0.000922822,0.207009544
3,-3.94981488,-73.44000278,2014,4,100,298.4208018,0.275266705,0.59467028,0.007693014,4.91986976315281e-06,0.129214484,-0.004032787,5.9177091206884e-06,0.150850472,16105459.67,3.06162E+12,0.381630092,0.067546296,-27106.92188,0.044443127,235.6694794,-143.9772491,-140.0601654,-41.35111237,15.88665771,0,0.004142716,0.06340358
3,-3.94981488,-73.44000278,2015,4,100,298.4914653,0.386040429,0.521328253,0.007834516,5.55603871565985e-06,0.082845324,-0.00418476,7.02558519035208e-06,0.109525614,16050913.42,3.59418E+12,0.284605188,-0.041606986,-27106.92188,0.044443127,235.6694794,-143.9772491,-140.0601654,-41.35111237,15.88665771,0,-0.013618202,-0.027988784
3,-3.94981488,-73.44000278,2016,4,100,298.6331838,0.503872767,0.465991801,0.00787311,5.26103369736219e-06,0.065974555,-0.004224499,6.68909868997192e-06,0.096940941,16001709.13,3.91427E+12,0.206332904,-0.103252969,-27106.92188,0.044443127,235.6694794,-143.9772491,-140.0601654,-41.35111237,15.88665771,0,0.017958516,-0.121211485
3,-3.94981488,-73.44000278,2017,4,100,298.7339681,0.450778412,0.38993211,0.007852578,6.65811026465633e-06,0.069839181,-0.00418085,8.15320696086898e-06,0.093999346,16075857.5,3.55088E+12,0.153985188,-0.087752915,-27106.92188,0.044443127,235.6694794,-143.9772491,-140.0601654,-41.35111237,15.88665771,0,-0.013616252,-0.074136663
3,-3.94981488,-73.44000278,2018,4,100,298.7587026,0.489790327,0.34948588,0.00782099,7.0540858860051e-06,0.104998367,-0.004134029,8.62297449026219e-06,0.121388785,16102610.19,3.79451E+12,0.137070809,0.042350657,-27106.92188,0.044443127,235.6694794,-143.9772491,-140.0601654,-41.35111237,15.88665771,0,-0.007801559,0.050152215
3,-3.94981488,-73.44000278,2019,4,100,298.7628072,0.397648235,0.36593992,0.007844658,7.38067532038098e-06,0.136986574,-0.004150599,8.56831838050283e-06,0.15028995,16066894.94,3.04786E+12,0.180482966,0.148838808,-27106.92188,0.044443127,235.6694794,-143.9772491,-140.0601654,-41.35111237,15.88665771,0,-0.004443299,0.153282107
3,-3.94981488,-73.44000278,2020,4,100,298.7936859,0.345871224,0.332724558,0.007456614,7.0701613956926e-06,0.167598832,-0.003735402,8.32721414131937e-06,0.177107196,16191057.08,3.2481E+12,0.184044962,0.238815669,-27106.92188,0.044443127,235.6694794,-143.9772491,-140.0601654,-41.35111237,15.88665771,0,0.003610319,0.235205349
3,-3.94981488,-73.44000278,2021,4,100,298.7623749,0.390657428,0.300322953,0.007628404,7.40001835918501e-06,0.144853065,-0.003887621,8.56802121695362e-06,0.159634289,16271721.06,3.82077E+12,0.196993813,0.320969454,-27106.92188,0.044443127,235.6694794,-143.9772491,-140.0601654,-41.35111237,15.88665771,0,0.011711615,0.309257839
3,-3.94981488,-73.44000278,2022,4,100,298.8049011,0.405115839,0.283717802,0.007201909,9.43361826450431e-06,0.119858288,-0.003656374,9.00319517265953e-06,0.134970936,15475444.91,1.12902E+13,0.23651504,0.385956994,-27106.92188,0.044443127,235.6694794,-143.9772491,-140.0601654,-41.35111237,15.88665771,0,0.0181144,0.367842594
3,-3.94981488,-73.44000278,2023,4,100,298.9545644,0.649460811,0.282445061,0.005873147,1.00865322062932e-05,0.201510578,-0.002941921,7.01421244482469e-06,0.13515917,12882378.76,2.96216E+13,0.405591566,0.470850666,-27106.92188,0.044443127,235.6694794,-143.9772491,-140.0601654,-41.35111237,15.88665771,0,0.003479284,0.467371382
3,-3.94981488,-73.44000278,2024,4,100,299.1410522,0.870945021,0.369435645,0.005854093,1.24695609267018e-05,0.306815227,-0.003027619,9.20952400559136e-06,0.142692436,12555869.68,3.3149E+13,0.59468841,0.517426493,-27106.92188,0.044443127,235.6694794,-143.9772491,-140.0601654,-41.35111237,15.88665771,0,-0.040280424,0.557706916
4,-3.95000627,-73.44026569,2000,4,98,297.9804484,0.52765047,NaN,0.007729567,2.72721032033341e-06,NaN,-0.004177573,3.23722363263282e-06,NaN,16014856.33,4.31517E+12,NaN,NaN,-31626.71875,0.050783876,154.6465302,-150.2054443,-39.48398209,-15.38160324,0,0,NaN,NaN
4,-3.95000627,-73.44026569,2001,4,98,298.0622762,0.545425446,NaN,0.007466685,3.53612246820631e-06,NaN,-0.003904698,4.01162646843582e-06,NaN,16163969.79,3.80533E+12,NaN,NaN,-31626.71875,0.050783876,154.6465302,-150.2054443,-39.48398209,-15.38160324,0,0,NaN,NaN
4,-3.95000627,-73.44026569,2002,4,98,298.1857368,0.498645752,NaN,0.007291485,3.65705771002649e-06,NaN,-0.003732481,4.22887488832264e-06,NaN,16203141.03,3.62234E+12,NaN,NaN,-31626.71875,0.050783876,154.6465302,-150.2054443,-39.48398209,-15.38160324,0,0,NaN,NaN
4,-3.95000627,-73.44026569,2003,4,98,298.2323863,0.495514601,NaN,0.007210127,3.6251866050461e-06,NaN,-0.00365398,4.22544234876531e-06,NaN,16194875.42,3.50158E+12,NaN,NaN,-31626.71875,0.050783876,154.6465302,-150.2054443,-39.48398209,-15.38160324,0,0,NaN,NaN
4,-3.95000627,-73.44026569,2004,4,98,298.361084,0.560660682,0.427722264,0.006863207,3.40753774709601e-06,-0.078040163,-0.003294499,4.05671158891419e-06,-0.007956569,16301111.02,3.42285E+12,0.387603358,0.453597619,-31626.71875,0.050783876,154.6465302,-150.2054443,-39.48398209,-15.38160324,0,0,0,0.453597619
4,-3.95000627,-73.44026569,2005,4,98,298.5168813,0.489408516,0.41934647,0.006722676,3.28175326980617e-06,-0.082865139,-0.003122975,4.11327718785045e-06,-0.022585556,16416838.96,3.46182E+12,0.341884045,0.415962342,-31626.71875,0.050783876,154.6465302,-150.2054443,-39.48398209,-15.38160324,0,0,-0.002679012,0.418641354
4,-3.95000627,-73.44026569,2006,4,98,298.557958,0.478677138,0.413041517,0.006616052,3.17771632012588e-06,-0.031182933,-0.002975517,3.88642939092131e-06,0.024699007,16557105.33,3.2263E+12,0.354563669,0.415962342,-31626.71875,0.050783876,154.6465302,-150.2054443,-39.48398209,-15.38160324,0,0,0.007733046,0.408229296
4,-3.95000627,-73.44026569,2007,4,98,298.6074219,0.493434264,0.38673474,0.0065257,3.77339559927358e-06,-0.01128323,-0.002866749,4.41852190723458e-06,0.035533126,16697277.31,3.14427E+12,0.349543893,0.413338562,-31626.71875,0.050783876,154.6465302,-150.2054443,-39.48398209,-15.38160324,0,0,0.023707227,0.389631335
4,-3.95000627,-73.44026569,2008,4,98,298.5800476,0.38345331,0.37275573,0.006737719,4.11008027778646e-06,0.044422796,-0.00307773,4.74608378373528e-06,0.072116281,16709675.04,2.8774E+12,0.310223162,0.322239218,-31626.71875,0.050783876,154.6465302,-150.2054443,-39.48398209,-15.38160324,0,0,-0.002063854,0.324303072
4,-3.95000627,-73.44026569,2009,4,98,298.512502,0.404847652,0.348286627,0.006988637,4.71576503442546e-06,0.114749875,-0.003362924,5.35252271451611e-06,0.125936883,16531448.92,2.92097E+12,0.279043509,0.362211261,-31626.71875,0.050783876,154.6465302,-150.2054443,-39.48398209,-15.38160324,0,0,0.013278656,0.348932605
4,-3.95000627,-73.44026569,2010,4,98,298.608963,0.472286263,0.350722692,0.007018325,5.22071204759902e-06,0.143326156,-0.003399532,5.95964057646444e-06,0.137912468,16501079.44,3.13969E+12,0.226534804,0.356841291,-31626.71875,0.050783876,154.6465302,-150.2054443,-39.48398209,-15.38160324,0,0,0.009944029,0.346897262
4,-3.95000627,-73.44026569,2011,4,98,298.5707753,0.397837939,0.416518892,0.007225297,5.35553496131649e-06,0.186433298,-0.003617755,6.2500161582743e-06,0.178798546,16350993.69,3.37303E+12,0.249046596,0.378787488,-31626.71875,0.050783876,154.6465302,-150.2054443,-39.48398209,-15.38160324,0,0,-0.001394053,0.380181541
4,-3.95000627,-73.44026569,2012,4,98,298.5744832,0.378899412,0.482407606,0.007333638,6.50505079872691e-06,0.181179119,-0.0037227,7.54546770108655e-06,0.180317561,16319948.42,3.26332E+12,0.302677489,0.422588144,-31626.71875,0.050783876,154.6465302,-150.2054443,-39.48398209,-15.38160324,0,0,-0.01104892,0.433637065
4,-3.95000627,-73.44026569,2013,4,98,298.5632579,0.379956771,0.576204794,0.007272551,5.70852740601068e-06,0.1593771,-0.003652199,6.68022546260562e-06,0.171219782,16339891.71,3.24277E+12,0.35538258,0.453368067,-31626.71875,0.050783876,154.6465302,-150.2054443,-39.48398209,-15.38160324,0,0,-0.025878434,0.479246501
4,-3.95000627,-73.44026569,2014,4,98,298.4231618,0.27666454,0.595557759,0.007472803,5.04823294621981e-06,0.11232555,-0.003895549,6.0068909534838e-06,0.137665582,16099704.17,3.00912E+12,0.381978535,0.354638286,-31626.71875,0.050783876,154.6465302,-150.2054443,-39.48398209,-15.38160324,0,0,-0.003144305,0.357782591
4,-3.95000627,-73.44026569,2015,4,98,298.4948425,0.387786453,0.518779388,0.007587303,5.44798510988842e-06,0.048063822,-0.00402061,6.83559194828698e-06,0.074754257,16048925.38,3.56024E+12,0.282811313,0.204263532,-31626.71875,0.050783876,154.6465302,-150.2054443,-39.48398209,-15.38160324,0,0,-0.023903646,0.228167177
4,-3.95000627,-73.44026569,2016,4,98,298.634201,0.501228876,0.462936145,0.007621094,4.99135982690844e-06,0.014594795,-0.00405131,6.34104944453023e-06,0.042401445,16003624.42,3.85529E+12,0.204588587,0.064098633,-31626.71875,0.050783876,154.6465302,-150.2054443,-39.48398209,-15.38160324,0,0,0.024116909,0.039981724
4,-3.95000627,-73.44026569,2017,4,98,298.7364909,0.448124681,0.389475634,0.007586836,6.45479316848248e-06,0.013331048,-0.003997854,7.87949117858701e-06,0.032057516,16076976.42,3.52348E+12,0.155705958,-0.096502211,-31626.71875,0.050783876,154.6465302,-150.2054443,-39.48398209,-15.38160324,0,0,-0.030987219,-0.065514992
4,-3.95000627,-73.44026569,2018,4,98,298.7610219,0.488777128,0.349831421,0.007574434,6.86589599452242e-06,0.052565548,-0.003970157,8.37853818265286e-06,0.063667665,16101749.69,3.78118E+12,0.141247509,-0.132512631,-31626.71875,0.050783876,154.6465302,-150.2054443,-39.48398209,-15.38160324,0,0,-0.003913619,-0.128599012
4,-3.95000627,-73.44026569,2019,4,98,298.7634989,0.397088208,0.366893853,0.007629115,7.2188891524041e-06,0.102777885,-0.004016727,8.39127892518076e-06,0.111264547,16064360.31,3.02761E+12,0.183147137,-0.098769648,-31626.71875,0.050783876,154.6465302,-150.2054443,-39.48398209,-15.38160324,0,0,-0.014727696,-0.084041952
4,-3.95000627,-73.44026569,2020,4,98,298.7979177,0.353665242,0.334094314,0.007213659,7.06050205502894e-06,0.158416634,-0.00358662,8.31252971032185e-06,0.161892063,16187296.13,3.24634E+12,0.183563261,-0.048670619,-31626.71875,0.050783876,154.6465302,-150.2054443,-39.48398209,-15.38160324,0,0,-0.020193766,-0.028476853
4,-3.95000627,-73.44026569,2021,4,98,298.7705129,0.401567547,0.300582528,0.007371059,7.53688315210697e-06,0.170181385,-0.003726866,8.76666464985025e-06,0.178399537,16269115.56,3.80477E+12,0.194157211,0.035302368,-31626.71875,0.050783876,154.6465302,-150.2054443,-39.48398209,-15.38160324,0,0,-0.014485813,0.049788181
4,-3.95000627,-73.44026569,2022,4,98,298.816335,0.413887534,0.285881115,0.006962419,9.64772960975922e-06,0.172414846,-0.003514354,9.30940799072349e-06,0.181976482,15475912.11,1.12622E+13,0.233343773,0.113474747,-31626.71875,0.050783876,154.6465302,-150.2054443,-39.48398209,-15.38160324,0,0,-0.038072035,0.151546782
4,-3.95000627,-73.44026569,2023,4,98,298.9712067,0.672893878,0.286874954,0.005635622,1.01878794123261e-05,0.264899318,-0.002795458,7.34029390906618e-06,0.205739572,12884322.05,2.96292E+13,0.403872216,0.204227652,-31626.71875,0.050783876,154.6465302,-150.2054443,-39.48398209,-15.38160324,0,0,0.034206736,0.170020915
4,-3.95000627,-73.44026569,2024,4,98,299.1552124,0.884999543,0.373743966,0.005644162,1.25636828995018e-05,0.368578859,-0.002904511,9.49026383589717e-06,0.223477662,12550225.72,3.30955E+13,0.594392299,0.297277107,-31626.71875,0.050783876,154.6465302,-150.2054443,-39.48398209,-15.38160324,0,0,-0.014898902,0.312176009
5,-3.95021698,-73.43999698,2000,4,100,297.9804484,0.52765047,NaN,0.007729567,2.72721032033341e-06,NaN,-0.004177573,3.23722363263282e-06,NaN,16014856.33,4.31517E+12,NaN,NaN,-25570.1582,0.042261243,123.1609421,-149.5771179,-107.1327057,-71.58272552,14.37751198,0,NaN,NaN
5,-3.95021698,-73.43999698,2001,4,100,298.0622762,0.545425446,NaN,0.007466685,3.53612246820631e-06,NaN,-0.003904698,4.01162646843582e-06,NaN,16163969.79,3.80533E+12,NaN,NaN,-25570.1582,0.042261243,123.1609421,-149.5771179,-107.1327057,-71.58272552,14.37751198,0,NaN,NaN
5,-3.95021698,-73.43999698,2002,4,100,298.1857368,0.498645752,NaN,0.007291485,3.65705771002649e-06,NaN,-0.003732481,4.22887488832264e-06,NaN,16203141.03,3.62234E+12,NaN,NaN,-25570.1582,0.042261243,123.1609421,-149.5771179,-107.1327057,-71.58272552,14.37751198,0,NaN,NaN
5,-3.95021698,-73.43999698,2003,4,100,298.2323863,0.495514601,NaN,0.007210127,3.6251866050461e-06,NaN,-0.00365398,4.22544234876531e-06,NaN,16194875.42,3.50158E+12,NaN,NaN,-25570.1582,0.042261243,123.1609421,-149.5771179,-107.1327057,-71.58272552,14.37751198,0,NaN,NaN
5,-3.95021698,-73.43999698,2004,4,100,298.361084,0.560660682,0.427722264,0.006863207,3.40753774709601e-06,-0.078040163,-0.003294499,4.05671158891419e-06,-0.007956569,16301111.02,3.42285E+12,0.387603358,0.314658131,-25570.1582,0.042261243,123.1609421,-149.5771179,-107.1327057,-71.58272552,14.37751198,0,0,0.314658131
5,-3.95021698,-73.43999698,2005,4,100,298.5168813,0.489408516,0.41934647,0.006722676,3.28175326980617e-06,-0.082865139,-0.003122975,4.11327718785045e-06,-0.022585556,16416838.96,3.46182E+12,0.341884045,0.281456323,-25570.1582,0.042261243,123.1609421,-149.5771179,-107.1327057,-71.58272552,14.37751198,0,-0.005975219,0.287431541
5,-3.95021698,-73.43999698,2006,4,100,298.557958,0.478677138,0.413041517,0.006616052,3.17771632012588e-06,-0.031182933,-0.002975517,3.88642939092131e-06,0.024699007,16557105.33,3.2263E+12,0.354563669,0.281456323,-25570.1582,0.042261243,123.1609421,-149.5771179,-107.1327057,-71.58272552,14.37751198,0,0.011165875,0.270290448
5,-3.95021698,-73.43999698,2007,4,100,298.6074219,0.493434264,0.38673474,0.0065257,3.77339559927358e-06,-0.01128323,-0.002866749,4.41852190723458e-06,0.035533126,16697277.31,3.14427E+12,0.349543893,0.285299663,-25570.1582,0.042261243,123.1609421,-149.5771179,-107.1327057,-71.58272552,14.37751198,0,0.025659371,0.259640291
5,-3.95021698,-73.43999698,2008,4,100,298.5800476,0.38345331,0.37275573,0.006737719,4.11008027778646e-06,0.044422796,-0.00307773,4.74608378373528e-06,0.072116281,16709675.04,2.8774E+12,0.310223162,0.240621426,-25570.1582,0.042261243,123.1609421,-149.5771179,-107.1327057,-71.58272552,14.37751198,0,0.019711544,0.220909882
5,-3.95021698,-73.43999698,2009,4,100,298.512502,0.404847652,0.348286627,0.006988637,4.71576503442546e-06,0.114749875,-0.003362924,5.35252271451611e-06,0.125936883,16531448.92,2.92097E+12,0.279043509,0.26241076,-25570.1582,0.042261243,123.1609421,-149.5771179,-107.1327057,-71.58272552,14.37751198,0,-0.006388977,0.268799737
5,-3.95021698,-73.43999698,2010,4,100,298.608963,0.472286263,0.350722692,0.007018325,5.22071204759902e-06,0.143326156,-0.003399532,5.95964057646444e-06,0.137912468,16501079.44,3.13969E+12,0.226534804,0.228843426,-25570.1582,0.042261243,123.1609421,-149.5771179,-107.1327057,-71.58272552,14.37751198,0,0.027827988,0.201015438
5,-3.95021698,-73.43999698,2011,4,100,298.5707753,0.397837939,0.416518892,0.007225297,5.35553496131649e-06,0.186433298,-0.003617755,6.2500161582743e-06,0.178798546,16350993.69,3.37303E+12,0.249046596,0.195793882,-25570.1582,0.042261243,123.1609421,-149.5771179,-107.1327057,-71.58272552,14.37751198,0,0.007412989,0.188380893
5,-3.95021698,-73.43999698,2012,4,100,298.5744832,0.378899412,0.482407606,0.007333638,6.50505079872691e-06,0.181179119,-0.0037227,7.54546770108655e-06,0.180317561,16319948.42,3.26332E+12,0.302677489,0.189088721,-25570.1582,0.042261243,123.1609421,-149.5771179,-107.1327057,-71.58272552,14.37751198,0,-0.031463821,0.220552542
5,-3.95021698,-73.43999698,2013,4,100,298.5632579,0.379956771,0.576204794,0.007272551,5.70852740601068e-06,0.1593771,-0.003652199,6.68022546260562e-06,0.171219782,16339891.71,3.24277E+12,0.35538258,0.127959821,-25570.1582,0.042261243,123.1609421,-149.5771179,-107.1327057,-71.58272552,14.37751198,0,-0.00763512,0.135594941
5,-3.95021698,-73.43999698,2014,4,100,298.4231618,0.27666454,0.595557759,0.007472803,5.04823294621981e-06,0.11232555,-0.003895549,6.0068909534838e-06,0.137665582,16099704.17,3.00912E+12,0.381978535,0.006371075,-25570.1582,0.042261243,123.1609421,-149.5771179,-107.1327057,-71.58272552,14.37751198,0,-0.009348285,0.01571936
5,-3.95021698,-73.43999698,2015,4,100,298.4948425,0.387786453,0.518779388,0.007587303,5.44798510988842e-06,0.048063822,-0.00402061,6.83559194828698e-06,0.074754257,16048925.38,3.56024E+12,0.282811313,-0.029426301,-25570.1582,0.042261243,123.1609421,-149.5771179,-107.1327057,-71.58272552,14.37751198,0,-0.019354942,-0.010071359
5,-3.95021698,-73.43999698,2016,4,100,298.634201,0.501228876,0.462936145,0.007621094,4.99135982690844e-06,0.014594795,-0.00405131,6.34104944453023e-06,0.042401445,16003624.42,3.85529E+12,0.204588587,-0.069053626,-25570.1582,0.042261243,123.1609421,-149.5771179,-107.1327057,-71.58272552,14.37751198,0,0.031467675,-0.100521301
5,-3.95021698,-73.43999698,2017,4,100,298.7364909,0.448124681,0.389475634,0.007586836,6.45479316848248e-06,0.013331048,-0.003997854,7.87949117858701e-06,0.032057516,16076976.42,3.52348E+12,0.155705958,-0.032578744,-25570.1582,0.042261243,123.1609421,-149.5771179,-107.1327057,-71.58272552,14.37751198,0,-0.022668454,-0.009910289
5,-3.95021698,-73.43999698,2018,4,100,298.7610219,0.488777128,0.349831421,0.007574434,6.86589599452242e-06,0.052565548,-0.003970157,8.37853818265286e-06,0.063667665,16101749.69,3.78118E+12,0.141247509,0.102977158,-25570.1582,0.042261243,123.1609421,-149.5771179,-107.1327057,-71.58272552,14.37751198,0,-0.032966124,0.135943283
5,-3.95021698,-73.43999698,2019,4,100,298.7634989,0.397088208,0.366893853,0.007629115,7.2188891524041e-06,0.102777885,-0.004016727,8.39127892518076e-06,0.111264547,16064360.31,3.02761E+12,0.183147137,0.168876326,-25570.1582,0.042261243,123.1609421,-149.5771179,-107.1327057,-71.58272552,14.37751198,0,-0.00205434,0.170930667
5,-3.95021698,-73.43999698,2020,4,100,298.7979177,0.353665242,0.334094314,0.007213659,7.06050205502894e-06,0.158416634,-0.00358662,8.31252971032185e-06,0.161892063,16187296.13,3.24634E+12,0.183563261,0.270063693,-25570.1582,0.042261243,123.1609421,-149.5771179,-107.1327057,-71.58272552,14.37751198,0,-0.032547584,0.302611277
5,-3.95021698,-73.43999698,2021,4,100,298.7705129,0.401567547,0.300582528,0.007371059,7.53688315210697e-06,0.170181385,-0.003726866,8.76666464985025e-06,0.178399537,16269115.56,3.80477E+12,0.194157211,0.299823546,-25570.1582,0.042261243,123.1609421,-149.5771179,-107.1327057,-71.58272552,14.37751198,0,-0.033421545,0.333245091
5,-3.95021698,-73.43999698,2022,4,100,298.816335,0.413887534,0.285881115,0.006962419,9.64772960975922e-06,0.172414846,-0.003514354,9.30940799072349e-06,0.181976482,15475912.11,1.12622E+13,0.233343773,0.338137211,-25570.1582,0.042261243,123.1609421,-149.5771179,-107.1327057,-71.58272552,14.37751198,0,-0.025615028,0.36375224
5,-3.95021698,-73.43999698,2023,4,100,298.9712067,0.672893878,0.286874954,0.005635622,1.01878794123261e-05,0.264899318,-0.002795458,7.34029390906618e-06,0.205739572,12884322.05,2.96292E+13,0.403872216,0.415969964,-25570.1582,0.042261243,123.1609421,-149.5771179,-107.1327057,-71.58272552,14.37751198,0,-0.003465001,0.419434966
5,-3.95021698,-73.43999698,2024,4,100,299.1552124,0.884999543,0.373743966,0.005644162,1.25636828995018e-05,0.368578859,-0.002904511,9.49026383589717e-06,0.223477662,12550225.72,3.30955E+13,0.594392299,0.450608688,-25570.1582,0.042261243,123.1609421,-149.5771179,-107.1327057,-71.58272552,14.37751198,0,-0.057850651,0.508459339
6,-3.95000531,-73.42999786,2000,4,100,297.9804484,0.52765047,NaN,0.007729567,2.72721032033341e-06,NaN,-0.004177573,3.23722363263282e-06,NaN,16014856.33,4.31517E+12,NaN,NaN,2810.331055,0.004012314,135.0609894,-17.10929871,-173.5280304,0,0,-80.81909943,NaN,NaN
6,-3.95000531,-73.42999786,2001,4,100,298.0622762,0.545425446,NaN,0.007466685,3.53612246820631e-06,NaN,-0.003904698,4.01162646843582e-06,NaN,16163969.79,3.80533E+12,NaN,NaN,2810.331055,0.004012314,135.0609894,-17.10929871,-173.5280304,0,0,-80.81909943,NaN,NaN
6,-3.95000531,-73.42999786,2002,4,100,298.1857368,0.498645752,NaN,0.007291485,3.65705771002649e-06,NaN,-0.003732481,4.22887488832264e-06,NaN,16203141.03,3.62234E+12,NaN,NaN,2810.331055,0.004012314,135.0609894,-17.10929871,-173.5280304,0,0,-80.81909943,NaN,NaN
6,-3.95000531,-73.42999786,2003,4,100,298.2323863,0.495514601,NaN,0.007210127,3.6251866050461e-06,NaN,-0.00365398,4.22544234876531e-06,NaN,16194875.42,3.50158E+12,NaN,NaN,2810.331055,0.004012314,135.0609894,-17.10929871,-173.5280304,0,0,-80.81909943,NaN,NaN
6,-3.95000531,-73.42999786,2004,4,100,298.361084,0.560660682,0.427722264,0.006863207,3.40753774709601e-06,-0.078040163,-0.003294499,4.05671158891419e-06,-0.007956569,16301111.02,3.42285E+12,0.387603358,0.384590153,2810.331055,0.004012314,135.0609894,-17.10929871,-173.5280304,0,0,-80.81909943,0,0.384590153
6,-3.95000531,-73.42999786,2005,4,100,298.5168813,0.489408516,0.41934647,0.006722676,3.28175326980617e-06,-0.082865139,-0.003122975,4.11327718785045e-06,-0.022585556,16416838.96,3.46182E+12,0.341884045,0.184524815,2810.331055,0.004012314,135.0609894,-17.10929871,-173.5280304,0,0,-80.81909943,-0.001572245,0.18609706
6,-3.95000531,-73.42999786,2006,4,100,298.557958,0.478677138,0.413041517,0.006616052,3.17771632012588e-06,-0.031182933,-0.002975517,3.88642939092131e-06,0.024699007,16557105.33,3.2263E+12,0.354563669,0.12873319,2810.331055,0.004012314,135.0609894,-17.10929871,-173.5280304,0,0,-80.81909943,-0.006791079,0.135524269
6,-3.95000531,-73.42999786,2007,4,100,298.6074219,0.493434264,0.38673474,0.0065257,3.77339559927358e-06,-0.01128323,-0.002866749,4.41852190723458e-06,0.035533126,16697277.31,3.14427E+12,0.349543893,0.161190369,2810.331055,0.004012314,135.0609894,-17.10929871,-173.5280304,0,0,-80.81909943,0.009242129,0.15194824
6,-3.95000531,-73.42999786,2008,4,100,298.5800476,0.38345331,0.37275573,0.006737719,4.11008027778646e-06,0.044422796,-0.00307773,4.74608378373528e-06,0.072116281,16709675.04,2.8774E+12,0.310223162,0.120288207,2810.331055,0.004012314,135.0609894,-17.10929871,-173.5280304,0,0,-80.81909943,0.015338054,0.104950154
6,-3.95000531,-73.42999786,2009,4,100,298.512502,0.404847652,0.348286627,0.006988637,4.71576503442546e-06,0.114749875,-0.003362924,5.35252271451611e-06,0.125936883,16531448.92,2.92097E+12,0.279043509,0.200413497,2810.331055,0.004012314,135.0609894,-17.10929871,-173.5280304,0,0,-80.81909943,-0.000517649,0.200931146
6,-3.95000531,-73.42999786,2010,4,100,298.608963,0.472286263,0.350722692,0.007018325,5.22071204759902e-06,0.143326156,-0.003399532,5.95964057646444e-06,0.137912468,16501079.44,3.13969E+12,0.226534804,0.30393722,2810.331055,0.004012314,135.0609894,-17.10929871,-173.5280304,0,0,-80.81909943,-0.000554626,0.304491846
6,-3.95000531,-73.42999786,2011,4,100,298.5707753,0.397837939,0.416518892,0.007225297,5.35553496131649e-06,0.186433298,-0.003617755,6.2500161582743e-06,0.178798546,16350993.69,3.37303E+12,0.249046596,0.35244329,2810.331055,0.004012314,135.0609894,-17.10929871,-173.5280304,0,0,-80.81909943,0.014064146,0.338379143
6,-3.95000531,-73.42999786,2012,4,100,298.5744832,0.378899412,0.482407606,0.007333638,6.50505079872691e-06,0.181179119,-0.0037227,7.54546770108655e-06,0.180317561,16319948.42,3.26332E+12,0.302677489,0.401727185,2810.331055,0.004012314,135.0609894,-17.10929871,-173.5280304,0,0,-80.81909943,0.006784412,0.394942773
6,-3.95000531,-73.42999786,2013,4,100,298.5632579,0.379956771,0.576204794,0.007272551,5.70852740601068e-06,0.1593771,-0.003652199,6.68022546260562e-06,0.171219782,16339891.71,3.24277E+12,0.35538258,0.446319524,2810.331055,0.004012314,135.0609894,-17.10929871,-173.5280304,0,0,-80.81909943,0.017681171,0.428638353
6,-3.95000531,-73.42999786,2014,4,100,298.4231618,0.27666454,0.595557759,0.007472803,5.04823294621981e-06,0.11232555,-0.003895549,6.0068909534838e-06,0.137665582,16099704.17,3.00912E+12,0.381978535,0.466059359,2810.331055,0.004012314,135.0609894,-17.10929871,-173.5280304,0,0,-80.81909943,0.06053984,0.405519519
6,-3.95000531,-73.42999786,2015,4,100,298.4948425,0.387786453,0.518779388,0.007587303,5.44798510988842e-06,0.048063822,-0.00402061,6.83559194828698e-06,0.074754257,16048925.38,3.56024E+12,0.282811313,0.452599434,2810.331055,0.004012314,135.0609894,-17.10929871,-173.5280304,0,0,-80.81909943,0.014730323,0.437869111
6,-3.95000531,-73.42999786,2016,4,100,298.634201,0.501228876,0.462936145,0.007621094,4.99135982690844e-06,0.014594795,-0.00405131,6.34104944453023e-06,0.042401445,16003624.42,3.85529E+12,0.204588587,0.434946697,2810.331055,0.004012314,135.0609894,-17.10929871,-173.5280304,0,0,-80.81909943,0.049466273,0.385480424
6,-3.95000531,-73.42999786,2017,4,100,298.7364909,0.448124681,0.389475634,0.007586836,6.45479316848248e-06,0.013331048,-0.003997854,7.87949117858701e-06,0.032057516,16076976.42,3.52348E+12,0.155705958,0.366885321,2810.331055,0.004012314,135.0609894,-17.10929871,-173.5280304,0,0,-80.81909943,0.000998224,0.365887098
6,-3.95000531,-73.42999786,2018,4,100,298.7610219,0.488777128,0.349831421,0.007574434,6.86589599452242e-06,0.052565548,-0.003970157,8.37853818265286e-06,0.063667665,16101749.69,3.78118E+12,0.141247509,0.261792523,2810.331055,0.004012314,135.0609894,-17.10929871,-173.5280304,0,0,-80.81909943,-0.029197098,0.290989621
6,-3.95000531,-73.42999786,2019,4,100,298.7634989,0.397088208,0.366893853,0.007629115,7.2188891524041e-06,0.102777885,-0.004016727,8.39127892518076e-06,0.111264547,16064360.31,3.02761E+12,0.183147137,0.159585936,2810.331055,0.004012314,135.0609894,-17.10929871,-173.5280304,0,0,-80.81909943,-0.012013758,0.171599694
6,-3.95000531,-73.42999786,2020,4,100,298.7979177,0.353665242,0.334094314,0.007213659,7.06050205502894e-06,0.158416634,-0.00358662,8.31252971032185e-06,0.161892063,16187296.13,3.24634E+12,0.183563261,0.027654999,2810.331055,0.004012314,135.0609894,-17.10929871,-173.5280304,0,0,-80.81909943,-0.019582313,0.047237312
6,-3.95000531,-73.42999786,2021,4,100,298.7705129,0.401567547,0.300582528,0.007371059,7.53688315210697e-06,0.170181385,-0.003726866,8.76666464985025e-06,0.178399537,16269115.56,3.80477E+12,0.194157211,-0.073436837,2810.331055,0.004012314,135.0609894,-17.10929871,-173.5280304,0,0,-80.81909943,-0.02191423,-0.051522608
6,-3.95000531,-73.42999786,2022,4,100,298.816335,0.413887534,0.285881115,0.006962419,9.64772960975922e-06,0.172414846,-0.003514354,9.30940799072349e-06,0.181976482,15475912.11,1.12622E+13,0.233343773,-0.147776682,2810.331055,0.004012314,135.0609894,-17.10929871,-173.5280304,0,0,-80.81909943,-0.010309941,-0.137466741
6,-3.95000531,-73.42999786,2023,4,100,298.9712067,0.672893878,0.286874954,0.005635622,1.01878794123261e-05,0.264899318,-0.002795458,7.34029390906618e-06,0.205739572,12884322.05,2.96292E+13,0.403872216,-0.187621106,2810.331055,0.004012314,135.0609894,-17.10929871,-173.5280304,0,0,-80.81909943,-0.022639342,-0.164981764
6,-3.95000531,-73.42999786,2024,4,100,299.1552124,0.884999543,0.373743966,0.005644162,1.25636828995018e-05,0.368578859,-0.002904511,9.49026383589717e-06,0.223477662,12550225.72,3.30955E+13,0.594392299,-0.067181399,2810.331055,0.004012314,135.0609894,-17.10929871,-173.5280304,0,0,-80.81909943,-0.031136972,-0.036044427
7,-3.95000796,-73.42978813,2000,4,100,297.9804484,0.52765047,NaN,0.007729567,2.72721032033341e-06,NaN,-0.004177573,3.23722363263282e-06,NaN,16014856.33,4.31517E+12,NaN,NaN,2810.331055,0.004012314,135.0610199,-17.10930443,-173.5280304,0,0,-80.81908417,NaN,NaN
7,-3.95000796,-73.42978813,2001,4,100,298.0622762,0.545425446,NaN,0.007466685,3.53612246820631e-06,NaN,-0.003904698,4.01162646843582e-06,NaN,16163969.79,3.80533E+12,NaN,NaN,2810.331055,0.004012314,135.0610199,-17.10930443,-173.5280304,0,0,-80.81908417,NaN,NaN
7,-3.95000796,-73.42978813,2002,4,100,298.1857368,0.498645752,NaN,0.007291485,3.65705771002649e-06,NaN,-0.003732481,4.22887488832264e-06,NaN,16203141.03,3.62234E+12,NaN,NaN,2810.331055,0.004012314,135.0610199,-17.10930443,-173.5280304,0,0,-80.81908417,NaN,NaN
7,-3.95000796,-73.42978813,2003,4,100,298.2323863,0.495514601,NaN,0.007210127,3.6251866050461e-06,NaN,-0.00365398,4.22544234876531e-06,NaN,16194875.42,3.50158E+12,NaN,NaN,2810.331055,0.004012314,135.0610199,-17.10930443,-173.5280304,0,0,-80.81908417,NaN,NaN
7,-3.95000796,-73.42978813,2004,4,100,298.361084,0.560660682,0.427722264,0.006863207,3.40753774709601e-06,-0.078040163,-0.003294499,4.05671158891419e-06,-0.007956569,16301111.02,3.42285E+12,0.387603358,0.384590159,2810.331055,0.004012314,135.0610199,-17.10930443,-173.5280304,0,0,-80.81908417,0,0.384590159
7,-3.95000796,-73.42978813,2005,4,100,298.5168813,0.489408516,0.41934647,0.006722676,3.28175326980617e-06,-0.082865139,-0.003122975,4.11327718785045e-06,-0.022585556,16416838.96,3.46182E+12,0.341884045,0.184524813,2810.331055,0.004012314,135.0610199,-17.10930443,-173.5280304,0,0,-80.81908417,-0.001572245,0.186097059
7,-3.95000796,-73.42978813,2006,4,100,298.557958,0.478677138,0.413041517,0.006616052,3.17771632012588e-06,-0.031182933,-0.002975517,3.88642939092131e-06,0.024699007,16557105.33,3.2263E+12,0.354563669,0.128733181,2810.331055,0.004012314,135.0610199,-17.10930443,-173.5280304,0,0,-80.81908417,-0.006791079,0.135524261
7,-3.95000796,-73.42978813,2007,4,100,298.6074219,0.493434264,0.38673474,0.0065257,3.77339559927358e-06,-0.01128323,-0.002866749,4.41852190723458e-06,0.035533126,16697277.31,3.14427E+12,0.349543893,0.16119036,2810.331055,0.004012314,135.0610199,-17.10930443,-173.5280304,0,0,-80.81908417,0.009242129,0.151948231
7,-3.95000796,-73.42978813,2008,4,100,298.5800476,0.38345331,0.37275573,0.006737719,4.11008027778646e-06,0.044422796,-0.00307773,4.74608378373528e-06,0.072116281,16709675.04,2.8774E+12,0.310223162,0.120288196,2810.331055,0.004012314,135.0610199,-17.10930443,-173.5280304,0,0,-80.81908417,0.015338054,0.104950142
7,-3.95000796,-73.42978813,2009,4,100,298.512502,0.404847652,0.348286627,0.006988637,4.71576503442546e-06,0.114749875,-0.003362924,5.35252271451611e-06,0.125936883,16531448.92,2.92097E+12,0.279043509,0.200413487,2810.331055,0.004012314,135.0610199,-17.10930443,-173.5280304,0,0,-80.81908417,-0.000517649,0.200931136
7,-3.95000796,-73.42978813,2010,4,100,298.608963,0.472286263,0.350722692,0.007018325,5.22071204759902e-06,0.143326156,-0.003399532,5.95964057646444e-06,0.137912468,16501079.44,3.13969E+12,0.226534804,0.303937217,2810.331055,0.004012314,135.0610199,-17.10930443,-173.5280304,0,0,-80.81908417,-0.000554626,0.304491842
7,-3.95000796,-73.42978813,2011,4,100,298.5707753,0.397837939,0.416518892,0.007225297,5.35553496131649e-06,0.186433298,-0.003617755,6.2500161582743e-06,0.178798546,16350993.69,3.37303E+12,0.249046596,0.352443289,2810.331055,0.004012314,135.0610199,-17.10930443,-173.5280304,0,0,-80.81908417,0.014064146,0.338379143
7,-3.95000796,-73.42978813,2012,4,100,298.5744832,0.378899412,0.482407606,0.007333638,6.50505079872691e-06,0.181179119,-0.0037227,7.54546770108655e-06,0.180317561,16319948.42,3.26332E+12,0.302677489,0.401727186,2810.331055,0.004012314,135.0610199,-17.10930443,-173.5280304,0,0,-80.81908417,0.006784412,0.394942774
7,-3.95000796,-73.42978813,2013,4,100,298.5632579,0.379956771,0.576204794,0.007272551,5.70852740601068e-06,0.1593771,-0.003652199,6.68022546260562e-06,0.171219782,16339891.71,3.24277E+12,0.35538258,0.446319525,2810.331055,0.004012314,135.0610199,-17.10930443,-173.5280304,0,0,-80.81908417,0.017681171,0.428638354
7,-3.95000796,-73.42978813,2014,4,100,298.4231618,0.27666454,0.595557759,0.007472803,5.04823294621981e-06,0.11232555,-0.003895549,6.0068909534838e-06,0.137665582,16099704.17,3.00912E+12,0.381978535,0.466059359,2810.331055,0.004012314,135.0610199,-17.10930443,-173.5280304,0,0,-80.81908417,0.06053984,0.405519519
7,-3.95000796,-73.42978813,2015,4,100,298.4948425,0.387786453,0.518779388,0.007587303,5.44798510988842e-06,0.048063822,-0.00402061,6.83559194828698e-06,0.074754257,16048925.38,3.56024E+12,0.282811313,0.452599432,2810.331055,0.004012314,135.0610199,-17.10930443,-173.5280304,0,0,-80.81908417,0.014730323,0.437869109
7,-3.95000796,-73.42978813,2016,4,100,298.634201,0.501228876,0.462936145,0.007621094,4.99135982690844e-06,0.014594795,-0.00405131,6.34104944453023e-06,0.042401445,16003624.42,3.85529E+12,0.204588587,0.434946694,2810.331055,0.004012314,135.0610199,-17.10930443,-173.5280304,0,0,-80.81908417,0.049466273,0.385480421
7,-3.95000796,-73.42978813,2017,4,100,298.7364909,0.448124681,0.389475634,0.007586836,6.45479316848248e-06,0.013331048,-0.003997854,7.87949117858701e-06,0.032057516,16076976.42,3.52348E+12,0.155705958,0.366885317,2810.331055,0.004012314,135.0610199,-17.10930443,-173.5280304,0,0,-80.81908417,0.000998224,0.365887094
7,-3.95000796,-73.42978813,2018,4,100,298.7610219,0.488777128,0.349831421,0.007574434,6.86589599452242e-06,0.052565548,-0.003970157,8.37853818265286e-06,0.063667665,16101749.69,3.78118E+12,0.141247509,0.261792519,2810.331055,0.004012314,135.0610199,-17.10930443,-173.5280304,0,0,-80.81908417,-0.029197098,0.290989617
7,-3.95000796,-73.42978813,2019,4,100,298.7634989,0.397088208,0.366893853,0.007629115,7.2188891524041e-06,0.102777885,-0.004016727,8.39127892518076e-06,0.111264547,16064360.31,3.02761E+12,0.183147137,0.159585929,2810.331055,0.004012314,135.0610199,-17.10930443,-173.5280304,0,0,-80.81908417,-0.012013758,0.171599687
7,-3.95000796,-73.42978813,2020,4,100,298.7979177,0.353665242,0.334094314,0.007213659,7.06050205502894e-06,0.158416634,-0.00358662,8.31252971032185e-06,0.161892063,16187296.13,3.24634E+12,0.183563261,0.027654989,2810.331055,0.004012314,135.0610199,-17.10930443,-173.5280304,0,0,-80.81908417,-0.019582313,0.047237303
7,-3.95000796,-73.42978813,2021,4,100,298.7705129,0.401567547,0.300582528,0.007371059,7.53688315210697e-06,0.170181385,-0.003726866,8.76666464985025e-06,0.178399537,16269115.56,3.80477E+12,0.194157211,-0.073436846,2810.331055,0.004012314,135.0610199,-17.10930443,-173.5280304,0,0,-80.81908417,-0.02191423,-0.051522616
7,-3.95000796,-73.42978813,2022,4,100,298.816335,0.413887534,0.285881115,0.006962419,9.64772960975922e-06,0.172414846,-0.003514354,9.30940799072349e-06,0.181976482,15475912.11,1.12622E+13,0.233343773,-0.147776687,2810.331055,0.004012314,135.0610199,-17.10930443,-173.5280304,0,0,-80.81908417,-0.010309941,-0.137466746
7,-3.95000796,-73.42978813,2023,4,100,298.9712067,0.672893878,0.286874954,0.005635622,1.01878794123261e-05,0.264899318,-0.002795458,7.34029390906618e-06,0.205739572,12884322.05,2.96292E+13,0.403872216,-0.187621106,2810.331055,0.004012314,135.0610199,-17.10930443,-173.5280304,0,0,-80.81908417,-0.022639342,-0.164981764
7,-3.95000796,-73.42978813,2024,4,100,299.1552124,0.884999543,0.373743966,0.005644162,1.25636828995018e-05,0.368578859,-0.002904511,9.49026383589717e-06,0.223477662,12550225.72,3.30955E+13,0.594392299,-0.067181396,2810.331055,0.004012314,135.0610199,-17.10930443,-173.5280304,0,0,-80.81908417,-0.031136972,-0.036044424
8,-3.94982743,-73.43000317,2000,4,100,297.9783325,0.541468828,NaN,0.008066198,3.25579759889374e-06,NaN,-0.004439654,4.02013833696246e-06,NaN,16033027,4.32509E+12,NaN,NaN,2810.335693,0.004012309,135.0592804,-17.10848427,-173.5283051,0,0,-80.8192749,NaN,NaN
8,-3.94982743,-73.43000317,2001,4,100,298.0578817,0.541404071,NaN,0.007775074,3.73002850323323e-06,NaN,-0.004135502,4.31259340390752e-06,NaN,16184831.79,3.79958E+12,NaN,NaN,2810.335693,0.004012309,135.0592804,-17.10848427,-173.5283051,0,0,-80.8192749,NaN,NaN
8,-3.94982743,-73.43000317,2002,4,100,298.1808539,0.496639412,NaN,0.007525547,3.76162969890971e-06,NaN,-0.003889519,4.39966889794458e-06,NaN,16212803.22,3.62614E+12,NaN,NaN,2810.335693,0.004012309,135.0592804,-17.10848427,-173.5283051,0,0,-80.8192749,NaN,NaN
8,-3.94982743,-73.43000317,2003,4,100,298.2261607,0.492833801,NaN,0.007448697,3.73148950146903e-06,NaN,-0.003816701,4.37970050269639e-06,NaN,16198672.52,3.5182E+12,NaN,NaN,2810.335693,0.004012309,135.0592804,-17.10848427,-173.5283051,0,0,-80.8192749,NaN,NaN
8,-3.94982743,-73.43000317,2004,4,100,298.3553467,0.556093825,0.432345715,0.007078821,3.32726499537558e-06,-0.066637574,-0.003430641,3.98575710318724e-06,0.005264105,16301750.79,3.44716E+12,0.394518449,0.384590412,2810.335693,0.004012309,135.0592804,-17.10848427,-173.5283051,0,0,-80.8192749,0,0.384590412
8,-3.94982743,-73.43000317,2005,4,100,298.5103709,0.488222267,0.425201787,0.006926541,3.06677936988653e-06,-0.068899725,-0.003246452,3.89144352234054e-06,-0.005620482,16410499.77,3.50009E+12,0.34933154,0.184525097,2810.335693,0.004012309,135.0592804,-17.10848427,-173.5283051,0,0,-80.8192749,-0.00512137,0.189646466
8,-3.94982743,-73.43000317,2006,4,100,298.5503489,0.47743669,0.419070715,0.006881227,3.15503731106284e-06,-0.020216231,-0.003154099,3.84101825569601e-06,0.037537748,16557776.79,3.26317E+12,0.36193763,0.128733382,2810.335693,0.004012309,135.0592804,-17.10848427,-173.5283051,0,0,-80.8192749,0.000392246,0.128341136
8,-3.94982743,-73.43000317,2007,4,100,298.6008708,0.493742502,0.389976185,0.006796741,3.73765840981341e-06,0.000215421,-0.003050244,4.38202290957592e-06,0.048015471,16702862.31,3.17092E+12,0.355990303,0.161190497,2810.335693,0.004012309,135.0592804,-17.10848427,-173.5283051,0,0,-80.8192749,-4.47E-05,0.161235183
8,-3.94982743,-73.43000317,2008,4,100,298.5732524,0.383457856,0.37222915,0.006996458,4.01793881599728e-06,0.055202549,-0.003248082,4.61343456246258e-06,0.083479995,16715793.42,2.89033E+12,0.314871311,0.120288246,2810.335693,0.004012309,135.0592804,-17.10848427,-173.5283051,0,0,-80.8192749,0.006997022,0.113291224
8,-3.94982743,-73.43000317,2009,4,100,298.5083923,0.403412737,0.340765576,0.007251934,4.82201681719454e-06,0.117195505,-0.003540488,5.41969188650172e-06,0.127194397,16545897.71,2.91195E+12,0.277207215,0.200413445,2810.335693,0.004012309,135.0592804,-17.10848427,-173.5283051,0,0,-80.8192749,-0.000539292,0.200952736
8,-3.94982743,-73.43000317,2010,4,100,298.6080271,0.471873486,0.337507879,0.007255866,5.2804957134324e-06,0.141869601,-0.003551597,6.01986108170331e-06,0.133900639,16515662.9,3.12895E+12,0.217511593,0.303937165,2810.335693,0.004012309,135.0592804,-17.10848427,-173.5283051,0,0,-80.8192749,0.014673251,0.289263913
8,-3.94982743,-73.43000317,2011,4,100,298.5708567,0.39648936,0.401648687,0.007440123,5.306340338635e-06,0.180467703,-0.003744537,6.18563799353268e-06,0.168672171,16368069.15,3.38238E+12,0.23690607,0.352443255,2810.335693,0.004012309,135.0592804,-17.10848427,-173.5283051,0,0,-80.8192749,0.001112189,0.351331067
8,-3.94982743,-73.43000317,2012,4,100,298.5726522,0.376651885,0.469495442,0.007557308,6.43516938580736e-06,0.172864723,-0.003859024,7.48574623258206e-06,0.165309541,16336100.54,3.27372E+12,0.288875682,0.401727162,2810.335693,0.004012309,135.0592804,-17.10848427,-173.5283051,0,0,-80.8192749,-0.011738562,0.413465724
8,-3.94982743,-73.43000317,2013,4,100,298.5617523,0.380517567,0.570106358,0.00747,5.58299280987864e-06,0.163653232,-0.003761608,6.60869125958565e-06,0.168839197,16348227,3.28886E+12,0.347811449,0.446319514,2810.335693,0.004012309,135.0592804,-17.10848427,-173.5283051,0,0,-80.8192749,0.016691299,0.429628215
8,-3.94982743,-73.43000317,2014,4,100,298.4208018,0.275266705,0.59467028,0.007693014,4.91986976315281e-06,0.129214484,-0.004032787,5.9177091206884e-06,0.150850472,16105459.67,3.06162E+12,0.381630092,0.466059379,2810.335693,0.004012309,135.0592804,-17.10848427,-173.5283051,0,0,-80.8192749,0.054961553,0.411097826
8,-3.94982743,-73.43000317,2015,4,100,298.4914653,0.386040429,0.521328253,0.007834516,5.55603871565985e-06,0.082845324,-0.00418476,7.02558519035208e-06,0.109525614,16050913.42,3.59418E+12,0.284605188,0.452599474,2810.335693,0.004012309,135.0592804,-17.10848427,-173.5283051,0,0,-80.8192749,0.02529503,0.427304445
8,-3.94982743,-73.43000317,2016,4,100,298.6331838,0.503872767,0.465991801,0.00787311,5.26103369736219e-06,0.065974555,-0.004224499,6.68909868997192e-06,0.096940941,16001709.13,3.91427E+12,0.206332904,0.434946782,2810.335693,0.004012309,135.0592804,-17.10848427,-173.5283051,0,0,-80.8192749,0.028875657,0.406071125
8,-3.94982743,-73.43000317,2017,4,100,298.7339681,0.450778412,0.38993211,0.007852578,6.65811026465633e-06,0.069839181,-0.00418085,8.15320696086898e-06,0.093999346,16075857.5,3.55088E+12,0.153985188,0.366885426,2810.335693,0.004012309,135.0592804,-17.10848427,-173.5283051,0,0,-80.8192749,-0.00220743,0.369092857
8,-3.94982743,-73.43000317,2018,4,100,298.7587026,0.489790327,0.34948588,0.00782099,7.0540858860051e-06,0.104998367,-0.004134029,8.62297449026219e-06,0.121388785,16102610.19,3.79451E+12,0.137070809,0.261792625,2810.335693,0.004012309,135.0592804,-17.10848427,-173.5283051,0,0,-80.8192749,-0.01969148,0.281484105
8,-3.94982743,-73.43000317,2019,4,100,298.7628072,0.397648235,0.36593992,0.007844658,7.38067532038098e-06,0.136986574,-0.004150599,8.56831838050283e-06,0.15028995,16066894.94,3.04786E+12,0.180482966,0.159586057,2810.335693,0.004012309,135.0592804,-17.10848427,-173.5283051,0,0,-80.8192749,-0.015065695,0.174651752
8,-3.94982743,-73.43000317,2020,4,100,298.7936859,0.345871224,0.332724558,0.007456614,7.0701613956926e-06,0.167598832,-0.003735402,8.32721414131937e-06,0.177107196,16191057.08,3.2481E+12,0.184044962,0.027655169,2810.335693,0.004012309,135.0592804,-17.10848427,-173.5283051,0,0,-80.8192749,-0.026249508,0.053904676
8,-3.94982743,-73.43000317,2021,4,100,298.7623749,0.390657428,0.300322953,0.007628404,7.40001835918501e-06,0.144853065,-0.003887621,8.56802121695362e-06,0.159634289,16271721.06,3.82077E+12,0.196993813,-0.073436614,2810.335693,0.004012309,135.0592804,-17.10848427,-173.5283051,0,0,-80.8192749,0.000579271,-0.074015885
8,-3.94982743,-73.43000317,2022,4,100,298.8049011,0.405115839,0.283717802,0.007201909,9.43361826450431e-06,0.119858288,-0.003656374,9.00319517265953e-06,0.134970936,15475444.91,1.12902E+13,0.23651504,-0.147776424,2810.335693,0.004012309,135.0592804,-17.10848427,-173.5283051,0,0,-80.8192749,-0.003898376,-0.143878048
8,-3.94982743,-73.43000317,2023,4,100,298.9545644,0.649460811,0.282445061,0.005873147,1.00865322062932e-05,0.201510578,-0.002941921,7.01421244482469e-06,0.13515917,12882378.76,2.96216E+13,0.405591566,-0.187620848,2810.335693,0.004012309,135.0592804,-17.10848427,-173.5283051,0,0,-80.8192749,-0.006970639,-0.180650209
8,-3.94982743,-73.43000317,2024,4,100,299.1410522,0.870945021,0.369435645,0.005854093,1.24695609267018e-05,0.306815227,-0.003027619,9.20952400559136e-06,0.142692436,12555869.68,3.3149E+13,0.59468841,-0.067181201,2810.335693,0.004012309,135.0592804,-17.10848427,-173.5283051,0,0,-80.8192749,-0.022171924,-0.045009276
9,-3.95022566,-73.4299899,2000,4,100,297.9804484,0.52765047,NaN,0.007729567,2.72721032033341e-06,NaN,-0.004177573,3.23722363263282e-06,NaN,16014856.33,4.31517E+12,NaN,NaN,21827.87305,-0.02193705,170.6216736,-58.13638687,-252.7258453,-90.64285278,0,-105.0833511,NaN,NaN
9,-3.95022566,-73.4299899,2001,4,100,298.0622762,0.545425446,NaN,0.007466685,3.53612246820631e-06,NaN,-0.003904698,4.01162646843582e-06,NaN,16163969.79,3.80533E+12,NaN,NaN,21827.87305,-0.02193705,170.6216736,-58.13638687,-252.7258453,-90.64285278,0,-105.0833511,NaN,NaN
9,-3.95022566,-73.4299899,2002,4,100,298.1857368,0.498645752,NaN,0.007291485,3.65705771002649e-06,NaN,-0.003732481,4.22887488832264e-06,NaN,16203141.03,3.62234E+12,NaN,NaN,21827.87305,-0.02193705,170.6216736,-58.13638687,-252.7258453,-90.64285278,0,-105.0833511,NaN,NaN
9,-3.95022566,-73.4299899,2003,4,100,298.2323863,0.495514601,NaN,0.007210127,3.6251866050461e-06,NaN,-0.00365398,4.22544234876531e-06,NaN,16194875.42,3.50158E+12,NaN,NaN,21827.87305,-0.02193705,170.6216736,-58.13638687,-252.7258453,-90.64285278,0,-105.0833511,NaN,NaN
9,-3.95022566,-73.4299899,2004,4,100,298.361084,0.560660682,0.427722264,0.006863207,3.40753774709601e-06,-0.078040163,-0.003294499,4.05671158891419e-06,-0.007956569,16301111.02,3.42285E+12,0.387603358,0.502868484,21827.87305,-0.02193705,170.6216736,-58.13638687,-252.7258453,-90.64285278,0,-105.0833511,0,0.502868484
9,-3.95022566,-73.4299899,2005,4,100,298.5168813,0.489408516,0.41934647,0.006722676,3.28175326980617e-06,-0.082865139,-0.003122975,4.11327718785045e-06,-0.022585556,16416838.96,3.46182E+12,0.341884045,0.475714478,21827.87305,-0.02193705,170.6216736,-58.13638687,-252.7258453,-90.64285278,0,-105.0833511,0.016481995,0.459232483
9,-3.95022566,-73.4299899,2006,4,100,298.557958,0.478677138,0.413041517,0.006616052,3.17771632012588e-06,-0.031182933,-0.002975517,3.88642939092131e-06,0.024699007,16557105.33,3.2263E+12,0.354563669,0.405845177,21827.87305,-0.02193705,170.6216736,-58.13638687,-252.7258453,-90.64285278,0,-105.0833511,0.005231983,0.400613194
9,-3.95022566,-73.4299899,2007,4,100,298.6074219,0.493434264,0.38673474,0.0065257,3.77339559927358e-06,-0.01128323,-0.002866749,4.41852190723458e-06,0.035533126,16697277.31,3.14427E+12,0.349543893,0.376576238,21827.87305,-0.02193705,170.6216736,-58.13638687,-252.7258453,-90.64285278,0,-105.0833511,0.025738754,0.350837485
9,-3.95022566,-73.4299899,2008,4,100,298.5800476,0.38345331,0.37275573,0.006737719,4.11008027778646e-06,0.044422796,-0.00307773,4.74608378373528e-06,0.072116281,16709675.04,2.8774E+12,0.310223162,0.327000734,21827.87305,-0.02193705,170.6216736,-58.13638687,-252.7258453,-90.64285278,0,-105.0833511,0.033814866,0.293185867
9,-3.95022566,-73.4299899,2009,4,100,298.512502,0.404847652,0.348286627,0.006988637,4.71576503442546e-06,0.114749875,-0.003362924,5.35252271451611e-06,0.125936883,16531448.92,2.92097E+12,0.279043509,0.295900251,21827.87305,-0.02193705,170.6216736,-58.13638687,-252.7258453,-90.64285278,0,-105.0833511,0.022027593,0.273872659
9,-3.95022566,-73.4299899,2010,4,100,298.608963,0.472286263,0.350722692,0.007018325,5.22071204759902e-06,0.143326156,-0.003399532,5.95964057646444e-06,0.137912468,16501079.44,3.13969E+12,0.226534804,0.344127304,21827.87305,-0.02193705,170.6216736,-58.13638687,-252.7258453,-90.64285278,0,-105.0833511,0.024479435,0.319647868
9,-3.95022566,-73.4299899,2011,4,100,298.5707753,0.397837939,0.416518892,0.007225297,5.35553496131649e-06,0.186433298,-0.003617755,6.2500161582743e-06,0.178798546,16350993.69,3.37303E+12,0.249046596,0.382979442,21827.87305,-0.02193705,170.6216736,-58.13638687,-252.7258453,-90.64285278,0,-105.0833511,0.017987684,0.364991758
9,-3.95022566,-73.4299899,2012,4,100,298.5744832,0.378899412,0.482407606,0.007333638,6.50505079872691e-06,0.181179119,-0.0037227,7.54546770108655e-06,0.180317561,16319948.42,3.26332E+12,0.302677489,0.423716454,21827.87305,-0.02193705,170.6216736,-58.13638687,-252.7258453,-90.64285278,0,-105.0833511,0.011272342,0.412444112
9,-3.95022566,-73.4299899,2013,4,100,298.5632579,0.379956771,0.576204794,0.007272551,5.70852740601068e-06,0.1593771,-0.003652199,6.68022546260562e-06,0.171219782,16339891.71,3.24277E+12,0.35538258,0.469832134,21827.87305,-0.02193705,170.6216736,-58.13638687,-252.7258453,-90.64285278,0,-105.0833511,-0.002259406,0.47209154
9,-3.95022566,-73.4299899,2014,4,100,298.4231618,0.27666454,0.595557759,0.007472803,5.04823294621981e-06,0.11232555,-0.003895549,6.0068909534838e-06,0.137665582,16099704.17,3.00912E+12,0.381978535,0.460048047,21827.87305,-0.02193705,170.6216736,-58.13638687,-252.7258453,-90.64285278,0,-105.0833511,0.030797497,0.42925055
9,-3.95022566,-73.4299899,2015,4,100,298.4948425,0.387786453,0.518779388,0.007587303,5.44798510988842e-06,0.048063822,-0.00402061,6.83559194828698e-06,0.074754257,16048925.38,3.56024E+12,0.282811313,0.449312019,21827.87305,-0.02193705,170.6216736,-58.13638687,-252.7258453,-90.64285278,0,-105.0833511,0.013591353,0.435720666
9,-3.95022566,-73.4299899,2016,4,100,298.634201,0.501228876,0.462936145,0.007621094,4.99135982690844e-06,0.014594795,-0.00405131,6.34104944453023e-06,0.042401445,16003624.42,3.85529E+12,0.204588587,0.406093565,21827.87305,-0.02193705,170.6216736,-58.13638687,-252.7258453,-90.64285278,0,-105.0833511,0.01759527,0.388498294
9,-3.95022566,-73.4299899,2017,4,100,298.7364909,0.448124681,0.389475634,0.007586836,6.45479316848248e-06,0.013331048,-0.003997854,7.87949117858701e-06,0.032057516,16076976.42,3.52348E+12,0.155705958,0.305468384,21827.87305,-0.02193705,170.6216736,-58.13638687,-252.7258453,-90.64285278,0,-105.0833511,-0.016029253,0.321497637
9,-3.95022566,-73.4299899,2018,4,100,298.7610219,0.488777128,0.349831421,0.007574434,6.86589599452242e-06,0.052565548,-0.003970157,8.37853818265286e-06,0.063667665,16101749.69,3.78118E+12,0.141247509,0.209255424,21827.87305,-0.02193705,170.6216736,-58.13638687,-252.7258453,-90.64285278,0,-105.0833511,-0.006116152,0.215371576
9,-3.95022566,-73.4299899,2019,4,100,298.7634989,0.397088208,0.366893853,0.007629115,7.2188891524041e-06,0.102777885,-0.004016727,8.39127892518076e-06,0.111264547,16064360.31,3.02761E+12,0.183147137,0.083475226,21827.87305,-0.02193705,170.6216736,-58.13638687,-252.7258453,-90.64285278,0,-105.0833511,-0.007475958,0.090951184
9,-3.95022566,-73.4299899,2020,4,100,298.7979177,0.353665242,0.334094314,0.007213659,7.06050205502894e-06,0.158416634,-0.00358662,8.31252971032185e-06,0.161892063,16187296.13,3.24634E+12,0.183563261,-0.026330106,21827.87305,-0.02193705,170.6216736,-58.13638687,-252.7258453,-90.64285278,0,-105.0833511,0.006255083,-0.032585188
9,-3.95022566,-73.4299899,2021,4,100,298.7705129,0.401567547,0.300582528,0.007371059,7.53688315210697e-06,0.170181385,-0.003726866,8.76666464985025e-06,0.178399537,16269115.56,3.80477E+12,0.194157211,-0.0548272,21827.87305,-0.02193705,170.6216736,-58.13638687,-252.7258453,-90.64285278,0,-105.0833511,-0.005471352,-0.049355848
9,-3.95022566,-73.4299899,2022,4,100,298.816335,0.413887534,0.285881115,0.006962419,9.64772960975922e-06,0.172414846,-0.003514354,9.30940799072349e-06,0.181976482,15475912.11,1.12622E+13,0.233343773,-0.05976981,21827.87305,-0.02193705,170.6216736,-58.13638687,-252.7258453,-90.64285278,0,-105.0833511,0.011047986,-0.070817796
9,-3.95022566,-73.4299899,2023,4,100,298.9712067,0.672893878,0.286874954,0.005635622,1.01878794123261e-05,0.264899318,-0.002795458,7.34029390906618e-06,0.205739572,12884322.05,2.96292E+13,0.403872216,-0.039170791,21827.87305,-0.02193705,170.6216736,-58.13638687,-252.7258453,-90.64285278,0,-105.0833511,-0.056344483,0.017173692
9,-3.95022566,-73.4299899,2024,4,100,299.1552124,0.884999543,0.373743966,0.005644162,1.25636828995018e-05,0.368578859,-0.002904511,9.49026383589717e-06,0.223477662,12550225.72,3.30955E+13,0.594392299,0.010933167,21827.87305,-0.02193705,170.6216736,-58.13638687,-252.7258453,-90.64285278,0,-105.0833511,-0.031063418,0.041996585
10,-3.95001327,-73.43022352,2000,4,100,297.9804484,0.52765047,NaN,0.007729567,2.72721032033341e-06,NaN,-0.004177573,3.23722363263282e-06,NaN,16014856.33,4.31517E+12,NaN,NaN,5429.978516,0,121.0647888,0,-226.9129944,0,0,-69.40198517,NaN,NaN
10,-3.95001327,-73.43022352,2001,4,100,298.0622762,0.545425446,NaN,0.007466685,3.53612246820631e-06,NaN,-0.003904698,4.01162646843582e-06,NaN,16163969.79,3.80533E+12,NaN,NaN,5429.978516,0,121.0647888,0,-226.9129944,0,0,-69.40198517,NaN,NaN
10,-3.95001327,-73.43022352,2002,4,100,298.1857368,0.498645752,NaN,0.007291485,3.65705771002649e-06,NaN,-0.003732481,4.22887488832264e-06,NaN,16203141.03,3.62234E+12,NaN,NaN,5429.978516,0,121.0647888,0,-226.9129944,0,0,-69.40198517,NaN,NaN
10,-3.95001327,-73.43022352,2003,4,100,298.2323863,0.495514601,NaN,0.007210127,3.6251866050461e-06,NaN,-0.00365398,4.22544234876531e-06,NaN,16194875.42,3.50158E+12,NaN,NaN,5429.978516,0,121.0647888,0,-226.9129944,0,0,-69.40198517,NaN,NaN
10,-3.95001327,-73.43022352,2004,4,100,298.361084,0.560660682,0.427722264,0.006863207,3.40753774709601e-06,-0.078040163,-0.003294499,4.05671158891419e-06,-0.007956569,16301111.02,3.42285E+12,0.387603358,0.39326752,5429.978516,0,121.0647888,0,-226.9129944,0,0,-69.40198517,0,0.39326752
10,-3.95001327,-73.43022352,2005,4,100,298.5168813,0.489408516,0.41934647,0.006722676,3.28175326980617e-06,-0.082865139,-0.003122975,4.11327718785045e-06,-0.022585556,16416838.96,3.46182E+12,0.341884045,0.255315514,5429.978516,0,121.0647888,0,-226.9129944,0,0,-69.40198517,0.004805657,0.250509857
10,-3.95001327,-73.43022352,2006,4,100,298.557958,0.478677138,0.413041517,0.006616052,3.17771632012588e-06,-0.031182933,-0.002975517,3.88642939092131e-06,0.024699007,16557105.33,3.2263E+12,0.354563669,0.179534053,5429.978516,0,121.0647888,0,-226.9129944,0,0,-69.40198517,0.00717389,0.172360163
10,-3.95001327,-73.43022352,2007,4,100,298.6074219,0.493434264,0.38673474,0.0065257,3.77339559927358e-06,-0.01128323,-0.002866749,4.41852190723458e-06,0.035533126,16697277.31,3.14427E+12,0.349543893,0.13079332,5429.978516,0,121.0647888,0,-226.9129944,0,0,-69.40198517,0.008521453,0.122271867
10,-3.95001327,-73.43022352,2008,4,100,298.5800476,0.38345331,0.37275573,0.006737719,4.11008027778646e-06,0.044422796,-0.00307773,4.74608378373528e-06,0.072116281,16709675.04,2.8774E+12,0.310223162,0.038269562,5429.978516,0,121.0647888,0,-226.9129944,0,0,-69.40198517,0.031244787,0.007024775
10,-3.95001327,-73.43022352,2009,4,100,298.512502,0.404847652,0.348286627,0.006988637,4.71576503442546e-06,0.114749875,-0.003362924,5.35252271451611e-06,0.125936883,16531448.92,2.92097E+12,0.279043509,-0.005144849,5429.978516,0,121.0647888,0,-226.9129944,0,0,-69.40198517,0.00957845,-0.014723299
10,-3.95001327,-73.43022352,2010,4,100,298.608963,0.472286263,0.350722692,0.007018325,5.22071204759902e-06,0.143326156,-0.003399532,5.95964057646444e-06,0.137912468,16501079.44,3.13969E+12,0.226534804,-0.036356716,5429.978516,0,121.0647888,0,-226.9129944,0,0,-69.40198517,-0.009598966,-0.02675775
10,-3.95001327,-73.43022352,2011,4,100,298.5707753,0.397837939,0.416518892,0.007225297,5.35553496131649e-06,0.186433298,-0.003617755,6.2500161582743e-06,0.178798546,16350993.69,3.37303E+12,0.249046596,-0.066325022,5429.978516,0,121.0647888,0,-226.9129944,0,0,-69.40198517,0.016117648,-0.08244267
10,-3.95001327,-73.43022352,2012,4,100,298.5744832,0.378899412,0.482407606,0.007333638,6.50505079872691e-06,0.181179119,-0.0037227,7.54546770108655e-06,0.180317561,16319948.42,3.26332E+12,0.302677489,-0.124981186,5429.978516,0,121.0647888,0,-226.9129944,0,0,-69.40198517,0.020428912,-0.145410098
10,-3.95001327,-73.43022352,2013,4,100,298.5632579,0.379956771,0.576204794,0.007272551,5.70852740601068e-06,0.1593771,-0.003652199,6.68022546260562e-06,0.171219782,16339891.71,3.24277E+12,0.35538258,-0.149259589,5429.978516,0,121.0647888,0,-226.9129944,0,0,-69.40198517,0.032158009,-0.181417599
10,-3.95001327,-73.43022352,2014,4,100,298.4231618,0.27666454,0.595557759,0.007472803,5.04823294621981e-06,0.11232555,-0.003895549,6.0068909534838e-06,0.137665582,16099704.17,3.00912E+12,0.381978535,-0.121683935,5429.978516,0,121.0647888,0,-226.9129944,0,0,-69.40198517,0.031233048,-0.152916983
10,-3.95001327,-73.43022352,2015,4,100,298.4948425,0.387786453,0.518779388,0.007587303,5.44798510988842e-06,0.048063822,-0.00402061,6.83559194828698e-06,0.074754257,16048925.38,3.56024E+12,0.282811313,-0.040759226,5429.978516,0,121.0647888,0,-226.9129944,0,0,-69.40198517,0.026702203,-0.067461429
10,-3.95001327,-73.43022352,2016,4,100,298.634201,0.501228876,0.462936145,0.007621094,4.99135982690844e-06,0.014594795,-0.00405131,6.34104944453023e-06,0.042401445,16003624.42,3.85529E+12,0.204588587,0.077465294,5429.978516,0,121.0647888,0,-226.9129944,0,0,-69.40198517,0.027593592,0.049871703
10,-3.95001327,-73.43022352,2017,4,100,298.7364909,0.448124681,0.389475634,0.007586836,6.45479316848248e-06,0.013331048,-0.003997854,7.87949117858701e-06,0.032057516,16076976.42,3.52348E+12,0.155705958,0.170578194,5429.978516,0,121.0647888,0,-226.9129944,0,0,-69.40198517,0.001107458,0.169470736
10,-3.95001327,-73.43022352,2018,4,100,298.7610219,0.488777128,0.349831421,0.007574434,6.86589599452242e-06,0.052565548,-0.003970157,8.37853818265286e-06,0.063667665,16101749.69,3.78118E+12,0.141247509,0.18923816,5429.978516,0,121.0647888,0,-226.9129944,0,0,-69.40198517,-0.008686027,0.197924187
10,-3.95001327,-73.43022352,2019,4,100,298.7634989,0.397088208,0.366893853,0.007629115,7.2188891524041e-06,0.102777885,-0.004016727,8.39127892518076e-06,0.111264547,16064360.31,3.02761E+12,0.183147137,0.094800762,5429.978516,0,121.0647888,0,-226.9129944,0,0,-69.40198517,-0.001355079,0.096155841
10,-3.95001327,-73.43022352,2020,4,100,298.7979177,0.353665242,0.334094314,0.007213659,7.06050205502894e-06,0.158416634,-0.00358662,8.31252971032185e-06,0.161892063,16187296.13,3.24634E+12,0.183563261,-0.100384945,5429.978516,0,121.0647888,0,-226.9129944,0,0,-69.40198517,-0.014883787,-0.085501159
10,-3.95001327,-73.43022352,2021,4,100,298.7705129,0.401567547,0.300582528,0.007371059,7.53688315210697e-06,0.170181385,-0.003726866,8.76666464985025e-06,0.178399537,16269115.56,3.80477E+12,0.194157211,-0.22975259,5429.978516,0,121.0647888,0,-226.9129944,0,0,-69.40198517,-0.034483732,-0.195268858
10,-3.95001327,-73.43022352,2022,4,100,298.816335,0.413887534,0.285881115,0.006962419,9.64772960975922e-06,0.172414846,-0.003514354,9.30940799072349e-06,0.181976482,15475912.11,1.12622E+13,0.233343773,-0.301153903,5429.978516,0,121.0647888,0,-226.9129944,0,0,-69.40198517,-0.027196034,-0.273957869
10,-3.95001327,-73.43022352,2023,4,100,298.9712067,0.672893878,0.286874954,0.005635622,1.01878794123261e-05,0.264899318,-0.002795458,7.34029390906618e-06,0.205739572,12884322.05,2.96292E+13,0.403872216,-0.288261976,5429.978516,0,121.0647888,0,-226.9129944,0,0,-69.40198517,-0.034902733,-0.253359243
10,-3.95001327,-73.43022352,2024,4,100,299.1552124,0.884999543,0.373743966,0.005644162,1.25636828995018e-05,0.368578859,-0.002904511,9.49026383589717e-06,0.223477662,12550225.72,3.30955E+13,0.594392299,-0.111834285,5429.978516,0,121.0647888,0,-226.9129944,0,0,-69.40198517,-0.030802871,-0.081031414
11,-1.70999799,-51.45000117,2000,4,100,298.7610474,2.067884978,NaN,0.006995607,3.04139086206714e-05,NaN,-0.003816642,3.26555106696532e-05,NaN,16641534.67,1.7897E+13,NaN,NaN,47670.25,-0.057028428,126.2611008,-326.5518188,0,0,0,-21.42835617,NaN,NaN
11,-1.70999799,-51.45000117,2001,4,100,298.9186401,2.17478137,NaN,0.006397014,2.36162379996247e-05,NaN,-0.003164885,2.52185451261009e-05,NaN,16891357.88,1.56854E+13,NaN,NaN,47670.25,-0.057028428,126.2611008,-326.5518188,0,0,0,-21.42835617,NaN,NaN
11,-1.70999799,-51.45000117,2002,4,100,299.1298557,2.109393317,NaN,0.006350659,2.48545403206545e-05,NaN,-0.003146597,2.53286256279133e-05,NaN,17218752.22,1.44121E+13,NaN,NaN,47670.25,-0.057028428,126.2611008,-326.5518188,0,0,0,-21.42835617,NaN,NaN
11,-1.70999799,-51.45000117,2003,4,100,299.190801,1.924178557,NaN,0.006229167,2.41607650774882e-05,NaN,-0.00298548,2.49880753275961e-05,NaN,17230957.94,1.36601E+13,NaN,NaN,47670.25,-0.057028428,126.2611008,-326.5518188,0,0,0,-21.42835617,NaN,NaN
11,-1.70999799,-51.45000117,2004,4,100,299.3867188,1.926772052,0.270330591,0.006095023,2.59535727991006e-05,-0.1367603,-0.002822766,2.66700931185712e-05,-0.150415037,17423735.67,1.29187E+13,0.155790718,0.121907664,47670.25,-0.057028428,126.2611008,-326.5518188,0,0,0,-21.42835617,0,0.121907664
11,-1.70999799,-51.45000117,2005,4,100,299.6102651,1.842128037,0.357012638,0.006272443,3.05223992969824e-05,-0.138093005,-0.003042093,3.07889096587466e-05,-0.156384046,17589179.73,1.23211E+13,0.226714421,0.157226582,47670.25,-0.057028428,126.2611008,-326.5518188,0,0,0,-21.42835617,-0.030766452,0.187993034
11,-1.70999799,-51.45000117,2006,4,100,299.5940094,1.916410097,0.368995297,0.006168216,2.8930470536128e-05,-0.139613622,-0.002921668,2.9845049689394e-05,-0.155617559,17423123.52,1.28762E+13,0.245900081,0.157226582,47670.25,-0.057028428,126.2611008,-326.5518188,0,0,0,-21.42835617,-0.025488235,0.182714816
11,-1.70999799,-51.45000117,2007,4,100,299.614502,1.822233289,0.381749147,0.006081666,2.76985535022347e-05,-0.12081918,-0.002823204,2.85157218281178e-05,-0.131077068,17471988.21,1.23792E+13,0.26713734,0.157226582,47670.25,-0.057028428,126.2611008,-326.5518188,0,0,0,-21.42835617,-0.015910836,0.173137417
11,-1.70999799,-51.45000117,2008,4,100,299.5508321,1.811477722,0.446551456,0.005994617,2.33759859502652e-05,-0.106356683,-0.00274209,2.39603254636163e-05,-0.113233688,17393683.38,1.1924E+13,0.305085941,0.199609283,47670.25,-0.057028428,126.2611008,-326.5518188,0,0,0,-21.42835617,0.012233219,0.187376064
11,-1.70999799,-51.45000117,2009,4,100,299.4709981,2.122956225,0.437349399,0.006540165,3.04692518535861e-05,0.005959856,-0.00329767,3.12383951107048e-05,0.006780383,17209522.04,1.34816E+13,0.30063406,NaN,47670.25,-0.057028428,126.2611008,-326.5518188,0,0,0,-21.42835617,0.004738052,NaN
11,-1.70999799,-51.45000117,2010,4,100,299.6109975,1.884134332,0.486399926,0.00659151,3.10736959905175e-05,0.13007733,-0.003265359,3.21972095208051e-05,0.136333025,17448305.27,1.23628E+13,0.333480418,0.209946014,47670.25,-0.057028428,126.2611008,-326.5518188,0,0,0,-21.42835617,-0.019947342,0.229893356
11,-1.70999799,-51.45000117,2011,4,100,299.62058,2.155274011,0.541146757,0.007057476,3.68436335288546e-05,0.223516709,-0.003744752,3.82079441736771e-05,0.229646146,17360390.02,1.30248E+13,0.348282278,0.209946014,47670.25,-0.057028428,126.2611008,-326.5518188,0,0,0,-21.42835617,-0.035864032,0.245810047
11,-1.70999799,-51.45000117,2012,4,100,299.7450562,2.154962688,0.528114106,0.006780741,3.67258131144015e-05,0.33224846,-0.003463923,3.75264822549513e-05,0.342064102,17625114.98,1.1942E+13,0.369241144,0.209946014,47670.25,-0.057028428,126.2611008,-326.5518188,0,0,0,-21.42835617,-0.00082237,0.210768384
11,-1.70999799,-51.45000117,2013,4,100,299.7063649,1.590964043,0.541000816,0.005956056,2.37955614427629e-05,0.327224461,-0.002537556,2.47539603674322e-05,0.337472346,17668606.19,9.46633E+12,0.380350304,0.209946014,47670.25,-0.057028428,126.2611008,-326.5518188,0,0,0,-21.42835617,0.032524702,0.177421313
11,-1.70999799,-51.45000117,2014,4,100,299.5655365,1.783783786,0.468271292,0.005933628,2.33197237344655e-05,0.307386006,-0.002590242,2.37685857196887e-05,0.316682041,17434158.46,1.05885E+13,0.346676925,0.601902074,47670.25,-0.057028428,126.2611008,-326.5518188,0,0,0,-21.42835617,0.07425202,0.527650054
11,-1.70999799,-51.45000117,2015,4,100,299.7055766,1.975244968,0.385622451,0.0054394,1.79570555578484e-05,0.291215364,-0.002149325,1.72157903003421e-05,0.300196525,17699349.92,1.05618E+13,0.34687514,0.614437965,47670.25,-0.057028428,126.2611008,-326.5518188,0,0,0,-21.42835617,0.127348824,0.487089141
11,-1.70999799,-51.45000117,2016,4,100,299.7858531,1.666795576,0.428934724,0.005679631,1.91487114359382e-05,0.260911259,-0.002363508,1.87657486391825e-05,0.250230134,17594273,1.05831E+13,0.351098508,0.603966724,47670.25,-0.057028428,126.2611008,-326.5518188,0,0,0,-21.42835617,0.091748099,0.512218625
11,-1.70999799,-51.45000117,2017,4,100,299.8667806,1.81945616,0.500528515,0.006009413,2.41562847138681e-05,0.255336828,-0.00276663,2.32793042208538e-05,0.226655329,17667306.58,1.13331E+13,0.375342511,0.597066129,47670.25,-0.057028428,126.2611008,-326.5518188,0,0,0,-21.42835617,0.06014634,0.536919789
11,-1.70999799,-51.45000117,2018,4,100,299.8794708,1.811068408,0.612172622,0.005969086,2.26073573900604e-05,0.26647807,-0.002706282,2.18040176944086e-05,0.22276085,17658730.79,1.04681E+13,0.386127091,0.600653316,47670.25,-0.057028428,126.2611008,-326.5518188,0,0,0,-21.42835617,0.02448289,0.576170426
11,-1.70999799,-51.45000117,2019,4,100,299.821523,1.534277642,0.694519963,0.005956604,2.06431506733652e-05,0.303765898,-0.002680438,2.032788317913e-05,0.247321496,17403382.75,1.06845E+13,0.339973073,0.603111834,47670.25,-0.057028428,126.2611008,-326.5518188,0,0,0,-21.42835617,0.016165394,0.58694644
11,-1.70999799,-51.45000117,2020,4,100,299.7667898,1.640146581,0.628376897,0.006069564,2.11353356534919e-05,0.326367271,-0.002817426,2.08327017797839e-05,0.28625179,17280499.56,1.15264E+13,0.276360395,0.589349125,47670.25,-0.057028428,126.2611008,-326.5518188,0,0,0,-21.42835617,-0.019058926,0.608408051
11,-1.70999799,-51.45000117,2021,4,100,299.6986949,1.429880629,0.519601481,0.005905939,1.62845070227818e-05,0.297652206,-0.00257178,1.64509107703895e-05,0.266452538,17222475.54,1.04525E+13,0.18883407,0.521489121,47670.25,-0.057028428,126.2611008,-326.5518188,0,0,0,-21.42835617,0.039669543,0.481819577
11,-1.70999799,-51.45000117,2022,4,100,299.7006531,1.350937211,0.416607688,0.006204995,2.30431181062247e-05,0.249386038,-0.003015261,2.23983183324402e-05,0.216060316,16189426,1.5786E+13,0.145738534,0.427065451,47670.25,-0.057028428,126.2611008,-326.5518188,0,0,0,-21.42835617,0.014048526,0.413016925
11,-1.70999799,-51.45000117,2023,4,100,299.8599192,1.868527844,0.380723585,0.005487595,2.34757509741173e-05,0.244258738,-0.002810551,2.04925181996442e-05,0.175283676,13634350.97,2.7991E+13,0.304811726,0.334607295,47670.25,-0.057028428,126.2611008,-326.5518188,0,0,0,-21.42835617,0.010254267,0.324353029
11,-1.70999799,-51.45000117,2024,4,100,300.1019491,2.266220354,0.457371358,0.004920362,2.27236089693065e-05,0.272980177,-0.002405998,1.92681643766135e-05,0.154154704,13455130.84,3.24968E+13,0.484181485,0.265051474,47670.25,-0.057028428,126.2611008,-326.5518188,0,0,0,-21.42835617,0.039279298,0.225772177
12,-1.70999351,-51.44970549,2000,4,100,298.8450317,2.04989972,NaN,0.007148974,3.17134165199183e-05,NaN,-0.003863278,3.65526191190726e-05,NaN,16713681.5,1.7899E+13,NaN,NaN,13219.49805,-0.010313683,15.99137211,-240.9599152,-67.27467346,0,-41.47154236,-50.26131821,NaN,NaN
12,-1.70999351,-51.44970549,2001,4,100,299.0160522,2.204829191,NaN,0.006539028,2.48035645465196e-05,NaN,-0.003199202,2.8573541932084e-05,NaN,16962322.63,1.57183E+13,NaN,NaN,13219.49805,-0.010313683,15.99137211,-240.9599152,-67.27467346,0,-41.47154236,-50.26131821,NaN,NaN
12,-1.70999351,-51.44970549,2002,4,100,299.2265896,2.117139795,NaN,0.006459813,2.55262080142966e-05,NaN,-0.003115909,2.82326917854236e-05,NaN,17295859.11,1.44056E+13,NaN,NaN,13219.49805,-0.010313683,15.99137211,-240.9599152,-67.27467346,0,-41.47154236,-50.26131821,NaN,NaN
12,-1.70999351,-51.44970549,2003,4,100,299.2898,1.939444652,NaN,0.006328655,2.47944247386333e-05,NaN,-0.002953526,2.76892883742298e-05,NaN,17312086.06,1.36873E+13,NaN,NaN,13219.49805,-0.010313683,15.99137211,-240.9599152,-67.27467346,0,-41.47154236,-50.26131821,NaN,NaN
12,-1.70999351,-51.44970549,2004,4,100,299.4904785,1.950474288,0.277491331,0.006142969,2.61715451548497e-05,-0.153954614,-0.002732613,2.88360849639812e-05,-0.164750467,17508874.79,1.29681E+13,0.15843095,0.708550145,13219.49805,-0.010313683,15.99137211,-240.9599152,-67.27467346,0,-41.47154236,-50.26131821,0,0.708550145
12,-1.70999351,-51.44970549,2005,4,100,299.713089,1.849028254,0.359848071,0.0062918,3.05864475681989e-05,-0.148105397,-0.002898192,3.29316770710919e-05,-0.162582937,17678445.69,1.23509E+13,0.227688488,0.594332358,13219.49805,-0.010313683,15.99137211,-240.9599152,-67.27467346,0,-41.47154236,-50.26131821,0.010700981,0.583631377
12,-1.70999351,-51.44970549,2006,4,100,299.7023671,1.936576545,0.368929568,0.00618926,2.93150672447688e-05,-0.146358534,-0.002799514,3.21915496004094e-05,-0.158370239,17509928.44,1.29443E+13,0.24638103,0.594332358,13219.49805,-0.010313683,15.99137211,-240.9599152,-67.27467346,0,-41.47154236,-50.26131821,0.003759101,0.590573257
12,-1.70999351,-51.44970549,2007,4,100,299.7246094,1.842952513,0.381192977,0.006114836,2.82926109128713e-05,-0.126349221,-0.002712231,3.0971584540765e-05,-0.133439153,17557109.75,1.2399E+13,0.268337207,0.594332358,13219.49805,-0.010313683,15.99137211,-240.9599152,-67.27467346,0,-41.47154236,-50.26131821,0.011481028,0.582851331
12,-1.70999351,-51.44970549,2008,4,100,299.665741,1.853077226,0.443582372,0.006058996,2.42479021897511e-05,-0.107069818,-0.002671729,2.66031578289469e-05,-0.110257496,17475560.17,1.19509E+13,0.306683387,0.457271015,13219.49805,-0.010313683,15.99137211,-240.9599152,-67.27467346,0,-41.47154236,-50.26131821,0.011516325,0.44575469
12,-1.70999351,-51.44970549,2009,4,100,299.588267,2.182861566,0.433540204,0.00658906,3.06273961849464e-05,0.000680657,-0.003222146,3.35382094263228e-05,0.00252576,17284871.42,1.35394E+13,0.30446264,NaN,13219.49805,-0.010313683,15.99137211,-240.9599152,-67.27467346,0,-41.47154236,-50.26131821,0.036046707,NaN
12,-1.70999351,-51.44970549,2010,4,100,299.7295685,1.942489637,0.48503904,0.006619921,3.09024136312696e-05,0.121362377,-0.003171731,3.3903673477029e-05,0.126897602,17528530.19,1.2405E+13,0.339780423,0.013294468,13219.49805,-0.010313683,15.99137211,-240.9599152,-67.27467346,0,-41.47154236,-50.26131821,0.015701842,-0.002407374
12,-1.70999351,-51.44970549,2011,4,100,299.7419993,2.224932423,0.54158438,0.007045563,3.61535012860871e-05,0.212801036,-0.003615112,3.96406863596753e-05,0.218522925,17439751.52,1.3105E+13,0.356129239,0.013294468,13219.49805,-0.010313683,15.99137211,-240.9599152,-67.27467346,0,-41.47154236,-50.26131821,0.016583946,-0.003289478
12,-1.70999351,-51.44970549,2012,4,100,299.8638306,2.186883405,0.530476065,0.006741564,3.59317774037254e-05,0.318182974,-0.003285949,3.88754509965066e-05,0.326843201,17711729.6,1.19694E+13,0.379134617,0.013294468,13219.49805,-0.010313683,15.99137211,-240.9599152,-67.27467346,0,-41.47154236,-50.26131821,-0.018731606,0.032026074
12,-1.70999351,-51.44970549,2013,4,100,299.8231455,1.619890474,0.546680889,0.005948698,2.3562351536866e-05,0.316949179,-0.002412332,2.59447213262493e-05,0.328328853,17760636.98,9.47431E+12,0.390890557,0.013294468,13219.49805,-0.010313683,15.99137211,-240.9599152,-67.27467346,0,-41.47154236,-50.26131821,0.015604894,-0.002310427
12,-1.70999351,-51.44970549,2014,4,100,299.6776784,1.816119167,0.475988451,0.005964805,2.35075954781161e-05,0.295587081,-0.002495898,2.57116057026032e-05,0.307414123,17515147.21,1.0617E+13,0.357983474,0.720558695,13219.49805,-0.010313683,15.99137211,-240.9599152,-67.27467346,0,-41.47154236,-50.26131821,0.006000921,0.714557774
12,-1.70999351,-51.44970549,2015,4,100,299.8120219,1.979177191,0.394480678,0.005497665,1.86899957080973e-05,0.279273002,-0.00204656,1.97347556047483e-05,0.290998458,17780872.46,1.05662E+13,0.359141962,0.713569787,13219.49805,-0.010313683,15.99137211,-240.9599152,-67.27467346,0,-41.47154236,-50.26131821,0.065615203,0.647954584
12,-1.70999351,-51.44970549,2016,4,100,299.8932749,1.683979245,0.438386261,0.005759962,1.97744833198467e-05,0.251694649,-0.002287834,2.11466691720573e-05,0.24799036,17672907.75,1.0616E+13,0.360860021,0.689154303,13219.49805,-0.010313683,15.99137211,-240.9599152,-67.27467346,0,-41.47154236,-50.26131821,0.051053891,0.638100412
12,-1.70999351,-51.44970549,2017,4,100,299.969279,1.823728423,0.507830664,0.006078737,2.47253948693562e-05,0.247529046,-0.002657014,2.60053646991436e-05,0.230674915,17743896.75,1.13472E+13,0.382383465,0.632126046,13219.49805,-0.010313683,15.99137211,-240.9599152,-67.27467346,0,-41.47154236,-50.26131821,0.015299477,0.616826569
12,-1.70999351,-51.44970549,2018,4,100,299.9823354,1.815505544,0.617523897,0.006021706,2.29237004585418e-05,0.269143592,-0.002588442,2.40700562816089e-05,0.242501057,17745203.13,1.04691E+13,0.388025723,0.568882151,13219.49805,-0.010313683,15.99137211,-240.9599152,-67.27467346,0,-41.47154236,-50.26131821,0.008715425,0.560166725
12,-1.70999351,-51.44970549,2019,4,100,299.9238586,1.545579245,0.696401527,0.006024057,2.09735082844412e-05,0.315017037,-0.002599701,2.23944000740203e-05,0.27872854,17486870.08,1.07405E+13,0.335988641,0.511831796,13219.49805,-0.010313683,15.99137211,-240.9599152,-67.27467346,0,-41.47154236,-50.26131821,0.018359441,0.493472355
12,-1.70999351,-51.44970549,2020,4,100,299.8624522,1.649173447,0.628494346,0.006138904,2.18246383276929e-05,0.341747078,-0.002748784,2.33230247710011e-05,0.315930536,17361890.69,1.16192E+13,0.272136942,0.425138017,13219.49805,-0.010313683,15.99137211,-240.9599152,-67.27467346,0,-41.47154236,-50.26131821,0.013511158,0.41162686
12,-1.70999351,-51.44970549,2021,4,100,299.7881317,1.438450229,0.520727057,0.005986574,1.70236912488542e-05,0.315532543,-0.00253814,1.859921640958e-05,0.292588093,17307530.25,1.05576E+13,0.185649175,0.334833422,13219.49805,-0.010313683,15.99137211,-240.9599152,-67.27467346,0,-41.47154236,-50.26131821,0.018190293,0.31664313
12,-1.70999351,-51.44970549,2022,4,100,299.7816671,1.359192658,0.419566958,0.006239619,2.28797552548666e-05,0.257649257,-0.002948132,2.36373493722001e-05,0.227443865,16264704.29,1.59897E+13,0.144985373,0.205569059,13219.49805,-0.010313683,15.99137211,-240.9599152,-67.27467346,0,-41.47154236,-50.26131821,-0.030545206,0.236114265
12,-1.70999351,-51.44970549,2023,4,100,299.9321035,1.859592304,0.387305794,0.005482374,2.31275779687468e-05,0.249832542,-0.00268545,2.13211561583349e-05,0.180543124,13701955.59,2.82598E+13,0.306471961,0.042679512,13219.49805,-0.010313683,15.99137211,-240.9599152,-67.27467346,0,-41.47154236,-50.26131821,-0.00944039,0.052119901
12,-1.70999351,-51.44970549,2024,4,100,300.1640422,2.226503014,0.463484594,0.004922814,2.22325000088666e-05,0.274889602,-0.002243826,2.01723351447591e-05,0.158160725,13520817.26,3.27669E+13,0.485521004,-0.11634169,13219.49805,-0.010313683,15.99137211,-240.9599152,-67.27467346,0,-41.47154236,-50.26131821,0.003881048,-0.120222738
13,-1.70975305,-51.45001117,2000,4,100,298.7610474,2.067884978,NaN,0.006995607,3.04139086206714e-05,NaN,-0.003816642,3.26555106696532e-05,NaN,16641534.67,1.7897E+13,NaN,NaN,26031.26953,-0.027197668,210.7606506,-484.0584717,0,0,-6.313285828,-11.43939877,NaN,NaN
13,-1.70975305,-51.45001117,2001,4,100,298.9186401,2.17478137,NaN,0.006397014,2.36162379996247e-05,NaN,-0.003164885,2.52185451261009e-05,NaN,16891357.88,1.56854E+13,NaN,NaN,26031.26953,-0.027197668,210.7606506,-484.0584717,0,0,-6.313285828,-11.43939877,NaN,NaN
13,-1.70975305,-51.45001117,2002,4,100,299.1298557,2.109393317,NaN,0.006350659,2.48545403206545e-05,NaN,-0.003146597,2.53286256279133e-05,NaN,17218752.22,1.44121E+13,NaN,NaN,26031.26953,-0.027197668,210.7606506,-484.0584717,0,0,-6.313285828,-11.43939877,NaN,NaN
13,-1.70975305,-51.45001117,2003,4,100,299.190801,1.924178557,NaN,0.006229167,2.41607650774882e-05,NaN,-0.00298548,2.49880753275961e-05,NaN,17230957.94,1.36601E+13,NaN,NaN,26031.26953,-0.027197668,210.7606506,-484.0584717,0,0,-6.313285828,-11.43939877,NaN,NaN
13,-1.70975305,-51.45001117,2004,4,100,299.3867188,1.926772052,0.270330591,0.006095023,2.59535727991006e-05,-0.1367603,-0.002822766,2.66700931185712e-05,-0.150415037,17423735.67,1.29187E+13,0.155790718,-0.043159237,26031.26953,-0.027197668,210.7606506,-484.0584717,0,0,-6.313285828,-11.43939877,0,-0.043159237
13,-1.70975305,-51.45001117,2005,4,100,299.6102651,1.842128037,0.357012638,0.006272443,3.05223992969824e-05,-0.138093005,-0.003042093,3.07889096587466e-05,-0.156384046,17589179.73,1.23211E+13,0.226714421,-0.081257235,26031.26953,-0.027197668,210.7606506,-484.0584717,0,0,-6.313285828,-11.43939877,-0.002761621,-0.078495614
13,-1.70975305,-51.45001117,2006,4,100,299.5940094,1.916410097,0.368995297,0.006168216,2.8930470536128e-05,-0.139613622,-0.002921668,2.9845049689394e-05,-0.155617559,17423123.52,1.28762E+13,0.245900081,-0.081257235,26031.26953,-0.027197668,210.7606506,-484.0584717,0,0,-6.313285828,-11.43939877,0.003879822,-0.085137058
13,-1.70975305,-51.45001117,2007,4,100,299.614502,1.822233289,0.381749147,0.006081666,2.76985535022347e-05,-0.12081918,-0.002823204,2.85157218281178e-05,-0.131077068,17471988.21,1.23792E+13,0.26713734,-0.081257235,26031.26953,-0.027197668,210.7606506,-484.0584717,0,0,-6.313285828,-11.43939877,0.004769315,-0.086026551
13,-1.70975305,-51.45001117,2008,4,100,299.5508321,1.811477722,0.446551456,0.005994617,2.33759859502652e-05,-0.106356683,-0.00274209,2.39603254636163e-05,-0.113233688,17393683.38,1.1924E+13,0.305085941,-0.126974834,26031.26953,-0.027197668,210.7606506,-484.0584717,0,0,-6.313285828,-11.43939877,0.041327339,-0.168302173
13,-1.70975305,-51.45001117,2009,4,100,299.4709981,2.122956225,0.437349399,0.006540165,3.04692518535861e-05,0.005959856,-0.00329767,3.12383951107048e-05,0.006780383,17209522.04,1.34816E+13,0.30063406,0.329119902,26031.26953,-0.027197668,210.7606506,-484.0584717,0,0,-6.313285828,-11.43939877,0.029903248,0.299216654
13,-1.70975305,-51.45001117,2010,4,100,299.6109975,1.884134332,0.486399926,0.00659151,3.10736959905175e-05,0.13007733,-0.003265359,3.21972095208051e-05,0.136333025,17448305.27,1.23628E+13,0.333480418,0.419268798,26031.26953,-0.027197668,210.7606506,-484.0584717,0,0,-6.313285828,-11.43939877,-0.000571964,0.419840762
13,-1.70975305,-51.45001117,2011,4,100,299.62058,2.155274011,0.541146757,0.007057476,3.68436335288546e-05,0.223516709,-0.003744752,3.82079441736771e-05,0.229646146,17360390.02,1.30248E+13,0.348282278,0.419268798,26031.26953,-0.027197668,210.7606506,-484.0584717,0,0,-6.313285828,-11.43939877,0.011206187,0.40806261
13,-1.70975305,-51.45001117,2012,4,100,299.7450562,2.154962688,0.528114106,0.006780741,3.67258131144015e-05,0.33224846,-0.003463923,3.75264822549513e-05,0.342064102,17625114.98,1.1942E+13,0.369241144,0.419268798,26031.26953,-0.027197668,210.7606506,-484.0584717,0,0,-6.313285828,-11.43939877,0.014146442,0.405122356
13,-1.70975305,-51.45001117,2013,4,100,299.7063649,1.590964043,0.541000816,0.005956056,2.37955614427629e-05,0.327224461,-0.002537556,2.47539603674322e-05,0.337472346,17668606.19,9.46633E+12,0.380350304,0.434293613,26031.26953,-0.027197668,210.7606506,-484.0584717,0,0,-6.313285828,-11.43939877,0.04954704,0.384746573
13,-1.70975305,-51.45001117,2014,4,100,299.5655365,1.783783786,0.468271292,0.005933628,2.33197237344655e-05,0.307386006,-0.002590242,2.37685857196887e-05,0.316682041,17434158.46,1.05885E+13,0.346676925,0.487456755,26031.26953,-0.027197668,210.7606506,-484.0584717,0,0,-6.313285828,-11.43939877,0.084167779,0.403288977
13,-1.70975305,-51.45001117,2015,4,100,299.7055766,1.975244968,0.385622451,0.0054394,1.79570555578484e-05,0.291215364,-0.002149325,1.72157903003421e-05,0.300196525,17699349.92,1.05618E+13,0.34687514,0.446826294,26031.26953,-0.027197668,210.7606506,-484.0584717,0,0,-6.313285828,-11.43939877,0.114198358,0.332627936
13,-1.70975305,-51.45001117,2016,4,100,299.7858531,1.666795576,0.428934724,0.005679631,1.91487114359382e-05,0.260911259,-0.002363508,1.87657486391825e-05,0.250230134,17594273,1.05831E+13,0.351098508,0.41888739,26031.26953,-0.027197668,210.7606506,-484.0584717,0,0,-6.313285828,-11.43939877,0.09208805,0.32679934
13,-1.70975305,-51.45001117,2017,4,100,299.8667806,1.81945616,0.500528515,0.006009413,2.41562847138681e-05,0.255336828,-0.00276663,2.32793042208538e-05,0.226655329,17667306.58,1.13331E+13,0.375342511,0.405849612,26031.26953,-0.027197668,210.7606506,-484.0584717,0,0,-6.313285828,-11.43939877,0.075946621,0.329902992
13,-1.70975305,-51.45001117,2018,4,100,299.8794708,1.811068408,0.612172622,0.005969086,2.26073573900604e-05,0.26647807,-0.002706282,2.18040176944086e-05,0.22276085,17658730.79,1.04681E+13,0.386127091,0.384081201,26031.26953,-0.027197668,210.7606506,-484.0584717,0,0,-6.313285828,-11.43939877,0.061963803,0.322117399
13,-1.70975305,-51.45001117,2019,4,100,299.821523,1.534277642,0.694519963,0.005956604,2.06431506733652e-05,0.303765898,-0.002680438,2.032788317913e-05,0.247321496,17403382.75,1.06845E+13,0.339973073,0.41232326,26031.26953,-0.027197668,210.7606506,-484.0584717,0,0,-6.313285828,-11.43939877,0.051299271,0.361023988
13,-1.70975305,-51.45001117,2020,4,100,299.7667898,1.640146581,0.628376897,0.006069564,2.11353356534919e-05,0.326367271,-0.002817426,2.08327017797839e-05,0.28625179,17280499.56,1.15264E+13,0.276360395,0.410606212,26031.26953,-0.027197668,210.7606506,-484.0584717,0,0,-6.313285828,-11.43939877,-0.006239587,0.416845799
13,-1.70975305,-51.45001117,2021,4,100,299.6986949,1.429880629,0.519601481,0.005905939,1.62845070227818e-05,0.297652206,-0.00257178,1.64509107703895e-05,0.266452538,17222475.54,1.04525E+13,0.18883407,0.33040694,26031.26953,-0.027197668,210.7606506,-484.0584717,0,0,-6.313285828,-11.43939877,0.036797883,0.293609056
13,-1.70975305,-51.45001117,2022,4,100,299.7006531,1.350937211,0.416607688,0.006204995,2.30431181062247e-05,0.249386038,-0.003015261,2.23983183324402e-05,0.216060316,16189426,1.5786E+13,0.145738534,0.254403847,26031.26953,-0.027197668,210.7606506,-484.0584717,0,0,-6.313285828,-11.43939877,-0.002803936,0.257207782
13,-1.70975305,-51.45001117,2023,4,100,299.8599192,1.868527844,0.380723585,0.005487595,2.34757509741173e-05,0.244258738,-0.002810551,2.04925181996442e-05,0.175283676,13634350.97,2.7991E+13,0.304811726,0.124436715,26031.26953,-0.027197668,210.7606506,-484.0584717,0,0,-6.313285828,-11.43939877,-0.016887134,0.141323849
13,-1.70975305,-51.45001117,2024,4,100,300.1019491,2.266220354,0.457371358,0.004920362,2.27236089693065e-05,0.272980177,-0.002405998,1.92681643766135e-05,0.154154704,13455130.84,3.24968E+13,0.484181485,0.05671515,26031.26953,-0.027197668,210.7606506,-484.0584717,0,0,-6.313285828,-11.43939877,0.022562303,0.034152847
14,-1.71023726,-51.44998838,2000,4,100,298.8450317,2.04989972,NaN,0.007148974,3.17134165199183e-05,NaN,-0.003863278,3.65526191190726e-05,NaN,16713681.5,1.7899E+13,NaN,NaN,20237.47266,-0.020496344,102.6759949,-400.243927,-90.49324799,0,-82.33287811,-90.48981476,NaN,NaN
14,-1.71023726,-51.44998838,2001,4,100,299.0160522,2.204829191,NaN,0.006539028,2.48035645465196e-05,NaN,-0.003199202,2.8573541932084e-05,NaN,16962322.63,1.57183E+13,NaN,NaN,20237.47266,-0.020496344,102.6759949,-400.243927,-90.49324799,0,-82.33287811,-90.48981476,NaN,NaN
14,-1.71023726,-51.44998838,2002,4,100,299.2265896,2.117139795,NaN,0.006459813,2.55262080142966e-05,NaN,-0.003115909,2.82326917854236e-05,NaN,17295859.11,1.44056E+13,NaN,NaN,20237.47266,-0.020496344,102.6759949,-400.243927,-90.49324799,0,-82.33287811,-90.48981476,NaN,NaN
14,-1.71023726,-51.44998838,2003,4,100,299.2898,1.939444652,NaN,0.006328655,2.47944247386333e-05,NaN,-0.002953526,2.76892883742298e-05,NaN,17312086.06,1.36873E+13,NaN,NaN,20237.47266,-0.020496344,102.6759949,-400.243927,-90.49324799,0,-82.33287811,-90.48981476,NaN,NaN
14,-1.71023726,-51.44998838,2004,4,100,299.4904785,1.950474288,0.277491331,0.006142969,2.61715451548497e-05,-0.153954614,-0.002732613,2.88360849639812e-05,-0.164750467,17508874.79,1.29681E+13,0.15843095,NaN,20237.47266,-0.020496344,102.6759949,-400.243927,-90.49324799,0,-82.33287811,-90.48981476,0,NaN
14,-1.71023726,-51.44998838,2005,4,100,299.713089,1.849028254,0.359848071,0.0062918,3.05864475681989e-05,-0.148105397,-0.002898192,3.29316770710919e-05,-0.162582937,17678445.69,1.23509E+13,0.227688488,NaN,20237.47266,-0.020496344,102.6759949,-400.243927,-90.49324799,0,-82.33287811,-90.48981476,0.026159807,NaN
14,-1.71023726,-51.44998838,2006,4,100,299.7023671,1.936576545,0.368929568,0.00618926,2.93150672447688e-05,-0.146358534,-0.002799514,3.21915496004094e-05,-0.158370239,17509928.44,1.29443E+13,0.24638103,NaN,20237.47266,-0.020496344,102.6759949,-400.243927,-90.49324799,0,-82.33287811,-90.48981476,0.014701028,NaN
14,-1.71023726,-51.44998838,2007,4,100,299.7246094,1.842952513,0.381192977,0.006114836,2.82926109128713e-05,-0.126349221,-0.002712231,3.0971584540765e-05,-0.133439153,17557109.75,1.2399E+13,0.268337207,NaN,20237.47266,-0.020496344,102.6759949,-400.243927,-90.49324799,0,-82.33287811,-90.48981476,0.025317906,NaN
14,-1.71023726,-51.44998838,2008,4,100,299.665741,1.853077226,0.443582372,0.006058996,2.42479021897511e-05,-0.107069818,-0.002671729,2.66031578289469e-05,-0.110257496,17475560.17,1.19509E+13,0.306683387,NaN,20237.47266,-0.020496344,102.6759949,-400.243927,-90.49324799,0,-82.33287811,-90.48981476,0.043570855,NaN
14,-1.71023726,-51.44998838,2009,4,100,299.588267,2.182861566,0.433540204,0.00658906,3.06273961849464e-05,0.000680657,-0.003222146,3.35382094263228e-05,0.00252576,17284871.42,1.35394E+13,0.30446264,NaN,20237.47266,-0.020496344,102.6759949,-400.243927,-90.49324799,0,-82.33287811,-90.48981476,0.015524403,NaN
14,-1.71023726,-51.44998838,2010,4,100,299.7295685,1.942489637,0.48503904,0.006619921,3.09024136312696e-05,0.121362377,-0.003171731,3.3903673477029e-05,0.126897602,17528530.19,1.2405E+13,0.339780423,0.369654637,20237.47266,-0.020496344,102.6759949,-400.243927,-90.49324799,0,-82.33287811,-90.48981476,0.020366726,0.349287912
14,-1.71023726,-51.44998838,2011,4,100,299.7419993,2.224932423,0.54158438,0.007045563,3.61535012860871e-05,0.212801036,-0.003615112,3.96406863596753e-05,0.218522925,17439751.52,1.3105E+13,0.356129239,0.369654637,20237.47266,-0.020496344,102.6759949,-400.243927,-90.49324799,0,-82.33287811,-90.48981476,-0.026528777,0.396183414
14,-1.71023726,-51.44998838,2012,4,100,299.8638306,2.186883405,0.530476065,0.006741564,3.59317774037254e-05,0.318182974,-0.003285949,3.88754509965066e-05,0.326843201,17711729.6,1.19694E+13,0.379134617,0.369654637,20237.47266,-0.020496344,102.6759949,-400.243927,-90.49324799,0,-82.33287811,-90.48981476,-0.015254262,0.3849089
14,-1.71023726,-51.44998838,2013,4,100,299.8231455,1.619890474,0.546680889,0.005948698,2.3562351536866e-05,0.316949179,-0.002412332,2.59447213262493e-05,0.328328853,17760636.98,9.47431E+12,0.390890557,0.51759126,20237.47266,-0.020496344,102.6759949,-400.243927,-90.49324799,0,-82.33287811,-90.48981476,0.02225948,0.49533178
14,-1.71023726,-51.44998838,2014,4,100,299.6776784,1.816119167,0.475988451,0.005964805,2.35075954781161e-05,0.295587081,-0.002495898,2.57116057026032e-05,0.307414123,17515147.21,1.0617E+13,0.357983474,0.649724008,20237.47266,-0.020496344,102.6759949,-400.243927,-90.49324799,0,-82.33287811,-90.48981476,0.022015811,0.627708197
14,-1.71023726,-51.44998838,2015,4,100,299.8120219,1.979177191,0.394480678,0.005497665,1.86899957080973e-05,0.279273002,-0.00204656,1.97347556047483e-05,0.290998458,17780872.46,1.05662E+13,0.359141962,0.679375107,20237.47266,-0.020496344,102.6759949,-400.243927,-90.49324799,0,-82.33287811,-90.48981476,0.062757451,0.616617655
14,-1.71023726,-51.44998838,2016,4,100,299.8932749,1.683979245,0.438386261,0.005759962,1.97744833198467e-05,0.251694649,-0.002287834,2.11466691720573e-05,0.24799036,17672907.75,1.0616E+13,0.360860021,0.68470051,20237.47266,-0.020496344,102.6759949,-400.243927,-90.49324799,0,-82.33287811,-90.48981476,0.044212886,0.640487624
14,-1.71023726,-51.44998838,2017,4,100,299.969279,1.823728423,0.507830664,0.006078737,2.47253948693562e-05,0.247529046,-0.002657014,2.60053646991436e-05,0.230674915,17743896.75,1.13472E+13,0.382383465,0.673617109,20237.47266,-0.020496344,102.6759949,-400.243927,-90.49324799,0,-82.33287811,-90.48981476,0.030889477,0.642727632
14,-1.71023726,-51.44998838,2018,4,100,299.9823354,1.815505544,0.617523897,0.006021706,2.29237004585418e-05,0.269143592,-0.002588442,2.40700562816089e-05,0.242501057,17745203.13,1.04691E+13,0.388025723,0.637773422,20237.47266,-0.020496344,102.6759949,-400.243927,-90.49324799,0,-82.33287811,-90.48981476,0.007583389,0.630190033
14,-1.71023726,-51.44998838,2019,4,100,299.9238586,1.545579245,0.696401527,0.006024057,2.09735082844412e-05,0.315017037,-0.002599701,2.23944000740203e-05,0.27872854,17486870.08,1.07405E+13,0.335988641,0.569766339,20237.47266,-0.020496344,102.6759949,-400.243927,-90.49324799,0,-82.33287811,-90.48981476,-0.016019431,0.58578577
14,-1.71023726,-51.44998838,2020,4,100,299.8624522,1.649173447,0.628494346,0.006138904,2.18246383276929e-05,0.341747078,-0.002748784,2.33230247710011e-05,0.315930536,17361890.69,1.16192E+13,0.272136942,0.446405562,20237.47266,-0.020496344,102.6759949,-400.243927,-90.49324799,0,-82.33287811,-90.48981476,-0.015368333,0.461773895
14,-1.71023726,-51.44998838,2021,4,100,299.7881317,1.438450229,0.520727057,0.005986574,1.70236912488542e-05,0.315532543,-0.00253814,1.859921640958e-05,0.292588093,17307530.25,1.05576E+13,0.185649175,0.302995347,20237.47266,-0.020496344,102.6759949,-400.243927,-90.49324799,0,-82.33287811,-90.48981476,0.009264298,0.29373105
14,-1.71023726,-51.44998838,2022,4,100,299.7816671,1.359192658,0.419566958,0.006239619,2.28797552548666e-05,0.257649257,-0.002948132,2.36373493722001e-05,0.227443865,16264704.29,1.59897E+13,0.144985373,0.126300356,20237.47266,-0.020496344,102.6759949,-400.243927,-90.49324799,0,-82.33287811,-90.48981476,-0.000603019,0.126903376
14,-1.71023726,-51.44998838,2023,4,100,299.9321035,1.859592304,0.387305794,0.005482374,2.31275779687468e-05,0.249832542,-0.00268545,2.13211561583349e-05,0.180543124,13701955.59,2.82598E+13,0.306471961,0.016690701,20237.47266,-0.020496344,102.6759949,-400.243927,-90.49324799,0,-82.33287811,-90.48981476,0.026368243,-0.009677542
14,-1.71023726,-51.44998838,2024,4,100,300.1640422,2.226503014,0.463484594,0.004922814,2.22325000088666e-05,0.274889602,-0.002243826,2.01723351447591e-05,0.158160725,13520817.26,3.27669E+13,0.485521004,-0.0156816,20237.47266,-0.020496344,102.6759949,-400.243927,-90.49324799,0,-82.33287811,-90.48981476,0.026219713,-0.041901313
15,-1.7100037,-51.45030739,2000,4,100,298.7610474,2.067884978,NaN,0.006995607,3.04139086206714e-05,NaN,-0.003816642,3.26555106696532e-05,NaN,16641534.67,1.7897E+13,NaN,NaN,28138.51758,-0.030305136,185.3255005,-530.1772461,-6.528092384,0,0,-66.72900391,NaN,NaN
15,-1.7100037,-51.45030739,2001,4,100,298.9186401,2.17478137,NaN,0.006397014,2.36162379996247e-05,NaN,-0.003164885,2.52185451261009e-05,NaN,16891357.88,1.56854E+13,NaN,NaN,28138.51758,-0.030305136,185.3255005,-530.1772461,-6.528092384,0,0,-66.72900391,NaN,NaN
15,-1.7100037,-51.45030739,2002,4,100,299.1298557,2.109393317,NaN,0.006350659,2.48545403206545e-05,NaN,-0.003146597,2.53286256279133e-05,NaN,17218752.22,1.44121E+13,NaN,NaN,28138.51758,-0.030305136,185.3255005,-530.1772461,-6.528092384,0,0,-66.72900391,NaN,NaN
15,-1.7100037,-51.45030739,2003,4,100,299.190801,1.924178557,NaN,0.006229167,2.41607650774882e-05,NaN,-0.00298548,2.49880753275961e-05,NaN,17230957.94,1.36601E+13,NaN,NaN,28138.51758,-0.030305136,185.3255005,-530.1772461,-6.528092384,0,0,-66.72900391,NaN,NaN
15,-1.7100037,-51.45030739,2004,4,100,299.3867188,1.926772052,0.270330591,0.006095023,2.59535727991006e-05,-0.1367603,-0.002822766,2.66700931185712e-05,-0.150415037,17423735.67,1.29187E+13,0.155790718,-0.012007487,28138.51758,-0.030305136,185.3255005,-530.1772461,-6.528092384,0,0,-66.72900391,0,-0.012007487
15,-1.7100037,-51.45030739,2005,4,100,299.6102651,1.842128037,0.357012638,0.006272443,3.05223992969824e-05,-0.138093005,-0.003042093,3.07889096587466e-05,-0.156384046,17589179.73,1.23211E+13,0.226714421,-0.093208116,28138.51758,-0.030305136,185.3255005,-530.1772461,-6.528092384,0,0,-66.72900391,-0.009059808,-0.084148307
15,-1.7100037,-51.45030739,2006,4,100,299.5940094,1.916410097,0.368995297,0.006168216,2.8930470536128e-05,-0.139613622,-0.002921668,2.9845049689394e-05,-0.155617559,17423123.52,1.28762E+13,0.245900081,-0.093208116,28138.51758,-0.030305136,185.3255005,-530.1772461,-6.528092384,0,0,-66.72900391,-0.004349533,-0.088858583
15,-1.7100037,-51.45030739,2007,4,100,299.614502,1.822233289,0.381749147,0.006081666,2.76985535022347e-05,-0.12081918,-0.002823204,2.85157218281178e-05,-0.131077068,17471988.21,1.23792E+13,0.26713734,-0.093208116,28138.51758,-0.030305136,185.3255005,-530.1772461,-6.528092384,0,0,-66.72900391,-0.001719226,-0.09148889
15,-1.7100037,-51.45030739,2008,4,100,299.5508321,1.811477722,0.446551456,0.005994617,2.33759859502652e-05,-0.106356683,-0.00274209,2.39603254636163e-05,-0.113233688,17393683.38,1.1924E+13,0.305085941,-0.190648869,28138.51758,-0.030305136,185.3255005,-530.1772461,-6.528092384,0,0,-66.72900391,0.035890267,-0.226539136
15,-1.7100037,-51.45030739,2009,4,100,299.4709981,2.122956225,0.437349399,0.006540165,3.04692518535861e-05,0.005959856,-0.00329767,3.12383951107048e-05,0.006780383,17209522.04,1.34816E+13,0.30063406,0.045631951,28138.51758,-0.030305136,185.3255005,-530.1772461,-6.528092384,0,0,-66.72900391,0.025976789,0.019655163
15,-1.7100037,-51.45030739,2010,4,100,299.6109975,1.884134332,0.486399926,0.00659151,3.10736959905175e-05,0.13007733,-0.003265359,3.21972095208051e-05,0.136333025,17448305.27,1.23628E+13,0.333480418,0.223073351,28138.51758,-0.030305136,185.3255005,-530.1772461,-6.528092384,0,0,-66.72900391,-0.003457651,0.226531002
15,-1.7100037,-51.45030739,2011,4,100,299.62058,2.155274011,0.541146757,0.007057476,3.68436335288546e-05,0.223516709,-0.003744752,3.82079441736771e-05,0.229646146,17360390.02,1.30248E+13,0.348282278,0.223073351,28138.51758,-0.030305136,185.3255005,-530.1772461,-6.528092384,0,0,-66.72900391,-0.009688143,0.232761495
15,-1.7100037,-51.45030739,2012,4,100,299.7450562,2.154962688,0.528114106,0.006780741,3.67258131144015e-05,0.33224846,-0.003463923,3.75264822549513e-05,0.342064102,17625114.98,1.1942E+13,0.369241144,0.223073351,28138.51758,-0.030305136,185.3255005,-530.1772461,-6.528092384,0,0,-66.72900391,-0.018746062,0.241819413
15,-1.7100037,-51.45030739,2013,4,100,299.7063649,1.590964043,0.541000816,0.005956056,2.37955614427629e-05,0.327224461,-0.002537556,2.47539603674322e-05,0.337472346,17668606.19,9.46633E+12,0.380350304,0.311794051,28138.51758,-0.030305136,185.3255005,-530.1772461,-6.528092384,0,0,-66.72900391,0.02320841,0.288585641
15,-1.7100037,-51.45030739,2014,4,100,299.5655365,1.783783786,0.468271292,0.005933628,2.33197237344655e-05,0.307386006,-0.002590242,2.37685857196887e-05,0.316682041,17434158.46,1.05885E+13,0.346676925,0.583445391,28138.51758,-0.030305136,185.3255005,-530.1772461,-6.528092384,0,0,-66.72900391,0.060467764,0.522977627
15,-1.7100037,-51.45030739,2015,4,100,299.7055766,1.975244968,0.385622451,0.0054394,1.79570555578484e-05,0.291215364,-0.002149325,1.72157903003421e-05,0.300196525,17699349.92,1.05618E+13,0.34687514,0.597858226,28138.51758,-0.030305136,185.3255005,-530.1772461,-6.528092384,0,0,-66.72900391,0.104756345,0.493101881
15,-1.7100037,-51.45030739,2016,4,100,299.7858531,1.666795576,0.428934724,0.005679631,1.91487114359382e-05,0.260911259,-0.002363508,1.87657486391825e-05,0.250230134,17594273,1.05831E+13,0.351098508,0.614301722,28138.51758,-0.030305136,185.3255005,-530.1772461,-6.528092384,0,0,-66.72900391,0.065657905,0.548643816
15,-1.7100037,-51.45030739,2017,4,100,299.8667806,1.81945616,0.500528515,0.006009413,2.41562847138681e-05,0.255336828,-0.00276663,2.32793042208538e-05,0.226655329,17667306.58,1.13331E+13,0.375342511,0.63182854,28138.51758,-0.030305136,185.3255005,-530.1772461,-6.528092384,0,0,-66.72900391,0.058250959,0.573577582
15,-1.7100037,-51.45030739,2018,4,100,299.8794708,1.811068408,0.612172622,0.005969086,2.26073573900604e-05,0.26647807,-0.002706282,2.18040176944086e-05,0.22276085,17658730.79,1.04681E+13,0.386127091,0.654170563,28138.51758,-0.030305136,185.3255005,-530.1772461,-6.528092384,0,0,-66.72900391,0.041695684,0.61247488
15,-1.7100037,-51.45030739,2019,4,100,299.821523,1.534277642,0.694519963,0.005956604,2.06431506733652e-05,0.303765898,-0.002680438,2.032788317913e-05,0.247321496,17403382.75,1.06845E+13,0.339973073,0.674763057,28138.51758,-0.030305136,185.3255005,-530.1772461,-6.528092384,0,0,-66.72900391,0.033151341,0.641611716
15,-1.7100037,-51.45030739,2020,4,100,299.7667898,1.640146581,0.628376897,0.006069564,2.11353356534919e-05,0.326367271,-0.002817426,2.08327017797839e-05,0.28625179,17280499.56,1.15264E+13,0.276360395,0.635771948,28138.51758,-0.030305136,185.3255005,-530.1772461,-6.528092384,0,0,-66.72900391,0.001663272,0.634108676
15,-1.7100037,-51.45030739,2021,4,100,299.6986949,1.429880629,0.519601481,0.005905939,1.62845070227818e-05,0.297652206,-0.00257178,1.64509107703895e-05,0.266452538,17222475.54,1.04525E+13,0.18883407,0.527679545,28138.51758,-0.030305136,185.3255005,-530.1772461,-6.528092384,0,0,-66.72900391,0.024038324,0.503641221
15,-1.7100037,-51.45030739,2022,4,100,299.7006531,1.350937211,0.416607688,0.006204995,2.30431181062247e-05,0.249386038,-0.003015261,2.23983183324402e-05,0.216060316,16189426,1.5786E+13,0.145738534,0.389135318,28138.51758,-0.030305136,185.3255005,-530.1772461,-6.528092384,0,0,-66.72900391,-0.013013712,0.40214903
15,-1.7100037,-51.45030739,2023,4,100,299.8599192,1.868527844,0.380723585,0.005487595,2.34757509741173e-05,0.244258738,-0.002810551,2.04925181996442e-05,0.175283676,13634350.97,2.7991E+13,0.304811726,0.207686415,28138.51758,-0.030305136,185.3255005,-530.1772461,-6.528092384,0,0,-66.72900391,-0.033228536,0.240914951
15,-1.7100037,-51.45030739,2024,4,100,300.1019491,2.266220354,0.457371358,0.004920362,2.27236089693065e-05,0.272980177,-0.002405998,1.92681643766135e-05,0.154154704,13455130.84,3.24968E+13,0.484181485,0.079295372,28138.51758,-0.030305136,185.3255005,-530.1772461,-6.528092384,0,0,-66.72900391,-0.003210994,0.082506366
16,-10.06670471,-67.61669678,2000,4,100,297.9807739,0.718880362,NaN,0.004671499,6.77497583027494e-06,NaN,-0.001233329,5.21115760572938e-06,NaN,17434160.33,2.88903E+12,NaN,NaN,6993.368652,-0.002031288,282.8473511,-343.3789978,-123.6653748,-144.5133972,0,0,NaN,NaN
16,-10.06670471,-67.61669678,2001,4,100,298.1268921,1.074340609,NaN,0.004837724,8.41788055745963e-06,NaN,-0.001451955,6.50311730623755e-06,NaN,17517368.5,2.99939E+12,NaN,NaN,6993.368652,-0.002031288,282.8473511,-343.3789978,-123.6653748,-144.5133972,0,0,NaN,NaN
16,-10.06670471,-67.61669678,2002,4,100,298.2303874,0.928572164,NaN,0.004923902,7.44218099822358e-06,NaN,-0.001447107,5.99178349378025e-06,NaN,17594907.72,3.25437E+12,NaN,NaN,6993.368652,-0.002031288,282.8473511,-343.3789978,-123.6653748,-144.5133972,0,0,NaN,NaN
16,-10.06670471,-67.61669678,2003,4,100,298.2324677,0.751140771,NaN,0.004894629,7.05793895496535e-06,NaN,-0.001434551,5.56987618020552e-06,NaN,17577141.31,2.99567E+12,NaN,NaN,6993.368652,-0.002031288,282.8473511,-343.3789978,-123.6653748,-144.5133972,0,0,NaN,NaN
16,-10.06670471,-67.61669678,2004,4,100,298.2313232,0.799252125,0.263573996,0.004943385,7.60253088300637e-06,0.065564339,-0.00153716,5.85436415212798e-06,-0.036175165,17485732.5,3.41617E+12,0.324436359,0.268741903,6993.368652,-0.002031288,282.8473511,-343.3789978,-123.6653748,-144.5133972,0,0,0,0.268741903
16,-10.06670471,-67.61669678,2005,4,100,298.2974803,0.575936361,0.316878501,0.004846018,7.75013836036223e-06,0.039993211,-0.001462478,5.98009179028695e-06,-0.078597115,17529198.71,3.54843E+12,0.253700843,0.00867168,6993.368652,-0.002031288,282.8473511,-343.3789978,-123.6653748,-144.5133972,0,0,-0.007722394,0.016394074
16,-10.06670471,-67.61669678,2006,4,100,298.3180491,0.600424652,0.352036562,0.004690626,8.1718019573002e-06,0.048313659,-0.001417082,5.89670332250117e-06,-0.075098152,17529058.29,3.20909E+12,0.214497746,-0.157991774,6993.368652,-0.002031288,282.8473511,-343.3789978,-123.6653748,-144.5133972,0,0,0.0081356,-0.166127374
16,-10.06670471,-67.61669678,2007,4,100,298.3778076,0.775915138,0.359414121,0.004705679,8.92576086839643e-06,0.059502141,-0.001455675,6.51843691577144e-06,-0.043592094,17612094.23,3.32671E+12,0.193174182,-0.154131324,6993.368652,-0.002031288,282.8473511,-343.3789978,-123.6653748,-144.5133972,0,0,0.016800213,-0.170931538
16,-10.06670471,-67.61669678,2008,4,100,298.4420675,0.82190313,0.362005068,0.004890562,1.06601351477748e-05,0.068941194,-0.001644033,8.12388270597953e-06,-0.021158504,17670579.19,3.20245E+12,0.116380351,-0.206806699,6993.368652,-0.002031288,282.8473511,-343.3789978,-123.6653748,-144.5133972,0,0,0.029875821,-0.23668252
16,-10.06670471,-67.61669678,2009,4,100,298.4388529,1.053192702,0.317887693,0.005125105,1.11972879828818e-05,0.144458481,-0.001856752,8.76109616627744e-06,0.078811892,17488859.35,3.534E+12,0.082302368,-0.093271172,6993.368652,-0.002031288,282.8473511,-343.3789978,-123.6653748,-144.5133972,0,0,0.01226184,-0.105533012
16,-10.06670471,-67.61669678,2010,4,100,298.5780792,1.168640651,0.290369966,0.005077518,1.15811193899203e-05,0.214553664,-0.001778005,9.08688168562278e-06,0.183800202,17637807.1,3.63421E+12,0.116528401,0.092165292,6993.368652,-0.002031288,282.8473511,-343.3789978,-123.6653748,-144.5133972,0,0,0.033632814,0.058532479
16,-10.06670471,-67.61669678,2011,4,100,298.6195628,1.086327484,0.281263797,0.005188304,1.21824127057338e-05,0.242612244,-0.001881172,9.51747160998867e-06,0.227889005,17528490.52,3.37924E+12,0.171386177,0.223785244,6993.368652,-0.002031288,282.8473511,-343.3789978,-123.6653748,-144.5133972,0,0,0.013882273,0.209902971
16,-10.06670471,-67.61669678,2012,4,100,298.6473592,0.969883086,0.306716454,0.00519199,1.1922746386458e-05,0.274129474,-0.001845459,9.27548471260154e-06,0.271137695,17631812.92,3.1693E+12,0.244706138,0.352170133,6993.368652,-0.002031288,282.8473511,-343.3789978,-123.6653748,-144.5133972,0,0,0.028155832,0.324014301
16,-10.06670471,-67.61669678,2013,4,100,298.6115163,0.693575636,0.37129074,0.005140439,1.19039226842937e-05,0.244654419,-0.001790503,9.13586261592448e-06,0.238523017,17697950.42,2.44809E+12,0.259364594,0.420932618,6993.368652,-0.002031288,282.8473511,-343.3789978,-123.6653748,-144.5133972,0,0,0.031664906,0.389267712
16,-10.06670471,-67.61669678,2014,4,100,298.3653819,0.602854236,0.419264777,0.0056029,1.25144078021597e-05,0.172899438,-0.002222353,1.02344390309697e-05,0.147876866,17312702.81,3.05806E+12,0.191562878,0.471189288,6993.368652,-0.002031288,282.8473511,-343.3789978,-123.6653748,-144.5133972,0,0,0.024226672,0.446962616
16,-10.06670471,-67.61669678,2015,4,100,298.4171651,0.849509483,0.46260476,0.005663461,1.29741377173094e-05,0.153388889,-0.002289471,1.09971987252253e-05,0.111353887,17330270.77,4.16153E+12,0.124292392,0.477706959,6993.368652,-0.002031288,282.8473511,-343.3789978,-123.6653748,-144.5133972,0,0,0.027569297,0.450137662
16,-10.06670471,-67.61669678,2016,4,100,298.5310109,0.777510743,0.525510417,0.005571655,1.20143841091631e-05,0.131441546,-0.002182228,1.00749743963685e-05,0.096605061,17293339.08,3.80297E+12,0.15325172,0.421424008,6993.368652,-0.002031288,282.8473511,-343.3789978,-123.6653748,-144.5133972,0,0,0.017380377,0.404043631
16,-10.06670471,-67.61669678,2017,4,100,298.5944824,0.971021312,0.554949374,0.005697808,1.31383922862057e-05,0.117564221,-0.002323699,1.12330726954978e-05,0.101292086,17265370.63,4.0416E+12,0.231695959,0.362583882,6993.368652,-0.002031288,282.8473511,-343.3789978,-123.6653748,-144.5133972,0,0,0.011526769,0.351057113
16,-10.06670471,-67.61669678,2018,4,100,298.6271108,1.001847238,0.542334847,0.005578139,1.37340648040419e-05,0.160174218,-0.002240855,1.14213509342512e-05,0.167039324,17375502.56,3.42203E+12,0.321445799,0.284553504,6993.368652,-0.002031288,282.8473511,-343.3789978,-123.6653748,-144.5133972,0,0,0.008597936,0.275955568
16,-10.06670471,-67.61669678,2019,4,100,298.5881246,0.777092558,0.486851649,0.005562095,1.45711926744093e-05,0.145408985,-0.002252017,1.19915912976609e-05,0.165598386,17351176.06,2.57729E+12,0.349285225,0.17646201,6993.368652,-0.002031288,282.8473511,-343.3789978,-123.6653748,-144.5133972,0,0,0.020700994,0.155761016
16,-10.06670471,-67.61669678,2020,4,100,298.6559499,1.005286517,0.339493174,0.005303771,1.54383085018518e-05,0.135525778,-0.002105856,1.25709305064903e-05,0.137151809,17490725.25,3.43357E+12,0.245522509,0.109107927,6993.368652,-0.002031288,282.8473511,-343.3789978,-123.6653748,-144.5133972,0,0,0.045917787,0.06319014
16,-10.06670471,-67.61669678,2021,4,100,298.6333466,1.058752414,0.226719084,0.005255792,1.58802964790847e-05,0.157871943,-0.002075219,1.25595903414449e-05,0.129138684,17689924.27,3.83154E+12,0.219376784,0.032396951,6993.368652,-0.002031288,282.8473511,-343.3789978,-123.6653748,-144.5133972,0,0,0.016181426,0.016215524
16,-10.06670471,-67.61669678,2022,4,100,298.731781,1.065798327,0.14175915,0.004872565,1.54602359795732e-05,0.160148159,-0.001864876,1.1770127867875e-05,0.084555959,16847706.11,1.23145E+13,0.235365215,0.031396991,6993.368652,-0.002031288,282.8473511,-343.3789978,-123.6653748,-144.5133972,0,0,0.01046757,0.020929421
16,-10.06670471,-67.61669678,2023,4,100,298.8969472,1.709340124,0.11908651,0.004007154,1.32686378172971e-05,0.304924971,-0.001544184,8.96441587984947e-06,0.148893591,14034690.47,3.29058E+13,0.411618359,0.075349258,6993.368652,-0.002031288,282.8473511,-343.3789978,-123.6653748,-144.5133972,0,0,0.041982992,0.033366267
16,-10.06670471,-67.61669678,2024,4,100,299.063619,1.855634636,0.239843138,0.003807744,1.23891889272825e-05,0.464189465,-0.00141702,8.32272364228178e-06,0.25821376,13666701.8,3.57584E+13,0.635988813,0.077747773,6993.368652,-0.002031288,282.8473511,-343.3789978,-123.6653748,-144.5133972,0,0,0.035972068,0.041775705
17,-10.0666983,-67.61640519,2000,4,100,297.9807739,0.718880362,NaN,0.004671499,6.77497583027494e-06,NaN,-0.001233329,5.21115760572938e-06,NaN,17434160.33,2.88903E+12,NaN,NaN,10780.5293,-0.007058221,329.225647,-345.6833496,-126.630043,-37.32034683,0,44.77874374,NaN,NaN
17,-10.0666983,-67.61640519,2001,4,100,298.1268921,1.074340609,NaN,0.004837724,8.41788055745963e-06,NaN,-0.001451955,6.50311730623755e-06,NaN,17517368.5,2.99939E+12,NaN,NaN,10780.5293,-0.007058221,329.225647,-345.6833496,-126.630043,-37.32034683,0,44.77874374,NaN,NaN
17,-10.0666983,-67.61640519,2002,4,100,298.2303874,0.928572164,NaN,0.004923902,7.44218099822358e-06,NaN,-0.001447107,5.99178349378025e-06,NaN,17594907.72,3.25437E+12,NaN,NaN,10780.5293,-0.007058221,329.225647,-345.6833496,-126.630043,-37.32034683,0,44.77874374,NaN,NaN
17,-10.0666983,-67.61640519,2003,4,100,298.2324677,0.751140771,NaN,0.004894629,7.05793895496535e-06,NaN,-0.001434551,5.56987618020552e-06,NaN,17577141.31,2.99567E+12,NaN,NaN,10780.5293,-0.007058221,329.225647,-345.6833496,-126.630043,-37.32034683,0,44.77874374,NaN,NaN
17,-10.0666983,-67.61640519,2004,4,100,298.2313232,0.799252125,0.263573996,0.004943385,7.60253088300637e-06,0.065564339,-0.00153716,5.85436415212798e-06,-0.036175165,17485732.5,3.41617E+12,0.324436359,-0.021974702,10780.5293,-0.007058221,329.225647,-345.6833496,-126.630043,-37.32034683,0,44.77874374,0,-0.021974702
17,-10.0666983,-67.61640519,2005,4,100,298.2974803,0.575936361,0.316878501,0.004846018,7.75013836036223e-06,0.039993211,-0.001462478,5.98009179028695e-06,-0.078597115,17529198.71,3.54843E+12,0.253700843,-0.005893871,10780.5293,-0.007058221,329.225647,-345.6833496,-126.630043,-37.32034683,0,44.77874374,-0.005259765,-0.000634106
17,-10.0666983,-67.61640519,2006,4,100,298.3180491,0.600424652,0.352036562,0.004690626,8.1718019573002e-06,0.048313659,-0.001417082,5.89670332250117e-06,-0.075098152,17529058.29,3.20909E+12,0.214497746,0.051315202,10780.5293,-0.007058221,329.225647,-345.6833496,-126.630043,-37.32034683,0,44.77874374,0.025163273,0.026151929
17,-10.0666983,-67.61640519,2007,4,100,298.3778076,0.775915138,0.359414121,0.004705679,8.92576086839643e-06,0.059502141,-0.001455675,6.51843691577144e-06,-0.043592094,17612094.23,3.32671E+12,0.193174182,0.091513281,10780.5293,-0.007058221,329.225647,-345.6833496,-126.630043,-37.32034683,0,44.77874374,0.026427877,0.065085404
17,-10.0666983,-67.61640519,2008,4,100,298.4420675,0.82190313,0.362005068,0.004890562,1.06601351477748e-05,0.068941194,-0.001644033,8.12388270597953e-06,-0.021158504,17670579.19,3.20245E+12,0.116380351,0.145198004,10780.5293,-0.007058221,329.225647,-345.6833496,-126.630043,-37.32034683,0,44.77874374,0.017572845,0.127625159
17,-10.0666983,-67.61640519,2009,4,100,298.4388529,1.053192702,0.317887693,0.005125105,1.11972879828818e-05,0.144458481,-0.001856752,8.76109616627744e-06,0.078811892,17488859.35,3.534E+12,0.082302368,0.245670201,10780.5293,-0.007058221,329.225647,-345.6833496,-126.630043,-37.32034683,0,44.77874374,0.026953572,0.218716629
17,-10.0666983,-67.61640519,2010,4,100,298.5780792,1.168640651,0.290369966,0.005077518,1.15811193899203e-05,0.214553664,-0.001778005,9.08688168562278e-06,0.183800202,17637807.1,3.63421E+12,0.116528401,0.303558992,10780.5293,-0.007058221,329.225647,-345.6833496,-126.630043,-37.32034683,0,44.77874374,0.009944299,0.293614692
17,-10.0666983,-67.61640519,2011,4,100,298.6195628,1.086327484,0.281263797,0.005188304,1.21824127057338e-05,0.242612244,-0.001881172,9.51747160998867e-06,0.227889005,17528490.52,3.37924E+12,0.171386177,0.33085683,10780.5293,-0.007058221,329.225647,-345.6833496,-126.630043,-37.32034683,0,44.77874374,0.006254245,0.324602585
17,-10.0666983,-67.61640519,2012,4,100,298.6473592,0.969883086,0.306716454,0.00519199,1.1922746386458e-05,0.274129474,-0.001845459,9.27548471260154e-06,0.271137695,17631812.92,3.1693E+12,0.244706138,0.365526643,10780.5293,-0.007058221,329.225647,-345.6833496,-126.630043,-37.32034683,0,44.77874374,-0.0145425,0.380069143
17,-10.0666983,-67.61640519,2013,4,100,298.6115163,0.693575636,0.37129074,0.005140439,1.19039226842937e-05,0.244654419,-0.001790503,9.13586261592448e-06,0.238523017,17697950.42,2.44809E+12,0.259364594,0.345409302,10780.5293,-0.007058221,329.225647,-345.6833496,-126.630043,-37.32034683,0,44.77874374,0.006323755,0.339085547
17,-10.0666983,-67.61640519,2014,4,100,298.3653819,0.602854236,0.419264777,0.0056029,1.25144078021597e-05,0.172899438,-0.002222353,1.02344390309697e-05,0.147876866,17312702.81,3.05806E+12,0.191562878,0.312981899,10780.5293,-0.007058221,329.225647,-345.6833496,-126.630043,-37.32034683,0,44.77874374,0.024109206,0.288872693
17,-10.0666983,-67.61640519,2015,4,100,298.4171651,0.849509483,0.46260476,0.005663461,1.29741377173094e-05,0.153388889,-0.002289471,1.09971987252253e-05,0.111353887,17330270.77,4.16153E+12,0.124292392,0.304864057,10780.5293,-0.007058221,329.225647,-345.6833496,-126.630043,-37.32034683,0,44.77874374,0.045005563,0.259858493
17,-10.0666983,-67.61640519,2016,4,100,298.5310109,0.777510743,0.525510417,0.005571655,1.20143841091631e-05,0.131441546,-0.002182228,1.00749743963685e-05,0.096605061,17293339.08,3.80297E+12,0.15325172,0.263046526,10780.5293,-0.007058221,329.225647,-345.6833496,-126.630043,-37.32034683,0,44.77874374,0.03752385,0.225522676
17,-10.0666983,-67.61640519,2017,4,100,298.5944824,0.971021312,0.554949374,0.005697808,1.31383922862057e-05,0.117564221,-0.002323699,1.12330726954978e-05,0.101292086,17265370.63,4.0416E+12,0.231695959,0.213379726,10780.5293,-0.007058221,329.225647,-345.6833496,-126.630043,-37.32034683,0,44.77874374,0.00131036,0.212069367
17,-10.0666983,-67.61640519,2018,4,100,298.6271108,1.001847238,0.542334847,0.005578139,1.37340648040419e-05,0.160174218,-0.002240855,1.14213509342512e-05,0.167039324,17375502.56,3.42203E+12,0.321445799,0.198140767,10780.5293,-0.007058221,329.225647,-345.6833496,-126.630043,-37.32034683,0,44.77874374,0.015932576,0.182208191
17,-10.0666983,-67.61640519,2019,4,100,298.5881246,0.777092558,0.486851649,0.005562095,1.45711926744093e-05,0.145408985,-0.002252017,1.19915912976609e-05,0.165598386,17351176.06,2.57729E+12,0.349285225,0.172226832,10780.5293,-0.007058221,329.225647,-345.6833496,-126.630043,-37.32034683,0,44.77874374,0.012266781,0.159960051
17,-10.0666983,-67.61640519,2020,4,100,298.6559499,1.005286517,0.339493174,0.005303771,1.54383085018518e-05,0.135525778,-0.002105856,1.25709305064903e-05,0.137151809,17490725.25,3.43357E+12,0.245522509,0.194504497,10780.5293,-0.007058221,329.225647,-345.6833496,-126.630043,-37.32034683,0,44.77874374,0.02233955,0.172164947
17,-10.0666983,-67.61640519,2021,4,100,298.6333466,1.058752414,0.226719084,0.005255792,1.58802964790847e-05,0.157871943,-0.002075219,1.25595903414449e-05,0.129138684,17689924.27,3.83154E+12,0.219376784,0.225499396,10780.5293,-0.007058221,329.225647,-345.6833496,-126.630043,-37.32034683,0,44.77874374,-0.001324664,0.226824059
17,-10.0666983,-67.61640519,2022,4,100,298.731781,1.065798327,0.14175915,0.004872565,1.54602359795732e-05,0.160148159,-0.001864876,1.1770127867875e-05,0.084555959,16847706.11,1.23145E+13,0.235365215,0.255588573,10780.5293,-0.007058221,329.225647,-345.6833496,-126.630043,-37.32034683,0,44.77874374,-0.023906035,0.279494608
17,-10.0666983,-67.61640519,2023,4,100,298.8969472,1.709340124,0.11908651,0.004007154,1.32686378172971e-05,0.304924971,-0.001544184,8.96441587984947e-06,0.148893591,14034690.47,3.29058E+13,0.411618359,0.224615105,10780.5293,-0.007058221,329.225647,-345.6833496,-126.630043,-37.32034683,0,44.77874374,0.013326174,0.211288931
17,-10.0666983,-67.61640519,2024,4,100,299.063619,1.855634636,0.239843138,0.003807744,1.23891889272825e-05,0.464189465,-0.00141702,8.32272364228178e-06,0.25821376,13666701.8,3.57584E+13,0.635988813,0.127371932,10780.5293,-0.007058221,329.225647,-345.6833496,-126.630043,-37.32034683,0,44.77874374,-0.017816097,0.145188028
18,-10.06642913,-67.61670639,2000,4,100,297.9807739,0.718880362,NaN,0.004671499,6.77497583027494e-06,NaN,-0.001233329,5.21115760572938e-06,NaN,17434160.33,2.88903E+12,NaN,NaN,41872.82813,-0.049536321,262.7439575,-378.239624,-125.4779816,-105.1991196,21.01431847,0,NaN,NaN
18,-10.06642913,-67.61670639,2001,4,100,298.1268921,1.074340609,NaN,0.004837724,8.41788055745963e-06,NaN,-0.001451955,6.50311730623755e-06,NaN,17517368.5,2.99939E+12,NaN,NaN,41872.82813,-0.049536321,262.7439575,-378.239624,-125.4779816,-105.1991196,21.01431847,0,NaN,NaN
18,-10.06642913,-67.61670639,2002,4,100,298.2303874,0.928572164,NaN,0.004923902,7.44218099822358e-06,NaN,-0.001447107,5.99178349378025e-06,NaN,17594907.72,3.25437E+12,NaN,NaN,41872.82813,-0.049536321,262.7439575,-378.239624,-125.4779816,-105.1991196,21.01431847,0,NaN,NaN
18,-10.06642913,-67.61670639,2003,4,100,298.2324677,0.751140771,NaN,0.004894629,7.05793895496535e-06,NaN,-0.001434551,5.56987618020552e-06,NaN,17577141.31,2.99567E+12,NaN,NaN,41872.82813,-0.049536321,262.7439575,-378.239624,-125.4779816,-105.1991196,21.01431847,0,NaN,NaN
18,-10.06642913,-67.61670639,2004,4,100,298.2313232,0.799252125,0.263573996,0.004943385,7.60253088300637e-06,0.065564339,-0.00153716,5.85436415212798e-06,-0.036175165,17485732.5,3.41617E+12,0.324436359,-0.056019974,41872.82813,-0.049536321,262.7439575,-378.239624,-125.4779816,-105.1991196,21.01431847,0,0,-0.056019974
18,-10.06642913,-67.61670639,2005,4,100,298.2974803,0.575936361,0.316878501,0.004846018,7.75013836036223e-06,0.039993211,-0.001462478,5.98009179028695e-06,-0.078597115,17529198.71,3.54843E+12,0.253700843,-0.130244337,41872.82813,-0.049536321,262.7439575,-378.239624,-125.4779816,-105.1991196,21.01431847,0,-0.005405597,-0.12483874
18,-10.06642913,-67.61670639,2006,4,100,298.3180491,0.600424652,0.352036562,0.004690626,8.1718019573002e-06,0.048313659,-0.001417082,5.89670332250117e-06,-0.075098152,17529058.29,3.20909E+12,0.214497746,-0.075562271,41872.82813,-0.049536321,262.7439575,-378.239624,-125.4779816,-105.1991196,21.01431847,0,0.005218726,-0.080780997
18,-10.06642913,-67.61670639,2007,4,100,298.3778076,0.775915138,0.359414121,0.004705679,8.92576086839643e-06,0.059502141,-0.001455675,6.51843691577144e-06,-0.043592094,17612094.23,3.32671E+12,0.193174182,-0.09612673,41872.82813,-0.049536321,262.7439575,-378.239624,-125.4779816,-105.1991196,21.01431847,0,0.001853424,-0.097980154
18,-10.06642913,-67.61670639,2008,4,100,298.4420675,0.82190313,0.362005068,0.004890562,1.06601351477748e-05,0.068941194,-0.001644033,8.12388270597953e-06,-0.021158504,17670579.19,3.20245E+12,0.116380351,-0.079190718,41872.82813,-0.049536321,262.7439575,-378.239624,-125.4779816,-105.1991196,21.01431847,0,0.007109858,-0.086300576
18,-10.06642913,-67.61670639,2009,4,100,298.4388529,1.053192702,0.317887693,0.005125105,1.11972879828818e-05,0.144458481,-0.001856752,8.76109616627744e-06,0.078811892,17488859.35,3.534E+12,0.082302368,0.007727474,41872.82813,-0.049536321,262.7439575,-378.239624,-125.4779816,-105.1991196,21.01431847,0,0.007829158,-0.000101685
18,-10.06642913,-67.61670639,2010,4,100,298.5780792,1.168640651,0.290369966,0.005077518,1.15811193899203e-05,0.214553664,-0.001778005,9.08688168562278e-06,0.183800202,17637807.1,3.63421E+12,0.116528401,0.015632514,41872.82813,-0.049536321,262.7439575,-378.239624,-125.4779816,-105.1991196,21.01431847,0,0.022166248,-0.006533734
18,-10.06642913,-67.61670639,2011,4,100,298.6195628,1.086327484,0.281263797,0.005188304,1.21824127057338e-05,0.242612244,-0.001881172,9.51747160998867e-06,0.227889005,17528490.52,3.37924E+12,0.171386177,0.090248213,41872.82813,-0.049536321,262.7439575,-378.239624,-125.4779816,-105.1991196,21.01431847,0,0.016708037,0.073540177
18,-10.06642913,-67.61670639,2012,4,100,298.6473592,0.969883086,0.306716454,0.00519199,1.1922746386458e-05,0.274129474,-0.001845459,9.27548471260154e-06,0.271137695,17631812.92,3.1693E+12,0.244706138,0.15307797,41872.82813,-0.049536321,262.7439575,-378.239624,-125.4779816,-105.1991196,21.01431847,0,0.016832066,0.136245904
18,-10.06642913,-67.61670639,2013,4,100,298.6115163,0.693575636,0.37129074,0.005140439,1.19039226842937e-05,0.244654419,-0.001790503,9.13586261592448e-06,0.238523017,17697950.42,2.44809E+12,0.259364594,0.193486811,41872.82813,-0.049536321,262.7439575,-378.239624,-125.4779816,-105.1991196,21.01431847,0,0.031324689,0.162162122
18,-10.06642913,-67.61670639,2014,4,100,298.3653819,0.602854236,0.419264777,0.0056029,1.25144078021597e-05,0.172899438,-0.002222353,1.02344390309697e-05,0.147876866,17312702.81,3.05806E+12,0.191562878,0.245867004,41872.82813,-0.049536321,262.7439575,-378.239624,-125.4779816,-105.1991196,21.01431847,0,0.00934862,0.236518384
18,-10.06642913,-67.61670639,2015,4,100,298.4171651,0.849509483,0.46260476,0.005663461,1.29741377173094e-05,0.153388889,-0.002289471,1.09971987252253e-05,0.111353887,17330270.77,4.16153E+12,0.124292392,0.318201526,41872.82813,-0.049536321,262.7439575,-378.239624,-125.4779816,-105.1991196,21.01431847,0,0.029222352,0.288979174
18,-10.06642913,-67.61670639,2016,4,100,298.5310109,0.777510743,0.525510417,0.005571655,1.20143841091631e-05,0.131441546,-0.002182228,1.00749743963685e-05,0.096605061,17293339.08,3.80297E+12,0.15325172,0.350914039,41872.82813,-0.049536321,262.7439575,-378.239624,-125.4779816,-105.1991196,21.01431847,0,0.021310108,0.329603931
18,-10.06642913,-67.61670639,2017,4,100,298.5944824,0.971021312,0.554949374,0.005697808,1.31383922862057e-05,0.117564221,-0.002323699,1.12330726954978e-05,0.101292086,17265370.63,4.0416E+12,0.231695959,0.364274429,41872.82813,-0.049536321,262.7439575,-378.239624,-125.4779816,-105.1991196,21.01431847,0,0.007955373,0.356319056
18,-10.06642913,-67.61670639,2018,4,100,298.6271108,1.001847238,0.542334847,0.005578139,1.37340648040419e-05,0.160174218,-0.002240855,1.14213509342512e-05,0.167039324,17375502.56,3.42203E+12,0.321445799,0.3759399,41872.82813,-0.049536321,262.7439575,-378.239624,-125.4779816,-105.1991196,21.01431847,0,0.015455813,0.360484087
18,-10.06642913,-67.61670639,2019,4,100,298.5881246,0.777092558,0.486851649,0.005562095,1.45711926744093e-05,0.145408985,-0.002252017,1.19915912976609e-05,0.165598386,17351176.06,2.57729E+12,0.349285225,0.334172393,41872.82813,-0.049536321,262.7439575,-378.239624,-125.4779816,-105.1991196,21.01431847,0,-0.007500774,0.341673167
18,-10.06642913,-67.61670639,2020,4,100,298.6559499,1.005286517,0.339493174,0.005303771,1.54383085018518e-05,0.135525778,-0.002105856,1.25709305064903e-05,0.137151809,17490725.25,3.43357E+12,0.245522509,0.305324255,41872.82813,-0.049536321,262.7439575,-378.239624,-125.4779816,-105.1991196,21.01431847,0,0.023944531,0.281379724
18,-10.06642913,-67.61670639,2021,4,100,298.6333466,1.058752414,0.226719084,0.005255792,1.58802964790847e-05,0.157871943,-0.002075219,1.25595903414449e-05,0.129138684,17689924.27,3.83154E+12,0.219376784,0.291209482,41872.82813,-0.049536321,262.7439575,-378.239624,-125.4779816,-105.1991196,21.01431847,0,0.028824727,0.262384755
18,-10.06642913,-67.61670639,2022,4,100,298.731781,1.065798327,0.14175915,0.004872565,1.54602359795732e-05,0.160148159,-0.001864876,1.1770127867875e-05,0.084555959,16847706.11,1.23145E+13,0.235365215,0.311485545,41872.82813,-0.049536321,262.7439575,-378.239624,-125.4779816,-105.1991196,21.01431847,0,0.006232818,0.305252727
18,-10.06642913,-67.61670639,2023,4,100,298.8969472,1.709340124,0.11908651,0.004007154,1.32686378172971e-05,0.304924971,-0.001544184,8.96441587984947e-06,0.148893591,14034690.47,3.29058E+13,0.411618359,0.31310993,41872.82813,-0.049536321,262.7439575,-378.239624,-125.4779816,-105.1991196,21.01431847,0,0.046999976,0.266109954
18,-10.06642913,-67.61670639,2024,4,100,299.063619,1.855634636,0.239843138,0.003807744,1.23891889272825e-05,0.464189465,-0.00141702,8.32272364228178e-06,0.25821376,13666701.8,3.57584E+13,0.635988813,0.214554876,41872.82813,-0.049536321,262.7439575,-378.239624,-125.4779816,-105.1991196,21.01431847,0,0.040656002,0.173898874
19,-10.0669921,-67.61670378,2000,4,100,297.9807739,0.718880362,NaN,0.004671499,6.77497583027494e-06,NaN,-0.001233329,5.21115760572938e-06,NaN,17434160.33,2.88903E+12,NaN,NaN,45158.62109,-0.053600483,420.5410767,-254.5902252,-91.21349335,-62.40732193,0,29.51221275,NaN,NaN
19,-10.0669921,-67.61670378,2001,4,100,298.1268921,1.074340609,NaN,0.004837724,8.41788055745963e-06,NaN,-0.001451955,6.50311730623755e-06,NaN,17517368.5,2.99939E+12,NaN,NaN,45158.62109,-0.053600483,420.5410767,-254.5902252,-91.21349335,-62.40732193,0,29.51221275,NaN,NaN
19,-10.0669921,-67.61670378,2002,4,100,298.2303874,0.928572164,NaN,0.004923902,7.44218099822358e-06,NaN,-0.001447107,5.99178349378025e-06,NaN,17594907.72,3.25437E+12,NaN,NaN,45158.62109,-0.053600483,420.5410767,-254.5902252,-91.21349335,-62.40732193,0,29.51221275,NaN,NaN
19,-10.0669921,-67.61670378,2003,4,100,298.2324677,0.751140771,NaN,0.004894629,7.05793895496535e-06,NaN,-0.001434551,5.56987618020552e-06,NaN,17577141.31,2.99567E+12,NaN,NaN,45158.62109,-0.053600483,420.5410767,-254.5902252,-91.21349335,-62.40732193,0,29.51221275,NaN,NaN
19,-10.0669921,-67.61670378,2004,4,100,298.2313232,0.799252125,0.263573996,0.004943385,7.60253088300637e-06,0.065564339,-0.00153716,5.85436415212798e-06,-0.036175165,17485732.5,3.41617E+12,0.324436359,0.079217109,45158.62109,-0.053600483,420.5410767,-254.5902252,-91.21349335,-62.40732193,0,29.51221275,0,0.079217109
19,-10.0669921,-67.61670378,2005,4,100,298.2974803,0.575936361,0.316878501,0.004846018,7.75013836036223e-06,0.039993211,-0.001462478,5.98009179028695e-06,-0.078597115,17529198.71,3.54843E+12,0.253700843,0.044967099,45158.62109,-0.053600483,420.5410767,-254.5902252,-91.21349335,-62.40732193,0,29.51221275,-0.03457005,0.079537149
19,-10.0669921,-67.61670378,2006,4,100,298.3180491,0.600424652,0.352036562,0.004690626,8.1718019573002e-06,0.048313659,-0.001417082,5.89670332250117e-06,-0.075098152,17529058.29,3.20909E+12,0.214497746,0.098249978,45158.62109,-0.053600483,420.5410767,-254.5902252,-91.21349335,-62.40732193,0,29.51221275,-0.009983773,0.108233752
19,-10.0669921,-67.61670378,2007,4,100,298.3778076,0.775915138,0.359414121,0.004705679,8.92576086839643e-06,0.059502141,-0.001455675,6.51843691577144e-06,-0.043592094,17612094.23,3.32671E+12,0.193174182,0.144698845,45158.62109,-0.053600483,420.5410767,-254.5902252,-91.21349335,-62.40732193,0,29.51221275,0.017375597,0.127323248
19,-10.0669921,-67.61670378,2008,4,100,298.4420675,0.82190313,0.362005068,0.004890562,1.06601351477748e-05,0.068941194,-0.001644033,8.12388270597953e-06,-0.021158504,17670579.19,3.20245E+12,0.116380351,0.195116243,45158.62109,-0.053600483,420.5410767,-254.5902252,-91.21349335,-62.40732193,0,29.51221275,0.013946166,0.181170078
19,-10.0669921,-67.61670378,2009,4,100,298.4388529,1.053192702,0.317887693,0.005125105,1.11972879828818e-05,0.144458481,-0.001856752,8.76109616627744e-06,0.078811892,17488859.35,3.534E+12,0.082302368,0.307282032,45158.62109,-0.053600483,420.5410767,-254.5902252,-91.21349335,-62.40732193,0,29.51221275,-0.011468904,0.318750936
19,-10.0669921,-67.61670378,2010,4,100,298.5780792,1.168640651,0.290369966,0.005077518,1.15811193899203e-05,0.214553664,-0.001778005,9.08688168562278e-06,0.183800202,17637807.1,3.63421E+12,0.116528401,0.348288493,45158.62109,-0.053600483,420.5410767,-254.5902252,-91.21349335,-62.40732193,0,29.51221275,0.006840683,0.34144781
19,-10.0669921,-67.61670378,2011,4,100,298.6195628,1.086327484,0.281263797,0.005188304,1.21824127057338e-05,0.242612244,-0.001881172,9.51747160998867e-06,0.227889005,17528490.52,3.37924E+12,0.171386177,0.339368431,45158.62109,-0.053600483,420.5410767,-254.5902252,-91.21349335,-62.40732193,0,29.51221275,0.0149242,0.324444231
19,-10.0669921,-67.61670378,2012,4,100,298.6473592,0.969883086,0.306716454,0.00519199,1.1922746386458e-05,0.274129474,-0.001845459,9.27548471260154e-06,0.271137695,17631812.92,3.1693E+12,0.244706138,0.314782564,45158.62109,-0.053600483,420.5410767,-254.5902252,-91.21349335,-62.40732193,0,29.51221275,0.005693691,0.309088872
19,-10.0669921,-67.61670378,2013,4,100,298.6115163,0.693575636,0.37129074,0.005140439,1.19039226842937e-05,0.244654419,-0.001790503,9.13586261592448e-06,0.238523017,17697950.42,2.44809E+12,0.259364594,0.226657806,45158.62109,-0.053600483,420.5410767,-254.5902252,-91.21349335,-62.40732193,0,29.51221275,0.032189811,0.194467995
19,-10.0669921,-67.61670378,2014,4,100,298.3653819,0.602854236,0.419264777,0.0056029,1.25144078021597e-05,0.172899438,-0.002222353,1.02344390309697e-05,0.147876866,17312702.81,3.05806E+12,0.191562878,0.15125356,45158.62109,-0.053600483,420.5410767,-254.5902252,-91.21349335,-62.40732193,0,29.51221275,0.017944936,0.133308624
19,-10.0669921,-67.61670378,2015,4,100,298.4171651,0.849509483,0.46260476,0.005663461,1.29741377173094e-05,0.153388889,-0.002289471,1.09971987252253e-05,0.111353887,17330270.77,4.16153E+12,0.124292392,0.105851598,45158.62109,-0.053600483,420.5410767,-254.5902252,-91.21349335,-62.40732193,0,29.51221275,0.027430028,0.078421569
19,-10.0669921,-67.61670378,2016,4,100,298.5310109,0.777510743,0.525510417,0.005571655,1.20143841091631e-05,0.131441546,-0.002182228,1.00749743963685e-05,0.096605061,17293339.08,3.80297E+12,0.15325172,0.04649604,45158.62109,-0.053600483,420.5410767,-254.5902252,-91.21349335,-62.40732193,0,29.51221275,-0.00200601,0.048502049
19,-10.0669921,-67.61670378,2017,4,100,298.5944824,0.971021312,0.554949374,0.005697808,1.31383922862057e-05,0.117564221,-0.002323699,1.12330726954978e-05,0.101292086,17265370.63,4.0416E+12,0.231695959,0.069779952,45158.62109,-0.053600483,420.5410767,-254.5902252,-91.21349335,-62.40732193,0,29.51221275,0.010596759,0.059183193
19,-10.0669921,-67.61670378,2018,4,100,298.6271108,1.001847238,0.542334847,0.005578139,1.37340648040419e-05,0.160174218,-0.002240855,1.14213509342512e-05,0.167039324,17375502.56,3.42203E+12,0.321445799,0.135706446,45158.62109,-0.053600483,420.5410767,-254.5902252,-91.21349335,-62.40732193,0,29.51221275,-0.0011623,0.136868746
19,-10.0669921,-67.61670378,2019,4,100,298.5881246,0.777092558,0.486851649,0.005562095,1.45711926744093e-05,0.145408985,-0.002252017,1.19915912976609e-05,0.165598386,17351176.06,2.57729E+12,0.349285225,0.152127042,45158.62109,-0.053600483,420.5410767,-254.5902252,-91.21349335,-62.40732193,0,29.51221275,0.009319941,0.142807101
19,-10.0669921,-67.61670378,2020,4,100,298.6559499,1.005286517,0.339493174,0.005303771,1.54383085018518e-05,0.135525778,-0.002105856,1.25709305064903e-05,0.137151809,17490725.25,3.43357E+12,0.245522509,0.193288602,45158.62109,-0.053600483,420.5410767,-254.5902252,-91.21349335,-62.40732193,0,29.51221275,0.027730285,0.165558316
19,-10.0669921,-67.61670378,2021,4,100,298.6333466,1.058752414,0.226719084,0.005255792,1.58802964790847e-05,0.157871943,-0.002075219,1.25595903414449e-05,0.129138684,17689924.27,3.83154E+12,0.219376784,0.162644128,45158.62109,-0.053600483,420.5410767,-254.5902252,-91.21349335,-62.40732193,0,29.51221275,0.001427836,0.161216292
19,-10.0669921,-67.61670378,2022,4,100,298.731781,1.065798327,0.14175915,0.004872565,1.54602359795732e-05,0.160148159,-0.001864876,1.1770127867875e-05,0.084555959,16847706.11,1.23145E+13,0.235365215,0.125959744,45158.62109,-0.053600483,420.5410767,-254.5902252,-91.21349335,-62.40732193,0,29.51221275,-0.012822822,0.138782566
19,-10.0669921,-67.61670378,2023,4,100,298.8969472,1.709340124,0.11908651,0.004007154,1.32686378172971e-05,0.304924971,-0.001544184,8.96441587984947e-06,0.148893591,14034690.47,3.29058E+13,0.411618359,0.14949641,45158.62109,-0.053600483,420.5410767,-254.5902252,-91.21349335,-62.40732193,0,29.51221275,-0.008003148,0.157499558
19,-10.0669921,-67.61670378,2024,4,100,299.063619,1.855634636,0.239843138,0.003807744,1.23891889272825e-05,0.464189465,-0.00141702,8.32272364228178e-06,0.25821376,13666701.8,3.57584E+13,0.635988813,0.172015889,45158.62109,-0.053600483,420.5410767,-254.5902252,-91.21349335,-62.40732193,0,29.51221275,0.003310986,0.168704903
20,-10.06670264,-67.61704017,2000,4,97,297.9807739,0.718880362,NaN,0.004671499,6.77497583027494e-06,NaN,-0.001233329,5.21115760572938e-06,NaN,17434160.33,2.88903E+12,NaN,NaN,6092.382324,0,283.9701538,-201.6021729,-101.7157822,-121.1535339,0,0,NaN,NaN
20,-10.06670264,-67.61704017,2001,4,97,298.1268921,1.074340609,NaN,0.004837724,8.41788055745963e-06,NaN,-0.001451955,6.50311730623755e-06,NaN,17517368.5,2.99939E+12,NaN,NaN,6092.382324,0,283.9701538,-201.6021729,-101.7157822,-121.1535339,0,0,NaN,NaN
20,-10.06670264,-67.61704017,2002,4,97,298.2303874,0.928572164,NaN,0.004923902,7.44218099822358e-06,NaN,-0.001447107,5.99178349378025e-06,NaN,17594907.72,3.25437E+12,NaN,NaN,6092.382324,0,283.9701538,-201.6021729,-101.7157822,-121.1535339,0,0,NaN,NaN
20,-10.06670264,-67.61704017,2003,4,97,298.2324677,0.751140771,NaN,0.004894629,7.05793895496535e-06,NaN,-0.001434551,5.56987618020552e-06,NaN,17577141.31,2.99567E+12,NaN,NaN,6092.382324,0,283.9701538,-201.6021729,-101.7157822,-121.1535339,0,0,NaN,NaN
20,-10.06670264,-67.61704017,2004,4,97,298.2313232,0.799252125,0.263573996,0.004943385,7.60253088300637e-06,0.065564339,-0.00153716,5.85436415212798e-06,-0.036175165,17485732.5,3.41617E+12,0.324436359,-0.084257851,6092.382324,0,283.9701538,-201.6021729,-101.7157822,-121.1535339,0,0,0,-0.084257851
20,-10.06670264,-67.61704017,2005,4,97,298.2974803,0.575936361,0.316878501,0.004846018,7.75013836036223e-06,0.039993211,-0.001462478,5.98009179028695e-06,-0.078597115,17529198.71,3.54843E+12,0.253700843,-0.170527439,6092.382324,0,283.9701538,-201.6021729,-101.7157822,-121.1535339,0,0,-0.003208589,-0.16731885
20,-10.06670264,-67.61704017,2006,4,97,298.3180491,0.600424652,0.352036562,0.004690626,8.1718019573002e-06,0.048313659,-0.001417082,5.89670332250117e-06,-0.075098152,17529058.29,3.20909E+12,0.214497746,-0.213517204,6092.382324,0,283.9701538,-201.6021729,-101.7157822,-121.1535339,0,0,-0.002520588,-0.210996616
20,-10.06670264,-67.61704017,2007,4,97,298.3778076,0.775915138,0.359414121,0.004705679,8.92576086839643e-06,0.059502141,-0.001455675,6.51843691577144e-06,-0.043592094,17612094.23,3.32671E+12,0.193174182,-0.207473657,6092.382324,0,283.9701538,-201.6021729,-101.7157822,-121.1535339,0,0,0.022582204,-0.230055861
20,-10.06670264,-67.61704017,2008,4,97,298.4420675,0.82190313,0.362005068,0.004890562,1.06601351477748e-05,0.068941194,-0.001644033,8.12388270597953e-06,-0.021158504,17670579.19,3.20245E+12,0.116380351,-0.180253839,6092.382324,0,283.9701538,-201.6021729,-101.7157822,-121.1535339,0,0,0.065239223,-0.245493062
20,-10.06670264,-67.61704017,2009,4,97,298.4388529,1.053192702,0.317887693,0.005125105,1.11972879828818e-05,0.144458481,-0.001856752,8.76109616627744e-06,0.078811892,17488859.35,3.534E+12,0.082302368,-0.053687341,6092.382324,0,283.9701538,-201.6021729,-101.7157822,-121.1535339,0,0,0.047416332,-0.101103673
20,-10.06670264,-67.61704017,2010,4,97,298.5780792,1.168640651,0.290369966,0.005077518,1.15811193899203e-05,0.214553664,-0.001778005,9.08688168562278e-06,0.183800202,17637807.1,3.63421E+12,0.116528401,0.083378187,6092.382324,0,283.9701538,-201.6021729,-101.7157822,-121.1535339,0,0,0.064668539,0.018709648
20,-10.06670264,-67.61704017,2011,4,97,298.6195628,1.086327484,0.281263797,0.005188304,1.21824127057338e-05,0.242612244,-0.001881172,9.51747160998867e-06,0.227889005,17528490.52,3.37924E+12,0.171386177,0.17883013,6092.382324,0,283.9701538,-201.6021729,-101.7157822,-121.1535339,0,0,0.048536784,0.130293347
20,-10.06670264,-67.61704017,2012,4,97,298.6473592,0.969883086,0.306716454,0.00519199,1.1922746386458e-05,0.274129474,-0.001845459,9.27548471260154e-06,0.271137695,17631812.92,3.1693E+12,0.244706138,0.22870925,6092.382324,0,283.9701538,-201.6021729,-101.7157822,-121.1535339,0,0,0.045223293,0.183485957
20,-10.06670264,-67.61704017,2013,4,97,298.6115163,0.693575636,0.37129074,0.005140439,1.19039226842937e-05,0.244654419,-0.001790503,9.13586261592448e-06,0.238523017,17697950.42,2.44809E+12,0.259364594,0.189500066,6092.382324,0,283.9701538,-201.6021729,-101.7157822,-121.1535339,0,0,0.039044285,0.15045578
20,-10.06670264,-67.61704017,2014,4,97,298.3653819,0.602854236,0.419264777,0.0056029,1.25144078021597e-05,0.172899438,-0.002222353,1.02344390309697e-05,0.147876866,17312702.81,3.05806E+12,0.191562878,0.137626964,6092.382324,0,283.9701538,-201.6021729,-101.7157822,-121.1535339,0,0,0.022795889,0.114831075
20,-10.06670264,-67.61704017,2015,4,97,298.4171651,0.849509483,0.46260476,0.005663461,1.29741377173094e-05,0.153388889,-0.002289471,1.09971987252253e-05,0.111353887,17330270.77,4.16153E+12,0.124292392,0.11961046,6092.382324,0,283.9701538,-201.6021729,-101.7157822,-121.1535339,0,0,0.035081608,0.084528851
20,-10.06670264,-67.61704017,2016,4,97,298.5310109,0.777510743,0.525510417,0.005571655,1.20143841091631e-05,0.131441546,-0.002182228,1.00749743963685e-05,0.096605061,17293339.08,3.80297E+12,0.15325172,0.073155887,6092.382324,0,283.9701538,-201.6021729,-101.7157822,-121.1535339,0,0,0.019357477,0.053798409
20,-10.06670264,-67.61704017,2017,4,97,298.5944824,0.971021312,0.554949374,0.005697808,1.31383922862057e-05,0.117564221,-0.002323699,1.12330726954978e-05,0.101292086,17265370.63,4.0416E+12,0.231695959,0.104205002,6092.382324,0,283.9701538,-201.6021729,-101.7157822,-121.1535339,0,0,0.0167145,0.087490502
20,-10.06670264,-67.61704017,2018,4,97,298.6271108,1.001847238,0.542334847,0.005578139,1.37340648040419e-05,0.160174218,-0.002240855,1.14213509342512e-05,0.167039324,17375502.56,3.42203E+12,0.321445799,0.188423961,6092.382324,0,283.9701538,-201.6021729,-101.7157822,-121.1535339,0,0,-0.027047692,0.215471653
20,-10.06670264,-67.61704017,2019,4,97,298.5881246,0.777092558,0.486851649,0.005562095,1.45711926744093e-05,0.145408985,-0.002252017,1.19915912976609e-05,0.165598386,17351176.06,2.57729E+12,0.349285225,0.185830934,6092.382324,0,283.9701538,-201.6021729,-101.7157822,-121.1535339,0,0,0.0001004,0.185730533
20,-10.06670264,-67.61704017,2020,4,97,298.6559499,1.005286517,0.339493174,0.005303771,1.54383085018518e-05,0.135525778,-0.002105856,1.25709305064903e-05,0.137151809,17490725.25,3.43357E+12,0.245522509,0.227072946,6092.382324,0,283.9701538,-201.6021729,-101.7157822,-121.1535339,0,0,-0.000620866,0.227693811
20,-10.06670264,-67.61704017,2021,4,97,298.6333466,1.058752414,0.226719084,0.005255792,1.58802964790847e-05,0.157871943,-0.002075219,1.25595903414449e-05,0.129138684,17689924.27,3.83154E+12,0.219376784,0.211689565,6092.382324,0,283.9701538,-201.6021729,-101.7157822,-121.1535339,0,0,-0.0139504,0.225639965
20,-10.06670264,-67.61704017,2022,4,97,298.731781,1.065798327,0.14175915,0.004872565,1.54602359795732e-05,0.160148159,-0.001864876,1.1770127867875e-05,0.084555959,16847706.11,1.23145E+13,0.235365215,0.216843365,6092.382324,0,283.9701538,-201.6021729,-101.7157822,-121.1535339,0,0,-0.010831728,0.227675094
20,-10.06670264,-67.61704017,2023,4,97,298.8969472,1.709340124,0.11908651,0.004007154,1.32686378172971e-05,0.304924971,-0.001544184,8.96441587984947e-06,0.148893591,14034690.47,3.29058E+13,0.411618359,0.324343689,6092.382324,0,283.9701538,-201.6021729,-101.7157822,-121.1535339,0,0,0.024316087,0.300027602
20,-10.06670264,-67.61704017,2024,4,97,299.063619,1.855634636,0.239843138,0.003807744,1.23891889272825e-05,0.464189465,-0.00141702,8.32272364228178e-06,0.25821376,13666701.8,3.57584E+13,0.635988813,0.366575802,6092.382324,0,283.9701538,-201.6021729,-101.7157822,-121.1535339,0,0,0.01258664,0.353989161
21,-2.59999931,-60.19999678,2000,4,100,298.1274211,0.342439743,NaN,0.008460859,1.22514167384904e-05,NaN,-0.004710543,1.51736623291614e-05,NaN,15374940.33,5.21441E+12,NaN,NaN,-17350.85156,0.030797053,251.9213104,-237.9258423,-150.2446594,0,3.488996744,-22.62177849,NaN,NaN
21,-2.59999931,-60.19999678,2001,4,100,298.3284709,0.713562592,NaN,0.008280939,1.08812459665435e-05,NaN,-0.004455027,1.37036971537517e-05,NaN,15628070.54,5.88763E+12,NaN,NaN,-17350.85156,0.030797053,251.9213104,-237.9258423,-150.2446594,0,3.488996744,-22.62177849,NaN,NaN
21,-2.59999931,-60.19999678,2002,4,100,298.4873318,0.679581539,NaN,0.00820487,9.8437743156863e-06,NaN,-0.004320754,1.24406998510638e-05,NaN,15836288.89,5.2418E+12,NaN,NaN,-17350.85156,0.030797053,251.9213104,-237.9258423,-150.2446594,0,3.488996744,-22.62177849,NaN,NaN
21,-2.59999931,-60.19999678,2003,4,100,298.5533498,0.592730923,NaN,0.008176046,8.96077707523263e-06,NaN,-0.004266677,1.14080291904161e-05,NaN,15925703.77,4.85348E+12,NaN,NaN,-17350.85156,0.030797053,251.9213104,-237.9258423,-150.2446594,0,3.488996744,-22.62177849,NaN,NaN
21,-2.59999931,-60.19999678,2004,4,100,298.7059733,0.526709687,0.504290404,0.008141949,8.66409038951069e-06,0.25940791,-0.004165558,1.09337970205472e-05,0.274832496,16169019.58,4.52819E+12,0.356399829,0.150984787,-17350.85156,0.030797053,251.9213104,-237.9258423,-150.2446594,0,3.488996744,-22.62177849,0,0.150984787
21,-2.59999931,-60.19999678,2005,4,100,298.8099314,0.335881284,0.529852582,0.0082069,1.00802253983094e-05,0.315382812,-0.00422682,1.24580465834557e-05,0.329973783,16210655.9,4.08582E+12,0.373112545,0.108925192,-17350.85156,0.030797053,251.9213104,-237.9258423,-150.2446594,0,3.488996744,-22.62177849,-0.002293763,0.111218956
21,-2.59999931,-60.19999678,2006,4,100,298.8010406,0.348006326,0.55977158,0.008496166,1.29092314900823e-05,0.318543779,-0.004528672,1.58098528573322e-05,0.330989643,16149555.9,4.50492E+12,0.373853358,0.093142989,-17350.85156,0.030797053,251.9213104,-237.9258423,-150.2446594,0,3.488996744,-22.62177849,0.002362916,0.090780072
21,-2.59999931,-60.19999678,2007,4,100,298.7865397,0.341100491,0.541235726,0.008666247,1.65976356633015e-05,0.248286104,-0.004712811,1.98263380092175e-05,0.257604057,16124707.71,4.67919E+12,0.320251617,0.037085166,-17350.85156,0.030797053,251.9213104,-237.9258423,-150.2446594,0,3.488996744,-22.62177849,0.003244378,0.033840788
21,-2.59999931,-60.19999678,2008,4,100,298.7000834,0.376895144,0.547984996,0.009015693,1.80750750964673e-05,0.176061296,-0.005103443,2.18042711715712e-05,0.181549853,15938889.92,5.12941E+12,0.247512354,0.016985233,-17350.85156,0.030797053,251.9213104,-237.9258423,-150.2446594,0,3.488996744,-22.62177849,-0.007541831,0.024527064
21,-2.59999931,-60.19999678,2009,4,100,298.7725525,0.839553741,0.536705855,0.009025383,1.86444701287273e-05,0.073462719,-0.005097808,2.28135444416335e-05,0.076012733,16024800,6.09524E+12,0.15027142,-0.021693038,-17350.85156,0.030797053,251.9213104,-237.9258423,-150.2446594,0,3.488996744,-22.62177849,0.013375348,-0.035068386
21,-2.59999931,-60.19999678,2010,4,100,298.9541372,0.960750516,0.528720902,0.008654991,1.86386672172088e-05,-0.034230674,-0.004705036,2.26572516178818e-05,-0.028502575,16190640.33,6.39528E+12,0.082475725,-0.135904708,-17350.85156,0.030797053,251.9213104,-237.9258423,-150.2446594,0,3.488996744,-22.62177849,0.104946978,-0.240851685
21,-2.59999931,-60.19999678,2011,4,100,298.9888255,0.966916016,0.57598694,0.00865531,1.83652506323541e-05,-0.052953666,-0.004694473,2.24439636068155e-05,-0.039989399,16227606.21,6.3714E+12,0.106718969,0.246444134,-17350.85156,0.030797053,251.9213104,-237.9258423,-150.2446594,0,3.488996744,-22.62177849,0.08630904,0.160135094
21,-2.59999931,-60.19999678,2012,4,100,299.1114705,1.027275278,0.60904884,0.008138337,1.6926276717379e-05,-0.037293678,-0.004154625,2.06630842610321e-05,-0.019973617,16432925.25,6.50045E+12,0.141124835,0.380163084,-17350.85156,0.030797053,251.9213104,-237.9258423,-150.2446594,0,3.488996744,-22.62177849,0.037436722,0.342726361
21,-2.59999931,-60.19999678,2013,4,100,299.0276133,0.648723078,0.630418464,0.007981104,1.57972602992267e-05,-0.045370952,-0.003996775,1.90101453724986e-05,-0.025571405,16388980.67,5.38573E+12,0.17814453,0.448377068,-17350.85156,0.030797053,251.9213104,-237.9258423,-150.2446594,0,3.488996744,-22.62177849,0.03843339,0.409943678
21,-2.59999931,-60.19999678,2014,4,100,298.8855642,0.518355891,0.588824685,0.00803156,1.43673920349324e-05,-0.023651508,-0.004063049,1.73458278071966e-05,-0.007340982,16282506.54,4.95825E+12,0.184045336,0.512975665,-17350.85156,0.030797053,251.9213104,-237.9258423,-150.2446594,0,3.488996744,-22.62177849,-0.014382286,0.527357951
21,-2.59999931,-60.19999678,2015,4,100,299.1986186,1.601051237,0.497237537,0.007510741,1.40404065401676e-05,-0.053218417,-0.003564406,1.63641311558432e-05,-0.049649105,16576886.92,5.88553E+12,0.144101147,0.572939228,-17350.85156,0.030797053,251.9213104,-237.9258423,-150.2446594,0,3.488996744,-22.62177849,0.019996306,0.552942921
21,-2.59999931,-60.19999678,2016,4,100,299.3780975,1.527085099,0.495187449,0.007566408,1.46834489777946e-05,-0.076915163,-0.003589853,1.68892807887069e-05,-0.089443846,16583399.08,5.53161E+12,0.156870985,0.543207551,-17350.85156,0.030797053,251.9213104,-237.9258423,-150.2446594,0,3.488996744,-22.62177849,0.027561218,0.515646333
21,-2.59999931,-60.19999678,2017,4,100,299.4768066,1.489266847,0.510902312,0.007660094,1.63666089164478e-05,-0.052499191,-0.00367298,1.86483141480682e-05,-0.08000577,16668483.88,5.45734E+12,0.170062772,0.450179743,-17350.85156,0.030797053,251.9213104,-237.9258423,-150.2446594,0,3.488996744,-22.62177849,0.031399546,0.418780197
21,-2.59999931,-60.19999678,2018,4,100,299.5543569,1.614193882,0.571509823,0.007554688,1.55626135227821e-05,-0.029632985,-0.003545567,1.79285287020449e-05,-0.069714832,16745136.21,5.60211E+12,0.198367215,0.376932513,-17350.85156,0.030797053,251.9213104,-237.9258423,-150.2446594,0,3.488996744,-22.62177849,0.024136021,0.352796492
21,-2.59999931,-60.19999678,2019,4,100,299.3562317,0.680814884,0.653606647,0.007853546,1.23870905063263e-05,0.058655623,-0.0037949,1.51027453560942e-05,0.016001498,16482878.42,4.80707E+12,0.246337435,0.270880735,-17350.85156,0.030797053,251.9213104,-237.9258423,-150.2446594,0,3.488996744,-22.62177849,0.008078444,0.262802291
21,-2.59999931,-60.19999678,2020,4,100,299.3622487,0.66400718,0.571086129,0.007898661,1.76599758058659e-05,0.129201719,-0.003851491,2.08065818520942e-05,0.098289005,16653728.35,5.32726E+12,0.225422848,0.208249829,-17350.85156,0.030797053,251.9213104,-237.9258423,-150.2446594,0,3.488996744,-22.62177849,-0.015713814,0.223963644
21,-2.59999931,-60.19999678,2021,4,100,299.2581838,0.657801362,0.504847675,0.007952522,1.49672341246919e-05,0.211646053,-0.003910292,1.79772629732195e-05,0.187508557,16596281.38,5.54062E+12,0.202750846,0.180959452,-17350.85156,0.030797053,251.9213104,-237.9258423,-150.2446594,0,3.488996744,-22.62177849,-0.022052543,0.203011995
21,-2.59999931,-60.19999678,2022,4,100,299.2708842,0.658055534,0.463241347,0.007677767,1.98613116223169e-05,0.269910554,-0.003905664,2.08170283483394e-05,0.247191879,15642859.16,1.19715E+13,0.190614456,0.105376922,-17350.85156,0.030797053,251.9213104,-237.9258423,-150.2446594,0,3.488996744,-22.62177849,-0.006790962,0.112167884
21,-2.59999931,-60.19999678,2023,4,100,299.5087229,1.509586364,0.463378146,0.006499764,2.35589641265729e-05,0.341985734,-0.003412969,2.11022155040715e-05,0.284937077,13148450.14,2.64923E+13,0.328330123,0.090019483,-17350.85156,0.030797053,251.9213104,-237.9258423,-150.2446594,0,3.488996744,-22.62177849,-0.019178044,0.109197527
21,-2.59999931,-60.19999678,2024,4,100,299.8031209,2.111733819,0.587845695,0.005772167,1.90294554702339e-05,0.440560151,-0.002874197,1.60447461967475e-05,0.325912083,12921868.3,3.00224E+13,0.507681682,0.073285876,-17350.85156,0.030797053,251.9213104,-237.9258423,-150.2446594,0,3.488996744,-22.62177849,-0.010594401,0.083880277
22,-2.5999861,-60.19966674,2000,4,100,298.1274211,0.342439743,NaN,0.008460859,1.22514167384904e-05,NaN,-0.004710543,1.51736623291614e-05,NaN,15374940.33,5.21441E+12,NaN,NaN,-18084.52734,0.031772617,314.7046204,-121.4249191,-139.3646393,-15.729249,0,0,NaN,NaN
22,-2.5999861,-60.19966674,2001,4,100,298.3284709,0.713562592,NaN,0.008280939,1.08812459665435e-05,NaN,-0.004455027,1.37036971537517e-05,NaN,15628070.54,5.88763E+12,NaN,NaN,-18084.52734,0.031772617,314.7046204,-121.4249191,-139.3646393,-15.729249,0,0,NaN,NaN
22,-2.5999861,-60.19966674,2002,4,100,298.4873318,0.679581539,NaN,0.00820487,9.8437743156863e-06,NaN,-0.004320754,1.24406998510638e-05,NaN,15836288.89,5.2418E+12,NaN,NaN,-18084.52734,0.031772617,314.7046204,-121.4249191,-139.3646393,-15.729249,0,0,NaN,NaN
22,-2.5999861,-60.19966674,2003,4,100,298.5533498,0.592730923,NaN,0.008176046,8.96077707523263e-06,NaN,-0.004266677,1.14080291904161e-05,NaN,15925703.77,4.85348E+12,NaN,NaN,-18084.52734,0.031772617,314.7046204,-121.4249191,-139.3646393,-15.729249,0,0,NaN,NaN
22,-2.5999861,-60.19966674,2004,4,100,298.7059733,0.526709687,0.504290404,0.008141949,8.66409038951069e-06,0.25940791,-0.004165558,1.09337970205472e-05,0.274832496,16169019.58,4.52819E+12,0.356399829,0.073352213,-18084.52734,0.031772617,314.7046204,-121.4249191,-139.3646393,-15.729249,0,0,0,0.073352213
22,-2.5999861,-60.19966674,2005,4,100,298.8099314,0.335881284,0.529852582,0.0082069,1.00802253983094e-05,0.315382812,-0.00422682,1.24580465834557e-05,0.329973783,16210655.9,4.08582E+12,0.373112545,0.107208101,-18084.52734,0.031772617,314.7046204,-121.4249191,-139.3646393,-15.729249,0,0,0.002770935,0.104437166
22,-2.5999861,-60.19966674,2006,4,100,298.8010406,0.348006326,0.55977158,0.008496166,1.29092314900823e-05,0.318543779,-0.004528672,1.58098528573322e-05,0.330989643,16149555.9,4.50492E+12,0.373853358,0.167061167,-18084.52734,0.031772617,314.7046204,-121.4249191,-139.3646393,-15.729249,0,0,0.008135997,0.15892517
22,-2.5999861,-60.19966674,2007,4,100,298.7865397,0.341100491,0.541235726,0.008666247,1.65976356633015e-05,0.248286104,-0.004712811,1.98263380092175e-05,0.257604057,16124707.71,4.67919E+12,0.320251617,0.11253692,-18084.52734,0.031772617,314.7046204,-121.4249191,-139.3646393,-15.729249,0,0,-0.003291625,0.115828546
22,-2.5999861,-60.19966674,2008,4,100,298.7000834,0.376895144,0.547984996,0.009015693,1.80750750964673e-05,0.176061296,-0.005103443,2.18042711715712e-05,0.181549853,15938889.92,5.12941E+12,0.247512354,0.119451868,-18084.52734,0.031772617,314.7046204,-121.4249191,-139.3646393,-15.729249,0,0,0.002670817,0.116781052
22,-2.5999861,-60.19966674,2009,4,100,298.7725525,0.839553741,0.536705855,0.009025383,1.86444701287273e-05,0.073462719,-0.005097808,2.28135444416335e-05,0.076012733,16024800,6.09524E+12,0.15027142,0.116896863,-18084.52734,0.031772617,314.7046204,-121.4249191,-139.3646393,-15.729249,0,0,-8.10E-05,0.116977838
22,-2.5999861,-60.19966674,2010,4,100,298.9541372,0.960750516,0.528720902,0.008654991,1.86386672172088e-05,-0.034230674,-0.004705036,2.26572516178818e-05,-0.028502575,16190640.33,6.39528E+12,0.082475725,0.004714667,-18084.52734,0.031772617,314.7046204,-121.4249191,-139.3646393,-15.729249,0,0,0.102551029,-0.097836362
22,-2.5999861,-60.19966674,2011,4,100,298.9888255,0.966916016,0.57598694,0.00865531,1.83652506323541e-05,-0.052953666,-0.004694473,2.24439636068155e-05,-0.039989399,16227606.21,6.3714E+12,0.106718969,0.373314154,-18084.52734,0.031772617,314.7046204,-121.4249191,-139.3646393,-15.729249,0,0,0.074376649,0.298937505
22,-2.5999861,-60.19966674,2012,4,100,299.1114705,1.027275278,0.60904884,0.008138337,1.6926276717379e-05,-0.037293678,-0.004154625,2.06630842610321e-05,-0.019973617,16432925.25,6.50045E+12,0.141124835,0.406220225,-18084.52734,0.031772617,314.7046204,-121.4249191,-139.3646393,-15.729249,0,0,0.013698852,0.392521373
22,-2.5999861,-60.19966674,2013,4,100,299.0276133,0.648723078,0.630418464,0.007981104,1.57972602992267e-05,-0.045370952,-0.003996775,1.90101453724986e-05,-0.025571405,16388980.67,5.38573E+12,0.17814453,0.43084194,-18084.52734,0.031772617,314.7046204,-121.4249191,-139.3646393,-15.729249,0,0,0.010913092,0.419928848
22,-2.5999861,-60.19966674,2014,4,100,298.8855642,0.518355891,0.588824685,0.00803156,1.43673920349324e-05,-0.023651508,-0.004063049,1.73458278071966e-05,-0.007340982,16282506.54,4.95825E+12,0.184045336,0.43119186,-18084.52734,0.031772617,314.7046204,-121.4249191,-139.3646393,-15.729249,0,0,0.010927283,0.420264577
22,-2.5999861,-60.19966674,2015,4,100,299.1986186,1.601051237,0.497237537,0.007510741,1.40404065401676e-05,-0.053218417,-0.003564406,1.63641311558432e-05,-0.049649105,16576886.92,5.88553E+12,0.144101147,0.390046988,-18084.52734,0.031772617,314.7046204,-121.4249191,-139.3646393,-15.729249,0,0,0.007106209,0.382940779
22,-2.5999861,-60.19966674,2016,4,100,299.3780975,1.527085099,0.495187449,0.007566408,1.46834489777946e-05,-0.076915163,-0.003589853,1.68892807887069e-05,-0.089443846,16583399.08,5.53161E+12,0.156870985,0.386846757,-18084.52734,0.031772617,314.7046204,-121.4249191,-139.3646393,-15.729249,0,0,0.033253213,0.353593544
22,-2.5999861,-60.19966674,2017,4,100,299.4768066,1.489266847,0.510902312,0.007660094,1.63666089164478e-05,-0.052499191,-0.00367298,1.86483141480682e-05,-0.08000577,16668483.88,5.45734E+12,0.170062772,0.35764272,-18084.52734,0.031772617,314.7046204,-121.4249191,-139.3646393,-15.729249,0,0,0.009125213,0.348517507
22,-2.5999861,-60.19966674,2018,4,100,299.5543569,1.614193882,0.571509823,0.007554688,1.55626135227821e-05,-0.029632985,-0.003545567,1.79285287020449e-05,-0.069714832,16745136.21,5.60211E+12,0.198367215,0.350974285,-18084.52734,0.031772617,314.7046204,-121.4249191,-139.3646393,-15.729249,0,0,0.020595545,0.33037874
22,-2.5999861,-60.19966674,2019,4,100,299.3562317,0.680814884,0.653606647,0.007853546,1.23870905063263e-05,0.058655623,-0.0037949,1.51027453560942e-05,0.016001498,16482878.42,4.80707E+12,0.246337435,0.394537628,-18084.52734,0.031772617,314.7046204,-121.4249191,-139.3646393,-15.729249,0,0,-0.015220107,0.409757734
22,-2.5999861,-60.19966674,2020,4,100,299.3622487,0.66400718,0.571086129,0.007898661,1.76599758058659e-05,0.129201719,-0.003851491,2.08065818520942e-05,0.098289005,16653728.35,5.32726E+12,0.225422848,0.384305387,-18084.52734,0.031772617,314.7046204,-121.4249191,-139.3646393,-15.729249,0,0,-0.014936599,0.399241986
22,-2.5999861,-60.19966674,2021,4,100,299.2581838,0.657801362,0.504847675,0.007952522,1.49672341246919e-05,0.211646053,-0.003910292,1.79772629732195e-05,0.187508557,16596281.38,5.54062E+12,0.202750846,0.383897094,-18084.52734,0.031772617,314.7046204,-121.4249191,-139.3646393,-15.729249,0,0,-0.016274472,0.400171567
22,-2.5999861,-60.19966674,2022,4,100,299.2708842,0.658055534,0.463241347,0.007677767,1.98613116223169e-05,0.269910554,-0.003905664,2.08170283483394e-05,0.247191879,15642859.16,1.19715E+13,0.190614456,0.391513309,-18084.52734,0.031772617,314.7046204,-121.4249191,-139.3646393,-15.729249,0,0,-0.033456345,0.424969654
22,-2.5999861,-60.19966674,2023,4,100,299.5087229,1.509586364,0.463378146,0.006499764,2.35589641265729e-05,0.341985734,-0.003412969,2.11022155040715e-05,0.284937077,13148450.14,2.64923E+13,0.328330123,0.353269795,-18084.52734,0.031772617,314.7046204,-121.4249191,-139.3646393,-15.729249,0,0,-0.015754457,0.369024252
22,-2.5999861,-60.19966674,2024,4,100,299.8031209,2.111733819,0.587845695,0.005772167,1.90294554702339e-05,0.440560151,-0.002874197,1.60447461967475e-05,0.325912083,12921868.3,3.00224E+13,0.507681682,0.303687031,-18084.52734,0.031772617,314.7046204,-121.4249191,-139.3646393,-15.729249,0,0,-0.027257598,0.330944629
23,-2.59967807,-60.20000998,2000,4,100,298.1274211,0.342439743,NaN,0.008460859,1.22514167384904e-05,NaN,-0.004710543,1.51736623291614e-05,NaN,15374940.33,5.21441E+12,NaN,NaN,-12991.32227,0.024857452,364.6991272,-248.0408783,-130.5188446,0,13.81333351,-17.10971832,NaN,NaN
23,-2.59967807,-60.20000998,2001,4,100,298.3284709,0.713562592,NaN,0.008280939,1.08812459665435e-05,NaN,-0.004455027,1.37036971537517e-05,NaN,15628070.54,5.88763E+12,NaN,NaN,-12991.32227,0.024857452,364.6991272,-248.0408783,-130.5188446,0,13.81333351,-17.10971832,NaN,NaN
23,-2.59967807,-60.20000998,2002,4,100,298.4873318,0.679581539,NaN,0.00820487,9.8437743156863e-06,NaN,-0.004320754,1.24406998510638e-05,NaN,15836288.89,5.2418E+12,NaN,NaN,-12991.32227,0.024857452,364.6991272,-248.0408783,-130.5188446,0,13.81333351,-17.10971832,NaN,NaN
23,-2.59967807,-60.20000998,2003,4,100,298.5533498,0.592730923,NaN,0.008176046,8.96077707523263e-06,NaN,-0.004266677,1.14080291904161e-05,NaN,15925703.77,4.85348E+12,NaN,NaN,-12991.32227,0.024857452,364.6991272,-248.0408783,-130.5188446,0,13.81333351,-17.10971832,NaN,NaN
23,-2.59967807,-60.20000998,2004,4,100,298.7059733,0.526709687,0.504290404,0.008141949,8.66409038951069e-06,0.25940791,-0.004165558,1.09337970205472e-05,0.274832496,16169019.58,4.52819E+12,0.356399829,0.240397269,-12991.32227,0.024857452,364.6991272,-248.0408783,-130.5188446,0,13.81333351,-17.10971832,0,0.240397269
23,-2.59967807,-60.20000998,2005,4,100,298.8099314,0.335881284,0.529852582,0.0082069,1.00802253983094e-05,0.315382812,-0.00422682,1.24580465834557e-05,0.329973783,16210655.9,4.08582E+12,0.373112545,0.194404645,-12991.32227,0.024857452,364.6991272,-248.0408783,-130.5188446,0,13.81333351,-17.10971832,0.003140267,0.191264378
23,-2.59967807,-60.20000998,2006,4,100,298.8010406,0.348006326,0.55977158,0.008496166,1.29092314900823e-05,0.318543779,-0.004528672,1.58098528573322e-05,0.330989643,16149555.9,4.50492E+12,0.373853358,0.161158193,-12991.32227,0.024857452,364.6991272,-248.0408783,-130.5188446,0,13.81333351,-17.10971832,0.016944597,0.144213595
23,-2.59967807,-60.20000998,2007,4,100,298.7865397,0.341100491,0.541235726,0.008666247,1.65976356633015e-05,0.248286104,-0.004712811,1.98263380092175e-05,0.257604057,16124707.71,4.67919E+12,0.320251617,0.151999791,-12991.32227,0.024857452,364.6991272,-248.0408783,-130.5188446,0,13.81333351,-17.10971832,0.004571318,0.147428473
23,-2.59967807,-60.20000998,2008,4,100,298.7000834,0.376895144,0.547984996,0.009015693,1.80750750964673e-05,0.176061296,-0.005103443,2.18042711715712e-05,0.181549853,15938889.92,5.12941E+12,0.247512354,0.136400236,-12991.32227,0.024857452,364.6991272,-248.0408783,-130.5188446,0,13.81333351,-17.10971832,-0.013674134,0.15007437
23,-2.59967807,-60.20000998,2009,4,100,298.7725525,0.839553741,0.536705855,0.009025383,1.86444701287273e-05,0.073462719,-0.005097808,2.28135444416335e-05,0.076012733,16024800,6.09524E+12,0.15027142,0.11730491,-12991.32227,0.024857452,364.6991272,-248.0408783,-130.5188446,0,13.81333351,-17.10971832,-0.019118545,0.136423455
23,-2.59967807,-60.20000998,2010,4,100,298.9541372,0.960750516,0.528720902,0.008654991,1.86386672172088e-05,-0.034230674,-0.004705036,2.26572516178818e-05,-0.028502575,16190640.33,6.39528E+12,0.082475725,0.179788825,-12991.32227,0.024857452,364.6991272,-248.0408783,-130.5188446,0,13.81333351,-17.10971832,0.053690337,0.126098488
23,-2.59967807,-60.20000998,2011,4,100,298.9888255,0.966916016,0.57598694,0.00865531,1.83652506323541e-05,-0.052953666,-0.004694473,2.24439636068155e-05,-0.039989399,16227606.21,6.3714E+12,0.106718969,0.395251912,-12991.32227,0.024857452,364.6991272,-248.0408783,-130.5188446,0,13.81333351,-17.10971832,0.036670281,0.358581631
23,-2.59967807,-60.20000998,2012,4,100,299.1114705,1.027275278,0.60904884,0.008138337,1.6926276717379e-05,-0.037293678,-0.004154625,2.06630842610321e-05,-0.019973617,16432925.25,6.50045E+12,0.141124835,0.386489262,-12991.32227,0.024857452,364.6991272,-248.0408783,-130.5188446,0,13.81333351,-17.10971832,-0.001510241,0.387999503
23,-2.59967807,-60.20000998,2013,4,100,299.0276133,0.648723078,0.630418464,0.007981104,1.57972602992267e-05,-0.045370952,-0.003996775,1.90101453724986e-05,-0.025571405,16388980.67,5.38573E+12,0.17814453,0.412704578,-12991.32227,0.024857452,364.6991272,-248.0408783,-130.5188446,0,13.81333351,-17.10971832,0.016235873,0.396468705
23,-2.59967807,-60.20000998,2014,4,100,298.8855642,0.518355891,0.588824685,0.00803156,1.43673920349324e-05,-0.023651508,-0.004063049,1.73458278071966e-05,-0.007340982,16282506.54,4.95825E+12,0.184045336,0.405547229,-12991.32227,0.024857452,364.6991272,-248.0408783,-130.5188446,0,13.81333351,-17.10971832,-0.006190458,0.411737687
23,-2.59967807,-60.20000998,2015,4,100,299.1986186,1.601051237,0.497237537,0.007510741,1.40404065401676e-05,-0.053218417,-0.003564406,1.63641311558432e-05,-0.049649105,16576886.92,5.88553E+12,0.144101147,0.373735006,-12991.32227,0.024857452,364.6991272,-248.0408783,-130.5188446,0,13.81333351,-17.10971832,0.013212687,0.360522318
23,-2.59967807,-60.20000998,2016,4,100,299.3780975,1.527085099,0.495187449,0.007566408,1.46834489777946e-05,-0.076915163,-0.003589853,1.68892807887069e-05,-0.089443846,16583399.08,5.53161E+12,0.156870985,0.377315285,-12991.32227,0.024857452,364.6991272,-248.0408783,-130.5188446,0,13.81333351,-17.10971832,0.032383002,0.344932283
23,-2.59967807,-60.20000998,2017,4,100,299.4768066,1.489266847,0.510902312,0.007660094,1.63666089164478e-05,-0.052499191,-0.00367298,1.86483141480682e-05,-0.08000577,16668483.88,5.45734E+12,0.170062772,0.356290072,-12991.32227,0.024857452,364.6991272,-248.0408783,-130.5188446,0,13.81333351,-17.10971832,0.034995527,0.321294545
23,-2.59967807,-60.20000998,2018,4,100,299.5543569,1.614193882,0.571509823,0.007554688,1.55626135227821e-05,-0.029632985,-0.003545567,1.79285287020449e-05,-0.069714832,16745136.21,5.60211E+12,0.198367215,0.356606895,-12991.32227,0.024857452,364.6991272,-248.0408783,-130.5188446,0,13.81333351,-17.10971832,0.022264041,0.334342855
23,-2.59967807,-60.20000998,2019,4,100,299.3562317,0.680814884,0.653606647,0.007853546,1.23870905063263e-05,0.058655623,-0.0037949,1.51027453560942e-05,0.016001498,16482878.42,4.80707E+12,0.246337435,0.355920188,-12991.32227,0.024857452,364.6991272,-248.0408783,-130.5188446,0,13.81333351,-17.10971832,0.000948965,0.354971223
23,-2.59967807,-60.20000998,2020,4,100,299.3622487,0.66400718,0.571086129,0.007898661,1.76599758058659e-05,0.129201719,-0.003851491,2.08065818520942e-05,0.098289005,16653728.35,5.32726E+12,0.225422848,0.325868382,-12991.32227,0.024857452,364.6991272,-248.0408783,-130.5188446,0,13.81333351,-17.10971832,-0.006141927,0.332010309
23,-2.59967807,-60.20000998,2021,4,100,299.2581838,0.657801362,0.504847675,0.007952522,1.49672341246919e-05,0.211646053,-0.003910292,1.79772629732195e-05,0.187508557,16596281.38,5.54062E+12,0.202750846,0.266488779,-12991.32227,0.024857452,364.6991272,-248.0408783,-130.5188446,0,13.81333351,-17.10971832,-0.006035515,0.272524295
23,-2.59967807,-60.20000998,2022,4,100,299.2708842,0.658055534,0.463241347,0.007677767,1.98613116223169e-05,0.269910554,-0.003905664,2.08170283483394e-05,0.247191879,15642859.16,1.19715E+13,0.190614456,0.208653607,-12991.32227,0.024857452,364.6991272,-248.0408783,-130.5188446,0,13.81333351,-17.10971832,0.010319639,0.198333968
23,-2.59967807,-60.20000998,2023,4,100,299.5087229,1.509586364,0.463378146,0.006499764,2.35589641265729e-05,0.341985734,-0.003412969,2.11022155040715e-05,0.284937077,13148450.14,2.64923E+13,0.328330123,0.213393734,-12991.32227,0.024857452,364.6991272,-248.0408783,-130.5188446,0,13.81333351,-17.10971832,-0.025606434,0.239000168
23,-2.59967807,-60.20000998,2024,4,100,299.8031209,2.111733819,0.587845695,0.005772167,1.90294554702339e-05,0.440560151,-0.002874197,1.60447461967475e-05,0.325912083,12921868.3,3.00224E+13,0.507681682,0.22232436,-12991.32227,0.024857452,364.6991272,-248.0408783,-130.5188446,0,13.81333351,-17.10971832,0.026457418,0.195866942
24,-2.60030734,-60.19998358,2000,4,100,298.1274211,0.342439743,NaN,0.008460859,1.22514167384904e-05,NaN,-0.004710543,1.51736623291614e-05,NaN,15374940.33,5.21441E+12,NaN,NaN,-34928.125,0.054821726,210.2297211,-172.707428,-104.6626587,-12.29872227,23.71548271,-27.5320282,NaN,NaN
24,-2.60030734,-60.19998358,2001,4,100,298.3284709,0.713562592,NaN,0.008280939,1.08812459665435e-05,NaN,-0.004455027,1.37036971537517e-05,NaN,15628070.54,5.88763E+12,NaN,NaN,-34928.125,0.054821726,210.2297211,-172.707428,-104.6626587,-12.29872227,23.71548271,-27.5320282,NaN,NaN
24,-2.60030734,-60.19998358,2002,4,100,298.4873318,0.679581539,NaN,0.00820487,9.8437743156863e-06,NaN,-0.004320754,1.24406998510638e-05,NaN,15836288.89,5.2418E+12,NaN,NaN,-34928.125,0.054821726,210.2297211,-172.707428,-104.6626587,-12.29872227,23.71548271,-27.5320282,NaN,NaN
24,-2.60030734,-60.19998358,2003,4,100,298.5533498,0.592730923,NaN,0.008176046,8.96077707523263e-06,NaN,-0.004266677,1.14080291904161e-05,NaN,15925703.77,4.85348E+12,NaN,NaN,-34928.125,0.054821726,210.2297211,-172.707428,-104.6626587,-12.29872227,23.71548271,-27.5320282,NaN,NaN
24,-2.60030734,-60.19998358,2004,4,100,298.7059733,0.526709687,0.504290404,0.008141949,8.66409038951069e-06,0.25940791,-0.004165558,1.09337970205472e-05,0.274832496,16169019.58,4.52819E+12,0.356399829,0.240131881,-34928.125,0.054821726,210.2297211,-172.707428,-104.6626587,-12.29872227,23.71548271,-27.5320282,0,0.240131881
24,-2.60030734,-60.19998358,2005,4,100,298.8099314,0.335881284,0.529852582,0.0082069,1.00802253983094e-05,0.315382812,-0.00422682,1.24580465834557e-05,0.329973783,16210655.9,4.08582E+12,0.373112545,0.194791949,-34928.125,0.054821726,210.2297211,-172.707428,-104.6626587,-12.29872227,23.71548271,-27.5320282,0.023489339,0.17130261
24,-2.60030734,-60.19998358,2006,4,100,298.8010406,0.348006326,0.55977158,0.008496166,1.29092314900823e-05,0.318543779,-0.004528672,1.58098528573322e-05,0.330989643,16149555.9,4.50492E+12,0.373853358,0.191175529,-34928.125,0.054821726,210.2297211,-172.707428,-104.6626587,-12.29872227,23.71548271,-27.5320282,0.022448096,0.168727433
24,-2.60030734,-60.19998358,2007,4,100,298.7865397,0.341100491,0.541235726,0.008666247,1.65976356633015e-05,0.248286104,-0.004712811,1.98263380092175e-05,0.257604057,16124707.71,4.67919E+12,0.320251617,0.156667776,-34928.125,0.054821726,210.2297211,-172.707428,-104.6626587,-12.29872227,23.71548271,-27.5320282,0.00726998,0.149397796
24,-2.60030734,-60.19998358,2008,4,100,298.7000834,0.376895144,0.547984996,0.009015693,1.80750750964673e-05,0.176061296,-0.005103443,2.18042711715712e-05,0.181549853,15938889.92,5.12941E+12,0.247512354,0.141938817,-34928.125,0.054821726,210.2297211,-172.707428,-104.6626587,-12.29872227,23.71548271,-27.5320282,0.002065081,0.139873736
24,-2.60030734,-60.19998358,2009,4,100,298.7725525,0.839553741,0.536705855,0.009025383,1.86444701287273e-05,0.073462719,-0.005097808,2.28135444416335e-05,0.076012733,16024800,6.09524E+12,0.15027142,0.125475272,-34928.125,0.054821726,210.2297211,-172.707428,-104.6626587,-12.29872227,23.71548271,-27.5320282,0.008166722,0.11730855
24,-2.60030734,-60.19998358,2010,4,100,298.9541372,0.960750516,0.528720902,0.008654991,1.86386672172088e-05,-0.034230674,-0.004705036,2.26572516178818e-05,-0.028502575,16190640.33,6.39528E+12,0.082475725,0.053144519,-34928.125,0.054821726,210.2297211,-172.707428,-104.6626587,-12.29872227,23.71548271,-27.5320282,0.068351728,-0.015207209
24,-2.60030734,-60.19998358,2011,4,100,298.9888255,0.966916016,0.57598694,0.00865531,1.83652506323541e-05,-0.052953666,-0.004694473,2.24439636068155e-05,-0.039989399,16227606.21,6.3714E+12,0.106718969,0.419962296,-34928.125,0.054821726,210.2297211,-172.707428,-104.6626587,-12.29872227,23.71548271,-27.5320282,0.046523766,0.373438529
24,-2.60030734,-60.19998358,2012,4,100,299.1114705,1.027275278,0.60904884,0.008138337,1.6926276717379e-05,-0.037293678,-0.004154625,2.06630842610321e-05,-0.019973617,16432925.25,6.50045E+12,0.141124835,0.473605212,-34928.125,0.054821726,210.2297211,-172.707428,-104.6626587,-12.29872227,23.71548271,-27.5320282,0.023616313,0.449988899
24,-2.60030734,-60.19998358,2013,4,100,299.0276133,0.648723078,0.630418464,0.007981104,1.57972602992267e-05,-0.045370952,-0.003996775,1.90101453724986e-05,-0.025571405,16388980.67,5.38573E+12,0.17814453,0.507255204,-34928.125,0.054821726,210.2297211,-172.707428,-104.6626587,-12.29872227,23.71548271,-27.5320282,0.051244624,0.456010581
24,-2.60030734,-60.19998358,2014,4,100,298.8855642,0.518355891,0.588824685,0.00803156,1.43673920349324e-05,-0.023651508,-0.004063049,1.73458278071966e-05,-0.007340982,16282506.54,4.95825E+12,0.184045336,0.507609504,-34928.125,0.054821726,210.2297211,-172.707428,-104.6626587,-12.29872227,23.71548271,-27.5320282,0.008664161,0.498945344
24,-2.60030734,-60.19998358,2015,4,100,299.1986186,1.601051237,0.497237537,0.007510741,1.40404065401676e-05,-0.053218417,-0.003564406,1.63641311558432e-05,-0.049649105,16576886.92,5.88553E+12,0.144101147,0.422938576,-34928.125,0.054821726,210.2297211,-172.707428,-104.6626587,-12.29872227,23.71548271,-27.5320282,-0.030755078,0.453693654
24,-2.60030734,-60.19998358,2016,4,100,299.3780975,1.527085099,0.495187449,0.007566408,1.46834489777946e-05,-0.076915163,-0.003589853,1.68892807887069e-05,-0.089443846,16583399.08,5.53161E+12,0.156870985,0.310160411,-34928.125,0.054821726,210.2297211,-172.707428,-104.6626587,-12.29872227,23.71548271,-27.5320282,-0.008417465,0.318577876
24,-2.60030734,-60.19998358,2017,4,100,299.4768066,1.489266847,0.510902312,0.007660094,1.63666089164478e-05,-0.052499191,-0.00367298,1.86483141480682e-05,-0.08000577,16668483.88,5.45734E+12,0.170062772,0.156523901,-34928.125,0.054821726,210.2297211,-172.707428,-104.6626587,-12.29872227,23.71548271,-27.5320282,-0.009211677,0.165735578
24,-2.60030734,-60.19998358,2018,4,100,299.5543569,1.614193882,0.571509823,0.007554688,1.55626135227821e-05,-0.029632985,-0.003545567,1.79285287020449e-05,-0.069714832,16745136.21,5.60211E+12,0.198367215,0.048061676,-34928.125,0.054821726,210.2297211,-172.707428,-104.6626587,-12.29872227,23.71548271,-27.5320282,-0.025446578,0.073508253
24,-2.60030734,-60.19998358,2019,4,100,299.3562317,0.680814884,0.653606647,0.007853546,1.23870905063263e-05,0.058655623,-0.0037949,1.51027453560942e-05,0.016001498,16482878.42,4.80707E+12,0.246337435,0.075286849,-34928.125,0.054821726,210.2297211,-172.707428,-104.6626587,-12.29872227,23.71548271,-27.5320282,-0.003227088,0.078513937
24,-2.60030734,-60.19998358,2020,4,100,299.3622487,0.66400718,0.571086129,0.007898661,1.76599758058659e-05,0.129201719,-0.003851491,2.08065818520942e-05,0.098289005,16653728.35,5.32726E+12,0.225422848,0.116507014,-34928.125,0.054821726,210.2297211,-172.707428,-104.6626587,-12.29872227,23.71548271,-27.5320282,0.008117568,0.108389446
24,-2.60030734,-60.19998358,2021,4,100,299.2581838,0.657801362,0.504847675,0.007952522,1.49672341246919e-05,0.211646053,-0.003910292,1.79772629732195e-05,0.187508557,16596281.38,5.54062E+12,0.202750846,0.185843993,-34928.125,0.054821726,210.2297211,-172.707428,-104.6626587,-12.29872227,23.71548271,-27.5320282,-0.009751126,0.195595119
24,-2.60030734,-60.19998358,2022,4,100,299.2708842,0.658055534,0.463241347,0.007677767,1.98613116223169e-05,0.269910554,-0.003905664,2.08170283483394e-05,0.247191879,15642859.16,1.19715E+13,0.190614456,0.212151362,-34928.125,0.054821726,210.2297211,-172.707428,-104.6626587,-12.29872227,23.71548271,-27.5320282,-0.007428675,0.219580036
24,-2.60030734,-60.19998358,2023,4,100,299.5087229,1.509586364,0.463378146,0.006499764,2.35589641265729e-05,0.341985734,-0.003412969,2.11022155040715e-05,0.284937077,13148450.14,2.64923E+13,0.328330123,0.228079386,-34928.125,0.054821726,210.2297211,-172.707428,-104.6626587,-12.29872227,23.71548271,-27.5320282,-0.026585614,0.254665
24,-2.60030734,-60.19998358,2024,4,100,299.8031209,2.111733819,0.587845695,0.005772167,1.90294554702339e-05,0.440560151,-0.002874197,1.60447461967475e-05,0.325912083,12921868.3,3.00224E+13,0.507681682,0.180564105,-34928.125,0.054821726,210.2297211,-172.707428,-104.6626587,-12.29872227,23.71548271,-27.5320282,-0.022086722,0.202650827
25,-2.59999931,-60.20032242,2000,4,100,298.1274211,0.342439743,NaN,0.008460859,1.22514167384904e-05,NaN,-0.004710543,1.51736623291614e-05,NaN,15374940.33,5.21441E+12,NaN,NaN,-19009.23438,0.033018656,325.6466675,-301.586853,-111.3574448,0,0,-6.719925404,NaN,NaN
25,-2.59999931,-60.20032242,2001,4,100,298.3284709,0.713562592,NaN,0.008280939,1.08812459665435e-05,NaN,-0.004455027,1.37036971537517e-05,NaN,15628070.54,5.88763E+12,NaN,NaN,-19009.23438,0.033018656,325.6466675,-301.586853,-111.3574448,0,0,-6.719925404,NaN,NaN
25,-2.59999931,-60.20032242,2002,4,100,298.4873318,0.679581539,NaN,0.00820487,9.8437743156863e-06,NaN,-0.004320754,1.24406998510638e-05,NaN,15836288.89,5.2418E+12,NaN,NaN,-19009.23438,0.033018656,325.6466675,-301.586853,-111.3574448,0,0,-6.719925404,NaN,NaN
25,-2.59999931,-60.20032242,2003,4,100,298.5533498,0.592730923,NaN,0.008176046,8.96077707523263e-06,NaN,-0.004266677,1.14080291904161e-05,NaN,15925703.77,4.85348E+12,NaN,NaN,-19009.23438,0.033018656,325.6466675,-301.586853,-111.3574448,0,0,-6.719925404,NaN,NaN
25,-2.59999931,-60.20032242,2004,4,100,298.7059733,0.526709687,0.504290404,0.008141949,8.66409038951069e-06,0.25940791,-0.004165558,1.09337970205472e-05,0.274832496,16169019.58,4.52819E+12,0.356399829,0.41955169,-19009.23438,0.033018656,325.6466675,-301.586853,-111.3574448,0,0,-6.719925404,0,0.41955169
25,-2.59999931,-60.20032242,2005,4,100,298.8099314,0.335881284,0.529852582,0.0082069,1.00802253983094e-05,0.315382812,-0.00422682,1.24580465834557e-05,0.329973783,16210655.9,4.08582E+12,0.373112545,0.409624988,-19009.23438,0.033018656,325.6466675,-301.586853,-111.3574448,0,0,-6.719925404,0.01794262,0.391682368
25,-2.59999931,-60.20032242,2006,4,100,298.8010406,0.348006326,0.55977158,0.008496166,1.29092314900823e-05,0.318543779,-0.004528672,1.58098528573322e-05,0.330989643,16149555.9,4.50492E+12,0.373853358,0.399560855,-19009.23438,0.033018656,325.6466675,-301.586853,-111.3574448,0,0,-6.719925404,0.019072792,0.380488063
25,-2.59999931,-60.20032242,2007,4,100,298.7865397,0.341100491,0.541235726,0.008666247,1.65976356633015e-05,0.248286104,-0.004712811,1.98263380092175e-05,0.257604057,16124707.71,4.67919E+12,0.320251617,0.418025995,-19009.23438,0.033018656,325.6466675,-301.586853,-111.3574448,0,0,-6.719925404,0.012091379,0.405934616
25,-2.59999931,-60.20032242,2008,4,100,298.7000834,0.376895144,0.547984996,0.009015693,1.80750750964673e-05,0.176061296,-0.005103443,2.18042711715712e-05,0.181549853,15938889.92,5.12941E+12,0.247512354,0.417756755,-19009.23438,0.033018656,325.6466675,-301.586853,-111.3574448,0,0,-6.719925404,-0.008792479,0.426549233
25,-2.59999931,-60.20032242,2009,4,100,298.7725525,0.839553741,0.536705855,0.009025383,1.86444701287273e-05,0.073462719,-0.005097808,2.28135444416335e-05,0.076012733,16024800,6.09524E+12,0.15027142,0.424899546,-19009.23438,0.033018656,325.6466675,-301.586853,-111.3574448,0,0,-6.719925404,-0.005152421,0.430051967
25,-2.59999931,-60.20032242,2010,4,100,298.9541372,0.960750516,0.528720902,0.008654991,1.86386672172088e-05,-0.034230674,-0.004705036,2.26572516178818e-05,-0.028502575,16190640.33,6.39528E+12,0.082475725,0.497859042,-19009.23438,0.033018656,325.6466675,-301.586853,-111.3574448,0,0,-6.719925404,0.082673868,0.415185174
25,-2.59999931,-60.20032242,2011,4,100,298.9888255,0.966916016,0.57598694,0.00865531,1.83652506323541e-05,-0.052953666,-0.004694473,2.24439636068155e-05,-0.039989399,16227606.21,6.3714E+12,0.106718969,0.543656181,-19009.23438,0.033018656,325.6466675,-301.586853,-111.3574448,0,0,-6.719925404,0.058009436,0.485646745
25,-2.59999931,-60.20032242,2012,4,100,299.1114705,1.027275278,0.60904884,0.008138337,1.6926276717379e-05,-0.037293678,-0.004154625,2.06630842610321e-05,-0.019973617,16432925.25,6.50045E+12,0.141124835,0.533210184,-19009.23438,0.033018656,325.6466675,-301.586853,-111.3574448,0,0,-6.719925404,0.035990165,0.497220019
25,-2.59999931,-60.20032242,2013,4,100,299.0276133,0.648723078,0.630418464,0.007981104,1.57972602992267e-05,-0.045370952,-0.003996775,1.90101453724986e-05,-0.025571405,16388980.67,5.38573E+12,0.17814453,0.54890807,-19009.23438,0.033018656,325.6466675,-301.586853,-111.3574448,0,0,-6.719925404,0.034297314,0.514610756
25,-2.59999931,-60.20032242,2014,4,100,298.8855642,0.518355891,0.588824685,0.00803156,1.43673920349324e-05,-0.023651508,-0.004063049,1.73458278071966e-05,-0.007340982,16282506.54,4.95825E+12,0.184045336,0.537156868,-19009.23438,0.033018656,325.6466675,-301.586853,-111.3574448,0,0,-6.719925404,0.000119814,0.537037054
25,-2.59999931,-60.20032242,2015,4,100,299.1986186,1.601051237,0.497237537,0.007510741,1.40404065401676e-05,-0.053218417,-0.003564406,1.63641311558432e-05,-0.049649105,16576886.92,5.88553E+12,0.144101147,0.466045268,-19009.23438,0.033018656,325.6466675,-301.586853,-111.3574448,0,0,-6.719925404,0.015912942,0.450132326
25,-2.59999931,-60.20032242,2016,4,100,299.3780975,1.527085099,0.495187449,0.007566408,1.46834489777946e-05,-0.076915163,-0.003589853,1.68892807887069e-05,-0.089443846,16583399.08,5.53161E+12,0.156870985,0.415737252,-19009.23438,0.033018656,325.6466675,-301.586853,-111.3574448,0,0,-6.719925404,0.007763867,0.407973385
25,-2.59999931,-60.20032242,2017,4,100,299.4768066,1.489266847,0.510902312,0.007660094,1.63666089164478e-05,-0.052499191,-0.00367298,1.86483141480682e-05,-0.08000577,16668483.88,5.45734E+12,0.170062772,0.284529363,-19009.23438,0.033018656,325.6466675,-301.586853,-111.3574448,0,0,-6.719925404,0.001356948,0.283172415
25,-2.59999931,-60.20032242,2018,4,100,299.5543569,1.614193882,0.571509823,0.007554688,1.55626135227821e-05,-0.029632985,-0.003545567,1.79285287020449e-05,-0.069714832,16745136.21,5.60211E+12,0.198367215,0.210122756,-19009.23438,0.033018656,325.6466675,-301.586853,-111.3574448,0,0,-6.719925404,0.012729757,0.197392998
25,-2.59999931,-60.20032242,2019,4,100,299.3562317,0.680814884,0.653606647,0.007853546,1.23870905063263e-05,0.058655623,-0.0037949,1.51027453560942e-05,0.016001498,16482878.42,4.80707E+12,0.246337435,0.239128173,-19009.23438,0.033018656,325.6466675,-301.586853,-111.3574448,0,0,-6.719925404,-0.009630796,0.248758969
25,-2.59999931,-60.20032242,2020,4,100,299.3622487,0.66400718,0.571086129,0.007898661,1.76599758058659e-05,0.129201719,-0.003851491,2.08065818520942e-05,0.098289005,16653728.35,5.32726E+12,0.225422848,0.24079325,-19009.23438,0.033018656,325.6466675,-301.586853,-111.3574448,0,0,-6.719925404,-0.007398597,0.248191847
25,-2.59999931,-60.20032242,2021,4,100,299.2581838,0.657801362,0.504847675,0.007952522,1.49672341246919e-05,0.211646053,-0.003910292,1.79772629732195e-05,0.187508557,16596281.38,5.54062E+12,0.202750846,0.305906136,-19009.23438,0.033018656,325.6466675,-301.586853,-111.3574448,0,0,-6.719925404,-0.009453393,0.315359529
25,-2.59999931,-60.20032242,2022,4,100,299.2708842,0.658055534,0.463241347,0.007677767,1.98613116223169e-05,0.269910554,-0.003905664,2.08170283483394e-05,0.247191879,15642859.16,1.19715E+13,0.190614456,0.299126685,-19009.23438,0.033018656,325.6466675,-301.586853,-111.3574448,0,0,-6.719925404,-0.009957351,0.309084036
25,-2.59999931,-60.20032242,2023,4,100,299.5087229,1.509586364,0.463378146,0.006499764,2.35589641265729e-05,0.341985734,-0.003412969,2.11022155040715e-05,0.284937077,13148450.14,2.64923E+13,0.328330123,0.225614005,-19009.23438,0.033018656,325.6466675,-301.586853,-111.3574448,0,0,-6.719925404,-0.028635889,0.254249894
25,-2.59999931,-60.20032242,2024,4,100,299.8031209,2.111733819,0.587845695,0.005772167,1.90294554702339e-05,0.440560151,-0.002874197,1.60447461967475e-05,0.325912083,12921868.3,3.00224E+13,0.507681682,0.112505325,-19009.23438,0.033018656,325.6466675,-301.586853,-111.3574448,0,0,-6.719925404,-0.005263486,0.117768812
26,-12.79999537,-69.30000205,2000,4,100,297.2914836,1.682856391,NaN,0.006582934,1.74075302361261e-05,NaN,-0.002844479,1.54977550929481e-05,NaN,16433231.17,4.63895E+12,NaN,NaN,-42159.50781,0.065245099,548.5407715,-98.78359222,13.38652325,-79.13214111,-26.76628113,0,NaN,NaN
26,-12.79999537,-69.30000205,2001,4,100,297.4196981,1.377731105,NaN,0.006596117,1.82362617262034e-05,NaN,-0.00287708,1.59740469417946e-05,NaN,16488110.17,3.67194E+12,NaN,NaN,-42159.50781,0.065245099,548.5407715,-98.78359222,13.38652325,-79.13214111,-26.76628113,0,NaN,NaN
26,-12.79999537,-69.30000205,2002,4,100,297.5537381,1.199705321,NaN,0.007025917,2.08535293501465e-05,NaN,-0.003252298,1.88855535866569e-05,NaN,16524167.33,3.81785E+12,NaN,NaN,-42159.50781,0.065245099,548.5407715,-98.78359222,13.38652325,-79.13214111,-26.76628113,0,NaN,NaN
26,-12.79999537,-69.30000205,2003,4,100,297.5972137,0.995660436,NaN,0.007221731,2.38627792374714e-05,NaN,-0.00343475,2.17561504524226e-05,NaN,16618973.58,3.48508E+12,NaN,NaN,-42159.50781,0.065245099,548.5407715,-98.78359222,13.38652325,-79.13214111,-26.76628113,0,NaN,NaN
26,-12.79999537,-69.30000205,2004,4,100,297.6498617,1.012515102,0.206153548,0.007397812,2.53170698732724e-05,-0.082916054,-0.003615594,2.32147439749124e-05,-0.120596626,16596359.15,3.46311E+12,-0.029249759,0.299412187,-42159.50781,0.065245099,548.5407715,-98.78359222,13.38652325,-79.13214111,-26.76628113,0,0,0.299412187
26,-12.79999537,-69.30000205,2005,4,100,297.7052358,0.916460733,0.231401127,0.007536853,2.70785688320208e-05,-0.113221922,-0.003735868,2.51164835717884e-05,-0.142848666,16670548.48,3.44817E+12,0.017667428,0.263673582,-42159.50781,0.065245099,548.5407715,-98.78359222,13.38652325,-79.13214111,-26.76628113,0,0.00618795,0.257485632
26,-12.79999537,-69.30000205,2006,4,100,297.7474925,0.881406636,0.249897473,0.007538172,2.74202211415301e-05,-0.14388986,-0.003782148,2.49970710506047e-05,-0.171870729,16749102.23,3.03301E+12,-0.010305808,0.224524588,-42159.50781,0.065245099,548.5407715,-98.78359222,13.38652325,-79.13214111,-26.76628113,0,0.00251386,0.222010729
26,-12.79999537,-69.30000205,2007,4,100,297.7759196,1.150994205,0.252930272,0.007604193,2.76429212954136e-05,-0.160577809,-0.003878235,2.50480009226188e-05,-0.189075776,16653028.98,3.30082E+12,-0.043445053,0.210921636,-42159.50781,0.065245099,548.5407715,-98.78359222,13.38652325,-79.13214111,-26.76628113,0,0.002216205,0.208705431
26,-12.79999537,-69.30000205,2008,4,100,297.8138529,0.959068887,0.236155181,0.007651366,2.97739936928843e-05,-0.172769594,-0.003918255,2.69361681067844e-05,-0.204977234,16778616.56,3.21832E+12,-0.091748317,0.188457516,-42159.50781,0.065245099,548.5407715,-98.78359222,13.38652325,-79.13214111,-26.76628113,0,-0.007109616,0.195567132
26,-12.79999537,-69.30000205,2009,4,100,297.7834574,1.120147312,0.201282814,0.007950834,3.18735829796816e-05,-0.206202201,-0.004209797,2.9086742864642e-05,-0.243873058,16667201.31,3.74788E+12,-0.192847914,0.166600094,-42159.50781,0.065245099,548.5407715,-98.78359222,13.38652325,-79.13214111,-26.76628113,0,0.012440331,0.154159763
26,-12.79999537,-69.30000205,2010,4,100,297.8843943,1.288917511,0.17007733,0.007644088,3.27595493315118e-05,-0.208735483,-0.003879895,2.9654729606986e-05,-0.244354294,16785651.48,4.29164E+12,-0.229715241,0.168979386,-42159.50781,0.065245099,548.5407715,-98.78359222,13.38652325,-79.13214111,-26.76628113,0,0.025793107,0.14318628
26,-12.79999537,-69.30000205,2011,4,100,297.9413808,1.030265332,0.152261646,0.007657248,3.77487897066864e-05,-0.134169081,-0.003905864,3.50204389319944e-05,-0.166153768,16843872.15,4.38937E+12,-0.230050013,0.136669039,-42159.50781,0.065245099,548.5407715,-98.78359222,13.38652325,-79.13214111,-26.76628113,0,0.033591682,0.103077358
26,-12.79999537,-69.30000205,2012,4,100,297.9627889,1.080809471,0.190027662,0.007940672,4.00816833770295e-05,-0.081270869,-0.004189452,3.76723198079717e-05,-0.101446333,16818605.25,4.42143E+12,-0.202856447,0.107894524,-42159.50781,0.065245099,548.5407715,-98.78359222,13.38652325,-79.13214111,-26.76628113,0,0.02610961,0.081784914
26,-12.79999537,-69.30000205,2013,4,100,297.9799245,0.978954983,0.248268304,0.007820537,3.86610765458424e-05,-0.004425695,-0.004048487,3.64369608672913e-05,-0.014208391,16994245.5,4.24259E+12,-0.141491099,0.132785035,-42159.50781,0.065245099,548.5407715,-98.78359222,13.38652325,-79.13214111,-26.76628113,0,-0.000903882,0.133688917
26,-12.79999537,-69.30000205,2014,4,100,297.8159027,1.061353948,0.317818819,0.008320118,4.25053375123779e-05,0.056607213,-0.004541535,4.140237137387e-05,0.050954688,16797254.94,4.78173E+12,-0.127895658,0.20781737,-42159.50781,0.065245099,548.5407715,-98.78359222,13.38652325,-79.13214111,-26.76628113,0,0.015696706,0.192120664
26,-12.79999537,-69.30000205,2015,4,100,297.8531189,1.282321374,0.373157823,0.008265922,3.68006860858638e-05,0.008503534,-0.004449419,3.58340069032127e-05,0.010758286,16781158.15,5.0834E+12,-0.109833459,0.315633599,-42159.50781,0.065245099,548.5407715,-98.78359222,13.38652325,-79.13214111,-26.76628113,0,0.038670952,0.276962647
26,-12.79999537,-69.30000205,2016,4,100,298.0070852,1.299039581,0.408879939,0.007818732,3.38400402968055e-05,-0.032326013,-0.003967217,3.25928344458353e-05,-0.018469916,16940964.69,4.98403E+12,-0.057531064,0.433769805,-42159.50781,0.065245099,548.5407715,-98.78359222,13.38652325,-79.13214111,-26.76628113,0,-0.003331264,0.437101069
26,-12.79999537,-69.30000205,2017,4,100,298.105957,1.234248998,0.425675447,0.007786411,3.15100539938664e-05,-0.002364115,-0.003929843,2.98316349701736e-05,0.025853824,16840453.56,4.98194E+12,0.054988625,0.460480123,-42159.50781,0.065245099,548.5407715,-98.78359222,13.38652325,-79.13214111,-26.76628113,0,0.011299358,0.449180765
26,-12.79999537,-69.30000205,2018,4,100,298.0825958,1.293348795,0.376276475,0.007741543,2.84628768712029e-05,0.020872077,-0.003870118,2.61250230102993e-05,0.062438027,16857916.27,4.20128E+12,0.207136471,0.399517646,-42159.50781,0.065245099,548.5407715,-98.78359222,13.38652325,-79.13214111,-26.76628113,0,0.042354902,0.357162743
26,-12.79999537,-69.30000205,2019,4,100,298.0796611,1.243924618,0.3251625,0.007713942,2.97592793190095e-05,0.058839657,-0.003869923,2.7072946839322e-05,0.100419216,16872666.4,3.7207E+12,0.298342914,0.32058389,-42159.50781,0.065245099,548.5407715,-98.78359222,13.38652325,-79.13214111,-26.76628113,0,0.047322208,0.273261683
26,-12.79999537,-69.30000205,2020,4,100,298.184962,1.685218853,0.233985059,0.007595376,2.91019780806938e-05,0.082643267,-0.003767707,2.65959756089773e-05,0.11342538,16973942.9,4.61547E+12,0.337895049,0.126165057,-42159.50781,0.065245099,548.5407715,-98.78359222,13.38652325,-79.13214111,-26.76628113,0,0.027634582,0.098530476
26,-12.79999537,-69.30000205,2021,4,100,298.2273407,2.056049313,0.193403289,0.007434557,3.21878401209179e-05,0.013247213,-0.003657737,2.95723800923389e-05,0.021749315,17121358,4.54938E+12,0.303189069,-0.010327664,-42159.50781,0.065245099,548.5407715,-98.78359222,13.38652325,-79.13214111,-26.76628113,0,0.02267324,-0.033000904
26,-12.79999537,-69.30000205,2022,4,100,298.3847758,1.759661053,0.18712788,0.006527672,2.7535542954653e-05,-0.039969096,-0.002967921,2.45654572246504e-05,-0.053294288,16366564.93,1.26635E+13,0.255958546,-0.121498445,-42159.50781,0.065245099,548.5407715,-98.78359222,13.38652325,-79.13214111,-26.76628113,0,0.008027521,-0.129525966
26,-12.79999537,-69.30000205,2023,4,100,298.6183828,2.439349464,0.185305104,0.005324458,2.13895559935732e-05,0.028387336,-0.002365938,1.73144538592364e-05,-0.049988104,13663018.49,3.22963E+13,0.39824146,-0.177305739,-42159.50781,0.065245099,548.5407715,-98.78359222,13.38652325,-79.13214111,-26.76628113,0,0.001190723,-0.178496462
26,-12.79999537,-69.30000205,2024,4,100,298.7782186,2.573861768,0.271953264,0.00510235,1.99402551192629e-05,0.140850691,-0.002287117,1.60910640140488e-05,-0.005390147,13233290.32,3.43807E+13,0.553844155,-0.086638356,-42159.50781,0.065245099,548.5407715,-98.78359222,13.38652325,-79.13214111,-26.76628113,0,-0.000328922,-0.086309435
27,-12.7999929,-69.29968769,2000,4,100,297.2914836,1.682856391,NaN,0.006582934,1.74075302361261e-05,NaN,-0.002844479,1.54977550929481e-05,NaN,16433231.17,4.63895E+12,NaN,NaN,-56918.00781,0.085188963,371.4764709,0,21.35087585,-144.4324341,-44.37192535,0,NaN,NaN
27,-12.7999929,-69.29968769,2001,4,100,297.4196981,1.377731105,NaN,0.006596117,1.82362617262034e-05,NaN,-0.00287708,1.59740469417946e-05,NaN,16488110.17,3.67194E+12,NaN,NaN,-56918.00781,0.085188963,371.4764709,0,21.35087585,-144.4324341,-44.37192535,0,NaN,NaN
27,-12.7999929,-69.29968769,2002,4,100,297.5537381,1.199705321,NaN,0.007025917,2.08535293501465e-05,NaN,-0.003252298,1.88855535866569e-05,NaN,16524167.33,3.81785E+12,NaN,NaN,-56918.00781,0.085188963,371.4764709,0,21.35087585,-144.4324341,-44.37192535,0,NaN,NaN
27,-12.7999929,-69.29968769,2003,4,100,297.5972137,0.995660436,NaN,0.007221731,2.38627792374714e-05,NaN,-0.00343475,2.17561504524226e-05,NaN,16618973.58,3.48508E+12,NaN,NaN,-56918.00781,0.085188963,371.4764709,0,21.35087585,-144.4324341,-44.37192535,0,NaN,NaN
27,-12.7999929,-69.29968769,2004,4,100,297.6498617,1.012515102,0.206153548,0.007397812,2.53170698732724e-05,-0.082916054,-0.003615594,2.32147439749124e-05,-0.120596626,16596359.15,3.46311E+12,-0.029249759,0.326807303,-56918.00781,0.085188963,371.4764709,0,21.35087585,-144.4324341,-44.37192535,0,0,0.326807303
27,-12.7999929,-69.29968769,2005,4,100,297.7052358,0.916460733,0.231401127,0.007536853,2.70785688320208e-05,-0.113221922,-0.003735868,2.51164835717884e-05,-0.142848666,16670548.48,3.44817E+12,0.017667428,0.324052151,-56918.00781,0.085188963,371.4764709,0,21.35087585,-144.4324341,-44.37192535,0,0.00976521,0.314286941
27,-12.7999929,-69.29968769,2006,4,100,297.7474925,0.881406636,0.249897473,0.007538172,2.74202211415301e-05,-0.14388986,-0.003782148,2.49970710506047e-05,-0.171870729,16749102.23,3.03301E+12,-0.010305808,0.255023536,-56918.00781,0.085188963,371.4764709,0,21.35087585,-144.4324341,-44.37192535,0,0.001060913,0.253962622
27,-12.7999929,-69.29968769,2007,4,100,297.7759196,1.150994205,0.252930272,0.007604193,2.76429212954136e-05,-0.160577809,-0.003878235,2.50480009226188e-05,-0.189075776,16653028.98,3.30082E+12,-0.043445053,0.277692472,-56918.00781,0.085188963,371.4764709,0,21.35087585,-144.4324341,-44.37192535,0,0.008009908,0.269682565
27,-12.7999929,-69.29968769,2008,4,100,297.8138529,0.959068887,0.236155181,0.007651366,2.97739936928843e-05,-0.172769594,-0.003918255,2.69361681067844e-05,-0.204977234,16778616.56,3.21832E+12,-0.091748317,0.304191455,-56918.00781,0.085188963,371.4764709,0,21.35087585,-144.4324341,-44.37192535,0,0.019749592,0.284441863
27,-12.7999929,-69.29968769,2009,4,100,297.7834574,1.120147312,0.201282814,0.007950834,3.18735829796816e-05,-0.206202201,-0.004209797,2.9086742864642e-05,-0.243873058,16667201.31,3.74788E+12,-0.192847914,0.363964479,-56918.00781,0.085188963,371.4764709,0,21.35087585,-144.4324341,-44.37192535,0,0.007194733,0.356769747
27,-12.7999929,-69.29968769,2010,4,100,297.8843943,1.288917511,0.17007733,0.007644088,3.27595493315118e-05,-0.208735483,-0.003879895,2.9654729606986e-05,-0.244354294,16785651.48,4.29164E+12,-0.229715241,0.465210359,-56918.00781,0.085188963,371.4764709,0,21.35087585,-144.4324341,-44.37192535,0,0.009120052,0.456090307
27,-12.7999929,-69.29968769,2011,4,100,297.9413808,1.030265332,0.152261646,0.007657248,3.77487897066864e-05,-0.134169081,-0.003905864,3.50204389319944e-05,-0.166153768,16843872.15,4.38937E+12,-0.230050013,0.367165387,-56918.00781,0.085188963,371.4764709,0,21.35087585,-144.4324341,-44.37192535,0,0.005277421,0.361887967
27,-12.7999929,-69.29968769,2012,4,100,297.9627889,1.080809471,0.190027662,0.007940672,4.00816833770295e-05,-0.081270869,-0.004189452,3.76723198079717e-05,-0.101446333,16818605.25,4.42143E+12,-0.202856447,0.222822954,-56918.00781,0.085188963,371.4764709,0,21.35087585,-144.4324341,-44.37192535,0,0.010789231,0.212033723
27,-12.7999929,-69.29968769,2013,4,100,297.9799245,0.978954983,0.248268304,0.007820537,3.86610765458424e-05,-0.004425695,-0.004048487,3.64369608672913e-05,-0.014208391,16994245.5,4.24259E+12,-0.141491099,0.059262153,-56918.00781,0.085188963,371.4764709,0,21.35087585,-144.4324341,-44.37192535,0,0.007475085,0.051787068
27,-12.7999929,-69.29968769,2014,4,100,297.8159027,1.061353948,0.317818819,0.008320118,4.25053375123779e-05,0.056607213,-0.004541535,4.140237137387e-05,0.050954688,16797254.94,4.78173E+12,-0.127895658,-0.025512507,-56918.00781,0.085188963,371.4764709,0,21.35087585,-144.4324341,-44.37192535,0,0.027250379,-0.052762886
27,-12.7999929,-69.29968769,2015,4,100,297.8531189,1.282321374,0.373157823,0.008265922,3.68006860858638e-05,0.008503534,-0.004449419,3.58340069032127e-05,0.010758286,16781158.15,5.0834E+12,-0.109833459,0.036815447,-56918.00781,0.085188963,371.4764709,0,21.35087585,-144.4324341,-44.37192535,0,0.024895701,0.011919747
27,-12.7999929,-69.29968769,2016,4,100,298.0070852,1.299039581,0.408879939,0.007818732,3.38400402968055e-05,-0.032326013,-0.003967217,3.25928344458353e-05,-0.018469916,16940964.69,4.98403E+12,-0.057531064,0.137750147,-56918.00781,0.085188963,371.4764709,0,21.35087585,-144.4324341,-44.37192535,0,-0.004986414,0.142736561
27,-12.7999929,-69.29968769,2017,4,100,298.105957,1.234248998,0.425675447,0.007786411,3.15100539938664e-05,-0.002364115,-0.003929843,2.98316349701736e-05,0.025853824,16840453.56,4.98194E+12,0.054988625,0.217808799,-56918.00781,0.085188963,371.4764709,0,21.35087585,-144.4324341,-44.37192535,0,-0.009631267,0.227440066
27,-12.7999929,-69.29968769,2018,4,100,298.0825958,1.293348795,0.376276475,0.007741543,2.84628768712029e-05,0.020872077,-0.003870118,2.61250230102993e-05,0.062438027,16857916.27,4.20128E+12,0.207136471,0.2792147,-56918.00781,0.085188963,371.4764709,0,21.35087585,-144.4324341,-44.37192535,0,0.002795271,0.276419429
27,-12.7999929,-69.29968769,2019,4,100,298.0796611,1.243924618,0.3251625,0.007713942,2.97592793190095e-05,0.058839657,-0.003869923,2.7072946839322e-05,0.100419216,16872666.4,3.7207E+12,0.298342914,0.3610317,-56918.00781,0.085188963,371.4764709,0,21.35087585,-144.4324341,-44.37192535,0,0.010933844,0.350097855
27,-12.7999929,-69.29968769,2020,4,100,298.184962,1.685218853,0.233985059,0.007595376,2.91019780806938e-05,0.082643267,-0.003767707,2.65959756089773e-05,0.11342538,16973942.9,4.61547E+12,0.337895049,0.369994578,-56918.00781,0.085188963,371.4764709,0,21.35087585,-144.4324341,-44.37192535,0,-0.031323671,0.401318249
27,-12.7999929,-69.29968769,2021,4,100,298.2273407,2.056049313,0.193403289,0.007434557,3.21878401209179e-05,0.013247213,-0.003657737,2.95723800923389e-05,0.021749315,17121358,4.54938E+12,0.303189069,0.368917096,-56918.00781,0.085188963,371.4764709,0,21.35087585,-144.4324341,-44.37192535,0,-0.018651439,0.387568535
27,-12.7999929,-69.29968769,2022,4,100,298.3847758,1.759661053,0.18712788,0.006527672,2.7535542954653e-05,-0.039969096,-0.002967921,2.45654572246504e-05,-0.053294288,16366564.93,1.26635E+13,0.255958546,0.304771496,-56918.00781,0.085188963,371.4764709,0,21.35087585,-144.4324341,-44.37192535,0,-0.005833085,0.310604581
27,-12.7999929,-69.29968769,2023,4,100,298.6183828,2.439349464,0.185305104,0.005324458,2.13895559935732e-05,0.028387336,-0.002365938,1.73144538592364e-05,-0.049988104,13663018.49,3.22963E+13,0.39824146,0.267057555,-56918.00781,0.085188963,371.4764709,0,21.35087585,-144.4324341,-44.37192535,0,0.004749221,0.262308335
27,-12.7999929,-69.29968769,2024,4,100,298.7782186,2.573861768,0.271953264,0.00510235,1.99402551192629e-05,0.140850691,-0.002287117,1.60910640140488e-05,-0.005390147,13233290.32,3.43807E+13,0.553844155,0.263114054,-56918.00781,0.085188963,371.4764709,0,21.35087585,-144.4324341,-44.37192535,0,-0.023013314,0.286127367
28,-12.79970577,-69.29999462,2000,4,100,297.2914836,1.682856391,NaN,0.006582934,1.74075302361261e-05,NaN,-0.002844479,1.54977550929481e-05,NaN,16433231.17,4.63895E+12,NaN,NaN,-5812.306641,0.015550432,636.7739258,-31.98044586,0,-126.1371841,-116.2500992,0,NaN,NaN
28,-12.79970577,-69.29999462,2001,4,100,297.4196981,1.377731105,NaN,0.006596117,1.82362617262034e-05,NaN,-0.00287708,1.59740469417946e-05,NaN,16488110.17,3.67194E+12,NaN,NaN,-5812.306641,0.015550432,636.7739258,-31.98044586,0,-126.1371841,-116.2500992,0,NaN,NaN
28,-12.79970577,-69.29999462,2002,4,100,297.5537381,1.199705321,NaN,0.007025917,2.08535293501465e-05,NaN,-0.003252298,1.88855535866569e-05,NaN,16524167.33,3.81785E+12,NaN,NaN,-5812.306641,0.015550432,636.7739258,-31.98044586,0,-126.1371841,-116.2500992,0,NaN,NaN
28,-12.79970577,-69.29999462,2003,4,100,297.5972137,0.995660436,NaN,0.007221731,2.38627792374714e-05,NaN,-0.00343475,2.17561504524226e-05,NaN,16618973.58,3.48508E+12,NaN,NaN,-5812.306641,0.015550432,636.7739258,-31.98044586,0,-126.1371841,-116.2500992,0,NaN,NaN
28,-12.79970577,-69.29999462,2004,4,100,297.6498617,1.012515102,0.206153548,0.007397812,2.53170698732724e-05,-0.082916054,-0.003615594,2.32147439749124e-05,-0.120596626,16596359.15,3.46311E+12,-0.029249759,0.445625927,-5812.306641,0.015550432,636.7739258,-31.98044586,0,-126.1371841,-116.2500992,0,0,0.445625927
28,-12.79970577,-69.29999462,2005,4,100,297.7052358,0.916460733,0.231401127,0.007536853,2.70785688320208e-05,-0.113221922,-0.003735868,2.51164835717884e-05,-0.142848666,16670548.48,3.44817E+12,0.017667428,0.460071183,-5812.306641,0.015550432,636.7739258,-31.98044586,0,-126.1371841,-116.2500992,0,-0.00485214,0.464923323
28,-12.79970577,-69.29999462,2006,4,100,297.7474925,0.881406636,0.249897473,0.007538172,2.74202211415301e-05,-0.14388986,-0.003782148,2.49970710506047e-05,-0.171870729,16749102.23,3.03301E+12,-0.010305808,0.529630293,-5812.306641,0.015550432,636.7739258,-31.98044586,0,-126.1371841,-116.2500992,0,-0.007711147,0.53734144
28,-12.79970577,-69.29999462,2007,4,100,297.7759196,1.150994205,0.252930272,0.007604193,2.76429212954136e-05,-0.160577809,-0.003878235,2.50480009226188e-05,-0.189075776,16653028.98,3.30082E+12,-0.043445053,0.560562227,-5812.306641,0.015550432,636.7739258,-31.98044586,0,-126.1371841,-116.2500992,0,0.001241431,0.559320795
28,-12.79970577,-69.29999462,2008,4,100,297.8138529,0.959068887,0.236155181,0.007651366,2.97739936928843e-05,-0.172769594,-0.003918255,2.69361681067844e-05,-0.204977234,16778616.56,3.21832E+12,-0.091748317,0.602947521,-5812.306641,0.015550432,636.7739258,-31.98044586,0,-126.1371841,-116.2500992,0,-0.008000752,0.610948272
28,-12.79970577,-69.29999462,2009,4,100,297.7834574,1.120147312,0.201282814,0.007950834,3.18735829796816e-05,-0.206202201,-0.004209797,2.9086742864642e-05,-0.243873058,16667201.31,3.74788E+12,-0.192847914,0.637274675,-5812.306641,0.015550432,636.7739258,-31.98044586,0,-126.1371841,-116.2500992,0,-0.000730668,0.638005343
28,-12.79970577,-69.29999462,2010,4,100,297.8843943,1.288917511,0.17007733,0.007644088,3.27595493315118e-05,-0.208735483,-0.003879895,2.9654729606986e-05,-0.244354294,16785651.48,4.29164E+12,-0.229715241,0.546915152,-5812.306641,0.015550432,636.7739258,-31.98044586,0,-126.1371841,-116.2500992,0,0.014429399,0.532485753
28,-12.79970577,-69.29999462,2011,4,100,297.9413808,1.030265332,0.152261646,0.007657248,3.77487897066864e-05,-0.134169081,-0.003905864,3.50204389319944e-05,-0.166153768,16843872.15,4.38937E+12,-0.230050013,0.339222877,-5812.306641,0.015550432,636.7739258,-31.98044586,0,-126.1371841,-116.2500992,0,0.037596832,0.301626044
28,-12.79970577,-69.29999462,2012,4,100,297.9627889,1.080809471,0.190027662,0.007940672,4.00816833770295e-05,-0.081270869,-0.004189452,3.76723198079717e-05,-0.101446333,16818605.25,4.42143E+12,-0.202856447,0.240546914,-5812.306641,0.015550432,636.7739258,-31.98044586,0,-126.1371841,-116.2500992,0,0.029930761,0.210616153
28,-12.79970577,-69.29999462,2013,4,100,297.9799245,0.978954983,0.248268304,0.007820537,3.86610765458424e-05,-0.004425695,-0.004048487,3.64369608672913e-05,-0.014208391,16994245.5,4.24259E+12,-0.141491099,0.170819543,-5812.306641,0.015550432,636.7739258,-31.98044586,0,-126.1371841,-116.2500992,0,-0.006344405,0.177163949
28,-12.79970577,-69.29999462,2014,4,100,297.8159027,1.061353948,0.317818819,0.008320118,4.25053375123779e-05,0.056607213,-0.004541535,4.140237137387e-05,0.050954688,16797254.94,4.78173E+12,-0.127895658,0.198130442,-5812.306641,0.015550432,636.7739258,-31.98044586,0,-126.1371841,-116.2500992,0,-0.010717168,0.20884761
28,-12.79970577,-69.29999462,2015,4,100,297.8531189,1.282321374,0.373157823,0.008265922,3.68006860858638e-05,0.008503534,-0.004449419,3.58340069032127e-05,0.010758286,16781158.15,5.0834E+12,-0.109833459,0.352579129,-5812.306641,0.015550432,636.7739258,-31.98044586,0,-126.1371841,-116.2500992,0,0.009974848,0.342604282
28,-12.79970577,-69.29999462,2016,4,100,298.0070852,1.299039581,0.408879939,0.007818732,3.38400402968055e-05,-0.032326013,-0.003967217,3.25928344458353e-05,-0.018469916,16940964.69,4.98403E+12,-0.057531064,0.404633648,-5812.306641,0.015550432,636.7739258,-31.98044586,0,-126.1371841,-116.2500992,0,-0.011479537,0.416113185
28,-12.79970577,-69.29999462,2017,4,100,298.105957,1.234248998,0.425675447,0.007786411,3.15100539938664e-05,-0.002364115,-0.003929843,2.98316349701736e-05,0.025853824,16840453.56,4.98194E+12,0.054988625,0.393826896,-5812.306641,0.015550432,636.7739258,-31.98044586,0,-126.1371841,-116.2500992,0,-0.005952949,0.399779845
28,-12.79970577,-69.29999462,2018,4,100,298.0825958,1.293348795,0.376276475,0.007741543,2.84628768712029e-05,0.020872077,-0.003870118,2.61250230102993e-05,0.062438027,16857916.27,4.20128E+12,0.207136471,0.398462622,-5812.306641,0.015550432,636.7739258,-31.98044586,0,-126.1371841,-116.2500992,0,-0.001737365,0.400199987
28,-12.79970577,-69.29999462,2019,4,100,298.0796611,1.243924618,0.3251625,0.007713942,2.97592793190095e-05,0.058839657,-0.003869923,2.7072946839322e-05,0.100419216,16872666.4,3.7207E+12,0.298342914,0.39140896,-5812.306641,0.015550432,636.7739258,-31.98044586,0,-126.1371841,-116.2500992,0,0.002034897,0.389374063
28,-12.79970577,-69.29999462,2020,4,100,298.184962,1.685218853,0.233985059,0.007595376,2.91019780806938e-05,0.082643267,-0.003767707,2.65959756089773e-05,0.11342538,16973942.9,4.61547E+12,0.337895049,0.343670518,-5812.306641,0.015550432,636.7739258,-31.98044586,0,-126.1371841,-116.2500992,0,-0.023735968,0.367406486
28,-12.79970577,-69.29999462,2021,4,100,298.2273407,2.056049313,0.193403289,0.007434557,3.21878401209179e-05,0.013247213,-0.003657737,2.95723800923389e-05,0.021749315,17121358,4.54938E+12,0.303189069,0.348840647,-5812.306641,0.015550432,636.7739258,-31.98044586,0,-126.1371841,-116.2500992,0,-0.022854191,0.371694838
28,-12.79970577,-69.29999462,2022,4,100,298.3847758,1.759661053,0.18712788,0.006527672,2.7535542954653e-05,-0.039969096,-0.002967921,2.45654572246504e-05,-0.053294288,16366564.93,1.26635E+13,0.255958546,0.315019008,-5812.306641,0.015550432,636.7739258,-31.98044586,0,-126.1371841,-116.2500992,0,0.031846326,0.283172682
28,-12.79970577,-69.29999462,2023,4,100,298.6183828,2.439349464,0.185305104,0.005324458,2.13895559935732e-05,0.028387336,-0.002365938,1.73144538592364e-05,-0.049988104,13663018.49,3.22963E+13,0.39824146,0.294154531,-5812.306641,0.015550432,636.7739258,-31.98044586,0,-126.1371841,-116.2500992,0,0.008744111,0.285410421
28,-12.79970577,-69.29999462,2024,4,100,298.7782186,2.573861768,0.271953264,0.00510235,1.99402551192629e-05,0.140850691,-0.002287117,1.60910640140488e-05,-0.005390147,13233290.32,3.43807E+13,0.553844155,0.275955736,-5812.306641,0.015550432,636.7739258,-31.98044586,0,-126.1371841,-116.2500992,0,-0.008896176,0.284851912
29,-12.80028127,-69.29998905,2000,4,100,297.2914836,1.682856391,NaN,0.006582934,1.74075302361261e-05,NaN,-0.002844479,1.54977550929481e-05,NaN,16433231.17,4.63895E+12,NaN,NaN,-16138.6582,0.030102387,290.3071899,21.21056557,49.83428574,-159.4532623,-25.84315491,0,NaN,NaN
29,-12.80028127,-69.29998905,2001,4,100,297.4196981,1.377731105,NaN,0.006596117,1.82362617262034e-05,NaN,-0.00287708,1.59740469417946e-05,NaN,16488110.17,3.67194E+12,NaN,NaN,-16138.6582,0.030102387,290.3071899,21.21056557,49.83428574,-159.4532623,-25.84315491,0,NaN,NaN
29,-12.80028127,-69.29998905,2002,4,100,297.5537381,1.199705321,NaN,0.007025917,2.08535293501465e-05,NaN,-0.003252298,1.88855535866569e-05,NaN,16524167.33,3.81785E+12,NaN,NaN,-16138.6582,0.030102387,290.3071899,21.21056557,49.83428574,-159.4532623,-25.84315491,0,NaN,NaN
29,-12.80028127,-69.29998905,2003,4,100,297.5972137,0.995660436,NaN,0.007221731,2.38627792374714e-05,NaN,-0.00343475,2.17561504524226e-05,NaN,16618973.58,3.48508E+12,NaN,NaN,-16138.6582,0.030102387,290.3071899,21.21056557,49.83428574,-159.4532623,-25.84315491,0,NaN,NaN
29,-12.80028127,-69.29998905,2004,4,100,297.6498617,1.012515102,0.206153548,0.007397812,2.53170698732724e-05,-0.082916054,-0.003615594,2.32147439749124e-05,-0.120596626,16596359.15,3.46311E+12,-0.029249759,0.263836267,-16138.6582,0.030102387,290.3071899,21.21056557,49.83428574,-159.4532623,-25.84315491,0,0,0.263836267
29,-12.80028127,-69.29998905,2005,4,100,297.7052358,0.916460733,0.231401127,0.007536853,2.70785688320208e-05,-0.113221922,-0.003735868,2.51164835717884e-05,-0.142848666,16670548.48,3.44817E+12,0.017667428,0.140845679,-16138.6582,0.030102387,290.3071899,21.21056557,49.83428574,-159.4532623,-25.84315491,0,0.007770987,0.133074692
29,-12.80028127,-69.29998905,2006,4,100,297.7474925,0.881406636,0.249897473,0.007538172,2.74202211415301e-05,-0.14388986,-0.003782148,2.49970710506047e-05,-0.171870729,16749102.23,3.03301E+12,-0.010305808,0.141612225,-16138.6582,0.030102387,290.3071899,21.21056557,49.83428574,-159.4532623,-25.84315491,0,0.019858479,0.121753746
29,-12.80028127,-69.29998905,2007,4,100,297.7759196,1.150994205,0.252930272,0.007604193,2.76429212954136e-05,-0.160577809,-0.003878235,2.50480009226188e-05,-0.189075776,16653028.98,3.30082E+12,-0.043445053,0.173103789,-16138.6582,0.030102387,290.3071899,21.21056557,49.83428574,-159.4532623,-25.84315491,0,0.022571081,0.150532708
29,-12.80028127,-69.29998905,2008,4,100,297.8138529,0.959068887,0.236155181,0.007651366,2.97739936928843e-05,-0.172769594,-0.003918255,2.69361681067844e-05,-0.204977234,16778616.56,3.21832E+12,-0.091748317,0.119930499,-16138.6582,0.030102387,290.3071899,21.21056557,49.83428574,-159.4532623,-25.84315491,0,0.015751812,0.104178687
29,-12.80028127,-69.29998905,2009,4,100,297.7834574,1.120147312,0.201282814,0.007950834,3.18735829796816e-05,-0.206202201,-0.004209797,2.9086742864642e-05,-0.243873058,16667201.31,3.74788E+12,-0.192847914,0.158138692,-16138.6582,0.030102387,290.3071899,21.21056557,49.83428574,-159.4532623,-25.84315491,0,-0.001406241,0.159544933
29,-12.80028127,-69.29998905,2010,4,100,297.8843943,1.288917511,0.17007733,0.007644088,3.27595493315118e-05,-0.208735483,-0.003879895,2.9654729606986e-05,-0.244354294,16785651.48,4.29164E+12,-0.229715241,0.207358289,-16138.6582,0.030102387,290.3071899,21.21056557,49.83428574,-159.4532623,-25.84315491,0,0.009986622,0.197371667
29,-12.80028127,-69.29998905,2011,4,100,297.9413808,1.030265332,0.152261646,0.007657248,3.77487897066864e-05,-0.134169081,-0.003905864,3.50204389319944e-05,-0.166153768,16843872.15,4.38937E+12,-0.230050013,0.230096017,-16138.6582,0.030102387,290.3071899,21.21056557,49.83428574,-159.4532623,-25.84315491,0,0.01668552,0.213410497
29,-12.80028127,-69.29998905,2012,4,100,297.9627889,1.080809471,0.190027662,0.007940672,4.00816833770295e-05,-0.081270869,-0.004189452,3.76723198079717e-05,-0.101446333,16818605.25,4.42143E+12,-0.202856447,0.340257227,-16138.6582,0.030102387,290.3071899,21.21056557,49.83428574,-159.4532623,-25.84315491,0,0.014166357,0.32609087
29,-12.80028127,-69.29998905,2013,4,100,297.9799245,0.978954983,0.248268304,0.007820537,3.86610765458424e-05,-0.004425695,-0.004048487,3.64369608672913e-05,-0.014208391,16994245.5,4.24259E+12,-0.141491099,0.43016412,-16138.6582,0.030102387,290.3071899,21.21056557,49.83428574,-159.4532623,-25.84315491,0,0.028930201,0.401233918
29,-12.80028127,-69.29998905,2014,4,100,297.8159027,1.061353948,0.317818819,0.008320118,4.25053375123779e-05,0.056607213,-0.004541535,4.140237137387e-05,0.050954688,16797254.94,4.78173E+12,-0.127895658,0.505317019,-16138.6582,0.030102387,290.3071899,21.21056557,49.83428574,-159.4532623,-25.84315491,0,0.025857349,0.47945967
29,-12.80028127,-69.29998905,2015,4,100,297.8531189,1.282321374,0.373157823,0.008265922,3.68006860858638e-05,0.008503534,-0.004449419,3.58340069032127e-05,0.010758286,16781158.15,5.0834E+12,-0.109833459,0.586065396,-16138.6582,0.030102387,290.3071899,21.21056557,49.83428574,-159.4532623,-25.84315491,0,0.060122904,0.525942492
29,-12.80028127,-69.29998905,2016,4,100,298.0070852,1.299039581,0.408879939,0.007818732,3.38400402968055e-05,-0.032326013,-0.003967217,3.25928344458353e-05,-0.018469916,16940964.69,4.98403E+12,-0.057531064,0.61611381,-16138.6582,0.030102387,290.3071899,21.21056557,49.83428574,-159.4532623,-25.84315491,0,0.033951365,0.582162445
29,-12.80028127,-69.29998905,2017,4,100,298.105957,1.234248998,0.425675447,0.007786411,3.15100539938664e-05,-0.002364115,-0.003929843,2.98316349701736e-05,0.025853824,16840453.56,4.98194E+12,0.054988625,0.607828286,-16138.6582,0.030102387,290.3071899,21.21056557,49.83428574,-159.4532623,-25.84315491,0,0.040039171,0.567789116
29,-12.80028127,-69.29998905,2018,4,100,298.0825958,1.293348795,0.376276475,0.007741543,2.84628768712029e-05,0.020872077,-0.003870118,2.61250230102993e-05,0.062438027,16857916.27,4.20128E+12,0.207136471,0.54106742,-16138.6582,0.030102387,290.3071899,21.21056557,49.83428574,-159.4532623,-25.84315491,0,0.047186173,0.493881247
29,-12.80028127,-69.29998905,2019,4,100,298.0796611,1.243924618,0.3251625,0.007713942,2.97592793190095e-05,0.058839657,-0.003869923,2.7072946839322e-05,0.100419216,16872666.4,3.7207E+12,0.298342914,0.461905482,-16138.6582,0.030102387,290.3071899,21.21056557,49.83428574,-159.4532623,-25.84315491,0,0.030418331,0.431487151
29,-12.80028127,-69.29998905,2020,4,100,298.184962,1.685218853,0.233985059,0.007595376,2.91019780806938e-05,0.082643267,-0.003767707,2.65959756089773e-05,0.11342538,16973942.9,4.61547E+12,0.337895049,0.322910365,-16138.6582,0.030102387,290.3071899,21.21056557,49.83428574,-159.4532623,-25.84315491,0,0.00687484,0.316035525
29,-12.80028127,-69.29998905,2021,4,100,298.2273407,2.056049313,0.193403289,0.007434557,3.21878401209179e-05,0.013247213,-0.003657737,2.95723800923389e-05,0.021749315,17121358,4.54938E+12,0.303189069,0.164368873,-16138.6582,0.030102387,290.3071899,21.21056557,49.83428574,-159.4532623,-25.84315491,0,-0.006268866,0.170637739
29,-12.80028127,-69.29998905,2022,4,100,298.3847758,1.759661053,0.18712788,0.006527672,2.7535542954653e-05,-0.039969096,-0.002967921,2.45654572246504e-05,-0.053294288,16366564.93,1.26635E+13,0.255958546,0.039852301,-16138.6582,0.030102387,290.3071899,21.21056557,49.83428574,-159.4532623,-25.84315491,0,0.031291114,0.008561187
29,-12.80028127,-69.29998905,2023,4,100,298.6183828,2.439349464,0.185305104,0.005324458,2.13895559935732e-05,0.028387336,-0.002365938,1.73144538592364e-05,-0.049988104,13663018.49,3.22963E+13,0.39824146,-0.028228968,-16138.6582,0.030102387,290.3071899,21.21056557,49.83428574,-159.4532623,-25.84315491,0,-0.015088901,-0.013140067
29,-12.80028127,-69.29998905,2024,4,100,298.7782186,2.573861768,0.271953264,0.00510235,1.99402551192629e-05,0.140850691,-0.002287117,1.60910640140488e-05,-0.005390147,13233290.32,3.43807E+13,0.553844155,-0.006764421,-16138.6582,0.030102387,290.3071899,21.21056557,49.83428574,-159.4532623,-25.84315491,0,-0.022693378,0.015928957
30,-12.79999507,-69.30035648,2000,4,100,297.2914836,1.682856391,NaN,0.006582934,1.74075302361261e-05,NaN,-0.002844479,1.54977550929481e-05,NaN,16433231.17,4.63895E+12,NaN,NaN,5581.896484,0,527.315918,-65.56702423,0,-97.46791077,-29.59898949,0,NaN,NaN
30,-12.79999507,-69.30035648,2001,4,100,297.4196981,1.377731105,NaN,0.006596117,1.82362617262034e-05,NaN,-0.00287708,1.59740469417946e-05,NaN,16488110.17,3.67194E+12,NaN,NaN,5581.896484,0,527.315918,-65.56702423,0,-97.46791077,-29.59898949,0,NaN,NaN
30,-12.79999507,-69.30035648,2002,4,100,297.5537381,1.199705321,NaN,0.007025917,2.08535293501465e-05,NaN,-0.003252298,1.88855535866569e-05,NaN,16524167.33,3.81785E+12,NaN,NaN,5581.896484,0,527.315918,-65.56702423,0,-97.46791077,-29.59898949,0,NaN,NaN
30,-12.79999507,-69.30035648,2003,4,100,297.5972137,0.995660436,NaN,0.007221731,2.38627792374714e-05,NaN,-0.00343475,2.17561504524226e-05,NaN,16618973.58,3.48508E+12,NaN,NaN,5581.896484,0,527.315918,-65.56702423,0,-97.46791077,-29.59898949,0,NaN,NaN
30,-12.79999507,-69.30035648,2004,4,100,297.6498617,1.012515102,0.206153548,0.007397812,2.53170698732724e-05,-0.082916054,-0.003615594,2.32147439749124e-05,-0.120596626,16596359.15,3.46311E+12,-0.029249759,0.139772917,5581.896484,0,527.315918,-65.56702423,0,-97.46791077,-29.59898949,0,0,0.139772917
30,-12.79999507,-69.30035648,2005,4,100,297.7052358,0.916460733,0.231401127,0.007536853,2.70785688320208e-05,-0.113221922,-0.003735868,2.51164835717884e-05,-0.142848666,16670548.48,3.44817E+12,0.017667428,-0.008919558,5581.896484,0,527.315918,-65.56702423,0,-97.46791077,-29.59898949,0,-0.000374617,-0.008544941
30,-12.79999507,-69.30035648,2006,4,100,297.7474925,0.881406636,0.249897473,0.007538172,2.74202211415301e-05,-0.14388986,-0.003782148,2.49970710506047e-05,-0.171870729,16749102.23,3.03301E+12,-0.010305808,-0.106188937,5581.896484,0,527.315918,-65.56702423,0,-97.46791077,-29.59898949,0,0.002175902,-0.108364839
30,-12.79999507,-69.30035648,2007,4,100,297.7759196,1.150994205,0.252930272,0.007604193,2.76429212954136e-05,-0.160577809,-0.003878235,2.50480009226188e-05,-0.189075776,16653028.98,3.30082E+12,-0.043445053,-0.05929733,5581.896484,0,527.315918,-65.56702423,0,-97.46791077,-29.59898949,0,0.014754807,-0.074052138
30,-12.79999507,-69.30035648,2008,4,100,297.8138529,0.959068887,0.236155181,0.007651366,2.97739936928843e-05,-0.172769594,-0.003918255,2.69361681067844e-05,-0.204977234,16778616.56,3.21832E+12,-0.091748317,-0.025574786,5581.896484,0,527.315918,-65.56702423,0,-97.46791077,-29.59898949,0,-0.010309659,-0.015265127
30,-12.79999507,-69.30035648,2009,4,100,297.7834574,1.120147312,0.201282814,0.007950834,3.18735829796816e-05,-0.206202201,-0.004209797,2.9086742864642e-05,-0.243873058,16667201.31,3.74788E+12,-0.192847914,0.075609398,5581.896484,0,527.315918,-65.56702423,0,-97.46791077,-29.59898949,0,-0.005259802,0.0808692
30,-12.79999507,-69.30035648,2010,4,100,297.8843943,1.288917511,0.17007733,0.007644088,3.27595493315118e-05,-0.208735483,-0.003879895,2.9654729606986e-05,-0.244354294,16785651.48,4.29164E+12,-0.229715241,0.230053281,5581.896484,0,527.315918,-65.56702423,0,-97.46791077,-29.59898949,0,0.01287162,0.217181662
30,-12.79999507,-69.30035648,2011,4,100,297.9413808,1.030265332,0.152261646,0.007657248,3.77487897066864e-05,-0.134169081,-0.003905864,3.50204389319944e-05,-0.166153768,16843872.15,4.38937E+12,-0.230050013,0.296798036,5581.896484,0,527.315918,-65.56702423,0,-97.46791077,-29.59898949,0,0.04547061,0.251327427
30,-12.79999507,-69.30035648,2012,4,100,297.9627889,1.080809471,0.190027662,0.007940672,4.00816833770295e-05,-0.081270869,-0.004189452,3.76723198079717e-05,-0.101446333,16818605.25,4.42143E+12,-0.202856447,0.246539572,5581.896484,0,527.315918,-65.56702423,0,-97.46791077,-29.59898949,0,0.041090012,0.20544956
30,-12.79999507,-69.30035648,2013,4,100,297.9799245,0.978954983,0.248268304,0.007820537,3.86610765458424e-05,-0.004425695,-0.004048487,3.64369608672913e-05,-0.014208391,16994245.5,4.24259E+12,-0.141491099,0.193552454,5581.896484,0,527.315918,-65.56702423,0,-97.46791077,-29.59898949,0,0.024953361,0.168599092
30,-12.79999507,-69.30035648,2014,4,100,297.8159027,1.061353948,0.317818819,0.008320118,4.25053375123779e-05,0.056607213,-0.004541535,4.140237137387e-05,0.050954688,16797254.94,4.78173E+12,-0.127895658,0.216760347,5581.896484,0,527.315918,-65.56702423,0,-97.46791077,-29.59898949,0,-0.019034449,0.235794796
30,-12.79999507,-69.30035648,2015,4,100,297.8531189,1.282321374,0.373157823,0.008265922,3.68006860858638e-05,0.008503534,-0.004449419,3.58340069032127e-05,0.010758286,16781158.15,5.0834E+12,-0.109833459,0.24588792,5581.896484,0,527.315918,-65.56702423,0,-97.46791077,-29.59898949,0,0.0345907,0.21129722
30,-12.79999507,-69.30035648,2016,4,100,298.0070852,1.299039581,0.408879939,0.007818732,3.38400402968055e-05,-0.032326013,-0.003967217,3.25928344458353e-05,-0.018469916,16940964.69,4.98403E+12,-0.057531064,0.367500851,5581.896484,0,527.315918,-65.56702423,0,-97.46791077,-29.59898949,0,0.022822419,0.344678432
30,-12.79999507,-69.30035648,2017,4,100,298.105957,1.234248998,0.425675447,0.007786411,3.15100539938664e-05,-0.002364115,-0.003929843,2.98316349701736e-05,0.025853824,16840453.56,4.98194E+12,0.054988625,0.469806216,5581.896484,0,527.315918,-65.56702423,0,-97.46791077,-29.59898949,0,0.029723956,0.44008226
30,-12.79999507,-69.30035648,2018,4,100,298.0825958,1.293348795,0.376276475,0.007741543,2.84628768712029e-05,0.020872077,-0.003870118,2.61250230102993e-05,0.062438027,16857916.27,4.20128E+12,0.207136471,0.380721756,5581.896484,0,527.315918,-65.56702423,0,-97.46791077,-29.59898949,0,0.05201579,0.328705966
30,-12.79999507,-69.30035648,2019,4,100,298.0796611,1.243924618,0.3251625,0.007713942,2.97592793190095e-05,0.058839657,-0.003869923,2.7072946839322e-05,0.100419216,16872666.4,3.7207E+12,0.298342914,0.267379195,5581.896484,0,527.315918,-65.56702423,0,-97.46791077,-29.59898949,0,0.013926072,0.253453123
30,-12.79999507,-69.30035648,2020,4,100,298.184962,1.685218853,0.233985059,0.007595376,2.91019780806938e-05,0.082643267,-0.003767707,2.65959756089773e-05,0.11342538,16973942.9,4.61547E+12,0.337895049,0.101186953,5581.896484,0,527.315918,-65.56702423,0,-97.46791077,-29.59898949,0,-0.013098649,0.114285602
30,-12.79999507,-69.30035648,2021,4,100,298.2273407,2.056049313,0.193403289,0.007434557,3.21878401209179e-05,0.013247213,-0.003657737,2.95723800923389e-05,0.021749315,17121358,4.54938E+12,0.303189069,-0.04298493,5581.896484,0,527.315918,-65.56702423,0,-97.46791077,-29.59898949,0,-0.0136988,-0.029286129
30,-12.79999507,-69.30035648,2022,4,100,298.3847758,1.759661053,0.18712788,0.006527672,2.7535542954653e-05,-0.039969096,-0.002967921,2.45654572246504e-05,-0.053294288,16366564.93,1.26635E+13,0.255958546,-0.09250134,5581.896484,0,527.315918,-65.56702423,0,-97.46791077,-29.59898949,0,0.013883527,-0.106384868
30,-12.79999507,-69.30035648,2023,4,100,298.6183828,2.439349464,0.185305104,0.005324458,2.13895559935732e-05,0.028387336,-0.002365938,1.73144538592364e-05,-0.049988104,13663018.49,3.22963E+13,0.39824146,-0.114058534,5581.896484,0,527.315918,-65.56702423,0,-97.46791077,-29.59898949,0,-0.019183823,-0.094874711
30,-12.79999507,-69.30035648,2024,4,100,298.7782186,2.573861768,0.271953264,0.00510235,1.99402551192629e-05,0.140850691,-0.002287117,1.60910640140488e-05,-0.005390147,13233290.32,3.43807E+13,0.553844155,-0.057978935,5581.896484,0,527.315918,-65.56702423,0,-97.46791077,-29.59898949,0,-0.045451901,-0.012527035
31,-14.83300007,-52.16799773,2000,4,93,299.0032349,1.267964982,NaN,0.004172116,1.5729500877621e-05,NaN,-0.00120111,8.73894324656613e-06,NaN,18920890.5,2.27682E+12,NaN,NaN,4988.00293,0,696.890686,194.2279053,48.13587189,-82.5009613,-11.32964611,0,NaN,NaN
31,-14.83300007,-52.16799773,2001,4,93,299.0983276,1.035540152,NaN,0.004207486,1.56689901714085e-05,NaN,-0.001175722,9.2381675002122e-06,NaN,19037661.83,2.61462E+12,NaN,NaN,4988.00293,0,696.890686,194.2279053,48.13587189,-82.5009613,-11.32964611,0,NaN,NaN
31,-14.83300007,-52.16799773,2002,4,93,299.3506131,1.201699399,NaN,0.004224324,1.8296646975116e-05,NaN,-0.001253531,1.11944402931356e-05,NaN,19135941.17,2.89312E+12,NaN,NaN,4988.00293,0,696.890686,194.2279053,48.13587189,-82.5009613,-11.32964611,0,NaN,NaN
31,-14.83300007,-52.16799773,2003,4,93,299.3559214,1.254493521,NaN,0.004049163,1.67313217682178e-05,NaN,-0.00109757,9.99096495041205e-06,NaN,19180440.33,2.9491E+12,NaN,NaN,4988.00293,0,696.890686,194.2279053,48.13587189,-82.5009613,-11.32964611,0,NaN,NaN
31,-14.83300007,-52.16799773,2004,4,93,299.4136149,1.406358874,0.227360399,0.004190809,2.19181935245192e-05,0.24495561,-0.001290074,1.49016613524036e-05,0.230849923,19192112.46,4.04032E+12,0.231344477,0.283136325,4988.00293,0,696.890686,194.2279053,48.13587189,-82.5009613,-11.32964611,0,0,0.283136325
31,-14.83300007,-52.16799773,2005,4,93,299.4924672,1.650959799,0.247078688,0.004162453,2.23833098036539e-05,0.238023968,-0.001332353,1.51719497853297e-05,0.217958944,19090793.29,4.54368E+12,0.173954094,0.347313561,4988.00293,0,696.890686,194.2279053,48.13587189,-82.5009613,-11.32964611,0,-0.005857494,0.353171055
31,-14.83300007,-52.16799773,2006,4,93,299.3015696,1.583884318,0.19183487,0.004169524,1.98396501754741e-05,0.162759941,-0.001289945,1.31170650768653e-05,0.149732218,18985689.58,4.17663E+12,0.105789973,0.391734768,4988.00293,0,696.890686,194.2279053,48.13587189,-82.5009613,-11.32964611,0,0.024265546,0.367469222
31,-14.83300007,-52.16799773,2007,4,93,299.4423014,1.82896815,0.175615708,0.004162104,2.10302893812534e-05,0.118743258,-0.001344279,1.38182925675185e-05,0.104891676,19092534.5,4.61493E+12,0.061044371,0.408612175,4988.00293,0,696.890686,194.2279053,48.13587189,-82.5009613,-11.32964611,0,0.057414994,0.351197181
31,-14.83300007,-52.16799773,2008,4,93,299.4646505,1.993023532,0.179784308,0.004141704,1.8086767764008e-05,0.081690654,-0.001320569,1.05174052893071e-05,0.049301306,19108252.92,4.03186E+12,-0.009808947,0.463700104,4988.00293,0,696.890686,194.2279053,48.13587189,-82.5009613,-11.32964611,0,0.052246834,0.41145327
31,-14.83300007,-52.16799773,2009,4,93,299.4031677,1.701382895,0.173754205,0.00425748,1.76689189066759e-05,0.030835482,-0.001349772,1.00353397632537e-05,-0.019020554,19065385.04,3.35064E+12,-0.024101783,0.486352765,4988.00293,0,696.890686,194.2279053,48.13587189,-82.5009613,-11.32964611,0,0.056910509,0.429442256
31,-14.83300007,-52.16799773,2010,4,93,299.6247101,1.853490468,0.235837064,0.004018357,1.72672098943505e-05,0.058427638,-0.001150616,9.70326905006103e-06,-0.016156656,19288306.08,3.70279E+12,0.047284348,0.51677106,4988.00293,0,696.890686,194.2279053,48.13587189,-82.5009613,-11.32964611,0,0.038075002,0.478696058
31,-14.83300007,-52.16799773,2011,4,93,299.4235586,1.82008041,0.299778362,0.004350417,1.83646992806988e-05,0.120807861,-0.001436632,1.05306222963332e-05,0.030802327,18995474.83,3.4487E+12,0.156722219,0.555754741,4988.00293,0,696.890686,194.2279053,48.13587189,-82.5009613,-11.32964611,0,0.040202683,0.515552058
31,-14.83300007,-52.16799773,2012,4,93,299.5470988,1.691929999,0.338888724,0.003968659,1.51473032537381e-05,0.136331482,-0.001012671,8.29292365099653e-06,0.053795871,19192751.33,3.82915E+12,0.252417706,0.584519289,4988.00293,0,696.890686,194.2279053,48.13587189,-82.5009613,-11.32964611,0,0.011681353,0.572837936
31,-14.83300007,-52.16799773,2013,4,93,299.5859222,1.746353511,0.358970412,0.004142616,2.0261553806637e-05,0.059248147,-0.001231595,1.28665923857271e-05,-0.01310804,19218917.96,4.14677E+12,0.211867144,0.608286673,4988.00293,0,696.890686,194.2279053,48.13587189,-82.5009613,-11.32964611,0,0.036589291,0.571697382
31,-14.83300007,-52.16799773,2014,4,93,299.4811859,1.777042834,0.351460814,0.004356703,2.14550446803243e-05,-0.051392535,-0.001437534,1.38394982049112e-05,-0.114068645,19068111.42,4.14111E+12,0.089560013,0.615562001,4988.00293,0,696.890686,194.2279053,48.13587189,-82.5009613,-11.32964611,0,0.054562695,0.560999306
31,-14.83300007,-52.16799773,2015,4,93,299.7279154,2.006730452,0.312464706,0.003923714,1.80722354487845e-05,-0.190148407,-0.00093384,1.18164009860348e-05,-0.247081952,19422248.08,5.19469E+12,-0.054986732,0.564036792,4988.00293,0,696.890686,194.2279053,48.13587189,-82.5009613,-11.32964611,0,0.073191333,0.490845459
31,-14.83300007,-52.16799773,2016,4,93,299.8683319,1.908778838,0.279870071,0.004049859,2.0167653321383e-05,-0.316762284,-0.001074138,1.37255202419476e-05,-0.372639207,19333439.08,5.22366E+12,-0.212425782,0.504203955,4988.00293,0,696.890686,194.2279053,48.13587189,-82.5009613,-11.32964611,0,0.039170222,0.465033734
31,-14.83300007,-52.16799773,2017,4,93,299.9981689,2.22603736,0.291315834,0.003607362,1.42683782702369e-05,-0.307949917,-0.000638482,8.51481898172507e-06,-0.367690121,19597489.75,5.33489E+12,-0.237880487,0.419827969,4988.00293,0,696.890686,194.2279053,48.13587189,-82.5009613,-11.32964611,0,0.029889492,0.389938478
31,-14.83300007,-52.16799773,2018,4,93,300.0225779,2.083010301,0.277336135,0.003399273,1.22622548905479e-05,-0.297636196,-0.00041625,6.98252531577483e-06,-0.356976624,19662363.71,4.98399E+12,-0.231941047,0.266803528,4988.00293,0,696.890686,194.2279053,48.13587189,-82.5009613,-11.32964611,0,0.008964021,0.257839507
31,-14.83300007,-52.16799773,2019,4,93,300.1297913,1.950087179,0.291160064,0.003285729,1.21716762072844e-05,-0.282710626,-0.000363171,6.63087930626437e-06,-0.338134823,19780119.04,4.52493E+12,-0.208956972,0.208910166,4988.00293,0,696.890686,194.2279053,48.13587189,-82.5009613,-11.32964611,0,-0.011364429,0.220274594
31,-14.83300007,-52.16799773,2020,4,93,300.0110524,2.160894089,0.298712489,0.003295173,1.09182563785995e-05,-0.197964063,-0.000384909,5.49553446094871e-06,-0.251776947,19895088.25,3.90817E+12,-0.063504984,0.171012148,4988.00293,0,696.890686,194.2279053,48.13587189,-82.5009613,-11.32964611,0,0.024121645,0.146890504
31,-14.83300007,-52.16799773,2021,4,93,299.9017792,2.181856333,0.296820027,0.003432222,1.22429125376278e-05,-0.157900669,-0.000553891,6.35660748620206e-06,-0.200284597,19895212.33,3.59438E+12,0.087579169,0.0911997,4988.00293,0,696.890686,194.2279053,48.13587189,-82.5009613,-11.32964611,0,0.027518965,0.063680736
31,-14.83300007,-52.16799773,2022,4,93,299.8926697,2.277836352,0.354267252,0.003269912,1.31729909646014e-05,-0.073299333,-0.00061345,7.0141102595776e-06,-0.12166409,19002375.58,1.44751E+13,0.254816812,0.113515984,4988.00293,0,696.890686,194.2279053,48.13587189,-82.5009613,-11.32964611,0,0.038375553,0.075140431
31,-14.83300007,-52.16799773,2023,4,93,299.8846181,2.782974002,0.400882793,0.002947086,1.30523573074999e-05,0.066406063,-0.00076055,6.81952408880186e-06,-0.052729294,15824830.3,3.4888E+13,0.508090088,0.089697749,4988.00293,0,696.890686,194.2279053,48.13587189,-82.5009613,-11.32964611,0,0.040979368,0.048718381
31,-14.83300007,-52.16799773,2024,4,93,299.9677938,2.82893354,0.478287856,0.002804091,1.18497294806895e-05,0.185061117,-0.000728688,5.93374126283185e-06,-0.026583706,15238471.47,3.59656E+13,0.664631164,0.028062721,4988.00293,0,696.890686,194.2279053,48.13587189,-82.5009613,-11.32964611,0,0.039835286,-0.011772565
32,-14.83300474,-52.16778299,2000,4,93,299.0032349,1.267964982,NaN,0.004172116,1.5729500877621e-05,NaN,-0.00120111,8.73894324656613e-06,NaN,18920890.5,2.27682E+12,NaN,NaN,18380.23047,-0.018412814,705.380188,109.3195572,0,-85.82614136,-28.92343521,0,NaN,NaN
32,-14.83300474,-52.16778299,2001,4,93,299.0983276,1.035540152,NaN,0.004207486,1.56689901714085e-05,NaN,-0.001175722,9.2381675002122e-06,NaN,19037661.83,2.61462E+12,NaN,NaN,18380.23047,-0.018412814,705.380188,109.3195572,0,-85.82614136,-28.92343521,0,NaN,NaN
32,-14.83300474,-52.16778299,2002,4,93,299.3506131,1.201699399,NaN,0.004224324,1.8296646975116e-05,NaN,-0.001253531,1.11944402931356e-05,NaN,19135941.17,2.89312E+12,NaN,NaN,18380.23047,-0.018412814,705.380188,109.3195572,0,-85.82614136,-28.92343521,0,NaN,NaN
32,-14.83300474,-52.16778299,2003,4,93,299.3559214,1.254493521,NaN,0.004049163,1.67313217682178e-05,NaN,-0.00109757,9.99096495041205e-06,NaN,19180440.33,2.9491E+12,NaN,NaN,18380.23047,-0.018412814,705.380188,109.3195572,0,-85.82614136,-28.92343521,0,NaN,NaN
32,-14.83300474,-52.16778299,2004,4,93,299.4136149,1.406358874,0.227360399,0.004190809,2.19181935245192e-05,0.24495561,-0.001290074,1.49016613524036e-05,0.230849923,19192112.46,4.04032E+12,0.231344477,-0.102623819,18380.23047,-0.018412814,705.380188,109.3195572,0,-85.82614136,-28.92343521,0,0,-0.102623819
32,-14.83300474,-52.16778299,2005,4,93,299.4924672,1.650959799,0.247078688,0.004162453,2.23833098036539e-05,0.238023968,-0.001332353,1.51719497853297e-05,0.217958944,19090793.29,4.54368E+12,0.173954094,0.067904138,18380.23047,-0.018412814,705.380188,109.3195572,0,-85.82614136,-28.92343521,0,-0.004600993,0.07250513
32,-14.83300474,-52.16778299,2006,4,93,299.3015696,1.583884318,0.19183487,0.004169524,1.98396501754741e-05,0.162759941,-0.001289945,1.31170650768653e-05,0.149732218,18985689.58,4.17663E+12,0.105789973,0.210017221,18380.23047,-0.018412814,705.380188,109.3195572,0,-85.82614136,-28.92343521,0,0.013546059,0.196471162
32,-14.83300474,-52.16778299,2007,4,93,299.4423014,1.82896815,0.175615708,0.004162104,2.10302893812534e-05,0.118743258,-0.001344279,1.38182925675185e-05,0.104891676,19092534.5,4.61493E+12,0.061044371,0.27389658,18380.23047,-0.018412814,705.380188,109.3195572,0,-85.82614136,-28.92343521,0,0.030421526,0.243475054
32,-14.83300474,-52.16778299,2008,4,93,299.4646505,1.993023532,0.179784308,0.004141704,1.8086767764008e-05,0.081690654,-0.001320569,1.05174052893071e-05,0.049301306,19108252.92,4.03186E+12,-0.009808947,0.439734858,18380.23047,-0.018412814,705.380188,109.3195572,0,-85.82614136,-28.92343521,0,0.016683474,0.423051385
32,-14.83300474,-52.16778299,2009,4,93,299.4031677,1.701382895,0.173754205,0.00425748,1.76689189066759e-05,0.030835482,-0.001349772,1.00353397632537e-05,-0.019020554,19065385.04,3.35064E+12,-0.024101783,0.517221514,18380.23047,-0.018412814,705.380188,109.3195572,0,-85.82614136,-28.92343521,0,0.036166904,0.48105461
32,-14.83300474,-52.16778299,2010,4,93,299.6247101,1.853490468,0.235837064,0.004018357,1.72672098943505e-05,0.058427638,-0.001150616,9.70326905006103e-06,-0.016156656,19288306.08,3.70279E+12,0.047284348,0.525819976,18380.23047,-0.018412814,705.380188,109.3195572,0,-85.82614136,-28.92343521,0,-0.010824076,0.536644052
32,-14.83300474,-52.16778299,2011,4,93,299.4235586,1.82008041,0.299778362,0.004350417,1.83646992806988e-05,0.120807861,-0.001436632,1.05306222963332e-05,0.030802327,18995474.83,3.4487E+12,0.156722219,0.510716894,18380.23047,-0.018412814,705.380188,109.3195572,0,-85.82614136,-28.92343521,0,0.01313388,0.497583014
32,-14.83300474,-52.16778299,2012,4,93,299.5470988,1.691929999,0.338888724,0.003968659,1.51473032537381e-05,0.136331482,-0.001012671,8.29292365099653e-06,0.053795871,19192751.33,3.82915E+12,0.252417706,0.478089571,18380.23047,-0.018412814,705.380188,109.3195572,0,-85.82614136,-28.92343521,0,0.00340947,0.4746801
32,-14.83300474,-52.16778299,2013,4,93,299.5859222,1.746353511,0.358970412,0.004142616,2.0261553806637e-05,0.059248147,-0.001231595,1.28665923857271e-05,-0.01310804,19218917.96,4.14677E+12,0.211867144,0.456510466,18380.23047,-0.018412814,705.380188,109.3195572,0,-85.82614136,-28.92343521,0,0.014513724,0.441996742
32,-14.83300474,-52.16778299,2014,4,93,299.4811859,1.777042834,0.351460814,0.004356703,2.14550446803243e-05,-0.051392535,-0.001437534,1.38394982049112e-05,-0.114068645,19068111.42,4.14111E+12,0.089560013,0.473220828,18380.23047,-0.018412814,705.380188,109.3195572,0,-85.82614136,-28.92343521,0,0.013276568,0.459944261
32,-14.83300474,-52.16778299,2015,4,93,299.7279154,2.006730452,0.312464706,0.003923714,1.80722354487845e-05,-0.190148407,-0.00093384,1.18164009860348e-05,-0.247081952,19422248.08,5.19469E+12,-0.054986732,0.498006036,18380.23047,-0.018412814,705.380188,109.3195572,0,-85.82614136,-28.92343521,0,-0.014202459,0.512208496
32,-14.83300474,-52.16778299,2016,4,93,299.8683319,1.908778838,0.279870071,0.004049859,2.0167653321383e-05,-0.316762284,-0.001074138,1.37255202419476e-05,-0.372639207,19333439.08,5.22366E+12,-0.212425782,0.507087141,18380.23047,-0.018412814,705.380188,109.3195572,0,-85.82614136,-28.92343521,0,-0.011419236,0.518506378
32,-14.83300474,-52.16778299,2017,4,93,299.9981689,2.22603736,0.291315834,0.003607362,1.42683782702369e-05,-0.307949917,-0.000638482,8.51481898172507e-06,-0.367690121,19597489.75,5.33489E+12,-0.237880487,0.454613551,18380.23047,-0.018412814,705.380188,109.3195572,0,-85.82614136,-28.92343521,0,0.012525832,0.44208772
32,-14.83300474,-52.16778299,2018,4,93,300.0225779,2.083010301,0.277336135,0.003399273,1.22622548905479e-05,-0.297636196,-0.00041625,6.98252531577483e-06,-0.356976624,19662363.71,4.98399E+12,-0.231941047,0.329535507,18380.23047,-0.018412814,705.380188,109.3195572,0,-85.82614136,-28.92343521,0,-0.003934403,0.33346991
32,-14.83300474,-52.16778299,2019,4,93,300.1297913,1.950087179,0.291160064,0.003285729,1.21716762072844e-05,-0.282710626,-0.000363171,6.63087930626437e-06,-0.338134823,19780119.04,4.52493E+12,-0.208956972,0.257401939,18380.23047,-0.018412814,705.380188,109.3195572,0,-85.82614136,-28.92343521,0,-0.011724661,0.2691266
32,-14.83300474,-52.16778299,2020,4,93,300.0110524,2.160894089,0.298712489,0.003295173,1.09182563785995e-05,-0.197964063,-0.000384909,5.49553446094871e-06,-0.251776947,19895088.25,3.90817E+12,-0.063504984,0.194234504,18380.23047,-0.018412814,705.380188,109.3195572,0,-85.82614136,-28.92343521,0,-0.002938844,0.197173348
32,-14.83300474,-52.16778299,2021,4,93,299.9017792,2.181856333,0.296820027,0.003432222,1.22429125376278e-05,-0.157900669,-0.000553891,6.35660748620206e-06,-0.200284597,19895212.33,3.59438E+12,0.087579169,0.120553333,18380.23047,-0.018412814,705.380188,109.3195572,0,-85.82614136,-28.92343521,0,0.005581561,0.114971772
32,-14.83300474,-52.16778299,2022,4,93,299.8926697,2.277836352,0.354267252,0.003269912,1.31729909646014e-05,-0.073299333,-0.00061345,7.0141102595776e-06,-0.12166409,19002375.58,1.44751E+13,0.254816812,0.098635434,18380.23047,-0.018412814,705.380188,109.3195572,0,-85.82614136,-28.92343521,0,0.020033572,0.078601862
32,-14.83300474,-52.16778299,2023,4,93,299.8846181,2.782974002,0.400882793,0.002947086,1.30523573074999e-05,0.066406063,-0.00076055,6.81952408880186e-06,-0.052729294,15824830.3,3.4888E+13,0.508090088,0.029946413,18380.23047,-0.018412814,705.380188,109.3195572,0,-85.82614136,-28.92343521,0,-0.007711987,0.037658401
32,-14.83300474,-52.16778299,2024,4,93,299.9677938,2.82893354,0.478287856,0.002804091,1.18497294806895e-05,0.185061117,-0.000728688,5.93374126283185e-06,-0.026583706,15238471.47,3.59656E+13,0.664631164,-0.015648383,18380.23047,-0.018412814,705.380188,109.3195572,0,-85.82614136,-28.92343521,0,-0.013297267,-0.002351117
33,-14.83281335,-52.16799773,2000,4,95,299.0032349,1.267964982,NaN,0.004172116,1.5729500877621e-05,NaN,-0.00120111,8.73894324656613e-06,NaN,18920890.5,2.27682E+12,NaN,NaN,4988.004395,0,696.8892822,194.2285461,48.13555145,-82.5007782,-11.32959938,0,NaN,NaN
33,-14.83281335,-52.16799773,2001,4,95,299.0983276,1.035540152,NaN,0.004207486,1.56689901714085e-05,NaN,-0.001175722,9.2381675002122e-06,NaN,19037661.83,2.61462E+12,NaN,NaN,4988.004395,0,696.8892822,194.2285461,48.13555145,-82.5007782,-11.32959938,0,NaN,NaN
33,-14.83281335,-52.16799773,2002,4,95,299.3506131,1.201699399,NaN,0.004224324,1.8296646975116e-05,NaN,-0.001253531,1.11944402931356e-05,NaN,19135941.17,2.89312E+12,NaN,NaN,4988.004395,0,696.8892822,194.2285461,48.13555145,-82.5007782,-11.32959938,0,NaN,NaN
33,-14.83281335,-52.16799773,2003,4,95,299.3559214,1.254493521,NaN,0.004049163,1.67313217682178e-05,NaN,-0.00109757,9.99096495041205e-06,NaN,19180440.33,2.9491E+12,NaN,NaN,4988.004395,0,696.8892822,194.2285461,48.13555145,-82.5007782,-11.32959938,0,NaN,NaN
33,-14.83281335,-52.16799773,2004,4,95,299.4136149,1.406358874,0.227360399,0.004190809,2.19181935245192e-05,0.24495561,-0.001290074,1.49016613524036e-05,0.230849923,19192112.46,4.04032E+12,0.231344477,0.283136396,4988.004395,0,696.8892822,194.2285461,48.13555145,-82.5007782,-11.32959938,0,0,0.283136396
33,-14.83281335,-52.16799773,2005,4,95,299.4924672,1.650959799,0.247078688,0.004162453,2.23833098036539e-05,0.238023968,-0.001332353,1.51719497853297e-05,0.217958944,19090793.29,4.54368E+12,0.173954094,0.347313603,4988.004395,0,696.8892822,194.2285461,48.13555145,-82.5007782,-11.32959938,0,-0.002390955,0.349704558
33,-14.83281335,-52.16799773,2006,4,95,299.3015696,1.583884318,0.19183487,0.004169524,1.98396501754741e-05,0.162759941,-0.001289945,1.31170650768653e-05,0.149732218,18985689.58,4.17663E+12,0.105789973,0.391734782,4988.004395,0,696.8892822,194.2285461,48.13555145,-82.5007782,-11.32959938,0,0.022967287,0.368767496
33,-14.83281335,-52.16799773,2007,4,95,299.4423014,1.82896815,0.175615708,0.004162104,2.10302893812534e-05,0.118743258,-0.001344279,1.38182925675185e-05,0.104891676,19092534.5,4.61493E+12,0.061044371,0.408612177,4988.004395,0,696.8892822,194.2285461,48.13555145,-82.5007782,-11.32959938,0,0.060468079,0.348144098
33,-14.83281335,-52.16799773,2008,4,95,299.4646505,1.993023532,0.179784308,0.004141704,1.8086767764008e-05,0.081690654,-0.001320569,1.05174052893071e-05,0.049301306,19108252.92,4.03186E+12,-0.009808947,0.463700073,4988.004395,0,696.8892822,194.2285461,48.13555145,-82.5007782,-11.32959938,0,0.054281959,0.409418115
33,-14.83281335,-52.16799773,2009,4,95,299.4031677,1.701382895,0.173754205,0.00425748,1.76689189066759e-05,0.030835482,-0.001349772,1.00353397632537e-05,-0.019020554,19065385.04,3.35064E+12,-0.024101783,0.486352699,4988.004395,0,696.8892822,194.2285461,48.13555145,-82.5007782,-11.32959938,0,0.052903879,0.43344882
33,-14.83281335,-52.16799773,2010,4,95,299.6247101,1.853490468,0.235837064,0.004018357,1.72672098943505e-05,0.058427638,-0.001150616,9.70326905006103e-06,-0.016156656,19288306.08,3.70279E+12,0.047284348,0.516771,4988.004395,0,696.8892822,194.2285461,48.13555145,-82.5007782,-11.32959938,0,0.045660942,0.471110058
33,-14.83281335,-52.16799773,2011,4,95,299.4235586,1.82008041,0.299778362,0.004350417,1.83646992806988e-05,0.120807861,-0.001436632,1.05306222963332e-05,0.030802327,18995474.83,3.4487E+12,0.156722219,0.555754691,4988.004395,0,696.8892822,194.2285461,48.13555145,-82.5007782,-11.32959938,0,0.046133784,0.509620907
33,-14.83281335,-52.16799773,2012,4,95,299.5470988,1.691929999,0.338888724,0.003968659,1.51473032537381e-05,0.136331482,-0.001012671,8.29292365099653e-06,0.053795871,19192751.33,3.82915E+12,0.252417706,0.584519265,4988.004395,0,696.8892822,194.2285461,48.13555145,-82.5007782,-11.32959938,0,0.024819275,0.55969999
33,-14.83281335,-52.16799773,2013,4,95,299.5859222,1.746353511,0.358970412,0.004142616,2.0261553806637e-05,0.059248147,-0.001231595,1.28665923857271e-05,-0.01310804,19218917.96,4.14677E+12,0.211867144,0.608286694,4988.004395,0,696.8892822,194.2285461,48.13555145,-82.5007782,-11.32959938,0,0.04139655,0.566890144
33,-14.83281335,-52.16799773,2014,4,95,299.4811859,1.777042834,0.351460814,0.004356703,2.14550446803243e-05,-0.051392535,-0.001437534,1.38394982049112e-05,-0.114068645,19068111.42,4.14111E+12,0.089560013,0.615562024,4988.004395,0,696.8892822,194.2285461,48.13555145,-82.5007782,-11.32959938,0,0.068084368,0.547477656
33,-14.83281335,-52.16799773,2015,4,95,299.7279154,2.006730452,0.312464706,0.003923714,1.80722354487845e-05,-0.190148407,-0.00093384,1.18164009860348e-05,-0.247081952,19422248.08,5.19469E+12,-0.054986732,0.564036796,4988.004395,0,696.8892822,194.2285461,48.13555145,-82.5007782,-11.32959938,0,0.093087927,0.470948869
33,-14.83281335,-52.16799773,2016,4,95,299.8683319,1.908778838,0.279870071,0.004049859,2.0167653321383e-05,-0.316762284,-0.001074138,1.37255202419476e-05,-0.372639207,19333439.08,5.22366E+12,-0.212425782,0.504203929,4988.004395,0,696.8892822,194.2285461,48.13555145,-82.5007782,-11.32959938,0,0.049786598,0.454417331
33,-14.83281335,-52.16799773,2017,4,95,299.9981689,2.22603736,0.291315834,0.003607362,1.42683782702369e-05,-0.307949917,-0.000638482,8.51481898172507e-06,-0.367690121,19597489.75,5.33489E+12,-0.237880487,0.419827929,4988.004395,0,696.8892822,194.2285461,48.13555145,-82.5007782,-11.32959938,0,0.038253287,0.381574642
33,-14.83281335,-52.16799773,2018,4,95,300.0225779,2.083010301,0.277336135,0.003399273,1.22622548905479e-05,-0.297636196,-0.00041625,6.98252531577483e-06,-0.356976624,19662363.71,4.98399E+12,-0.231941047,0.26680354,4988.004395,0,696.8892822,194.2285461,48.13555145,-82.5007782,-11.32959938,0,0.010879188,0.255924352
33,-14.83281335,-52.16799773,2019,4,95,300.1297913,1.950087179,0.291160064,0.003285729,1.21716762072844e-05,-0.282710626,-0.000363171,6.63087930626437e-06,-0.338134823,19780119.04,4.52493E+12,-0.208956972,0.208910255,4988.004395,0,696.8892822,194.2285461,48.13555145,-82.5007782,-11.32959938,0,-0.006918904,0.215829159
33,-14.83281335,-52.16799773,2020,4,95,300.0110524,2.160894089,0.298712489,0.003295173,1.09182563785995e-05,-0.197964063,-0.000384909,5.49553446094871e-06,-0.251776947,19895088.25,3.90817E+12,-0.063504984,0.171012283,4988.004395,0,696.8892822,194.2285461,48.13555145,-82.5007782,-11.32959938,0,0.030273468,0.140738815
33,-14.83281335,-52.16799773,2021,4,95,299.9017792,2.181856333,0.296820027,0.003432222,1.22429125376278e-05,-0.157900669,-0.000553891,6.35660748620206e-06,-0.200284597,19895212.33,3.59438E+12,0.087579169,0.091199874,4988.004395,0,696.8892822,194.2285461,48.13555145,-82.5007782,-11.32959938,0,0.033670788,0.057529086
33,-14.83281335,-52.16799773,2022,4,95,299.8926697,2.277836352,0.354267252,0.003269912,1.31729909646014e-05,-0.073299333,-0.00061345,7.0141102595776e-06,-0.12166409,19002375.58,1.44751E+13,0.254816812,0.113516141,4988.004395,0,696.8892822,194.2285461,48.13555145,-82.5007782,-11.32959938,0,0.041828842,0.071687299
33,-14.83281335,-52.16799773,2023,4,95,299.8846181,2.782974002,0.400882793,0.002947086,1.30523573074999e-05,0.066406063,-0.00076055,6.81952408880186e-06,-0.052729294,15824830.3,3.4888E+13,0.508090088,0.089697869,4988.004395,0,696.8892822,194.2285461,48.13555145,-82.5007782,-11.32959938,0,0.044764555,0.044933315
33,-14.83281335,-52.16799773,2024,4,95,299.9677938,2.82893354,0.478287856,0.002804091,1.18497294806895e-05,0.185061117,-0.000728688,5.93374126283185e-06,-0.026583706,15238471.47,3.59656E+13,0.664631164,0.028062861,4988.004395,0,696.8892822,194.2285461,48.13555145,-82.5007782,-11.32959938,0,0.037625971,-0.00956311
34,-14.83322881,-52.16799306,2000,4,93,299.0032349,1.267964982,NaN,0.004172116,1.5729500877621e-05,NaN,-0.00120111,8.73894324656613e-06,NaN,18920890.5,2.27682E+12,NaN,NaN,10653.30957,-0.007927909,657.4868774,90.66186523,0,-74.29582977,-35.21040344,0,NaN,NaN
34,-14.83322881,-52.16799306,2001,4,93,299.0983276,1.035540152,NaN,0.004207486,1.56689901714085e-05,NaN,-0.001175722,9.2381675002122e-06,NaN,19037661.83,2.61462E+12,NaN,NaN,10653.30957,-0.007927909,657.4868774,90.66186523,0,-74.29582977,-35.21040344,0,NaN,NaN
34,-14.83322881,-52.16799306,2002,4,93,299.3506131,1.201699399,NaN,0.004224324,1.8296646975116e-05,NaN,-0.001253531,1.11944402931356e-05,NaN,19135941.17,2.89312E+12,NaN,NaN,10653.30957,-0.007927909,657.4868774,90.66186523,0,-74.29582977,-35.21040344,0,NaN,NaN
34,-14.83322881,-52.16799306,2003,4,93,299.3559214,1.254493521,NaN,0.004049163,1.67313217682178e-05,NaN,-0.00109757,9.99096495041205e-06,NaN,19180440.33,2.9491E+12,NaN,NaN,10653.30957,-0.007927909,657.4868774,90.66186523,0,-74.29582977,-35.21040344,0,NaN,NaN
34,-14.83322881,-52.16799306,2004,4,93,299.4136149,1.406358874,0.227360399,0.004190809,2.19181935245192e-05,0.24495561,-0.001290074,1.49016613524036e-05,0.230849923,19192112.46,4.04032E+12,0.231344477,0.035056139,10653.30957,-0.007927909,657.4868774,90.66186523,0,-74.29582977,-35.21040344,0,0,0.035056139
34,-14.83322881,-52.16799306,2005,4,93,299.4924672,1.650959799,0.247078688,0.004162453,2.23833098036539e-05,0.238023968,-0.001332353,1.51719497853297e-05,0.217958944,19090793.29,4.54368E+12,0.173954094,0.126458743,10653.30957,-0.007927909,657.4868774,90.66186523,0,-74.29582977,-35.21040344,0,0.001065967,0.125392776
34,-14.83322881,-52.16799306,2006,4,93,299.3015696,1.583884318,0.19183487,0.004169524,1.98396501754741e-05,0.162759941,-0.001289945,1.31170650768653e-05,0.149732218,18985689.58,4.17663E+12,0.105789973,0.21944417,10653.30957,-0.007927909,657.4868774,90.66186523,0,-74.29582977,-35.21040344,0,0.015094127,0.204350043
34,-14.83322881,-52.16799306,2007,4,93,299.4423014,1.82896815,0.175615708,0.004162104,2.10302893812534e-05,0.118743258,-0.001344279,1.38182925675185e-05,0.104891676,19092534.5,4.61493E+12,0.061044371,0.270103461,10653.30957,-0.007927909,657.4868774,90.66186523,0,-74.29582977,-35.21040344,0,0.031557852,0.238545608
34,-14.83322881,-52.16799306,2008,4,93,299.4646505,1.993023532,0.179784308,0.004141704,1.8086767764008e-05,0.081690654,-0.001320569,1.05174052893071e-05,0.049301306,19108252.92,4.03186E+12,-0.009808947,0.375972167,10653.30957,-0.007927909,657.4868774,90.66186523,0,-74.29582977,-35.21040344,0,0.02734208,0.348630087
34,-14.83322881,-52.16799306,2009,4,93,299.4031677,1.701382895,0.173754205,0.00425748,1.76689189066759e-05,0.030835482,-0.001349772,1.00353397632537e-05,-0.019020554,19065385.04,3.35064E+12,-0.024101783,0.452360426,10653.30957,-0.007927909,657.4868774,90.66186523,0,-74.29582977,-35.21040344,0,0.033130214,0.419230212
34,-14.83322881,-52.16799306,2010,4,93,299.6247101,1.853490468,0.235837064,0.004018357,1.72672098943505e-05,0.058427638,-0.001150616,9.70326905006103e-06,-0.016156656,19288306.08,3.70279E+12,0.047284348,0.495361496,10653.30957,-0.007927909,657.4868774,90.66186523,0,-74.29582977,-35.21040344,0,0.004588334,0.490773162
34,-14.83322881,-52.16799306,2011,4,93,299.4235586,1.82008041,0.299778362,0.004350417,1.83646992806988e-05,0.120807861,-0.001436632,1.05306222963332e-05,0.030802327,18995474.83,3.4487E+12,0.156722219,0.526522898,10653.30957,-0.007927909,657.4868774,90.66186523,0,-74.29582977,-35.21040344,0,0.012808892,0.513714005
34,-14.83322881,-52.16799306,2012,4,93,299.5470988,1.691929999,0.338888724,0.003968659,1.51473032537381e-05,0.136331482,-0.001012671,8.29292365099653e-06,0.053795871,19192751.33,3.82915E+12,0.252417706,0.538586206,10653.30957,-0.007927909,657.4868774,90.66186523,0,-74.29582977,-35.21040344,0,-0.000256861,0.538843066
34,-14.83322881,-52.16799306,2013,4,93,299.5859222,1.746353511,0.358970412,0.004142616,2.0261553806637e-05,0.059248147,-0.001231595,1.28665923857271e-05,-0.01310804,19218917.96,4.14677E+12,0.211867144,0.568042917,10653.30957,-0.007927909,657.4868774,90.66186523,0,-74.29582977,-35.21040344,0,0.009689054,0.558353863
34,-14.83322881,-52.16799306,2014,4,93,299.4811859,1.777042834,0.351460814,0.004356703,2.14550446803243e-05,-0.051392535,-0.001437534,1.38394982049112e-05,-0.114068645,19068111.42,4.14111E+12,0.089560013,0.591373035,10653.30957,-0.007927909,657.4868774,90.66186523,0,-74.29582977,-35.21040344,0,0.000776979,0.590596056
34,-14.83322881,-52.16799306,2015,4,93,299.7279154,2.006730452,0.312464706,0.003923714,1.80722354487845e-05,-0.190148407,-0.00093384,1.18164009860348e-05,-0.247081952,19422248.08,5.19469E+12,-0.054986732,0.57223813,10653.30957,-0.007927909,657.4868774,90.66186523,0,-74.29582977,-35.21040344,0,-0.00845216,0.58069029
34,-14.83322881,-52.16799306,2016,4,93,299.8683319,1.908778838,0.279870071,0.004049859,2.0167653321383e-05,-0.316762284,-0.001074138,1.37255202419476e-05,-0.372639207,19333439.08,5.22366E+12,-0.212425782,0.551782258,10653.30957,-0.007927909,657.4868774,90.66186523,0,-74.29582977,-35.21040344,0,-0.001939162,0.55372142
34,-14.83322881,-52.16799306,2017,4,93,299.9981689,2.22603736,0.291315834,0.003607362,1.42683782702369e-05,-0.307949917,-0.000638482,8.51481898172507e-06,-0.367690121,19597489.75,5.33489E+12,-0.237880487,0.446047226,10653.30957,-0.007927909,657.4868774,90.66186523,0,-74.29582977,-35.21040344,0,0.029943772,0.416103454
34,-14.83322881,-52.16799306,2018,4,93,300.0225779,2.083010301,0.277336135,0.003399273,1.22622548905479e-05,-0.297636196,-0.00041625,6.98252531577483e-06,-0.356976624,19662363.71,4.98399E+12,-0.231941047,0.296701037,10653.30957,-0.007927909,657.4868774,90.66186523,0,-74.29582977,-35.21040344,0,0.014356499,0.282344537
34,-14.83322881,-52.16799306,2019,4,93,300.1297913,1.950087179,0.291160064,0.003285729,1.21716762072844e-05,-0.282710626,-0.000363171,6.63087930626437e-06,-0.338134823,19780119.04,4.52493E+12,-0.208956972,0.236478818,10653.30957,-0.007927909,657.4868774,90.66186523,0,-74.29582977,-35.21040344,0,0.008980616,0.227498202
34,-14.83322881,-52.16799306,2020,4,93,300.0110524,2.160894089,0.298712489,0.003295173,1.09182563785995e-05,-0.197964063,-0.000384909,5.49553446094871e-06,-0.251776947,19895088.25,3.90817E+12,-0.063504984,0.198621574,10653.30957,-0.007927909,657.4868774,90.66186523,0,-74.29582977,-35.21040344,0,0.009898804,0.18872277
34,-14.83322881,-52.16799306,2021,4,93,299.9017792,2.181856333,0.296820027,0.003432222,1.22429125376278e-05,-0.157900669,-0.000553891,6.35660748620206e-06,-0.200284597,19895212.33,3.59438E+12,0.087579169,0.145410765,10653.30957,-0.007927909,657.4868774,90.66186523,0,-74.29582977,-35.21040344,0,0.017562069,0.127848695
34,-14.83322881,-52.16799306,2022,4,93,299.8926697,2.277836352,0.354267252,0.003269912,1.31729909646014e-05,-0.073299333,-0.00061345,7.0141102595776e-06,-0.12166409,19002375.58,1.44751E+13,0.254816812,0.157171932,10653.30957,-0.007927909,657.4868774,90.66186523,0,-74.29582977,-35.21040344,0,0.019892188,0.137279745
34,-14.83322881,-52.16799306,2023,4,93,299.8846181,2.782974002,0.400882793,0.002947086,1.30523573074999e-05,0.066406063,-0.00076055,6.81952408880186e-06,-0.052729294,15824830.3,3.4888E+13,0.508090088,0.133008541,10653.30957,-0.007927909,657.4868774,90.66186523,0,-74.29582977,-35.21040344,0,0.012962062,0.120046479
34,-14.83322881,-52.16799306,2024,4,93,299.9677938,2.82893354,0.478287856,0.002804091,1.18497294806895e-05,0.185061117,-0.000728688,5.93374126283185e-06,-0.026583706,15238471.47,3.59656E+13,0.664631164,0.086878191,10653.30957,-0.007927909,657.4868774,90.66186523,0,-74.29582977,-35.21040344,0,0.013695031,0.073183159
35,-14.83300474,-52.16824048,2000,4,95,299.0032349,1.267964982,NaN,0.004172116,1.5729500877621e-05,NaN,-0.00120111,8.73894324656613e-06,NaN,18920890.5,2.27682E+12,NaN,NaN,14239.27539,-0.01255128,751.0708618,157.4942017,34.36223221,-75.77893829,-23.56303024,-9.134300232,NaN,NaN
35,-14.83300474,-52.16824048,2001,4,95,299.0983276,1.035540152,NaN,0.004207486,1.56689901714085e-05,NaN,-0.001175722,9.2381675002122e-06,NaN,19037661.83,2.61462E+12,NaN,NaN,14239.27539,-0.01255128,751.0708618,157.4942017,34.36223221,-75.77893829,-23.56303024,-9.134300232,NaN,NaN
35,-14.83300474,-52.16824048,2002,4,95,299.3506131,1.201699399,NaN,0.004224324,1.8296646975116e-05,NaN,-0.001253531,1.11944402931356e-05,NaN,19135941.17,2.89312E+12,NaN,NaN,14239.27539,-0.01255128,751.0708618,157.4942017,34.36223221,-75.77893829,-23.56303024,-9.134300232,NaN,NaN
35,-14.83300474,-52.16824048,2003,4,95,299.3559214,1.254493521,NaN,0.004049163,1.67313217682178e-05,NaN,-0.00109757,9.99096495041205e-06,NaN,19180440.33,2.9491E+12,NaN,NaN,14239.27539,-0.01255128,751.0708618,157.4942017,34.36223221,-75.77893829,-23.56303024,-9.134300232,NaN,NaN
35,-14.83300474,-52.16824048,2004,4,95,299.4136149,1.406358874,0.227360399,0.004190809,2.19181935245192e-05,0.24495561,-0.001290074,1.49016613524036e-05,0.230849923,19192112.46,4.04032E+12,0.231344477,0.099173613,14239.27539,-0.01255128,751.0708618,157.4942017,34.36223221,-75.77893829,-23.56303024,-9.134300232,0,0.099173613
35,-14.83300474,-52.16824048,2005,4,95,299.4924672,1.650959799,0.247078688,0.004162453,2.23833098036539e-05,0.238023968,-0.001332353,1.51719497853297e-05,0.217958944,19090793.29,4.54368E+12,0.173954094,0.187374304,14239.27539,-0.01255128,751.0708618,157.4942017,34.36223221,-75.77893829,-23.56303024,-9.134300232,0.006123986,0.181250319
35,-14.83300474,-52.16824048,2006,4,95,299.3015696,1.583884318,0.19183487,0.004169524,1.98396501754741e-05,0.162759941,-0.001289945,1.31170650768653e-05,0.149732218,18985689.58,4.17663E+12,0.105789973,0.261675728,14239.27539,-0.01255128,751.0708618,157.4942017,34.36223221,-75.77893829,-23.56303024,-9.134300232,0.015692524,0.245983204
35,-14.83300474,-52.16824048,2007,4,95,299.4423014,1.82896815,0.175615708,0.004162104,2.10302893812534e-05,0.118743258,-0.001344279,1.38182925675185e-05,0.104891676,19092534.5,4.61493E+12,0.061044371,0.293552644,14239.27539,-0.01255128,751.0708618,157.4942017,34.36223221,-75.77893829,-23.56303024,-9.134300232,0.032585978,0.260966666
35,-14.83300474,-52.16824048,2008,4,95,299.4646505,1.993023532,0.179784308,0.004141704,1.8086767764008e-05,0.081690654,-0.001320569,1.05174052893071e-05,0.049301306,19108252.92,4.03186E+12,-0.009808947,0.396331907,14239.27539,-0.01255128,751.0708618,157.4942017,34.36223221,-75.77893829,-23.56303024,-9.134300232,0.032270489,0.364061418
35,-14.83300474,-52.16824048,2009,4,95,299.4031677,1.701382895,0.173754205,0.00425748,1.76689189066759e-05,0.030835482,-0.001349772,1.00353397632537e-05,-0.019020554,19065385.04,3.35064E+12,-0.024101783,0.453094007,14239.27539,-0.01255128,751.0708618,157.4942017,34.36223221,-75.77893829,-23.56303024,-9.134300232,0.027270613,0.425823394
35,-14.83300474,-52.16824048,2010,4,95,299.6247101,1.853490468,0.235837064,0.004018357,1.72672098943505e-05,0.058427638,-0.001150616,9.70326905006103e-06,-0.016156656,19288306.08,3.70279E+12,0.047284348,0.489653738,14239.27539,-0.01255128,751.0708618,157.4942017,34.36223221,-75.77893829,-23.56303024,-9.134300232,0.013671895,0.475981843
35,-14.83300474,-52.16824048,2011,4,95,299.4235586,1.82008041,0.299778362,0.004350417,1.83646992806988e-05,0.120807861,-0.001436632,1.05306222963332e-05,0.030802327,18995474.83,3.4487E+12,0.156722219,0.518332327,14239.27539,-0.01255128,751.0708618,157.4942017,34.36223221,-75.77893829,-23.56303024,-9.134300232,0.015780625,0.502551703
35,-14.83300474,-52.16824048,2012,4,95,299.5470988,1.691929999,0.338888724,0.003968659,1.51473032537381e-05,0.136331482,-0.001012671,8.29292365099653e-06,0.053795871,19192751.33,3.82915E+12,0.252417706,0.521872358,14239.27539,-0.01255128,751.0708618,157.4942017,34.36223221,-75.77893829,-23.56303024,-9.134300232,-0.012133573,0.534005931
35,-14.83300474,-52.16824048,2013,4,95,299.5859222,1.746353511,0.358970412,0.004142616,2.0261553806637e-05,0.059248147,-0.001231595,1.28665923857271e-05,-0.01310804,19218917.96,4.14677E+12,0.211867144,0.556938699,14239.27539,-0.01255128,751.0708618,157.4942017,34.36223221,-75.77893829,-23.56303024,-9.134300232,0.017210635,0.539728064
35,-14.83300474,-52.16824048,2014,4,95,299.4811859,1.777042834,0.351460814,0.004356703,2.14550446803243e-05,-0.051392535,-0.001437534,1.38394982049112e-05,-0.114068645,19068111.42,4.14111E+12,0.089560013,0.592663325,14239.27539,-0.01255128,751.0708618,157.4942017,34.36223221,-75.77893829,-23.56303024,-9.134300232,0.030150537,0.562512788
35,-14.83300474,-52.16824048,2015,4,95,299.7279154,2.006730452,0.312464706,0.003923714,1.80722354487845e-05,-0.190148407,-0.00093384,1.18164009860348e-05,-0.247081952,19422248.08,5.19469E+12,-0.054986732,0.596146375,14239.27539,-0.01255128,751.0708618,157.4942017,34.36223221,-75.77893829,-23.56303024,-9.134300232,0.026940345,0.56920603
35,-14.83300474,-52.16824048,2016,4,95,299.8683319,1.908778838,0.279870071,0.004049859,2.0167653321383e-05,-0.316762284,-0.001074138,1.37255202419476e-05,-0.372639207,19333439.08,5.22366E+12,-0.212425782,0.577520865,14239.27539,-0.01255128,751.0708618,157.4942017,34.36223221,-75.77893829,-23.56303024,-9.134300232,0.019258748,0.558262117
35,-14.83300474,-52.16824048,2017,4,95,299.9981689,2.22603736,0.291315834,0.003607362,1.42683782702369e-05,-0.307949917,-0.000638482,8.51481898172507e-06,-0.367690121,19597489.75,5.33489E+12,-0.237880487,0.476694712,14239.27539,-0.01255128,751.0708618,157.4942017,34.36223221,-75.77893829,-23.56303024,-9.134300232,0.012998626,0.463696086
35,-14.83300474,-52.16824048,2018,4,95,300.0225779,2.083010301,0.277336135,0.003399273,1.22622548905479e-05,-0.297636196,-0.00041625,6.98252531577483e-06,-0.356976624,19662363.71,4.98399E+12,-0.231941047,0.314905183,14239.27539,-0.01255128,751.0708618,157.4942017,34.36223221,-75.77893829,-23.56303024,-9.134300232,0.016902438,0.298002746
35,-14.83300474,-52.16824048,2019,4,95,300.1297913,1.950087179,0.291160064,0.003285729,1.21716762072844e-05,-0.282710626,-0.000363171,6.63087930626437e-06,-0.338134823,19780119.04,4.52493E+12,-0.208956972,0.24873383,14239.27539,-0.01255128,751.0708618,157.4942017,34.36223221,-75.77893829,-23.56303024,-9.134300232,0.015926518,0.232807312
35,-14.83300474,-52.16824048,2020,4,95,300.0110524,2.160894089,0.298712489,0.003295173,1.09182563785995e-05,-0.197964063,-0.000384909,5.49553446094871e-06,-0.251776947,19895088.25,3.90817E+12,-0.063504984,0.214651712,14239.27539,-0.01255128,751.0708618,157.4942017,34.36223221,-75.77893829,-23.56303024,-9.134300232,0.031605902,0.18304581
35,-14.83300474,-52.16824048,2021,4,95,299.9017792,2.181856333,0.296820027,0.003432222,1.22429125376278e-05,-0.157900669,-0.000553891,6.35660748620206e-06,-0.200284597,19895212.33,3.59438E+12,0.087579169,0.16285382,14239.27539,-0.01255128,751.0708618,157.4942017,34.36223221,-75.77893829,-23.56303024,-9.134300232,0.03668224,0.12617158
35,-14.83300474,-52.16824048,2022,4,95,299.8926697,2.277836352,0.354267252,0.003269912,1.31729909646014e-05,-0.073299333,-0.00061345,7.0141102595776e-06,-0.12166409,19002375.58,1.44751E+13,0.254816812,0.177283795,14239.27539,-0.01255128,751.0708618,157.4942017,34.36223221,-75.77893829,-23.56303024,-9.134300232,0.020511934,0.156771861
35,-14.83300474,-52.16824048,2023,4,95,299.8846181,2.782974002,0.400882793,0.002947086,1.30523573074999e-05,0.066406063,-0.00076055,6.81952408880186e-06,-0.052729294,15824830.3,3.4888E+13,0.508090088,0.132568372,14239.27539,-0.01255128,751.0708618,157.4942017,34.36223221,-75.77893829,-23.56303024,-9.134300232,-0.006595635,0.139164007
35,-14.83300474,-52.16824048,2024,4,95,299.9677938,2.82893354,0.478287856,0.002804091,1.18497294806895e-05,0.185061117,-0.000728688,5.93374126283185e-06,-0.026583706,15238471.47,3.59656E+13,0.664631164,0.041395237,14239.27539,-0.01255128,751.0708618,157.4942017,34.36223221,-75.77893829,-23.56303024,-9.134300232,-0.011030195,0.052425432
36,-3.29999504,-72.89999976,2000,4,98,297.9968872,0.484189978,NaN,0.008789928,3.80563180368062e-06,NaN,-0.005034993,4.73701277963644e-06,NaN,16009111.17,4.14178E+12,NaN,NaN,-24103.49219,0.04104146,56.20834732,-11.97228813,-183.9764252,-152.9626007,-102.1601334,-87.5421524,NaN,NaN
36,-3.29999504,-72.89999976,2001,4,98,298.052592,0.48396436,NaN,0.008461012,3.46182355725151e-06,NaN,-0.004716872,4.08166196585183e-06,NaN,16109959,3.55302E+12,NaN,NaN,-24103.49219,0.04104146,56.20834732,-11.97228813,-183.9764252,-152.9626007,-102.1601334,-87.5421524,NaN,NaN
36,-3.29999504,-72.89999976,2002,4,98,298.1588813,0.441866763,NaN,0.008401782,3.682985307694e-06,NaN,-0.004663544,4.25133602582239e-06,NaN,16096794.5,3.44672E+12,NaN,NaN,-24103.49219,0.04104146,56.20834732,-11.97228813,-183.9764252,-152.9626007,-102.1601334,-87.5421524,NaN,NaN
36,-3.29999504,-72.89999976,2003,4,98,298.2058563,0.448229675,NaN,0.00830621,3.80766912212395e-06,NaN,-0.004578492,4.40578738127792e-06,NaN,16072295.65,3.35178E+12,NaN,NaN,-24103.49219,0.04104146,56.20834732,-11.97228813,-183.9764252,-152.9626007,-102.1601334,-87.5421524,NaN,NaN
36,-3.29999504,-72.89999976,2004,4,98,298.3306071,0.523617393,0.425347192,0.008047275,3.59087972848134e-06,0.122578172,-0.004309457,4.1961634203971e-06,0.162038236,16178039.08,3.28529E+12,0.401524694,NaN,-24103.49219,0.04104146,56.20834732,-11.97228813,-183.9764252,-152.9626007,-102.1601334,-87.5421524,0,NaN
36,-3.29999504,-72.89999976,2005,4,98,298.4815623,0.456356827,0.436071616,0.007948934,3.49952343772784e-06,0.135299373,-0.004183177,4.16769704578166e-06,0.171470032,16248002.96,3.36562E+12,0.372233155,NaN,-24103.49219,0.04104146,56.20834732,-11.97228813,-183.9764252,-152.9626007,-102.1601334,-87.5421524,-0.003471916,NaN
36,-3.29999504,-72.89999976,2006,4,98,298.5263418,0.437819717,0.431697532,0.007781124,3.35663629801461e-06,0.167936164,-0.003975765,3.94717903647462e-06,0.201034405,16409764.31,3.22018E+12,0.378124277,NaN,-24103.49219,0.04104146,56.20834732,-11.97228813,-183.9764252,-152.9626007,-102.1601334,-87.5421524,-0.004025527,NaN
36,-3.29999504,-72.89999976,2007,4,98,298.575236,0.453226095,0.404553569,0.007597254,3.24914699871116e-06,0.203451915,-0.003752865,3.87080263823743e-06,0.228661517,16559292.17,3.30426E+12,0.371398572,0.605696129,-24103.49219,0.04104146,56.20834732,-11.97228813,-183.9764252,-152.9626007,-102.1601334,-87.5421524,0.012553084,0.593143046
36,-3.29999504,-72.89999976,2008,4,98,298.5547384,0.348114582,0.3854754,0.007594873,3.4552734121328e-06,0.254851618,-0.003748978,4.07155272302441e-06,0.267821742,16572429.6,3.04875E+12,0.334523436,0.555902293,-24103.49219,0.04104146,56.20834732,-11.97228813,-183.9764252,-152.9626007,-102.1601334,-87.5421524,0.01738246,0.538519832
36,-3.29999504,-72.89999976,2009,4,98,298.504364,0.370323857,0.33999446,0.007866176,4.59010640304428e-06,0.28546985,-0.004047767,5.41024231327447e-06,0.284869757,16466668.69,2.97941E+12,0.276173346,0.451063002,-24103.49219,0.04104146,56.20834732,-11.97228813,-183.9764252,-152.9626007,-102.1601334,-87.5421524,0.029616189,0.421446814
36,-3.29999504,-72.89999976,2010,4,98,298.6173452,0.450373308,0.33379433,0.00782698,5.10347988568677e-06,0.293176657,-0.003999138,6.12413645644904e-06,0.282068358,16464682.83,3.17931E+12,0.209965389,0.443432164,-24103.49219,0.04104146,56.20834732,-11.97228813,-183.9764252,-152.9626007,-102.1601334,-87.5421524,0.048870958,0.394561206
36,-3.29999504,-72.89999976,2011,4,98,298.5923411,0.378471327,0.387585831,0.008047841,5.81953986181263e-06,0.267251434,-0.004245801,6.92736337950603e-06,0.260414105,16340781.54,3.26564E+12,0.205474469,0.438794328,-24103.49219,0.04104146,56.20834732,-11.97228813,-183.9764252,-152.9626007,-102.1601334,-87.5421524,0.042960694,0.395833634
36,-3.29999504,-72.89999976,2012,4,98,298.5870972,0.359563418,0.457419937,0.008234569,7.08579638376913e-06,0.230313547,-0.004436922,8.22428417962855e-06,0.231391313,16281927.06,3.14722E+12,0.230557993,0.472279153,-24103.49219,0.04104146,56.20834732,-11.97228813,-183.9764252,-152.9626007,-102.1601334,-87.5421524,-0.003769046,0.4760482
36,-3.29999504,-72.89999976,2013,4,98,298.5754649,0.368779703,0.567364583,0.008185195,6.25850940208399e-06,0.226626483,-0.004382462,7.26892524769723e-06,0.241217965,16287990.31,3.15609E+12,0.309267171,0.488265407,-24103.49219,0.04104146,56.20834732,-11.97228813,-183.9764252,-152.9626007,-102.1601334,-87.5421524,0.01183249,0.476432917
36,-3.29999504,-72.89999976,2014,4,98,298.4288177,0.27197746,0.596252838,0.008535628,6.1033944395307e-06,0.222774079,-0.00479489,7.06869315121902e-06,0.249157989,16016549.88,2.95317E+12,0.369811464,0.419005814,-24103.49219,0.04104146,56.20834732,-11.97228813,-183.9764252,-152.9626007,-102.1601334,-87.5421524,0.029365336,0.389640478
36,-3.29999504,-72.89999976,2015,4,98,298.4801127,0.354367969,0.533047074,0.008753894,6.52715610129883e-06,0.219287587,-0.005030077,7.86786376954075e-06,0.244023636,15910087.71,3.39844E+12,0.299240786,0.404073568,-24103.49219,0.04104146,56.20834732,-11.97228813,-183.9764252,-152.9626007,-102.1601334,-87.5421524,0.012490161,0.391583407
36,-3.29999504,-72.89999976,2016,4,98,298.6158091,0.462071889,0.468366556,0.008852784,6.31565122455832e-06,0.173148857,-0.005135988,7.52322047606022e-06,0.201782126,15814057.25,3.7908E+12,0.231085488,0.369028947,-24103.49219,0.04104146,56.20834732,-11.97228813,-183.9764252,-152.9626007,-102.1601334,-87.5421524,0.001070992,0.367957955
36,-3.29999504,-72.89999976,2017,4,98,298.7100016,0.397965658,0.385003916,0.008647583,7.06172935451128e-06,0.109671664,-0.004910821,8.26539096529505e-06,0.138718056,15881786.08,3.46286E+12,0.161656651,0.453678121,-24103.49219,0.04104146,56.20834732,-11.97228813,-183.9764252,-152.9626007,-102.1601334,-87.5421524,0.012284295,0.441393825
36,-3.29999504,-72.89999976,2018,4,98,298.733963,0.421034149,0.338887905,0.008571528,7.26400415772752e-06,0.035599315,-0.004829585,8.59987225990569e-06,0.065002078,15902851.85,3.56467E+12,0.112750641,0.560564379,-24103.49219,0.04104146,56.20834732,-11.97228813,-183.9764252,-152.9626007,-102.1601334,-87.5421524,0.048348522,0.512215857
36,-3.29999504,-72.89999976,2019,4,98,298.749705,0.354618293,0.350784029,0.008593833,6.67824145136195e-06,-0.015695099,-0.004840885,7.63892539741542e-06,0.017680962,15914915.23,2.85189E+12,0.148749247,0.47810259,-24103.49219,0.04104146,56.20834732,-11.97228813,-183.9764252,-152.9626007,-102.1601334,-87.5421524,0.07416917,0.40393342
36,-3.29999504,-72.89999976,2020,4,98,298.7841237,0.303203738,0.339752861,0.008184006,6.45271532526552e-06,0.008623296,-0.004399652,7.52595959401563e-06,0.039888518,16098352.42,3.01144E+12,0.17623724,0.366017705,-24103.49219,0.04104146,56.20834732,-11.97228813,-183.9764252,-152.9626007,-102.1601334,-87.5421524,0.034064982,0.331952723
36,-3.29999504,-72.89999976,2021,4,98,298.7458547,0.362379093,0.333485012,0.008389023,7.37033395457137e-06,0.027137207,-0.004589621,8.52775275004584e-06,0.054362187,16138046.4,3.75893E+12,0.229605176,0.311320547,-24103.49219,0.04104146,56.20834732,-11.97228813,-183.9764252,-152.9626007,-102.1601334,-87.5421524,0.049838073,0.261482475
36,-3.29999504,-72.89999976,2022,4,98,298.7908223,0.368466651,0.334302426,0.007882623,9.74154803212741e-06,0.081911087,-0.00426475,8.9915505122788e-06,0.099574648,15351787.78,1.1048E+13,0.302788364,0.359550405,-24103.49219,0.04104146,56.20834732,-11.97228813,-183.9764252,-152.9626007,-102.1601334,-87.5421524,0.020008135,0.339542269
36,-3.29999504,-72.89999976,2023,4,98,298.9406484,0.610110918,0.352180879,0.006405815,1.19464777570422e-05,0.217958623,-0.003384277,8.34865028279825e-06,0.159255605,12766011.97,2.90074E+13,0.477701168,0.501876512,-24103.49219,0.04104146,56.20834732,-11.97228813,-183.9764252,-152.9626007,-102.1601334,-87.5421524,0.003256212,0.4986203
36,-3.29999504,-72.89999976,2024,4,98,299.1216838,0.804575369,0.43893931,0.006378316,1.33094112633917e-05,0.349958158,-0.003426191,9.80451650150058e-06,0.201787332,12466150.76,3.24491E+13,0.654969171,0.637809446,-24103.49219,0.04104146,56.20834732,-11.97228813,-183.9764252,-152.9626007,-102.1601334,-87.5421524,0.017318676,0.62049077
37,-3.29999504,-72.89968466,2000,4,98,297.9968872,0.484189978,NaN,0.008789928,3.80563180368062e-06,NaN,-0.005034993,4.73701277963644e-06,NaN,16009111.17,4.14178E+12,NaN,NaN,-27089.41602,0.044925869,81.1574173,0,-146.0544586,-119.1974106,-49.40942383,-41.26105499,NaN,NaN
37,-3.29999504,-72.89968466,2001,4,98,298.052592,0.48396436,NaN,0.008461012,3.46182355725151e-06,NaN,-0.004716872,4.08166196585183e-06,NaN,16109959,3.55302E+12,NaN,NaN,-27089.41602,0.044925869,81.1574173,0,-146.0544586,-119.1974106,-49.40942383,-41.26105499,NaN,NaN
37,-3.29999504,-72.89968466,2002,4,98,298.1588813,0.441866763,NaN,0.008401782,3.682985307694e-06,NaN,-0.004663544,4.25133602582239e-06,NaN,16096794.5,3.44672E+12,NaN,NaN,-27089.41602,0.044925869,81.1574173,0,-146.0544586,-119.1974106,-49.40942383,-41.26105499,NaN,NaN
37,-3.29999504,-72.89968466,2003,4,98,298.2058563,0.448229675,NaN,0.00830621,3.80766912212395e-06,NaN,-0.004578492,4.40578738127792e-06,NaN,16072295.65,3.35178E+12,NaN,NaN,-27089.41602,0.044925869,81.1574173,0,-146.0544586,-119.1974106,-49.40942383,-41.26105499,NaN,NaN
37,-3.29999504,-72.89968466,2004,4,98,298.3306071,0.523617393,0.425347192,0.008047275,3.59087972848134e-06,0.122578172,-0.004309457,4.1961634203971e-06,0.162038236,16178039.08,3.28529E+12,0.401524694,NaN,-27089.41602,0.044925869,81.1574173,0,-146.0544586,-119.1974106,-49.40942383,-41.26105499,0,NaN
37,-3.29999504,-72.89968466,2005,4,98,298.4815623,0.456356827,0.436071616,0.007948934,3.49952343772784e-06,0.135299373,-0.004183177,4.16769704578166e-06,0.171470032,16248002.96,3.36562E+12,0.372233155,NaN,-27089.41602,0.044925869,81.1574173,0,-146.0544586,-119.1974106,-49.40942383,-41.26105499,-0.00347739,NaN
37,-3.29999504,-72.89968466,2006,4,98,298.5263418,0.437819717,0.431697532,0.007781124,3.35663629801461e-06,0.167936164,-0.003975765,3.94717903647462e-06,0.201034405,16409764.31,3.22018E+12,0.378124277,NaN,-27089.41602,0.044925869,81.1574173,0,-146.0544586,-119.1974106,-49.40942383,-41.26105499,-0.011412228,NaN
37,-3.29999504,-72.89968466,2007,4,98,298.575236,0.453226095,0.404553569,0.007597254,3.24914699871116e-06,0.203451915,-0.003752865,3.87080263823743e-06,0.228661517,16559292.17,3.30426E+12,0.371398572,NaN,-27089.41602,0.044925869,81.1574173,0,-146.0544586,-119.1974106,-49.40942383,-41.26105499,0.009851369,NaN
37,-3.29999504,-72.89968466,2008,4,98,298.5547384,0.348114582,0.3854754,0.007594873,3.4552734121328e-06,0.254851618,-0.003748978,4.07155272302441e-06,0.267821742,16572429.6,3.04875E+12,0.334523436,NaN,-27089.41602,0.044925869,81.1574173,0,-146.0544586,-119.1974106,-49.40942383,-41.26105499,0.008098628,NaN
37,-3.29999504,-72.89968466,2009,4,98,298.504364,0.370323857,0.33999446,0.007866176,4.59010640304428e-06,0.28546985,-0.004047767,5.41024231327447e-06,0.284869757,16466668.69,2.97941E+12,0.276173346,0.430547018,-27089.41602,0.044925869,81.1574173,0,-146.0544586,-119.1974106,-49.40942383,-41.26105499,0.01778175,0.412765269
37,-3.29999504,-72.89968466,2010,4,98,298.6173452,0.450373308,0.33379433,0.00782698,5.10347988568677e-06,0.293176657,-0.003999138,6.12413645644904e-06,0.282068358,16464682.83,3.17931E+12,0.209965389,0.317227643,-27089.41602,0.044925869,81.1574173,0,-146.0544586,-119.1974106,-49.40942383,-41.26105499,0.031488826,0.285738817
37,-3.29999504,-72.89968466,2011,4,98,298.5923411,0.378471327,0.387585831,0.008047841,5.81953986181263e-06,0.267251434,-0.004245801,6.92736337950603e-06,0.260414105,16340781.54,3.26564E+12,0.205474469,0.247690025,-27089.41602,0.044925869,81.1574173,0,-146.0544586,-119.1974106,-49.40942383,-41.26105499,0.018903923,0.228786102
37,-3.29999504,-72.89968466,2012,4,98,298.5870972,0.359563418,0.457419937,0.008234569,7.08579638376913e-06,0.230313547,-0.004436922,8.22428417962855e-06,0.231391313,16281927.06,3.14722E+12,0.230557993,0.253491151,-27089.41602,0.044925869,81.1574173,0,-146.0544586,-119.1974106,-49.40942383,-41.26105499,0.019294306,0.234196845
37,-3.29999504,-72.89968466,2013,4,98,298.5754649,0.368779703,0.567364583,0.008185195,6.25850940208399e-06,0.226626483,-0.004382462,7.26892524769723e-06,0.241217965,16287990.31,3.15609E+12,0.309267171,0.202994346,-27089.41602,0.044925869,81.1574173,0,-146.0544586,-119.1974106,-49.40942383,-41.26105499,0.00362416,0.199370186
37,-3.29999504,-72.89968466,2014,4,98,298.4288177,0.27197746,0.596252838,0.008535628,6.1033944395307e-06,0.222774079,-0.00479489,7.06869315121902e-06,0.249157989,16016549.88,2.95317E+12,0.369811464,0.219034931,-27089.41602,0.044925869,81.1574173,0,-146.0544586,-119.1974106,-49.40942383,-41.26105499,0.004432053,0.214602879
37,-3.29999504,-72.89968466,2015,4,98,298.4801127,0.354367969,0.533047074,0.008753894,6.52715610129883e-06,0.219287587,-0.005030077,7.86786376954075e-06,0.244023636,15910087.71,3.39844E+12,0.299240786,0.308269883,-27089.41602,0.044925869,81.1574173,0,-146.0544586,-119.1974106,-49.40942383,-41.26105499,0.017565093,0.290704789
37,-3.29999504,-72.89968466,2016,4,98,298.6158091,0.462071889,0.468366556,0.008852784,6.31565122455832e-06,0.173148857,-0.005135988,7.52322047606022e-06,0.201782126,15814057.25,3.7908E+12,0.231085488,0.366781768,-27089.41602,0.044925869,81.1574173,0,-146.0544586,-119.1974106,-49.40942383,-41.26105499,0.005904899,0.360876869
37,-3.29999504,-72.89968466,2017,4,98,298.7100016,0.397965658,0.385003916,0.008647583,7.06172935451128e-06,0.109671664,-0.004910821,8.26539096529505e-06,0.138718056,15881786.08,3.46286E+12,0.161656651,0.455062809,-27089.41602,0.044925869,81.1574173,0,-146.0544586,-119.1974106,-49.40942383,-41.26105499,0.006047729,0.44901508
37,-3.29999504,-72.89968466,2018,4,98,298.733963,0.421034149,0.338887905,0.008571528,7.26400415772752e-06,0.035599315,-0.004829585,8.59987225990569e-06,0.065002078,15902851.85,3.56467E+12,0.112750641,0.479780989,-27089.41602,0.044925869,81.1574173,0,-146.0544586,-119.1974106,-49.40942383,-41.26105499,0.03595644,0.443824549
37,-3.29999504,-72.89968466,2019,4,98,298.749705,0.354618293,0.350784029,0.008593833,6.67824145136195e-06,-0.015695099,-0.004840885,7.63892539741542e-06,0.017680962,15914915.23,2.85189E+12,0.148749247,0.391377215,-27089.41602,0.044925869,81.1574173,0,-146.0544586,-119.1974106,-49.40942383,-41.26105499,0.061587379,0.329789837
37,-3.29999504,-72.89968466,2020,4,98,298.7841237,0.303203738,0.339752861,0.008184006,6.45271532526552e-06,0.008623296,-0.004399652,7.52595959401563e-06,0.039888518,16098352.42,3.01144E+12,0.17623724,0.370556495,-27089.41602,0.044925869,81.1574173,0,-146.0544586,-119.1974106,-49.40942383,-41.26105499,0.034795555,0.335760939
37,-3.29999504,-72.89968466,2021,4,98,298.7458547,0.362379093,0.333485012,0.008389023,7.37033395457137e-06,0.027137207,-0.004589621,8.52775275004584e-06,0.054362187,16138046.4,3.75893E+12,0.229605176,0.368101157,-27089.41602,0.044925869,81.1574173,0,-146.0544586,-119.1974106,-49.40942383,-41.26105499,0.038149652,0.329951505
37,-3.29999504,-72.89968466,2022,4,98,298.7908223,0.368466651,0.334302426,0.007882623,9.74154803212741e-06,0.081911087,-0.00426475,8.9915505122788e-06,0.099574648,15351787.78,1.1048E+13,0.302788364,0.449299505,-27089.41602,0.044925869,81.1574173,0,-146.0544586,-119.1974106,-49.40942383,-41.26105499,0.028194447,0.421105059
37,-3.29999504,-72.89968466,2023,4,98,298.9406484,0.610110918,0.352180879,0.006405815,1.19464777570422e-05,0.217958623,-0.003384277,8.34865028279825e-06,0.159255605,12766011.97,2.90074E+13,0.477701168,0.617563115,-27089.41602,0.044925869,81.1574173,0,-146.0544586,-119.1974106,-49.40942383,-41.26105499,-0.004026955,0.62159007
37,-3.29999504,-72.89968466,2024,4,98,299.1216838,0.804575369,0.43893931,0.006378316,1.33094112633917e-05,0.349958158,-0.003426191,9.80451650150058e-06,0.201787332,12466150.76,3.24491E+13,0.654969171,0.689463551,-27089.41602,0.044925869,81.1574173,0,-146.0544586,-119.1974106,-49.40942383,-41.26105499,-0.004863192,0.694326744
38,-3.2997272,-72.89999713,2000,4,93,297.9968872,0.484189978,NaN,0.008789928,3.80563180368062e-06,NaN,-0.005034993,4.73701277963644e-06,NaN,16009111.17,4.14178E+12,NaN,NaN,-11302.81641,0.023988163,69.02227783,-47.63133621,-205.8901215,0,-123.3037415,-105.4570694,NaN,NaN
38,-3.2997272,-72.89999713,2001,4,93,298.052592,0.48396436,NaN,0.008461012,3.46182355725151e-06,NaN,-0.004716872,4.08166196585183e-06,NaN,16109959,3.55302E+12,NaN,NaN,-11302.81641,0.023988163,69.02227783,-47.63133621,-205.8901215,0,-123.3037415,-105.4570694,NaN,NaN
38,-3.2997272,-72.89999713,2002,4,93,298.1588813,0.441866763,NaN,0.008401782,3.682985307694e-06,NaN,-0.004663544,4.25133602582239e-06,NaN,16096794.5,3.44672E+12,NaN,NaN,-11302.81641,0.023988163,69.02227783,-47.63133621,-205.8901215,0,-123.3037415,-105.4570694,NaN,NaN
38,-3.2997272,-72.89999713,2003,4,93,298.2058563,0.448229675,NaN,0.00830621,3.80766912212395e-06,NaN,-0.004578492,4.40578738127792e-06,NaN,16072295.65,3.35178E+12,NaN,NaN,-11302.81641,0.023988163,69.02227783,-47.63133621,-205.8901215,0,-123.3037415,-105.4570694,NaN,NaN
38,-3.2997272,-72.89999713,2004,4,93,298.3306071,0.523617393,0.425347192,0.008047275,3.59087972848134e-06,0.122578172,-0.004309457,4.1961634203971e-06,0.162038236,16178039.08,3.28529E+12,0.401524694,NaN,-11302.81641,0.023988163,69.02227783,-47.63133621,-205.8901215,0,-123.3037415,-105.4570694,0,NaN
38,-3.2997272,-72.89999713,2005,4,93,298.4815623,0.456356827,0.436071616,0.007948934,3.49952343772784e-06,0.135299373,-0.004183177,4.16769704578166e-06,0.171470032,16248002.96,3.36562E+12,0.372233155,-0.006906105,-11302.81641,0.023988163,69.02227783,-47.63133621,-205.8901215,0,-123.3037415,-105.4570694,0.006350008,-0.013256112
38,-3.2997272,-72.89999713,2006,4,93,298.5263418,0.437819717,0.431697532,0.007781124,3.35663629801461e-06,0.167936164,-0.003975765,3.94717903647462e-06,0.201034405,16409764.31,3.22018E+12,0.378124277,-0.006906105,-11302.81641,0.023988163,69.02227783,-47.63133621,-205.8901215,0,-123.3037415,-105.4570694,0.008558104,-0.015464209
38,-3.2997272,-72.89999713,2007,4,93,298.575236,0.453226095,0.404553569,0.007597254,3.24914699871116e-06,0.203451915,-0.003752865,3.87080263823743e-06,0.228661517,16559292.17,3.30426E+12,0.371398572,0.252489673,-11302.81641,0.023988163,69.02227783,-47.63133621,-205.8901215,0,-123.3037415,-105.4570694,0.020901417,0.231588256
38,-3.2997272,-72.89999713,2008,4,93,298.5547384,0.348114582,0.3854754,0.007594873,3.4552734121328e-06,0.254851618,-0.003748978,4.07155272302441e-06,0.267821742,16572429.6,3.04875E+12,0.334523436,0.209414278,-11302.81641,0.023988163,69.02227783,-47.63133621,-205.8901215,0,-123.3037415,-105.4570694,0.023635502,0.185778776
38,-3.2997272,-72.89999713,2009,4,93,298.504364,0.370323857,0.33999446,0.007866176,4.59010640304428e-06,0.28546985,-0.004047767,5.41024231327447e-06,0.284869757,16466668.69,2.97941E+12,0.276173346,0.12251555,-11302.81641,0.023988163,69.02227783,-47.63133621,-205.8901215,0,-123.3037415,-105.4570694,0.005365188,0.117150363
38,-3.2997272,-72.89999713,2010,4,93,298.6173452,0.450373308,0.33379433,0.00782698,5.10347988568677e-06,0.293176657,-0.003999138,6.12413645644904e-06,0.282068358,16464682.83,3.17931E+12,0.209965389,0.188061897,-11302.81641,0.023988163,69.02227783,-47.63133621,-205.8901215,0,-123.3037415,-105.4570694,0.005712851,0.182349046
38,-3.2997272,-72.89999713,2011,4,93,298.5923411,0.378471327,0.387585831,0.008047841,5.81953986181263e-06,0.267251434,-0.004245801,6.92736337950603e-06,0.260414105,16340781.54,3.26564E+12,0.205474469,0.267797738,-11302.81641,0.023988163,69.02227783,-47.63133621,-205.8901215,0,-123.3037415,-105.4570694,-0.006269295,0.274067033
38,-3.2997272,-72.89999713,2012,4,93,298.5870972,0.359563418,0.457419937,0.008234569,7.08579638376913e-06,0.230313547,-0.004436922,8.22428417962855e-06,0.231391313,16281927.06,3.14722E+12,0.230557993,0.400653641,-11302.81641,0.023988163,69.02227783,-47.63133621,-205.8901215,0,-123.3037415,-105.4570694,-0.006852206,0.407505847
38,-3.2997272,-72.89999713,2013,4,93,298.5754649,0.368779703,0.567364583,0.008185195,6.25850940208399e-06,0.226626483,-0.004382462,7.26892524769723e-06,0.241217965,16287990.31,3.15609E+12,0.309267171,0.530480128,-11302.81641,0.023988163,69.02227783,-47.63133621,-205.8901215,0,-123.3037415,-105.4570694,0.014589507,0.515890622
38,-3.2997272,-72.89999713,2014,4,93,298.4288177,0.27197746,0.596252838,0.008535628,6.1033944395307e-06,0.222774079,-0.00479489,7.06869315121902e-06,0.249157989,16016549.88,2.95317E+12,0.369811464,0.550994626,-11302.81641,0.023988163,69.02227783,-47.63133621,-205.8901215,0,-123.3037415,-105.4570694,0.04539963,0.505594995
38,-3.2997272,-72.89999713,2015,4,93,298.4801127,0.354367969,0.533047074,0.008753894,6.52715610129883e-06,0.219287587,-0.005030077,7.86786376954075e-06,0.244023636,15910087.71,3.39844E+12,0.299240786,0.559034715,-11302.81641,0.023988163,69.02227783,-47.63133621,-205.8901215,0,-123.3037415,-105.4570694,0.047245067,0.511789648
38,-3.2997272,-72.89999713,2016,4,93,298.6158091,0.462071889,0.468366556,0.008852784,6.31565122455832e-06,0.173148857,-0.005135988,7.52322047606022e-06,0.201782126,15814057.25,3.7908E+12,0.231085488,0.572548323,-11302.81641,0.023988163,69.02227783,-47.63133621,-205.8901215,0,-123.3037415,-105.4570694,0.010218899,0.562329425
38,-3.2997272,-72.89999713,2017,4,93,298.7100016,0.397965658,0.385003916,0.008647583,7.06172935451128e-06,0.109671664,-0.004910821,8.26539096529505e-06,0.138718056,15881786.08,3.46286E+12,0.161656651,0.648033026,-11302.81641,0.023988163,69.02227783,-47.63133621,-205.8901215,0,-123.3037415,-105.4570694,-0.004380487,0.652413512
38,-3.2997272,-72.89999713,2018,4,93,298.733963,0.421034149,0.338887905,0.008571528,7.26400415772752e-06,0.035599315,-0.004829585,8.59987225990569e-06,0.065002078,15902851.85,3.56467E+12,0.112750641,0.697299498,-11302.81641,0.023988163,69.02227783,-47.63133621,-205.8901215,0,-123.3037415,-105.4570694,-0.01345457,0.710754068
38,-3.2997272,-72.89999713,2019,4,93,298.749705,0.354618293,0.350784029,0.008593833,6.67824145136195e-06,-0.015695099,-0.004840885,7.63892539741542e-06,0.017680962,15914915.23,2.85189E+12,0.148749247,0.616728343,-11302.81641,0.023988163,69.02227783,-47.63133621,-205.8901215,0,-123.3037415,-105.4570694,0.018668486,0.598059858
38,-3.2997272,-72.89999713,2020,4,93,298.7841237,0.303203738,0.339752861,0.008184006,6.45271532526552e-06,0.008623296,-0.004399652,7.52595959401563e-06,0.039888518,16098352.42,3.01144E+12,0.17623724,0.404641913,-11302.81641,0.023988163,69.02227783,-47.63133621,-205.8901215,0,-123.3037415,-105.4570694,-0.007943958,0.412585871
38,-3.2997272,-72.89999713,2021,4,93,298.7458547,0.362379093,0.333485012,0.008389023,7.37033395457137e-06,0.027137207,-0.004589621,8.52775275004584e-06,0.054362187,16138046.4,3.75893E+12,0.229605176,0.306492472,-11302.81641,0.023988163,69.02227783,-47.63133621,-205.8901215,0,-123.3037415,-105.4570694,-0.03000177,0.336494242
38,-3.2997272,-72.89999713,2022,4,93,298.7908223,0.368466651,0.334302426,0.007882623,9.74154803212741e-06,0.081911087,-0.00426475,8.9915505122788e-06,0.099574648,15351787.78,1.1048E+13,0.302788364,0.305993561,-11302.81641,0.023988163,69.02227783,-47.63133621,-205.8901215,0,-123.3037415,-105.4570694,-0.015205575,0.321199136
38,-3.2997272,-72.89999713,2023,4,93,298.9406484,0.610110918,0.352180879,0.006405815,1.19464777570422e-05,0.217958623,-0.003384277,8.34865028279825e-06,0.159255605,12766011.97,2.90074E+13,0.477701168,0.396086589,-11302.81641,0.023988163,69.02227783,-47.63133621,-205.8901215,0,-123.3037415,-105.4570694,-0.012683697,0.408770285
38,-3.2997272,-72.89999713,2024,4,93,299.1216838,0.804575369,0.43893931,0.006378316,1.33094112633917e-05,0.349958158,-0.003426191,9.80451650150058e-06,0.201787332,12466150.76,3.24491E+13,0.654969171,0.5296968,-11302.81641,0.023988163,69.02227783,-47.63133621,-205.8901215,0,-123.3037415,-105.4570694,-0.007885794,0.537582594
39,-3.30025976,-72.8999909,2000,4,97,297.9968872,0.484189978,NaN,0.008789928,3.80563180368062e-06,NaN,-0.005034993,4.73701277963644e-06,NaN,16009111.17,4.14178E+12,NaN,NaN,NaN,NaN,NaN,NaN,NaN,NaN,NaN,NaN,NaN,NaN
39,-3.30025976,-72.8999909,2001,4,97,298.052592,0.48396436,NaN,0.008461012,3.46182355725151e-06,NaN,-0.004716872,4.08166196585183e-06,NaN,16109959,3.55302E+12,NaN,NaN,NaN,NaN,NaN,NaN,NaN,NaN,NaN,NaN,NaN,NaN
39,-3.30025976,-72.8999909,2002,4,97,298.1588813,0.441866763,NaN,0.008401782,3.682985307694e-06,NaN,-0.004663544,4.25133602582239e-06,NaN,16096794.5,3.44672E+12,NaN,NaN,NaN,NaN,NaN,NaN,NaN,NaN,NaN,NaN,NaN,NaN
39,-3.30025976,-72.8999909,2003,4,97,298.2058563,0.448229675,NaN,0.00830621,3.80766912212395e-06,NaN,-0.004578492,4.40578738127792e-06,NaN,16072295.65,3.35178E+12,NaN,NaN,NaN,NaN,NaN,NaN,NaN,NaN,NaN,NaN,NaN,NaN
39,-3.30025976,-72.8999909,2004,4,97,298.3306071,0.523617393,0.425347192,0.008047275,3.59087972848134e-06,0.122578172,-0.004309457,4.1961634203971e-06,0.162038236,16178039.08,3.28529E+12,0.401524694,NaN,NaN,NaN,NaN,NaN,NaN,NaN,NaN,NaN,NaN,NaN
39,-3.30025976,-72.8999909,2005,4,97,298.4815623,0.456356827,0.436071616,0.007948934,3.49952343772784e-06,0.135299373,-0.004183177,4.16769704578166e-06,0.171470032,16248002.96,3.36562E+12,0.372233155,NaN,NaN,NaN,NaN,NaN,NaN,NaN,NaN,NaN,NaN,NaN
39,-3.30025976,-72.8999909,2006,4,97,298.5263418,0.437819717,0.431697532,0.007781124,3.35663629801461e-06,0.167936164,-0.003975765,3.94717903647462e-06,0.201034405,16409764.31,3.22018E+12,0.378124277,NaN,NaN,NaN,NaN,NaN,NaN,NaN,NaN,NaN,NaN,NaN
39,-3.30025976,-72.8999909,2007,4,97,298.575236,0.453226095,0.404553569,0.007597254,3.24914699871116e-06,0.203451915,-0.003752865,3.87080263823743e-06,0.228661517,16559292.17,3.30426E+12,0.371398572,NaN,NaN,NaN,NaN,NaN,NaN,NaN,NaN,NaN,NaN,NaN
39,-3.30025976,-72.8999909,2008,4,97,298.5547384,0.348114582,0.3854754,0.007594873,3.4552734121328e-06,0.254851618,-0.003748978,4.07155272302441e-06,0.267821742,16572429.6,3.04875E+12,0.334523436,NaN,NaN,NaN,NaN,NaN,NaN,NaN,NaN,NaN,NaN,NaN
39,-3.30025976,-72.8999909,2009,4,97,298.504364,0.370323857,0.33999446,0.007866176,4.59010640304428e-06,0.28546985,-0.004047767,5.41024231327447e-06,0.284869757,16466668.69,2.97941E+12,0.276173346,0.337685103,NaN,NaN,NaN,NaN,NaN,NaN,NaN,NaN,NaN,NaN
39,-3.30025976,-72.8999909,2010,4,97,298.6173452,0.450373308,0.33379433,0.00782698,5.10347988568677e-06,0.293176657,-0.003999138,6.12413645644904e-06,0.282068358,16464682.83,3.17931E+12,0.209965389,0.449710712,NaN,NaN,NaN,NaN,NaN,NaN,NaN,NaN,NaN,NaN
39,-3.30025976,-72.8999909,2011,4,97,298.5923411,0.378471327,0.387585831,0.008047841,5.81953986181263e-06,0.267251434,-0.004245801,6.92736337950603e-06,0.260414105,16340781.54,3.26564E+12,0.205474469,0.476987901,NaN,NaN,NaN,NaN,NaN,NaN,NaN,NaN,NaN,NaN
39,-3.30025976,-72.8999909,2012,4,97,298.5870972,0.359563418,0.457419937,0.008234569,7.08579638376913e-06,0.230313547,-0.004436922,8.22428417962855e-06,0.231391313,16281927.06,3.14722E+12,0.230557993,0.49554363,NaN,NaN,NaN,NaN,NaN,NaN,NaN,NaN,NaN,NaN
39,-3.30025976,-72.8999909,2013,4,97,298.5754649,0.368779703,0.567364583,0.008185195,6.25850940208399e-06,0.226626483,-0.004382462,7.26892524769723e-06,0.241217965,16287990.31,3.15609E+12,0.309267171,0.517675243,NaN,NaN,NaN,NaN,NaN,NaN,NaN,NaN,NaN,NaN
39,-3.30025976,-72.8999909,2014,4,97,298.4288177,0.27197746,0.596252838,0.008535628,6.1033944395307e-06,0.222774079,-0.00479489,7.06869315121902e-06,0.249157989,16016549.88,2.95317E+12,0.369811464,0.363890041,NaN,NaN,NaN,NaN,NaN,NaN,NaN,NaN,NaN,NaN
39,-3.30025976,-72.8999909,2015,4,97,298.4801127,0.354367969,0.533047074,0.008753894,6.52715610129883e-06,0.219287587,-0.005030077,7.86786376954075e-06,0.244023636,15910087.71,3.39844E+12,0.299240786,0.245030435,NaN,NaN,NaN,NaN,NaN,NaN,NaN,NaN,NaN,NaN
39,-3.30025976,-72.8999909,2016,4,97,298.6158091,0.462071889,0.468366556,0.008852784,6.31565122455832e-06,0.173148857,-0.005135988,7.52322047606022e-06,0.201782126,15814057.25,3.7908E+12,0.231085488,0.099699733,NaN,NaN,NaN,NaN,NaN,NaN,NaN,NaN,NaN,NaN
39,-3.30025976,-72.8999909,2017,4,97,298.7100016,0.397965658,0.385003916,0.008647583,7.06172935451128e-06,0.109671664,-0.004910821,8.26539096529505e-06,0.138718056,15881786.08,3.46286E+12,0.161656651,0.025910963,NaN,NaN,NaN,NaN,NaN,NaN,NaN,NaN,NaN,NaN
39,-3.30025976,-72.8999909,2018,4,97,298.733963,0.421034149,0.338887905,0.008571528,7.26400415772752e-06,0.035599315,-0.004829585,8.59987225990569e-06,0.065002078,15902851.85,3.56467E+12,0.112750641,0.052732562,NaN,NaN,NaN,NaN,NaN,NaN,NaN,NaN,NaN,NaN
39,-3.30025976,-72.8999909,2019,4,97,298.749705,0.354618293,0.350784029,0.008593833,6.67824145136195e-06,-0.015695099,-0.004840885,7.63892539741542e-06,0.017680962,15914915.23,2.85189E+12,0.148749247,0.027566389,NaN,NaN,NaN,NaN,NaN,NaN,NaN,NaN,NaN,NaN
39,-3.30025976,-72.8999909,2020,4,97,298.7841237,0.303203738,0.339752861,0.008184006,6.45271532526552e-06,0.008623296,-0.004399652,7.52595959401563e-06,0.039888518,16098352.42,3.01144E+12,0.17623724,0.037499448,NaN,NaN,NaN,NaN,NaN,NaN,NaN,NaN,NaN,NaN
39,-3.30025976,-72.8999909,2021,4,97,298.7458547,0.362379093,0.333485012,0.008389023,7.37033395457137e-06,0.027137207,-0.004589621,8.52775275004584e-06,0.054362187,16138046.4,3.75893E+12,0.229605176,0.063631622,NaN,NaN,NaN,NaN,NaN,NaN,NaN,NaN,NaN,NaN
39,-3.30025976,-72.8999909,2022,4,97,298.7908223,0.368466651,0.334302426,0.007882623,9.74154803212741e-06,0.081911087,-0.00426475,8.9915505122788e-06,0.099574648,15351787.78,1.1048E+13,0.302788364,0.18151851,NaN,NaN,NaN,NaN,NaN,NaN,NaN,NaN,NaN,NaN
39,-3.30025976,-72.8999909,2023,4,97,298.9406484,0.610110918,0.352180879,0.006405815,1.19464777570422e-05,0.217958623,-0.003384277,8.34865028279825e-06,0.159255605,12766011.97,2.90074E+13,0.477701168,0.340053544,NaN,NaN,NaN,NaN,NaN,NaN,NaN,NaN,NaN,NaN
39,-3.30025976,-72.8999909,2024,4,97,299.1216838,0.804575369,0.43893931,0.006378316,1.33094112633917e-05,0.349958158,-0.003426191,9.80451650150058e-06,0.201787332,12466150.76,3.24491E+13,0.654969171,0.471959529,NaN,NaN,NaN,NaN,NaN,NaN,NaN,NaN,NaN,NaN
40,-3.29999717,-72.90032733,2000,4,98,297.9968872,0.484189978,NaN,0.008789928,3.80563180368062e-06,NaN,-0.005034993,4.73701277963644e-06,NaN,16009111.17,4.14178E+12,NaN,NaN,-12165.03711,0.024913833,150.6050262,-36.01993179,-106.6220627,-130.0907288,-94.00279999,-42.11135101,NaN,NaN
40,-3.29999717,-72.90032733,2001,4,98,298.052592,0.48396436,NaN,0.008461012,3.46182355725151e-06,NaN,-0.004716872,4.08166196585183e-06,NaN,16109959,3.55302E+12,NaN,NaN,-12165.03711,0.024913833,150.6050262,-36.01993179,-106.6220627,-130.0907288,-94.00279999,-42.11135101,NaN,NaN
40,-3.29999717,-72.90032733,2002,4,98,298.1588813,0.441866763,NaN,0.008401782,3.682985307694e-06,NaN,-0.004663544,4.25133602582239e-06,NaN,16096794.5,3.44672E+12,NaN,NaN,-12165.03711,0.024913833,150.6050262,-36.01993179,-106.6220627,-130.0907288,-94.00279999,-42.11135101,NaN,NaN
40,-3.29999717,-72.90032733,2003,4,98,298.2058563,0.448229675,NaN,0.00830621,3.80766912212395e-06,NaN,-0.004578492,4.40578738127792e-06,NaN,16072295.65,3.35178E+12,NaN,NaN,-12165.03711,0.024913833,150.6050262,-36.01993179,-106.6220627,-130.0907288,-94.00279999,-42.11135101,NaN,NaN
40,-3.29999717,-72.90032733,2004,4,98,298.3306071,0.523617393,0.425347192,0.008047275,3.59087972848134e-06,0.122578172,-0.004309457,4.1961634203971e-06,0.162038236,16178039.08,3.28529E+12,0.401524694,NaN,-12165.03711,0.024913833,150.6050262,-36.01993179,-106.6220627,-130.0907288,-94.00279999,-42.11135101,0,NaN
40,-3.29999717,-72.90032733,2005,4,98,298.4815623,0.456356827,0.436071616,0.007948934,3.49952343772784e-06,0.135299373,-0.004183177,4.16769704578166e-06,0.171470032,16248002.96,3.36562E+12,0.372233155,0.807119083,-12165.03711,0.024913833,150.6050262,-36.01993179,-106.6220627,-130.0907288,-94.00279999,-42.11135101,0.004392741,0.802726342
40,-3.29999717,-72.90032733,2006,4,98,298.5263418,0.437819717,0.431697532,0.007781124,3.35663629801461e-06,0.167936164,-0.003975765,3.94717903647462e-06,0.201034405,16409764.31,3.22018E+12,0.378124277,0.807119083,-12165.03711,0.024913833,150.6050262,-36.01993179,-106.6220627,-130.0907288,-94.00279999,-42.11135101,-0.002483333,0.809602416
40,-3.29999717,-72.90032733,2007,4,98,298.575236,0.453226095,0.404553569,0.007597254,3.24914699871116e-06,0.203451915,-0.003752865,3.87080263823743e-06,0.228661517,16559292.17,3.30426E+12,0.371398572,0.526828743,-12165.03711,0.024913833,150.6050262,-36.01993179,-106.6220627,-130.0907288,-94.00279999,-42.11135101,0.007420944,0.519407799
40,-3.29999717,-72.90032733,2008,4,98,298.5547384,0.348114582,0.3854754,0.007594873,3.4552734121328e-06,0.254851618,-0.003748978,4.07155272302441e-06,0.267821742,16572429.6,3.04875E+12,0.334523436,0.618466417,-12165.03711,0.024913833,150.6050262,-36.01993179,-106.6220627,-130.0907288,-94.00279999,-42.11135101,0.018896695,0.599569722
40,-3.29999717,-72.90032733,2009,4,98,298.504364,0.370323857,0.33999446,0.007866176,4.59010640304428e-06,0.28546985,-0.004047767,5.41024231327447e-06,0.284869757,16466668.69,2.97941E+12,0.276173346,0.688053458,-12165.03711,0.024913833,150.6050262,-36.01993179,-106.6220627,-130.0907288,-94.00279999,-42.11135101,0.026733856,0.661319602
40,-3.29999717,-72.90032733,2010,4,98,298.6173452,0.450373308,0.33379433,0.00782698,5.10347988568677e-06,0.293176657,-0.003999138,6.12413645644904e-06,0.282068358,16464682.83,3.17931E+12,0.209965389,0.719820621,-12165.03711,0.024913833,150.6050262,-36.01993179,-106.6220627,-130.0907288,-94.00279999,-42.11135101,0.032944512,0.686876109
40,-3.29999717,-72.90032733,2011,4,98,298.5923411,0.378471327,0.387585831,0.008047841,5.81953986181263e-06,0.267251434,-0.004245801,6.92736337950603e-06,0.260414105,16340781.54,3.26564E+12,0.205474469,0.792392377,-12165.03711,0.024913833,150.6050262,-36.01993179,-106.6220627,-130.0907288,-94.00279999,-42.11135101,0.016912225,0.775480152
40,-3.29999717,-72.90032733,2012,4,98,298.5870972,0.359563418,0.457419937,0.008234569,7.08579638376913e-06,0.230313547,-0.004436922,8.22428417962855e-06,0.231391313,16281927.06,3.14722E+12,0.230557993,0.798453778,-12165.03711,0.024913833,150.6050262,-36.01993179,-106.6220627,-130.0907288,-94.00279999,-42.11135101,0.00062481,0.797828968
40,-3.29999717,-72.90032733,2013,4,98,298.5754649,0.368779703,0.567364583,0.008185195,6.25850940208399e-06,0.226626483,-0.004382462,7.26892524769723e-06,0.241217965,16287990.31,3.15609E+12,0.309267171,0.697598446,-12165.03711,0.024913833,150.6050262,-36.01993179,-106.6220627,-130.0907288,-94.00279999,-42.11135101,0.01163632,0.685962126
40,-3.29999717,-72.90032733,2014,4,98,298.4288177,0.27197746,0.596252838,0.008535628,6.1033944395307e-06,0.222774079,-0.00479489,7.06869315121902e-06,0.249157989,16016549.88,2.95317E+12,0.369811464,0.610531811,-12165.03711,0.024913833,150.6050262,-36.01993179,-106.6220627,-130.0907288,-94.00279999,-42.11135101,-0.006112626,0.616644436
40,-3.29999717,-72.90032733,2015,4,98,298.4801127,0.354367969,0.533047074,0.008753894,6.52715610129883e-06,0.219287587,-0.005030077,7.86786376954075e-06,0.244023636,15910087.71,3.39844E+12,0.299240786,0.545081657,-12165.03711,0.024913833,150.6050262,-36.01993179,-106.6220627,-130.0907288,-94.00279999,-42.11135101,0.026309336,0.518772321
40,-3.29999717,-72.90032733,2016,4,98,298.6158091,0.462071889,0.468366556,0.008852784,6.31565122455832e-06,0.173148857,-0.005135988,7.52322047606022e-06,0.201782126,15814057.25,3.7908E+12,0.231085488,0.479241798,-12165.03711,0.024913833,150.6050262,-36.01993179,-106.6220627,-130.0907288,-94.00279999,-42.11135101,0.002796957,0.476444841
40,-3.29999717,-72.90032733,2017,4,98,298.7100016,0.397965658,0.385003916,0.008647583,7.06172935451128e-06,0.109671664,-0.004910821,8.26539096529505e-06,0.138718056,15881786.08,3.46286E+12,0.161656651,0.507847898,-12165.03711,0.024913833,150.6050262,-36.01993179,-106.6220627,-130.0907288,-94.00279999,-42.11135101,-0.001552481,0.509400379
40,-3.29999717,-72.90032733,2018,4,98,298.733963,0.421034149,0.338887905,0.008571528,7.26400415772752e-06,0.035599315,-0.004829585,8.59987225990569e-06,0.065002078,15902851.85,3.56467E+12,0.112750641,0.535658204,-12165.03711,0.024913833,150.6050262,-36.01993179,-106.6220627,-130.0907288,-94.00279999,-42.11135101,0.025589256,0.510068947
40,-3.29999717,-72.90032733,2019,4,98,298.749705,0.354618293,0.350784029,0.008593833,6.67824145136195e-06,-0.015695099,-0.004840885,7.63892539741542e-06,0.017680962,15914915.23,2.85189E+12,0.148749247,0.482849227,-12165.03711,0.024913833,150.6050262,-36.01993179,-106.6220627,-130.0907288,-94.00279999,-42.11135101,0.03525759,0.447591636
40,-3.29999717,-72.90032733,2020,4,98,298.7841237,0.303203738,0.339752861,0.008184006,6.45271532526552e-06,0.008623296,-0.004399652,7.52595959401563e-06,0.039888518,16098352.42,3.01144E+12,0.17623724,0.430003453,-12165.03711,0.024913833,150.6050262,-36.01993179,-106.6220627,-130.0907288,-94.00279999,-42.11135101,0.008745767,0.421257686
40,-3.29999717,-72.90032733,2021,4,98,298.7458547,0.362379093,0.333485012,0.008389023,7.37033395457137e-06,0.027137207,-0.004589621,8.52775275004584e-06,0.054362187,16138046.4,3.75893E+12,0.229605176,0.392653102,-12165.03711,0.024913833,150.6050262,-36.01993179,-106.6220627,-130.0907288,-94.00279999,-42.11135101,0.008954785,0.383698318
40,-3.29999717,-72.90032733,2022,4,98,298.7908223,0.368466651,0.334302426,0.007882623,9.74154803212741e-06,0.081911087,-0.00426475,8.9915505122788e-06,0.099574648,15351787.78,1.1048E+13,0.302788364,0.395521284,-12165.03711,0.024913833,150.6050262,-36.01993179,-106.6220627,-130.0907288,-94.00279999,-42.11135101,0.03423488,0.361286404
40,-3.29999717,-72.90032733,2023,4,98,298.9406484,0.610110918,0.352180879,0.006405815,1.19464777570422e-05,0.217958623,-0.003384277,8.34865028279825e-06,0.159255605,12766011.97,2.90074E+13,0.477701168,0.469895033,-12165.03711,0.024913833,150.6050262,-36.01993179,-106.6220627,-130.0907288,-94.00279999,-42.11135101,0.025082071,0.444812963
40,-3.29999717,-72.90032733,2024,4,98,299.1216838,0.804575369,0.43893931,0.006378316,1.33094112633917e-05,0.349958158,-0.003426191,9.80451650150058e-06,0.201787332,12466150.76,3.24491E+13,0.654969171,0.546666348,-12165.03711,0.024913833,150.6050262,-36.01993179,-106.6220627,-130.0907288,-94.00279999,-42.11135101,-0.013936214,0.560602563
41,-16.0199992,-62.72999797,2000,4,100,295.9846802,3.683121303,NaN,0.004415518,6.78255757346558e-06,NaN,-0.000742546,4.7688449773942e-06,NaN,17270407.67,5.18219E+12,NaN,NaN,NaN,NaN,NaN,NaN,NaN,NaN,NaN,NaN,NaN,NaN
41,-16.0199992,-62.72999797,2001,4,100,296.1445516,3.093628178,NaN,0.004474345,7.07314778656185e-06,NaN,-0.000802234,4.58689091884902e-06,NaN,17426869.08,5.21608E+12,NaN,NaN,NaN,NaN,NaN,NaN,NaN,NaN,NaN,NaN,NaN,NaN
41,-16.0199992,-62.72999797,2002,4,100,296.3719889,2.942458425,NaN,0.004407586,7.0428500778691e-06,NaN,-0.000714493,4.74476318221558e-06,NaN,17602653.44,5.87617E+12,NaN,NaN,NaN,NaN,NaN,NaN,NaN,NaN,NaN,NaN,NaN,NaN
41,-16.0199992,-62.72999797,2003,4,100,296.4068654,2.538821256,NaN,0.004304221,6.84314694419702e-06,NaN,-0.000638057,4.46454436109843e-06,NaN,17682601.77,5.66371E+12,NaN,NaN,NaN,NaN,NaN,NaN,NaN,NaN,NaN,NaN,NaN,NaN
41,-16.0199992,-62.72999797,2004,4,100,296.5167643,2.699719113,0.078172447,0.004208407,6.95648720235747e-06,-0.203033219,-0.000582832,4.56392154950832e-06,-0.244155824,17706204.15,6.24293E+12,0.192073762,0.081313071,NaN,NaN,NaN,NaN,NaN,NaN,NaN,NaN,NaN,NaN
41,-16.0199992,-62.72999797,2005,4,100,296.5161896,2.472414879,0.101601164,0.00420561,7.15859217158475e-06,-0.169126964,-0.000593059,4.7687208065292e-06,-0.209644152,17696353.85,5.77823E+12,0.203586881,-0.024581508,NaN,NaN,NaN,NaN,NaN,NaN,NaN,NaN,NaN,NaN
41,-16.0199992,-62.72999797,2006,4,100,296.4388987,2.280707861,0.13057608,0.004318332,8.55220162434643e-06,-0.038866456,-0.000764963,5.73424763728628e-06,-0.088716508,17573983.31,5.05244E+12,0.196163403,-0.06525481,NaN,NaN,NaN,NaN,NaN,NaN,NaN,NaN,NaN,NaN
41,-16.0199992,-62.72999797,2007,4,100,296.43514,2.613259357,0.132321832,0.004553419,1.08628764340888e-05,0.02723121,-0.001041796,7.55973408588851e-06,-0.02617648,17527299.17,4.80812E+12,0.165455428,-0.094038783,NaN,NaN,NaN,NaN,NaN,NaN,NaN,NaN,NaN,NaN
41,-16.0199992,-62.72999797,2008,4,100,296.4096375,2.139249854,0.126707168,0.00482752,1.36024608230693e-05,0.158615517,-0.001342474,9.87984372470489e-06,0.103262739,17558395.56,4.56997E+12,0.114772884,-0.184737641,NaN,NaN,NaN,NaN,NaN,NaN,NaN,NaN,NaN,NaN
41,-16.0199992,-62.72999797,2009,4,100,296.4742126,2.454232844,0.106055542,0.004938562,1.41490027867507e-05,0.230942709,-0.001436491,1.06500026197007e-05,0.172767531,17510846.19,5.35614E+12,0.045583905,-0.176981169,NaN,NaN,NaN,NaN,NaN,NaN,NaN,NaN,NaN,NaN
41,-16.0199992,-62.72999797,2010,4,100,296.591507,2.780704137,0.05595406,0.004734713,1.47257450609802e-05,0.223851415,-0.001297207,1.09939925170754e-05,0.170270158,17697496.98,5.88494E+12,-0.017579669,-0.141064034,NaN,NaN,NaN,NaN,NaN,NaN,NaN,NaN,NaN,NaN
41,-16.0199992,-62.72999797,2011,4,100,296.6409658,2.518868765,0.011897632,0.004566226,1.37803926942154e-05,0.206728416,-0.00111447,1.02963078601443e-05,0.157402859,17708603.31,6.22838E+12,-0.028547111,-0.111026453,NaN,NaN,NaN,NaN,NaN,NaN,NaN,NaN,NaN,NaN
41,-16.0199992,-62.72999797,2012,4,100,296.7066854,2.546816044,-0.011166076,0.004513216,1.18662965163449e-05,0.119302797,-0.001001916,8.59073934367095e-06,0.069680227,17775655.58,6.15869E+12,-0.016034521,-0.00944291,NaN,NaN,NaN,NaN,NaN,NaN,NaN,NaN,NaN,NaN
41,-16.0199992,-62.72999797,2013,4,100,296.6431732,2.398978233,-0.011849281,0.004318462,1.06537029289401e-05,0.078709976,-0.000813771,7.44327024824355e-06,0.023274186,17847818,5.97406E+12,-0.001931165,0.051612294,NaN,NaN,NaN,NaN,NaN,NaN,NaN,NaN,NaN,NaN
41,-16.0199992,-62.72999797,2014,4,100,296.4985199,2.409863767,0.065576231,0.004553802,9.7284298469354e-06,-0.00898107,-0.000965832,7.17436101465039e-06,-0.0652495,17487962.65,6.78587E+12,0.022492955,0.119801025,NaN,NaN,NaN,NaN,NaN,NaN,NaN,NaN,NaN,NaN
41,-16.0199992,-62.72999797,2015,4,100,296.5641785,2.647681758,0.160560518,0.00474824,9.27642303561506e-06,-0.098640721,-0.001055563,7.28601086221368e-06,-0.145464714,17454809.56,7.56954E+12,0.039385849,0.230828838,NaN,NaN,NaN,NaN,NaN,NaN,NaN,NaN,NaN,NaN
41,-16.0199992,-62.72999797,2016,4,100,296.5832977,2.636115766,0.243136434,0.004624173,9.74222994645661e-06,-0.142491597,-0.000950777,7.55188976855537e-06,-0.176902778,17448930.56,7.45175E+12,0.067866864,0.25242337,NaN,NaN,NaN,NaN,NaN,NaN,NaN,NaN,NaN,NaN
41,-16.0199992,-62.72999797,2017,4,100,296.711141,2.479124093,0.276969224,0.004844682,1.06246626303617e-05,-0.157119397,-0.001166257,8.13591806023593e-06,-0.170754536,17458464.1,7.75282E+12,0.146379705,0.22921083,NaN,NaN,NaN,NaN,NaN,NaN,NaN,NaN,NaN,NaN
41,-16.0199992,-62.72999797,2018,4,100,296.7012482,2.42718237,0.202534474,0.004776435,1.04736720722724e-05,-0.117375779,-0.001099988,7.54936073792055e-06,-0.117495976,17692973.75,6.08052E+12,0.21055425,0.178594438,NaN,NaN,NaN,NaN,NaN,NaN,NaN,NaN,NaN,NaN
41,-16.0199992,-62.72999797,2019,4,100,296.7154439,2.429331254,0.104341245,0.004459542,9.7547274591869e-06,-0.022343689,-0.000893384,6.31727918015291e-06,-0.023302404,17814542.88,5.37086E+12,0.241911228,0.10910725,NaN,NaN,NaN,NaN,NaN,NaN,NaN,NaN,NaN,NaN
41,-16.0199992,-62.72999797,2020,4,100,296.9629161,2.816845088,0.013716774,0.004210064,8.88135550467815e-06,0.095001426,-0.00072093,5.29269752951371e-06,0.08925699,18129544.46,6.08686E+12,0.273328834,0.064260621,NaN,NaN,NaN,NaN,NaN,NaN,NaN,NaN,NaN,NaN
41,-16.0199992,-62.72999797,2021,4,100,296.9783986,3.320676563,0.00614686,0.004026351,1.03848749910362e-05,0.200251452,-0.000671939,6.40671636297346e-06,0.176734179,18196062.33,5.51884E+12,0.27911543,0.047757075,NaN,NaN,NaN,NaN,NaN,NaN,NaN,NaN,NaN,NaN
41,-16.0199992,-62.72999797,2022,4,100,297.0930278,3.034858057,0.04175564,0.003545813,9.23751972280193e-06,0.254098956,-0.000396097,5.47921075804435e-06,0.221007539,17425835.66,1.44121E+13,0.290119569,-0.002120026,NaN,NaN,NaN,NaN,NaN,NaN,NaN,NaN,NaN,NaN
41,-16.0199992,-62.72999797,2023,4,100,297.2960765,3.658104777,0.097676148,0.002968431,8.73023877910148e-06,0.307892962,-0.000386926,4.93737847428815e-06,0.227317361,14541802.76,3.45792E+13,0.451893951,-0.031500183,NaN,NaN,NaN,NaN,NaN,NaN,NaN,NaN,NaN,NaN
41,-16.0199992,-62.72999797,2024,4,100,297.3728638,3.765672069,0.21510786,0.002786811,8.09592891759381e-06,0.363363901,-0.000385633,4.31296773979772e-06,0.238329305,13919368.05,3.41648E+13,0.603121268,-0.010905634,NaN,NaN,NaN,NaN,NaN,NaN,NaN,NaN,NaN,NaN
42,-16.02000151,-62.72965871,2000,4,100,295.9846802,3.683121303,NaN,0.004415518,6.78255757346558e-06,NaN,-0.000742546,4.7688449773942e-06,NaN,17270407.67,5.18219E+12,NaN,NaN,5603.238281,0,777.3206787,-273.8645935,-199.6076813,-218.5608063,-47.62555695,85.51616669,NaN,NaN
42,-16.02000151,-62.72965871,2001,4,100,296.1445516,3.093628178,NaN,0.004474345,7.07314778656185e-06,NaN,-0.000802234,4.58689091884902e-06,NaN,17426869.08,5.21608E+12,NaN,NaN,5603.238281,0,777.3206787,-273.8645935,-199.6076813,-218.5608063,-47.62555695,85.51616669,NaN,NaN
42,-16.02000151,-62.72965871,2002,4,100,296.3719889,2.942458425,NaN,0.004407586,7.0428500778691e-06,NaN,-0.000714493,4.74476318221558e-06,NaN,17602653.44,5.87617E+12,NaN,NaN,5603.238281,0,777.3206787,-273.8645935,-199.6076813,-218.5608063,-47.62555695,85.51616669,NaN,NaN
42,-16.02000151,-62.72965871,2003,4,100,296.4068654,2.538821256,NaN,0.004304221,6.84314694419702e-06,NaN,-0.000638057,4.46454436109843e-06,NaN,17682601.77,5.66371E+12,NaN,NaN,5603.238281,0,777.3206787,-273.8645935,-199.6076813,-218.5608063,-47.62555695,85.51616669,NaN,NaN
42,-16.02000151,-62.72965871,2004,4,100,296.5167643,2.699719113,0.078172447,0.004208407,6.95648720235747e-06,-0.203033219,-0.000582832,4.56392154950832e-06,-0.244155824,17706204.15,6.24293E+12,0.192073762,-0.187156186,5603.238281,0,777.3206787,-273.8645935,-199.6076813,-218.5608063,-47.62555695,85.51616669,0,-0.187156186
42,-16.02000151,-62.72965871,2005,4,100,296.5161896,2.472414879,0.101601164,0.00420561,7.15859217158475e-06,-0.169126964,-0.000593059,4.7687208065292e-06,-0.209644152,17696353.85,5.77823E+12,0.203586881,-0.10082409,5603.238281,0,777.3206787,-273.8645935,-199.6076813,-218.5608063,-47.62555695,85.51616669,-0.000929609,-0.099894481
42,-16.02000151,-62.72965871,2006,4,100,296.4388987,2.280707861,0.13057608,0.004318332,8.55220162434643e-06,-0.038866456,-0.000764963,5.73424763728628e-06,-0.088716508,17573983.31,5.05244E+12,0.196163403,-0.059404034,5603.238281,0,777.3206787,-273.8645935,-199.6076813,-218.5608063,-47.62555695,85.51616669,-0.021154312,-0.038249722
42,-16.02000151,-62.72965871,2007,4,100,296.43514,2.613259357,0.132321832,0.004553419,1.08628764340888e-05,0.02723121,-0.001041796,7.55973408588851e-06,-0.02617648,17527299.17,4.80812E+12,0.165455428,-0.054257258,5603.238281,0,777.3206787,-273.8645935,-199.6076813,-218.5608063,-47.62555695,85.51616669,0.007876716,-0.062133973
42,-16.02000151,-62.72965871,2008,4,100,296.4096375,2.139249854,0.126707168,0.00482752,1.36024608230693e-05,0.158615517,-0.001342474,9.87984372470489e-06,0.103262739,17558395.56,4.56997E+12,0.114772884,-0.033489898,5603.238281,0,777.3206787,-273.8645935,-199.6076813,-218.5608063,-47.62555695,85.51616669,-0.012655389,-0.020834508
42,-16.02000151,-62.72965871,2009,4,100,296.4742126,2.454232844,0.106055542,0.004938562,1.41490027867507e-05,0.230942709,-0.001436491,1.06500026197007e-05,0.172767531,17510846.19,5.35614E+12,0.045583905,-0.069525108,5603.238281,0,777.3206787,-273.8645935,-199.6076813,-218.5608063,-47.62555695,85.51616669,-0.030756989,-0.038768119
42,-16.02000151,-62.72965871,2010,4,100,296.591507,2.780704137,0.05595406,0.004734713,1.47257450609802e-05,0.223851415,-0.001297207,1.09939925170754e-05,0.170270158,17697496.98,5.88494E+12,-0.017579669,-0.093378533,5603.238281,0,777.3206787,-273.8645935,-199.6076813,-218.5608063,-47.62555695,85.51616669,-0.001818142,-0.091560391
42,-16.02000151,-62.72965871,2011,4,100,296.6409658,2.518868765,0.011897632,0.004566226,1.37803926942154e-05,0.206728416,-0.00111447,1.02963078601443e-05,0.157402859,17708603.31,6.22838E+12,-0.028547111,-0.054334956,5603.238281,0,777.3206787,-273.8645935,-199.6076813,-218.5608063,-47.62555695,85.51616669,-0.011847491,-0.042487465
42,-16.02000151,-62.72965871,2012,4,100,296.7066854,2.546816044,-0.011166076,0.004513216,1.18662965163449e-05,0.119302797,-0.001001916,8.59073934367095e-06,0.069680227,17775655.58,6.15869E+12,-0.016034521,0.016009157,5603.238281,0,777.3206787,-273.8645935,-199.6076813,-218.5608063,-47.62555695,85.51616669,0.016214999,-0.000205841
42,-16.02000151,-62.72965871,2013,4,100,296.6431732,2.398978233,-0.011849281,0.004318462,1.06537029289401e-05,0.078709976,-0.000813771,7.44327024824355e-06,0.023274186,17847818,5.97406E+12,-0.001931165,0.112493753,5603.238281,0,777.3206787,-273.8645935,-199.6076813,-218.5608063,-47.62555695,85.51616669,0.024037731,0.088456023
42,-16.02000151,-62.72965871,2014,4,100,296.4985199,2.409863767,0.065576231,0.004553802,9.7284298469354e-06,-0.00898107,-0.000965832,7.17436101465039e-06,-0.0652495,17487962.65,6.78587E+12,0.022492955,0.228379799,5603.238281,0,777.3206787,-273.8645935,-199.6076813,-218.5608063,-47.62555695,85.51616669,0.011173208,0.217206591
42,-16.02000151,-62.72965871,2015,4,100,296.5641785,2.647681758,0.160560518,0.00474824,9.27642303561506e-06,-0.098640721,-0.001055563,7.28601086221368e-06,-0.145464714,17454809.56,7.56954E+12,0.039385849,0.286352788,5603.238281,0,777.3206787,-273.8645935,-199.6076813,-218.5608063,-47.62555695,85.51616669,-0.009725948,0.296078737
42,-16.02000151,-62.72965871,2016,4,100,296.5832977,2.636115766,0.243136434,0.004624173,9.74222994645661e-06,-0.142491597,-0.000950777,7.55188976855537e-06,-0.176902778,17448930.56,7.45175E+12,0.067866864,0.281893489,5603.238281,0,777.3206787,-273.8645935,-199.6076813,-218.5608063,-47.62555695,85.51616669,-0.014979423,0.296872912
42,-16.02000151,-62.72965871,2017,4,100,296.711141,2.479124093,0.276969224,0.004844682,1.06246626303617e-05,-0.157119397,-0.001166257,8.13591806023593e-06,-0.170754536,17458464.1,7.75282E+12,0.146379705,0.226643825,5603.238281,0,777.3206787,-273.8645935,-199.6076813,-218.5608063,-47.62555695,85.51616669,-0.021352055,0.24799588
42,-16.02000151,-62.72965871,2018,4,100,296.7012482,2.42718237,0.202534474,0.004776435,1.04736720722724e-05,-0.117375779,-0.001099988,7.54936073792055e-06,-0.117495976,17692973.75,6.08052E+12,0.21055425,0.124591052,5603.238281,0,777.3206787,-273.8645935,-199.6076813,-218.5608063,-47.62555695,85.51616669,-0.011830314,0.136421366
42,-16.02000151,-62.72965871,2019,4,100,296.7154439,2.429331254,0.104341245,0.004459542,9.7547274591869e-06,-0.022343689,-0.000893384,6.31727918015291e-06,-0.023302404,17814542.88,5.37086E+12,0.241911228,0.038784248,5603.238281,0,777.3206787,-273.8645935,-199.6076813,-218.5608063,-47.62555695,85.51616669,-0.012948353,0.051732601
42,-16.02000151,-62.72965871,2020,4,100,296.9629161,2.816845088,0.013716774,0.004210064,8.88135550467815e-06,0.095001426,-0.00072093,5.29269752951371e-06,0.08925699,18129544.46,6.08686E+12,0.273328834,0.026265013,5603.238281,0,777.3206787,-273.8645935,-199.6076813,-218.5608063,-47.62555695,85.51616669,-0.007621716,0.033886729
42,-16.02000151,-62.72965871,2021,4,100,296.9783986,3.320676563,0.00614686,0.004026351,1.03848749910362e-05,0.200251452,-0.000671939,6.40671636297346e-06,0.176734179,18196062.33,5.51884E+12,0.27911543,0.054193113,5603.238281,0,777.3206787,-273.8645935,-199.6076813,-218.5608063,-47.62555695,85.51616669,-0.01801343,0.072206544
42,-16.02000151,-62.72965871,2022,4,100,297.0930278,3.034858057,0.04175564,0.003545813,9.23751972280193e-06,0.254098956,-0.000396097,5.47921075804435e-06,0.221007539,17425835.66,1.44121E+13,0.290119569,0.028345014,5603.238281,0,777.3206787,-273.8645935,-199.6076813,-218.5608063,-47.62555695,85.51616669,-0.019138035,0.047483048
42,-16.02000151,-62.72965871,2023,4,100,297.2960765,3.658104777,0.097676148,0.002968431,8.73023877910148e-06,0.307892962,-0.000386926,4.93737847428815e-06,0.227317361,14541802.76,3.45792E+13,0.451893951,0.013079719,5603.238281,0,777.3206787,-273.8645935,-199.6076813,-218.5608063,-47.62555695,85.51616669,-0.022365373,0.035445092
42,-16.02000151,-62.72965871,2024,4,100,297.3728638,3.765672069,0.21510786,0.002786811,8.09592891759381e-06,0.363363901,-0.000385633,4.31296773979772e-06,0.238329305,13919368.05,3.41648E+13,0.603121268,-0.019044726,5603.238281,0,777.3206787,-273.8645935,-199.6076813,-218.5608063,-47.62555695,85.51616669,-0.036279148,0.017234422
43,-16.01974534,-62.72999797,2000,4,100,295.9846802,3.683121303,NaN,0.004415518,6.78255757346558e-06,NaN,-0.000742546,4.7688449773942e-06,NaN,17270407.67,5.18219E+12,NaN,NaN,-2077.936035,0.010659233,1092.515747,-380.3158569,-166.2746277,-189.635437,-59.91191864,53.85359955,NaN,NaN
43,-16.01974534,-62.72999797,2001,4,100,296.1445516,3.093628178,NaN,0.004474345,7.07314778656185e-06,NaN,-0.000802234,4.58689091884902e-06,NaN,17426869.08,5.21608E+12,NaN,NaN,-2077.936035,0.010659233,1092.515747,-380.3158569,-166.2746277,-189.635437,-59.91191864,53.85359955,NaN,NaN
43,-16.01974534,-62.72999797,2002,4,100,296.3719889,2.942458425,NaN,0.004407586,7.0428500778691e-06,NaN,-0.000714493,4.74476318221558e-06,NaN,17602653.44,5.87617E+12,NaN,NaN,-2077.936035,0.010659233,1092.515747,-380.3158569,-166.2746277,-189.635437,-59.91191864,53.85359955,NaN,NaN
43,-16.01974534,-62.72999797,2003,4,100,296.4068654,2.538821256,NaN,0.004304221,6.84314694419702e-06,NaN,-0.000638057,4.46454436109843e-06,NaN,17682601.77,5.66371E+12,NaN,NaN,-2077.936035,0.010659233,1092.515747,-380.3158569,-166.2746277,-189.635437,-59.91191864,53.85359955,NaN,NaN
43,-16.01974534,-62.72999797,2004,4,100,296.5167643,2.699719113,0.078172447,0.004208407,6.95648720235747e-06,-0.203033219,-0.000582832,4.56392154950832e-06,-0.244155824,17706204.15,6.24293E+12,0.192073762,-0.078427928,-2077.936035,0.010659233,1092.515747,-380.3158569,-166.2746277,-189.635437,-59.91191864,53.85359955,0,-0.078427928
43,-16.01974534,-62.72999797,2005,4,100,296.5161896,2.472414879,0.101601164,0.00420561,7.15859217158475e-06,-0.169126964,-0.000593059,4.7687208065292e-06,-0.209644152,17696353.85,5.77823E+12,0.203586881,0.018730882,-2077.936035,0.010659233,1092.515747,-380.3158569,-166.2746277,-189.635437,-59.91191864,53.85359955,0.014405515,0.004325367
43,-16.01974534,-62.72999797,2006,4,100,296.4388987,2.280707861,0.13057608,0.004318332,8.55220162434643e-06,-0.038866456,-0.000764963,5.73424763728628e-06,-0.088716508,17573983.31,5.05244E+12,0.196163403,0.049124219,-2077.936035,0.010659233,1092.515747,-380.3158569,-166.2746277,-189.635437,-59.91191864,53.85359955,0.005582569,0.043541651
43,-16.01974534,-62.72999797,2007,4,100,296.43514,2.613259357,0.132321832,0.004553419,1.08628764340888e-05,0.02723121,-0.001041796,7.55973408588851e-06,-0.02617648,17527299.17,4.80812E+12,0.165455428,0.0452989,-2077.936035,0.010659233,1092.515747,-380.3158569,-166.2746277,-189.635437,-59.91191864,53.85359955,0.012095914,0.033202986
43,-16.01974534,-62.72999797,2008,4,100,296.4096375,2.139249854,0.126707168,0.00482752,1.36024608230693e-05,0.158615517,-0.001342474,9.87984372470489e-06,0.103262739,17558395.56,4.56997E+12,0.114772884,0.072294239,-2077.936035,0.010659233,1092.515747,-380.3158569,-166.2746277,-189.635437,-59.91191864,53.85359955,0.017239568,0.055054671
43,-16.01974534,-62.72999797,2009,4,100,296.4742126,2.454232844,0.106055542,0.004938562,1.41490027867507e-05,0.230942709,-0.001436491,1.06500026197007e-05,0.172767531,17510846.19,5.35614E+12,0.045583905,0.006081532,-2077.936035,0.010659233,1092.515747,-380.3158569,-166.2746277,-189.635437,-59.91191864,53.85359955,0.003982839,0.002098692
43,-16.01974534,-62.72999797,2010,4,100,296.591507,2.780704137,0.05595406,0.004734713,1.47257450609802e-05,0.223851415,-0.001297207,1.09939925170754e-05,0.170270158,17697496.98,5.88494E+12,-0.017579669,-0.077169447,-2077.936035,0.010659233,1092.515747,-380.3158569,-166.2746277,-189.635437,-59.91191864,53.85359955,0.018339338,-0.095508786
43,-16.01974534,-62.72999797,2011,4,100,296.6409658,2.518868765,0.011897632,0.004566226,1.37803926942154e-05,0.206728416,-0.00111447,1.02963078601443e-05,0.157402859,17708603.31,6.22838E+12,-0.028547111,-0.099015881,-2077.936035,0.010659233,1092.515747,-380.3158569,-166.2746277,-189.635437,-59.91191864,53.85359955,0.008974047,-0.107989928
43,-16.01974534,-62.72999797,2012,4,100,296.7066854,2.546816044,-0.011166076,0.004513216,1.18662965163449e-05,0.119302797,-0.001001916,8.59073934367095e-06,0.069680227,17775655.58,6.15869E+12,-0.016034521,-0.088229168,-2077.936035,0.010659233,1092.515747,-380.3158569,-166.2746277,-189.635437,-59.91191864,53.85359955,0.022868312,-0.11109748
43,-16.01974534,-62.72999797,2013,4,100,296.6431732,2.398978233,-0.011849281,0.004318462,1.06537029289401e-05,0.078709976,-0.000813771,7.44327024824355e-06,0.023274186,17847818,5.97406E+12,-0.001931165,-0.005386829,-2077.936035,0.010659233,1092.515747,-380.3158569,-166.2746277,-189.635437,-59.91191864,53.85359955,0.024307313,-0.029694143
43,-16.01974534,-62.72999797,2014,4,100,296.4985199,2.409863767,0.065576231,0.004553802,9.7284298469354e-06,-0.00898107,-0.000965832,7.17436101465039e-06,-0.0652495,17487962.65,6.78587E+12,0.022492955,0.151380076,-2077.936035,0.010659233,1092.515747,-380.3158569,-166.2746277,-189.635437,-59.91191864,53.85359955,0.015987694,0.135392382
43,-16.01974534,-62.72999797,2015,4,100,296.5641785,2.647681758,0.160560518,0.00474824,9.27642303561506e-06,-0.098640721,-0.001055563,7.28601086221368e-06,-0.145464714,17454809.56,7.56954E+12,0.039385849,0.281960796,-2077.936035,0.010659233,1092.515747,-380.3158569,-166.2746277,-189.635437,-59.91191864,53.85359955,0.005939935,0.276020861
43,-16.01974534,-62.72999797,2016,4,100,296.5832977,2.636115766,0.243136434,0.004624173,9.74222994645661e-06,-0.142491597,-0.000950777,7.55188976855537e-06,-0.176902778,17448930.56,7.45175E+12,0.067866864,0.360958859,-2077.936035,0.010659233,1092.515747,-380.3158569,-166.2746277,-189.635437,-59.91191864,53.85359955,-0.004781361,0.36574022
43,-16.01974534,-62.72999797,2017,4,100,296.711141,2.479124093,0.276969224,0.004844682,1.06246626303617e-05,-0.157119397,-0.001166257,8.13591806023593e-06,-0.170754536,17458464.1,7.75282E+12,0.146379705,0.368721426,-2077.936035,0.010659233,1092.515747,-380.3158569,-166.2746277,-189.635437,-59.91191864,53.85359955,-0.013406862,0.382128288
43,-16.01974534,-62.72999797,2018,4,100,296.7012482,2.42718237,0.202534474,0.004776435,1.04736720722724e-05,-0.117375779,-0.001099988,7.54936073792055e-06,-0.117495976,17692973.75,6.08052E+12,0.21055425,0.287030477,-2077.936035,0.010659233,1092.515747,-380.3158569,-166.2746277,-189.635437,-59.91191864,53.85359955,0.008726748,0.278303729
43,-16.01974534,-62.72999797,2019,4,100,296.7154439,2.429331254,0.104341245,0.004459542,9.7547274591869e-06,-0.022343689,-0.000893384,6.31727918015291e-06,-0.023302404,17814542.88,5.37086E+12,0.241911228,0.110390117,-2077.936035,0.010659233,1092.515747,-380.3158569,-166.2746277,-189.635437,-59.91191864,53.85359955,0.010095245,0.100294872
43,-16.01974534,-62.72999797,2020,4,100,296.9629161,2.816845088,0.013716774,0.004210064,8.88135550467815e-06,0.095001426,-0.00072093,5.29269752951371e-06,0.08925699,18129544.46,6.08686E+12,0.273328834,-0.043598539,-2077.936035,0.010659233,1092.515747,-380.3158569,-166.2746277,-189.635437,-59.91191864,53.85359955,0.008893405,-0.052491945
43,-16.01974534,-62.72999797,2021,4,100,296.9783986,3.320676563,0.00614686,0.004026351,1.03848749910362e-05,0.200251452,-0.000671939,6.40671636297346e-06,0.176734179,18196062.33,5.51884E+12,0.27911543,-0.16506732,-2077.936035,0.010659233,1092.515747,-380.3158569,-166.2746277,-189.635437,-59.91191864,53.85359955,-0.002969102,-0.162098219
43,-16.01974534,-62.72999797,2022,4,100,297.0930278,3.034858057,0.04175564,0.003545813,9.23751972280193e-06,0.254098956,-0.000396097,5.47921075804435e-06,0.221007539,17425835.66,1.44121E+13,0.290119569,-0.247338789,-2077.936035,0.010659233,1092.515747,-380.3158569,-166.2746277,-189.635437,-59.91191864,53.85359955,0.026670799,-0.274009588
43,-16.01974534,-62.72999797,2023,4,100,297.2960765,3.658104777,0.097676148,0.002968431,8.73023877910148e-06,0.307892962,-0.000386926,4.93737847428815e-06,0.227317361,14541802.76,3.45792E+13,0.451893951,-0.194741912,-2077.936035,0.010659233,1092.515747,-380.3158569,-166.2746277,-189.635437,-59.91191864,53.85359955,0.019427585,-0.214169497
43,-16.01974534,-62.72999797,2024,4,100,297.3728638,3.765672069,0.21510786,0.002786811,8.09592891759381e-06,0.363363901,-0.000385633,4.31296773979772e-06,0.238329305,13919368.05,3.41648E+13,0.603121268,-0.122132681,-2077.936035,0.010659233,1092.515747,-380.3158569,-166.2746277,-189.635437,-59.91191864,53.85359955,0.019351703,-0.141484385
44,-16.02024788,-62.72998037,2000,4,100,295.9846802,3.683121303,NaN,0.004415518,6.78255757346558e-06,NaN,-0.000742546,4.7688449773942e-06,NaN,17270407.67,5.18219E+12,NaN,NaN,NaN,NaN,NaN,NaN,NaN,NaN,NaN,NaN,NaN,NaN
44,-16.02024788,-62.72998037,2001,4,100,296.1445516,3.093628178,NaN,0.004474345,7.07314778656185e-06,NaN,-0.000802234,4.58689091884902e-06,NaN,17426869.08,5.21608E+12,NaN,NaN,NaN,NaN,NaN,NaN,NaN,NaN,NaN,NaN,NaN,NaN
44,-16.02024788,-62.72998037,2002,4,100,296.3719889,2.942458425,NaN,0.004407586,7.0428500778691e-06,NaN,-0.000714493,4.74476318221558e-06,NaN,17602653.44,5.87617E+12,NaN,NaN,NaN,NaN,NaN,NaN,NaN,NaN,NaN,NaN,NaN,NaN
44,-16.02024788,-62.72998037,2003,4,100,296.4068654,2.538821256,NaN,0.004304221,6.84314694419702e-06,NaN,-0.000638057,4.46454436109843e-06,NaN,17682601.77,5.66371E+12,NaN,NaN,NaN,NaN,NaN,NaN,NaN,NaN,NaN,NaN,NaN,NaN
44,-16.02024788,-62.72998037,2004,4,100,296.5167643,2.699719113,0.078172447,0.004208407,6.95648720235747e-06,-0.203033219,-0.000582832,4.56392154950832e-06,-0.244155824,17706204.15,6.24293E+12,0.192073762,0.161980299,NaN,NaN,NaN,NaN,NaN,NaN,NaN,NaN,NaN,NaN
44,-16.02024788,-62.72998037,2005,4,100,296.5161896,2.472414879,0.101601164,0.00420561,7.15859217158475e-06,-0.169126964,-0.000593059,4.7687208065292e-06,-0.209644152,17696353.85,5.77823E+12,0.203586881,0.170868553,NaN,NaN,NaN,NaN,NaN,NaN,NaN,NaN,NaN,NaN
44,-16.02024788,-62.72998037,2006,4,100,296.4388987,2.280707861,0.13057608,0.004318332,8.55220162434643e-06,-0.038866456,-0.000764963,5.73424763728628e-06,-0.088716508,17573983.31,5.05244E+12,0.196163403,0.175921039,NaN,NaN,NaN,NaN,NaN,NaN,NaN,NaN,NaN,NaN
44,-16.02024788,-62.72998037,2007,4,100,296.43514,2.613259357,0.132321832,0.004553419,1.08628764340888e-05,0.02723121,-0.001041796,7.55973408588851e-06,-0.02617648,17527299.17,4.80812E+12,0.165455428,0.140488246,NaN,NaN,NaN,NaN,NaN,NaN,NaN,NaN,NaN,NaN
44,-16.02024788,-62.72998037,2008,4,100,296.4096375,2.139249854,0.126707168,0.00482752,1.36024608230693e-05,0.158615517,-0.001342474,9.87984372470489e-06,0.103262739,17558395.56,4.56997E+12,0.114772884,0.056025275,NaN,NaN,NaN,NaN,NaN,NaN,NaN,NaN,NaN,NaN
44,-16.02024788,-62.72998037,2009,4,100,296.4742126,2.454232844,0.106055542,0.004938562,1.41490027867507e-05,0.230942709,-0.001436491,1.06500026197007e-05,0.172767531,17510846.19,5.35614E+12,0.045583905,-0.03387095,NaN,NaN,NaN,NaN,NaN,NaN,NaN,NaN,NaN,NaN
44,-16.02024788,-62.72998037,2010,4,100,296.591507,2.780704137,0.05595406,0.004734713,1.47257450609802e-05,0.223851415,-0.001297207,1.09939925170754e-05,0.170270158,17697496.98,5.88494E+12,-0.017579669,-0.057601896,NaN,NaN,NaN,NaN,NaN,NaN,NaN,NaN,NaN,NaN
44,-16.02024788,-62.72998037,2011,4,100,296.6409658,2.518868765,0.011897632,0.004566226,1.37803926942154e-05,0.206728416,-0.00111447,1.02963078601443e-05,0.157402859,17708603.31,6.22838E+12,-0.028547111,-0.005516036,NaN,NaN,NaN,NaN,NaN,NaN,NaN,NaN,NaN,NaN
44,-16.02024788,-62.72998037,2012,4,100,296.7066854,2.546816044,-0.011166076,0.004513216,1.18662965163449e-05,0.119302797,-0.001001916,8.59073934367095e-06,0.069680227,17775655.58,6.15869E+12,-0.016034521,0.095391577,NaN,NaN,NaN,NaN,NaN,NaN,NaN,NaN,NaN,NaN
44,-16.02024788,-62.72998037,2013,4,100,296.6431732,2.398978233,-0.011849281,0.004318462,1.06537029289401e-05,0.078709976,-0.000813771,7.44327024824355e-06,0.023274186,17847818,5.97406E+12,-0.001931165,0.208214278,NaN,NaN,NaN,NaN,NaN,NaN,NaN,NaN,NaN,NaN
44,-16.02024788,-62.72998037,2014,4,100,296.4985199,2.409863767,0.065576231,0.004553802,9.7284298469354e-06,-0.00898107,-0.000965832,7.17436101465039e-06,-0.0652495,17487962.65,6.78587E+12,0.022492955,0.270940483,NaN,NaN,NaN,NaN,NaN,NaN,NaN,NaN,NaN,NaN
44,-16.02024788,-62.72998037,2015,4,100,296.5641785,2.647681758,0.160560518,0.00474824,9.27642303561506e-06,-0.098640721,-0.001055563,7.28601086221368e-06,-0.145464714,17454809.56,7.56954E+12,0.039385849,0.256147597,NaN,NaN,NaN,NaN,NaN,NaN,NaN,NaN,NaN,NaN
44,-16.02024788,-62.72998037,2016,4,100,296.5832977,2.636115766,0.243136434,0.004624173,9.74222994645661e-06,-0.142491597,-0.000950777,7.55188976855537e-06,-0.176902778,17448930.56,7.45175E+12,0.067866864,0.218580867,NaN,NaN,NaN,NaN,NaN,NaN,NaN,NaN,NaN,NaN
44,-16.02024788,-62.72998037,2017,4,100,296.711141,2.479124093,0.276969224,0.004844682,1.06246626303617e-05,-0.157119397,-0.001166257,8.13591806023593e-06,-0.170754536,17458464.1,7.75282E+12,0.146379705,0.14664749,NaN,NaN,NaN,NaN,NaN,NaN,NaN,NaN,NaN,NaN
44,-16.02024788,-62.72998037,2018,4,100,296.7012482,2.42718237,0.202534474,0.004776435,1.04736720722724e-05,-0.117375779,-0.001099988,7.54936073792055e-06,-0.117495976,17692973.75,6.08052E+12,0.21055425,0.037052843,NaN,NaN,NaN,NaN,NaN,NaN,NaN,NaN,NaN,NaN
44,-16.02024788,-62.72998037,2019,4,100,296.7154439,2.429331254,0.104341245,0.004459542,9.7547274591869e-06,-0.022343689,-0.000893384,6.31727918015291e-06,-0.023302404,17814542.88,5.37086E+12,0.241911228,-0.042519167,NaN,NaN,NaN,NaN,NaN,NaN,NaN,NaN,NaN,NaN
44,-16.02024788,-62.72998037,2020,4,100,296.9629161,2.816845088,0.013716774,0.004210064,8.88135550467815e-06,0.095001426,-0.00072093,5.29269752951371e-06,0.08925699,18129544.46,6.08686E+12,0.273328834,-0.080292094,NaN,NaN,NaN,NaN,NaN,NaN,NaN,NaN,NaN,NaN
44,-16.02024788,-62.72998037,2021,4,100,296.9783986,3.320676563,0.00614686,0.004026351,1.03848749910362e-05,0.200251452,-0.000671939,6.40671636297346e-06,0.176734179,18196062.33,5.51884E+12,0.27911543,-0.118163588,NaN,NaN,NaN,NaN,NaN,NaN,NaN,NaN,NaN,NaN
44,-16.02024788,-62.72998037,2022,4,100,297.0930278,3.034858057,0.04175564,0.003545813,9.23751972280193e-06,0.254098956,-0.000396097,5.47921075804435e-06,0.221007539,17425835.66,1.44121E+13,0.290119569,-0.137371778,NaN,NaN,NaN,NaN,NaN,NaN,NaN,NaN,NaN,NaN
44,-16.02024788,-62.72998037,2023,4,100,297.2960765,3.658104777,0.097676148,0.002968431,8.73023877910148e-06,0.307892962,-0.000386926,4.93737847428815e-06,0.227317361,14541802.76,3.45792E+13,0.451893951,-0.090071337,NaN,NaN,NaN,NaN,NaN,NaN,NaN,NaN,NaN,NaN
44,-16.02024788,-62.72998037,2024,4,100,297.3728638,3.765672069,0.21510786,0.002786811,8.09592891759381e-06,0.363363901,-0.000385633,4.31296773979772e-06,0.238329305,13919368.05,3.41648E+13,0.603121268,-0.045828827,NaN,NaN,NaN,NaN,NaN,NaN,NaN,NaN,NaN,NaN
45,-16.02002069,-62.73030131,2000,4,100,295.9846802,3.683121303,NaN,0.004415518,6.78255757346558e-06,NaN,-0.000742546,4.7688449773942e-06,NaN,17270407.67,5.18219E+12,NaN,NaN,5839.206055,0,1028.636719,-276.6617432,-190.3787384,-212.3316345,-66.52106476,45.46556091,NaN,NaN
45,-16.02002069,-62.73030131,2001,4,100,296.1445516,3.093628178,NaN,0.004474345,7.07314778656185e-06,NaN,-0.000802234,4.58689091884902e-06,NaN,17426869.08,5.21608E+12,NaN,NaN,5839.206055,0,1028.636719,-276.6617432,-190.3787384,-212.3316345,-66.52106476,45.46556091,NaN,NaN
45,-16.02002069,-62.73030131,2002,4,100,296.3719889,2.942458425,NaN,0.004407586,7.0428500778691e-06,NaN,-0.000714493,4.74476318221558e-06,NaN,17602653.44,5.87617E+12,NaN,NaN,5839.206055,0,1028.636719,-276.6617432,-190.3787384,-212.3316345,-66.52106476,45.46556091,NaN,NaN
45,-16.02002069,-62.73030131,2003,4,100,296.4068654,2.538821256,NaN,0.004304221,6.84314694419702e-06,NaN,-0.000638057,4.46454436109843e-06,NaN,17682601.77,5.66371E+12,NaN,NaN,5839.206055,0,1028.636719,-276.6617432,-190.3787384,-212.3316345,-66.52106476,45.46556091,NaN,NaN
45,-16.02002069,-62.73030131,2004,4,100,296.5167643,2.699719113,0.078172447,0.004208407,6.95648720235747e-06,-0.203033219,-0.000582832,4.56392154950832e-06,-0.244155824,17706204.15,6.24293E+12,0.192073762,-0.008353334,5839.206055,0,1028.636719,-276.6617432,-190.3787384,-212.3316345,-66.52106476,45.46556091,0,-0.008353334
45,-16.02002069,-62.73030131,2005,4,100,296.5161896,2.472414879,0.101601164,0.00420561,7.15859217158475e-06,-0.169126964,-0.000593059,4.7687208065292e-06,-0.209644152,17696353.85,5.77823E+12,0.203586881,-0.156869201,5839.206055,0,1028.636719,-276.6617432,-190.3787384,-212.3316345,-66.52106476,45.46556091,-0.00327958,-0.153589621
45,-16.02002069,-62.73030131,2006,4,100,296.4388987,2.280707861,0.13057608,0.004318332,8.55220162434643e-06,-0.038866456,-0.000764963,5.73424763728628e-06,-0.088716508,17573983.31,5.05244E+12,0.196163403,-0.17392542,5839.206055,0,1028.636719,-276.6617432,-190.3787384,-212.3316345,-66.52106476,45.46556091,-0.027142419,-0.146783002
45,-16.02002069,-62.73030131,2007,4,100,296.43514,2.613259357,0.132321832,0.004553419,1.08628764340888e-05,0.02723121,-0.001041796,7.55973408588851e-06,-0.02617648,17527299.17,4.80812E+12,0.165455428,-0.246529066,5839.206055,0,1028.636719,-276.6617432,-190.3787384,-212.3316345,-66.52106476,45.46556091,-0.004059156,-0.24246991
45,-16.02002069,-62.73030131,2008,4,100,296.4096375,2.139249854,0.126707168,0.00482752,1.36024608230693e-05,0.158615517,-0.001342474,9.87984372470489e-06,0.103262739,17558395.56,4.56997E+12,0.114772884,-0.361640183,5839.206055,0,1028.636719,-276.6617432,-190.3787384,-212.3316345,-66.52106476,45.46556091,0.005844795,-0.367484978
45,-16.02002069,-62.73030131,2009,4,100,296.4742126,2.454232844,0.106055542,0.004938562,1.41490027867507e-05,0.230942709,-0.001436491,1.06500026197007e-05,0.172767531,17510846.19,5.35614E+12,0.045583905,-0.380546366,5839.206055,0,1028.636719,-276.6617432,-190.3787384,-212.3316345,-66.52106476,45.46556091,-0.004867828,-0.375678537
45,-16.02002069,-62.73030131,2010,4,100,296.591507,2.780704137,0.05595406,0.004734713,1.47257450609802e-05,0.223851415,-0.001297207,1.09939925170754e-05,0.170270158,17697496.98,5.88494E+12,-0.017579669,-0.391429129,5839.206055,0,1028.636719,-276.6617432,-190.3787384,-212.3316345,-66.52106476,45.46556091,0.012139063,-0.403568192
45,-16.02002069,-62.73030131,2011,4,100,296.6409658,2.518868765,0.011897632,0.004566226,1.37803926942154e-05,0.206728416,-0.00111447,1.02963078601443e-05,0.157402859,17708603.31,6.22838E+12,-0.028547111,-0.312107316,5839.206055,0,1028.636719,-276.6617432,-190.3787384,-212.3316345,-66.52106476,45.46556091,-0.007476017,-0.304631299
45,-16.02002069,-62.73030131,2012,4,100,296.7066854,2.546816044,-0.011166076,0.004513216,1.18662965163449e-05,0.119302797,-0.001001916,8.59073934367095e-06,0.069680227,17775655.58,6.15869E+12,-0.016034521,-0.189415781,5839.206055,0,1028.636719,-276.6617432,-190.3787384,-212.3316345,-66.52106476,45.46556091,0.00307676,-0.192492541
45,-16.02002069,-62.73030131,2013,4,100,296.6431732,2.398978233,-0.011849281,0.004318462,1.06537029289401e-05,0.078709976,-0.000813771,7.44327024824355e-06,0.023274186,17847818,5.97406E+12,-0.001931165,-0.045863891,5839.206055,0,1028.636719,-276.6617432,-190.3787384,-212.3316345,-66.52106476,45.46556091,0.004031672,-0.049895563
45,-16.02002069,-62.73030131,2014,4,100,296.4985199,2.409863767,0.065576231,0.004553802,9.7284298469354e-06,-0.00898107,-0.000965832,7.17436101465039e-06,-0.0652495,17487962.65,6.78587E+12,0.022492955,0.114035965,5839.206055,0,1028.636719,-276.6617432,-190.3787384,-212.3316345,-66.52106476,45.46556091,0.00259456,0.111441406
45,-16.02002069,-62.73030131,2015,4,100,296.5641785,2.647681758,0.160560518,0.00474824,9.27642303561506e-06,-0.098640721,-0.001055563,7.28601086221368e-06,-0.145464714,17454809.56,7.56954E+12,0.039385849,0.252229441,5839.206055,0,1028.636719,-276.6617432,-190.3787384,-212.3316345,-66.52106476,45.46556091,0.006333606,0.245895835
45,-16.02002069,-62.73030131,2016,4,100,296.5832977,2.636115766,0.243136434,0.004624173,9.74222994645661e-06,-0.142491597,-0.000950777,7.55188976855537e-06,-0.176902778,17448930.56,7.45175E+12,0.067866864,0.310611759,5839.206055,0,1028.636719,-276.6617432,-190.3787384,-212.3316345,-66.52106476,45.46556091,-0.010272906,0.320884665
45,-16.02002069,-62.73030131,2017,4,100,296.711141,2.479124093,0.276969224,0.004844682,1.06246626303617e-05,-0.157119397,-0.001166257,8.13591806023593e-06,-0.170754536,17458464.1,7.75282E+12,0.146379705,0.270342842,5839.206055,0,1028.636719,-276.6617432,-190.3787384,-212.3316345,-66.52106476,45.46556091,-0.029238652,0.299581495
45,-16.02002069,-62.73030131,2018,4,100,296.7012482,2.42718237,0.202534474,0.004776435,1.04736720722724e-05,-0.117375779,-0.001099988,7.54936073792055e-06,-0.117495976,17692973.75,6.08052E+12,0.21055425,0.152908669,5839.206055,0,1028.636719,-276.6617432,-190.3787384,-212.3316345,-66.52106476,45.46556091,-0.015222869,0.168131538
45,-16.02002069,-62.73030131,2019,4,100,296.7154439,2.429331254,0.104341245,0.004459542,9.7547274591869e-06,-0.022343689,-0.000893384,6.31727918015291e-06,-0.023302404,17814542.88,5.37086E+12,0.241911228,0.065703779,5839.206055,0,1028.636719,-276.6617432,-190.3787384,-212.3316345,-66.52106476,45.46556091,-0.028868109,0.094571888
45,-16.02002069,-62.73030131,2020,4,100,296.9629161,2.816845088,0.013716774,0.004210064,8.88135550467815e-06,0.095001426,-0.00072093,5.29269752951371e-06,0.08925699,18129544.46,6.08686E+12,0.273328834,0.043887688,5839.206055,0,1028.636719,-276.6617432,-190.3787384,-212.3316345,-66.52106476,45.46556091,-0.025976483,0.069864171
45,-16.02002069,-62.73030131,2021,4,100,296.9783986,3.320676563,0.00614686,0.004026351,1.03848749910362e-05,0.200251452,-0.000671939,6.40671636297346e-06,0.176734179,18196062.33,5.51884E+12,0.27911543,0.044401642,5839.206055,0,1028.636719,-276.6617432,-190.3787384,-212.3316345,-66.52106476,45.46556091,-0.019842202,0.064243844
45,-16.02002069,-62.73030131,2022,4,100,297.0930278,3.034858057,0.04175564,0.003545813,9.23751972280193e-06,0.254098956,-0.000396097,5.47921075804435e-06,0.221007539,17425835.66,1.44121E+13,0.290119569,0.0740816,5839.206055,0,1028.636719,-276.6617432,-190.3787384,-212.3316345,-66.52106476,45.46556091,-0.016511393,0.090592993
45,-16.02002069,-62.73030131,2023,4,100,297.2960765,3.658104777,0.097676148,0.002968431,8.73023877910148e-06,0.307892962,-0.000386926,4.93737847428815e-06,0.227317361,14541802.76,3.45792E+13,0.451893951,0.08572058,5839.206055,0,1028.636719,-276.6617432,-190.3787384,-212.3316345,-66.52106476,45.46556091,-0.027216909,0.112937489
45,-16.02002069,-62.73030131,2024,4,100,297.3728638,3.765672069,0.21510786,0.002786811,8.09592891759381e-06,0.363363901,-0.000385633,4.31296773979772e-06,0.238329305,13919368.05,3.41648E+13,0.603121268,0.080861506,5839.206055,0,1028.636719,-276.6617432,-190.3787384,-212.3316345,-66.52106476,45.46556091,-0.04317563,0.124037136
