sampleID,sampleLat,sampleLon,year,window_years,fc,t2m_mean,t2m_var,t2m_ac,tp_mean,tp_var,tp_ac,def_mean,def_var,def_ac,ssrd_mean,ssrd_var,ssrd_ac,TAC_EVI2_bimonthly_24,Coef1,Coef2,Coef3,Coef4,Coef5,Coef6,Coef7,Coef8,diff,eTAC
1,-3.95000028,-73.4399997,2000,4,100,297.9804484,0.52765047,NaN,0.007729567,2.73E-06,NaN,-0.004177573,3.24E-06,NaN,16014856.33,4.31517E+12,NaN,NaN,-24215.19922,0.040416252,222.8064575,-134.6176758,-125.332962,-51.45842361,17.12694168,0,NaN,NaN
1,-3.95000028,-73.4399997,2001,4,100,298.0622762,0.545425446,NaN,0.007466685,3.54E-06,NaN,-0.003904698,4.01E-06,NaN,16163969.79,3.80533E+12,NaN,NaN,-24215.19922,0.040416252,222.8064575,-134.6176758,-125.332962,-51.45842361,17.12694168,0,NaN,NaN
1,-3.95000028,-73.4399997,2002,4,100,298.1857368,0.498645752,NaN,0.007291485,3.66E-06,NaN,-0.003732481,4.23E-06,NaN,16203141.03,3.62234E+12,NaN,NaN,-24215.19922,0.040416252,222.8064575,-134.6176758,-125.332962,-51.45842361,17.12694168,0,NaN,NaN
1,-3.95000028,-73.4399997,2003,4,100,298.2323863,0.495514601,NaN,0.007210127,3.63E-06,NaN,-0.00365398,4.23E-06,NaN,16194875.42,3.50158E+12,NaN,NaN,-24215.19922,0.040416252,222.8064575,-134.6176758,-125.332962,-51.45842361,17.12694168,0,NaN,NaN
1,-3.95000028,-73.4399997,2004,4,100,298.361084,0.560660682,0.427722264,0.006863207,3.41E-06,-0.078040163,-0.003294499,4.06E-06,-0.007956569,16301111.02,3.42285E+12,0.387603358,0.299845741,-24215.19922,0.040416252,222.8064575,-134.6176758,-125.332962,-51.45842361,17.12694168,0,0,0.299845741
1,-3.95000028,-73.4399997,2005,4,100,298.5168813,0.489408516,0.41934647,0.006722676,3.28E-06,-0.082865139,-0.003122975,4.11E-06,-0.022585556,16416838.96,3.46182E+12,0.341884045,0.267014291,-24215.19922,0.040416252,222.8064575,-134.6176758,-125.332962,-51.45842361,17.12694168,0,-0.004812791,0.271827082
1,-3.95000028,-73.4399997,2006,4,100,298.557958,0.478677138,0.413041517,0.006616052,3.18E-06,-0.031182933,-0.002975517,3.89E-06,0.024699007,16557105.33,3.2263E+12,0.354563669,0.267014291,-24215.19922,0.040416252,222.8064575,-134.6176758,-125.332962,-51.45842361,17.12694168,0,-0.010474101,0.277488391
1,-3.95000028,-73.4399997,2007,4,100,298.6074219,0.493434264,0.38673474,0.0065257,3.77E-06,-0.01128323,-0.002866749,4.42E-06,0.035533126,16697277.31,3.14427E+12,0.349543893,0.248982069,-24215.19922,0.040416252,222.8064575,-134.6176758,-125.332962,-51.45842361,17.12694168,0,-0.004126303,0.253108372
1,-3.95000028,-73.4399997,2008,4,100,298.5800476,0.38345331,0.37275573,0.006737719,4.11E-06,0.044422796,-0.00307773,4.75E-06,0.072116281,16709675.04,2.8774E+12,0.310223162,0.154754648,-24215.19922,0.040416252,222.8064575,-134.6176758,-125.332962,-51.45842361,17.12694168,0,-0.003303815,0.158058463
1,-3.95000028,-73.4399997,2009,4,100,298.512502,0.404847652,0.348286627,0.006988637,4.72E-06,0.114749875,-0.003362924,5.35E-06,0.125936883,16531448.92,2.92097E+12,0.279043509,0.157941756,-24215.19922,0.040416252,222.8064575,-134.6176758,-125.332962,-51.45842361,17.12694168,0,-0.01437624,0.172317996
1,-3.95000028,-73.4399997,2010,4,100,298.608963,0.472286263,0.350722692,0.007018325,5.22E-06,0.143326156,-0.003399532,5.96E-06,0.137912468,16501079.44,3.13969E+12,0.226534804,0.145695235,-24215.19922,0.040416252,222.8064575,-134.6176758,-125.332962,-51.45842361,17.12694168,0,-0.000885036,0.146580271
1,-3.95000028,-73.4399997,2011,4,100,298.5707753,0.397837939,0.416518892,0.007225297,5.36E-06,0.186433298,-0.003617755,6.25E-06,0.178798546,16350993.69,3.37303E+12,0.249046596,0.140121655,-24215.19922,0.040416252,222.8064575,-134.6176758,-125.332962,-51.45842361,17.12694168,0,0.001667662,0.138453993
1,-3.95000028,-73.4399997,2012,4,100,298.5744832,0.378899412,0.482407606,0.007333638,6.51E-06,0.181179119,-0.0037227,7.55E-06,0.180317561,16319948.42,3.26332E+12,0.302677489,0.171885962,-24215.19922,0.040416252,222.8064575,-134.6176758,-125.332962,-51.45842361,17.12694168,0,-0.014321011,0.186206972
1,-3.95000028,-73.4399997,2013,4,100,298.5632579,0.379956771,0.576204794,0.007272551,5.71E-06,0.1593771,-0.003652199,6.68E-06,0.171219782,16339891.71,3.24277E+12,0.35538258,0.197526487,-24215.19922,0.040416252,222.8064575,-134.6176758,-125.332962,-51.45842361,17.12694168,0,-0.019023247,0.216549734
1,-3.95000028,-73.4399997,2014,4,100,298.4231618,0.27666454,0.595557759,0.007472803,5.05E-06,0.11232555,-0.003895549,6.01E-06,0.137665582,16099704.17,3.00912E+12,0.381978535,0.127199118,-24215.19922,0.040416252,222.8064575,-134.6176758,-125.332962,-51.45842361,17.12694168,0,-0.029561271,0.156760389
1,-3.95000028,-73.4399997,2015,4,100,298.4948425,0.387786453,0.518779388,0.007587303,5.45E-06,0.048063822,-0.00402061,6.84E-06,0.074754257,16048925.38,3.56024E+12,0.282811313,0.060977033,-24215.19922,0.040416252,222.8064575,-134.6176758,-125.332962,-51.45842361,17.12694168,0,-0.031238245,0.092215278
1,-3.95000028,-73.4399997,2016,4,100,298.634201,0.501228876,0.462936145,0.007621094,4.99E-06,0.014594795,-0.00405131,6.34E-06,0.042401445,16003624.42,3.85529E+12,0.204588587,0.03751399,-24215.19922,0.040416252,222.8064575,-134.6176758,-125.332962,-51.45842361,17.12694168,0,0.021241073,0.016272917
1,-3.95000028,-73.4399997,2017,4,100,298.7364909,0.448124681,0.389475634,0.007586836,6.45E-06,0.013331048,-0.003997854,7.88E-06,0.032057516,16076976.42,3.52348E+12,0.155705958,0.021187213,-24215.19922,0.040416252,222.8064575,-134.6176758,-125.332962,-51.45842361,17.12694168,0,0.00784206,0.013345153
1,-3.95000028,-73.4399997,2018,4,100,298.7610219,0.488777128,0.349831421,0.007574434,6.87E-06,0.052565548,-0.003970157,8.38E-06,0.063667665,16101749.69,3.78118E+12,0.141247509,0.117319246,-24215.19922,0.040416252,222.8064575,-134.6176758,-125.332962,-51.45842361,17.12694168,0,-0.001474813,0.118794059
1,-3.95000028,-73.4399997,2019,4,100,298.7634989,0.397088208,0.366893853,0.007629115,7.22E-06,0.102777885,-0.004016727,8.39E-06,0.111264547,16064360.31,3.02761E+12,0.183147137,0.20197846,-24215.19922,0.040416252,222.8064575,-134.6176758,-125.332962,-51.45842361,17.12694168,0,-0.007746914,0.209725374
1,-3.95000028,-73.4399997,2020,4,100,298.7979177,0.353665242,0.334094314,0.007213659,7.06E-06,0.158416634,-0.00358662,8.31E-06,0.161892063,16187296.13,3.24634E+12,0.183563261,0.232067345,-24215.19922,0.040416252,222.8064575,-134.6176758,-125.332962,-51.45842361,17.12694168,0,-0.005719521,0.237786866
1,-3.95000028,-73.4399997,2021,4,100,298.7705129,0.401567547,0.300582528,0.007371059,7.54E-06,0.170181385,-0.003726866,8.77E-06,0.178399537,16269115.56,3.80477E+12,0.194157211,0.290682172,-24215.19922,0.040416252,222.8064575,-134.6176758,-125.332962,-51.45842361,17.12694168,0,-0.025908827,0.316590999
1,-3.95000028,-73.4399997,2022,4,100,298.816335,0.413887534,0.285881115,0.006962419,9.65E-06,0.172414846,-0.003514354,9.31E-06,0.181976482,15475912.11,1.12622E+13,0.233343773,0.338215105,-24215.19922,0.040416252,222.8064575,-134.6176758,-125.332962,-51.45842361,17.12694168,0,-0.028415678,0.366630783
1,-3.95000028,-73.4399997,2023,4,100,298.9712067,0.672893878,0.286874954,0.005635622,1.02E-05,0.264899318,-0.002795458,7.34E-06,0.205739572,12884322.05,2.96292E+13,0.403872216,0.405912604,-24215.19922,0.040416252,222.8064575,-134.6176758,-125.332962,-51.45842361,17.12694168,0,0.007158071,0.398754533
1,-3.95000028,-73.4399997,2024,4,100,299.1552124,0.884999543,0.373743966,0.005644162,1.26E-05,0.368578859,-0.002904511,9.49E-06,0.223477662,12550225.72,3.30955E+13,0.594392299,0.465960885,-24215.19922,0.040416252,222.8064575,-134.6176758,-125.332962,-51.45842361,17.12694168,0,-0.025000161,0.490961046
2,-3.94999467,-73.43979207,2000,4,100,297.9783325,0.541468828,NaN,0.008066198,3.26E-06,NaN,-0.004439654,4.02E-06,NaN,16033027,4.32509E+12,NaN,NaN,-24215.1875,0.040416237,222.8062897,-134.617569,-125.3330917,-51.45842743,17.12695313,0,NaN,NaN
2,-3.94999467,-73.43979207,2001,4,100,298.0578817,0.541404071,NaN,0.007775074,3.73E-06,NaN,-0.004135502,4.31E-06,NaN,16184831.79,3.79958E+12,NaN,NaN,-24215.1875,0.040416237,222.8062897,-134.617569,-125.3330917,-51.45842743,17.12695313,0,NaN,NaN
2,-3.94999467,-73.43979207,2002,4,100,298.1808539,0.496639412,NaN,0.007525547,3.76E-06,NaN,-0.003889519,4.40E-06,NaN,16212803.22,3.62614E+12,NaN,NaN,-24215.1875,0.040416237,222.8062897,-134.617569,-125.3330917,-51.45842743,17.12695313,0,NaN,NaN
2,-3.94999467,-73.43979207,2003,4,100,298.2261607,0.492833801,NaN,0.007448697,3.73E-06,NaN,-0.003816701,4.38E-06,NaN,16198672.52,3.5182E+12,NaN,NaN,-24215.1875,0.040416237,222.8062897,-134.617569,-125.3330917,-51.45842743,17.12695313,0,NaN,NaN
2,-3.94999467,-73.43979207,2004,4,100,298.3553467,0.556093825,0.432345715,0.007078821,3.33E-06,-0.066637574,-0.003430641,3.99E-06,0.005264105,16301750.79,3.44716E+12,0.394518449,0.29984591,-24215.1875,0.040416237,222.8062897,-134.617569,-125.3330917,-51.45842743,17.12695313,0,0,0.29984591
2,-3.94999467,-73.43979207,2005,4,100,298.5103709,0.488222267,0.425201787,0.006926541,3.07E-06,-0.068899725,-0.003246452,3.89E-06,-0.005620482,16410499.77,3.50009E+12,0.34933154,0.267014502,-24215.1875,0.040416237,222.8062897,-134.617569,-125.3330917,-51.45842743,17.12695313,0,0.006007323,0.261007179
2,-3.94999467,-73.43979207,2006,4,100,298.5503489,0.47743669,0.419070715,0.006881227,3.16E-06,-0.020216231,-0.003154099,3.84E-06,0.037537748,16557776.79,3.26317E+12,0.36193763,0.267014502,-24215.1875,0.040416237,222.8062897,-134.617569,-125.3330917,-51.45842743,17.12695313,0,-0.002613899,0.269628401
2,-3.94999467,-73.43979207,2007,4,100,298.6008708,0.493742502,0.389976185,0.006796741,3.74E-06,0.000215421,-0.003050244,4.38E-06,0.048015471,16702862.31,3.17092E+12,0.355990303,0.248982196,-24215.1875,0.040416237,222.8062897,-134.617569,-125.3330917,-51.45842743,17.12695313,0,-0.019092294,0.26807449
2,-3.94999467,-73.43979207,2008,4,100,298.5732524,0.383457856,0.37222915,0.006996458,4.02E-06,0.055202549,-0.003248082,4.61E-06,0.083479995,16715793.42,2.89033E+12,0.314871311,0.154754599,-24215.1875,0.040416237,222.8062897,-134.617569,-125.3330917,-51.45842743,17.12695313,0,-0.00765135,0.162405949
2,-3.94999467,-73.43979207,2009,4,100,298.5083923,0.403412737,0.340765576,0.007251934,4.82E-06,0.117195505,-0.003540488,5.42E-06,0.127194397,16545897.71,2.91195E+12,0.277207215,0.157941648,-24215.1875,0.040416237,222.8062897,-134.617569,-125.3330917,-51.45842743,17.12695313,0,0.001360475,0.156581172
2,-3.94999467,-73.43979207,2010,4,100,298.6080271,0.471873486,0.337507879,0.007255866,5.28E-06,0.141869601,-0.003551597,6.02E-06,0.133900639,16515662.9,3.12895E+12,0.217511593,0.145695154,-24215.1875,0.040416237,222.8062897,-134.617569,-125.3330917,-51.45842743,17.12695313,0,0.026218973,0.119476181
2,-3.94999467,-73.43979207,2011,4,100,298.5708567,0.39648936,0.401648687,0.007440123,5.31E-06,0.180467703,-0.003744537,6.19E-06,0.168672171,16368069.15,3.38238E+12,0.23690607,0.140121594,-24215.1875,0.040416237,222.8062897,-134.617569,-125.3330917,-51.45842743,17.12695313,0,0.001315998,0.138805596
2,-3.94999467,-73.43979207,2012,4,100,298.5726522,0.376651885,0.469495442,0.007557308,6.44E-06,0.172864723,-0.003859024,7.49E-06,0.165309541,16336100.54,3.27372E+12,0.288875682,0.171885941,-24215.1875,0.040416237,222.8062897,-134.617569,-125.3330917,-51.45842743,17.12695313,0,-0.026375303,0.198261244
2,-3.94999467,-73.43979207,2013,4,100,298.5617523,0.380517567,0.570106358,0.00747,5.58E-06,0.163653232,-0.003761608,6.61E-06,0.168839197,16348227,3.28886E+12,0.347811449,0.197526441,-24215.1875,0.040416237,222.8062897,-134.617569,-125.3330917,-51.45842743,17.12695313,0,-0.009551192,0.207077633
2,-3.94999467,-73.43979207,2014,4,100,298.4208018,0.275266705,0.59467028,0.007693014,4.92E-06,0.129214484,-0.004032787,5.92E-06,0.150850472,16105459.67,3.06162E+12,0.381630092,0.127199023,-24215.1875,0.040416237,222.8062897,-134.617569,-125.3330917,-51.45842743,17.12695313,0,-0.012506426,0.139705449
2,-3.94999467,-73.43979207,2015,4,100,298.4914653,0.386040429,0.521328253,0.007834516,5.56E-06,0.082845324,-0.00418476,7.03E-06,0.109525614,16050913.42,3.59418E+12,0.284605188,0.060976896,-24215.1875,0.040416237,222.8062897,-134.617569,-125.3330917,-51.45842743,17.12695313,0,-0.002704494,0.06368139
2,-3.94999467,-73.43979207,2016,4,100,298.6331838,0.503872767,0.465991801,0.00787311,5.26E-06,0.065974555,-0.004224499,6.69E-06,0.096940941,16001709.13,3.91427E+12,0.206332904,0.03751383,-24215.1875,0.040416237,222.8062897,-134.617569,-125.3330917,-51.45842743,17.12695313,0,-0.022126759,0.059640589
2,-3.94999467,-73.43979207,2017,4,100,298.7339681,0.450778412,0.38993211,0.007852578,6.66E-06,0.069839181,-0.00418085,8.15E-06,0.093999346,16075857.5,3.55088E+12,0.153985188,0.021187087,-24215.1875,0.040416237,222.8062897,-134.617569,-125.3330917,-51.45842743,17.12695313,0,0.007979568,0.013207519
2,-3.94999467,-73.43979207,2018,4,100,298.7587026,0.489790327,0.34948588,0.00782099,7.05E-06,0.104998367,-0.004134029,8.62E-06,0.121388785,16102610.19,3.79451E+12,0.137070809,0.117319171,-24215.1875,0.040416237,222.8062897,-134.617569,-125.3330917,-51.45842743,17.12695313,0,-0.023459636,0.140778807
2,-3.94999467,-73.43979207,2019,4,100,298.7628072,0.397648235,0.36593992,0.007844658,7.38E-06,0.136986574,-0.004150599,8.57E-06,0.15028995,16066894.94,3.04786E+12,0.180482966,0.201978434,-24215.1875,0.040416237,222.8062897,-134.617569,-125.3330917,-51.45842743,17.12695313,0,-0.014844173,0.216822607
2,-3.94999467,-73.43979207,2020,4,100,298.7936859,0.345871224,0.332724558,0.007456614,7.07E-06,0.167598832,-0.003735402,8.33E-06,0.177107196,16191057.08,3.2481E+12,0.184044962,0.232067383,-24215.1875,0.040416237,222.8062897,-134.617569,-125.3330917,-51.45842743,17.12695313,0,-0.015107741,0.247175124
2,-3.94999467,-73.43979207,2021,4,100,298.7623749,0.390657428,0.300322953,0.007628404,7.40E-06,0.144853065,-0.003887621,8.57E-06,0.159634289,16271721.06,3.82077E+12,0.196993813,0.290682237,-24215.1875,0.040416237,222.8062897,-134.617569,-125.3330917,-51.45842743,17.12695313,0,-0.014142519,0.304824757
2,-3.94999467,-73.43979207,2022,4,100,298.8049011,0.405115839,0.283717802,0.007201909,9.43E-06,0.119858288,-0.003656374,9.00E-06,0.134970936,15475444.91,1.12902E+13,0.23651504,0.338215176,-24215.1875,0.040416237,222.8062897,-134.617569,-125.3330917,-51.45842743,17.12695313,0,-0.007751078,0.345966253
2,-3.94999467,-73.43979207,2023,4,100,298.9545644,0.649460811,0.282445061,0.005873147,1.01E-05,0.201510578,-0.002941921,7.01E-06,0.13515917,12882378.76,2.96216E+13,0.405591566,0.405912669,-24215.1875,0.040416237,222.8062897,-134.617569,-125.3330917,-51.45842743,17.12695313,0,0.009458493,0.396454176
2,-3.94999467,-73.43979207,2024,4,100,299.1410522,0.870945021,0.369435645,0.005854093,1.25E-05,0.306815227,-0.003027619,9.21E-06,0.142692436,12555869.68,3.3149E+13,0.59468841,0.465960912,-24215.1875,0.040416237,222.8062897,-134.617569,-125.3330917,-51.45842743,17.12695313,0,-0.009231554,0.475192466
3,-3.94981488,-73.44000278,2000,4,100,297.9783325,0.541468828,NaN,0.008066198,3.26E-06,NaN,-0.004439654,4.02E-06,NaN,16033027,4.32509E+12,NaN,NaN,-24215.19336,0.040416244,222.8047333,-134.6167908,-125.3331833,-51.45820999,17.12703323,0,NaN,NaN
3,-3.94981488,-73.44000278,2001,4,100,298.0578817,0.541404071,NaN,0.007775074,3.73E-06,NaN,-0.004135502,4.31E-06,NaN,16184831.79,3.79958E+12,NaN,NaN,-24215.19336,0.040416244,222.8047333,-134.6167908,-125.3331833,-51.45820999,17.12703323,0,NaN,NaN
3,-3.94981488,-73.44000278,2002,4,100,298.1808539,0.496639412,NaN,0.007525547,3.76E-06,NaN,-0.003889519,4.40E-06,NaN,16212803.22,3.62614E+12,NaN,NaN,-24215.19336,0.040416244,222.8047333,-134.6167908,-125.3331833,-51.45820999,17.12703323,0,NaN,NaN
3,-3.94981488,-73.44000278,2003,4,100,298.2261607,0.492833801,NaN,0.007448697,3.73E-06,NaN,-0.003816701,4.38E-06,NaN,16198672.52,3.5182E+12,NaN,NaN,-24215.19336,0.040416244,222.8047333,-134.6167908,-125.3331833,-51.45820999,17.12703323,0,NaN,NaN
3,-3.94981488,-73.44000278,2004,4,100,298.3553467,0.556093825,0.432345715,0.007078821,3.33E-06,-0.066637574,-0.003430641,3.99E-06,0.005264105,16301750.79,3.44716E+12,0.394518449,0.29984581,-24215.19336,0.040416244,222.8047333,-134.6167908,-125.3331833,-51.45820999,17.12703323,0,0,0.29984581
3,-3.94981488,-73.44000278,2005,4,100,298.5103709,0.488222267,0.425201787,0.006926541,3.07E-06,-0.068899725,-0.003246452,3.89E-06,-0.005620482,16410499.77,3.50009E+12,0.34933154,0.267014376,-24215.19336,0.040416244,222.8047333,-134.6167908,-125.3331833,-51.45820999,17.12703323,0,0.006007323,0.261007053
3,-3.94981488,-73.44000278,2006,4,100,298.5503489,0.47743669,0.419070715,0.006881227,3.16E-06,-0.020216231,-0.003154099,3.84E-06,0.037537748,16557776.79,3.26317E+12,0.36193763,0.267014376,-24215.19336,0.040416244,222.8047333,-134.6167908,-125.3331833,-51.45820999,17.12703323,0,-0.002613899,0.269628276
3,-3.94981488,-73.44000278,2007,4,100,298.6008708,0.493742502,0.389976185,0.006796741,3.74E-06,0.000215421,-0.003050244,4.38E-06,0.048015471,16702862.31,3.17092E+12,0.355990303,0.248982108,-24215.19336,0.040416244,222.8047333,-134.6167908,-125.3331833,-51.45820999,17.12703323,0,-0.019092294,0.268074402
3,-3.94981488,-73.44000278,2008,4,100,298.5732524,0.383457856,0.37222915,0.006996458,4.02E-06,0.055202549,-0.003248082,4.61E-06,0.083479995,16715793.42,2.89033E+12,0.314871311,0.154754533,-24215.19336,0.040416244,222.8047333,-134.6167908,-125.3331833,-51.45820999,17.12703323,0,-0.00765135,0.162405883
3,-3.94981488,-73.44000278,2009,4,100,298.5083923,0.403412737,0.340765576,0.007251934,4.82E-06,0.117195505,-0.003540488,5.42E-06,0.127194397,16545897.71,2.91195E+12,0.277207215,0.157941619,-24215.19336,0.040416244,222.8047333,-134.6167908,-125.3331833,-51.45820999,17.12703323,0,0.001360475,0.156581144
3,-3.94981488,-73.44000278,2010,4,100,298.6080271,0.471873486,0.337507879,0.007255866,5.28E-06,0.141869601,-0.003551597,6.02E-06,0.133900639,16515662.9,3.12895E+12,0.217511593,0.14569514,-24215.19336,0.040416244,222.8047333,-134.6167908,-125.3331833,-51.45820999,17.12703323,0,0.026218973,0.119476166
3,-3.94981488,-73.44000278,2011,4,100,298.5708567,0.39648936,0.401648687,0.007440123,5.31E-06,0.180467703,-0.003744537,6.19E-06,0.168672171,16368069.15,3.38238E+12,0.23690607,0.140121584,-24215.19336,0.040416244,222.8047333,-134.6167908,-125.3331833,-51.45820999,17.12703323,0,0.001315998,0.138805585
3,-3.94981488,-73.44000278,2012,4,100,298.5726522,0.376651885,0.469495442,0.007557308,6.44E-06,0.172864723,-0.003859024,7.49E-06,0.165309541,16336100.54,3.27372E+12,0.288875682,0.171885944,-24215.19336,0.040416244,222.8047333,-134.6167908,-125.3331833,-51.45820999,17.12703323,0,-0.026375303,0.198261247
3,-3.94981488,-73.44000278,2013,4,100,298.5617523,0.380517567,0.570106358,0.00747,5.58E-06,0.163653232,-0.003761608,6.61E-06,0.168839197,16348227,3.28886E+12,0.347811449,0.19752646,-24215.19336,0.040416244,222.8047333,-134.6167908,-125.3331833,-51.45820999,17.12703323,0,-0.009551192,0.207077653
3,-3.94981488,-73.44000278,2014,4,100,298.4208018,0.275266705,0.59467028,0.007693014,4.92E-06,0.129214484,-0.004032787,5.92E-06,0.150850472,16105459.67,3.06162E+12,0.381630092,0.127199086,-24215.19336,0.040416244,222.8047333,-134.6167908,-125.3331833,-51.45820999,17.12703323,0,-0.012506426,0.139705512
3,-3.94981488,-73.44000278,2015,4,100,298.4914653,0.386040429,0.521328253,0.007834516,5.56E-06,0.082845324,-0.00418476,7.03E-06,0.109525614,16050913.42,3.59418E+12,0.284605188,0.060977002,-24215.19336,0.040416244,222.8047333,-134.6167908,-125.3331833,-51.45820999,17.12703323,0,-0.002704494,0.063681496
3,-3.94981488,-73.44000278,2016,4,100,298.6331838,0.503872767,0.465991801,0.00787311,5.26E-06,0.065974555,-0.004224499,6.69E-06,0.096940941,16001709.13,3.91427E+12,0.206332904,0.037513961,-24215.19336,0.040416244,222.8047333,-134.6167908,-125.3331833,-51.45820999,17.12703323,0,-0.022126759,0.05964072
3,-3.94981488,-73.44000278,2017,4,100,298.7339681,0.450778412,0.38993211,0.007852578,6.66E-06,0.069839181,-0.00418085,8.15E-06,0.093999346,16075857.5,3.55088E+12,0.153985188,0.021187223,-24215.19336,0.040416244,222.8047333,-134.6167908,-125.3331833,-51.45820999,17.12703323,0,0.007979568,0.013207655
3,-3.94981488,-73.44000278,2018,4,100,298.7587026,0.489790327,0.34948588,0.00782099,7.05E-06,0.104998367,-0.004134029,8.62E-06,0.121388785,16102610.19,3.79451E+12,0.137070809,0.117319268,-24215.19336,0.040416244,222.8047333,-134.6167908,-125.3331833,-51.45820999,17.12703323,0,-0.023459636,0.140778904
3,-3.94981488,-73.44000278,2019,4,100,298.7628072,0.397648235,0.36593992,0.007844658,7.38E-06,0.136986574,-0.004150599,8.57E-06,0.15028995,16066894.94,3.04786E+12,0.180482966,0.201978486,-24215.19336,0.040416244,222.8047333,-134.6167908,-125.3331833,-51.45820999,17.12703323,0,-0.014844173,0.21682266
3,-3.94981488,-73.44000278,2020,4,100,298.7936859,0.345871224,0.332724558,0.007456614,7.07E-06,0.167598832,-0.003735402,8.33E-06,0.177107196,16191057.08,3.2481E+12,0.184044962,0.232067407,-24215.19336,0.040416244,222.8047333,-134.6167908,-125.3331833,-51.45820999,17.12703323,0,-0.015107741,0.247175148
3,-3.94981488,-73.44000278,2021,4,100,298.7623749,0.390657428,0.300322953,0.007628404,7.40E-06,0.144853065,-0.003887621,8.57E-06,0.159634289,16271721.06,3.82077E+12,0.196993813,0.29068225,-24215.19336,0.040416244,222.8047333,-134.6167908,-125.3331833,-51.45820999,17.12703323,0,-0.014142519,0.304824769
3,-3.94981488,-73.44000278,2022,4,100,298.8049011,0.405115839,0.283717802,0.007201909,9.43E-06,0.119858288,-0.003656374,9.00E-06,0.134970936,15475444.91,1.12902E+13,0.23651504,0.33821519,-24215.19336,0.040416244,222.8047333,-134.6167908,-125.3331833,-51.45820999,17.12703323,0,-0.007751078,0.345966268
3,-3.94981488,-73.44000278,2023,4,100,298.9545644,0.649460811,0.282445061,0.005873147,1.01E-05,0.201510578,-0.002941921,7.01E-06,0.13515917,12882378.76,2.96216E+13,0.405591566,0.405912685,-24215.19336,0.040416244,222.8047333,-134.6167908,-125.3331833,-51.45820999,17.12703323,0,0.009458493,0.396454192
3,-3.94981488,-73.44000278,2024,4,100,299.1410522,0.870945021,0.369435645,0.005854093,1.25E-05,0.306815227,-0.003027619,9.21E-06,0.142692436,12555869.68,3.3149E+13,0.59468841,0.465960947,-24215.19336,0.040416244,222.8047333,-134.6167908,-125.3331833,-51.45820999,17.12703323,0,-0.009231554,0.475192501
4,-3.95000627,-73.44026569,2000,4,98,297.9804484,0.52765047,NaN,0.007729567,2.73E-06,NaN,-0.004177573,3.24E-06,NaN,16014856.33,4.31517E+12,NaN,NaN,-25951.31641,0.043013588,151.9493561,-150.5391388,-44.4774971,-21.86837387,0,0,NaN,NaN
4,-3.95000627,-73.44026569,2001,4,98,298.0622762,0.545425446,NaN,0.007466685,3.54E-06,NaN,-0.003904698,4.01E-06,NaN,16163969.79,3.80533E+12,NaN,NaN,-25951.31641,0.043013588,151.9493561,-150.5391388,-44.4774971,-21.86837387,0,0,NaN,NaN
4,-3.95000627,-73.44026569,2002,4,98,298.1857368,0.498645752,NaN,0.007291485,3.66E-06,NaN,-0.003732481,4.23E-06,NaN,16203141.03,3.62234E+12,NaN,NaN,-25951.31641,0.043013588,151.9493561,-150.5391388,-44.4774971,-21.86837387,0,0,NaN,NaN
4,-3.95000627,-73.44026569,2003,4,98,298.2323863,0.495514601,NaN,0.007210127,3.63E-06,NaN,-0.00365398,4.23E-06,NaN,16194875.42,3.50158E+12,NaN,NaN,-25951.31641,0.043013588,151.9493561,-150.5391388,-44.4774971,-21.86837387,0,0,NaN,NaN
4,-3.95000627,-73.44026569,2004,4,98,298.361084,0.560660682,0.427722264,0.006863207,3.41E-06,-0.078040163,-0.003294499,4.06E-06,-0.007956569,16301111.02,3.42285E+12,0.387603358,0.51473536,-25951.31641,0.043013588,151.9493561,-150.5391388,-44.4774971,-21.86837387,0,0,0,0.51473536
4,-3.95000627,-73.44026569,2005,4,98,298.5168813,0.489408516,0.41934647,0.006722676,3.28E-06,-0.082865139,-0.003122975,4.11E-06,-0.022585556,16416838.96,3.46182E+12,0.341884045,0.476636444,-25951.31641,0.043013588,151.9493561,-150.5391388,-44.4774971,-21.86837387,0,0,0.009826591,0.466809853
4,-3.95000627,-73.44026569,2006,4,98,298.557958,0.478677138,0.413041517,0.006616052,3.18E-06,-0.031182933,-0.002975517,3.89E-06,0.024699007,16557105.33,3.2263E+12,0.354563669,0.476636444,-25951.31641,0.043013588,151.9493561,-150.5391388,-44.4774971,-21.86837387,0,0,-0.010919211,0.487555655
4,-3.95000627,-73.44026569,2007,4,98,298.6074219,0.493434264,0.38673474,0.0065257,3.77E-06,-0.01128323,-0.002866749,4.42E-06,0.035533126,16697277.31,3.14427E+12,0.349543893,0.476317728,-25951.31641,0.043013588,151.9493561,-150.5391388,-44.4774971,-21.86837387,0,0,0.003257683,0.473060046
4,-3.95000627,-73.44026569,2008,4,98,298.5800476,0.38345331,0.37275573,0.006737719,4.11E-06,0.044422796,-0.00307773,4.75E-06,0.072116281,16709675.04,2.8774E+12,0.310223162,0.381159129,-25951.31641,0.043013588,151.9493561,-150.5391388,-44.4774971,-21.86837387,0,0,0.017220623,0.363938506
4,-3.95000627,-73.44026569,2009,4,98,298.512502,0.404847652,0.348286627,0.006988637,4.72E-06,0.114749875,-0.003362924,5.35E-06,0.125936883,16531448.92,2.92097E+12,0.279043509,0.356387322,-25951.31641,0.043013588,151.9493561,-150.5391388,-44.4774971,-21.86837387,0,0,0.001880318,0.354507004
4,-3.95000627,-73.44026569,2010,4,98,298.608963,0.472286263,0.350722692,0.007018325,5.22E-06,0.143326156,-0.003399532,5.96E-06,0.137912468,16501079.44,3.13969E+12,0.226534804,0.330419413,-25951.31641,0.043013588,151.9493561,-150.5391388,-44.4774971,-21.86837387,0,0,0.000510318,0.329909096
4,-3.95000627,-73.44026569,2011,4,98,298.5707753,0.397837939,0.416518892,0.007225297,5.36E-06,0.186433298,-0.003617755,6.25E-06,0.178798546,16350993.69,3.37303E+12,0.249046596,0.319540457,-25951.31641,0.043013588,151.9493561,-150.5391388,-44.4774971,-21.86837387,0,0,0.005486091,0.314054366
4,-3.95000627,-73.44026569,2012,4,98,298.5744832,0.378899412,0.482407606,0.007333638,6.51E-06,0.181179119,-0.0037227,7.55E-06,0.180317561,16319948.42,3.26332E+12,0.302677489,0.31913527,-25951.31641,0.043013588,151.9493561,-150.5391388,-44.4774971,-21.86837387,0,0,-0.02385499,0.34299026
4,-3.95000627,-73.44026569,2013,4,98,298.5632579,0.379956771,0.576204794,0.007272551,5.71E-06,0.1593771,-0.003652199,6.68E-06,0.171219782,16339891.71,3.24277E+12,0.35538258,0.369524098,-25951.31641,0.043013588,151.9493561,-150.5391388,-44.4774971,-21.86837387,0,0,-0.037318541,0.406842639
4,-3.95000627,-73.44026569,2014,4,98,298.4231618,0.27666454,0.595557759,0.007472803,5.05E-06,0.11232555,-0.003895549,6.01E-06,0.137665582,16099704.17,3.00912E+12,0.381978535,0.287936074,-25951.31641,0.043013588,151.9493561,-150.5391388,-44.4774971,-21.86837387,0,0,0.000629759,0.287306315
4,-3.95000627,-73.44026569,2015,4,98,298.4948425,0.387786453,0.518779388,0.007587303,5.45E-06,0.048063822,-0.00402061,6.84E-06,0.074754257,16048925.38,3.56024E+12,0.282811313,0.159853435,-25951.31641,0.043013588,151.9493561,-150.5391388,-44.4774971,-21.86837387,0,0,0.012457642,0.147395793
4,-3.95000627,-73.44026569,2016,4,98,298.634201,0.501228876,0.462936145,0.007621094,4.99E-06,0.014594795,-0.00405131,6.34E-06,0.042401445,16003624.42,3.85529E+12,0.204588587,0.03915535,-25951.31641,0.043013588,151.9493561,-150.5391388,-44.4774971,-21.86837387,0,0,0.036757812,0.002397539
4,-3.95000627,-73.44026569,2017,4,98,298.7364909,0.448124681,0.389475634,0.007586836,6.45E-06,0.013331048,-0.003997854,7.88E-06,0.032057516,16076976.42,3.52348E+12,0.155705958,-0.124066179,-25951.31641,0.043013588,151.9493561,-150.5391388,-44.4774971,-21.86837387,0,0,-0.007069836,-0.116996343
4,-3.95000627,-73.44026569,2018,4,98,298.7610219,0.488777128,0.349831421,0.007574434,6.87E-06,0.052565548,-0.003970157,8.38E-06,0.063667665,16101749.69,3.78118E+12,0.141247509,-0.169450892,-25951.31641,0.043013588,151.9493561,-150.5391388,-44.4774971,-21.86837387,0,0,0.00539641,-0.174847303
4,-3.95000627,-73.44026569,2019,4,98,298.7634989,0.397088208,0.366893853,0.007629115,7.22E-06,0.102777885,-0.004016727,8.39E-06,0.111264547,16064360.31,3.02761E+12,0.183147137,-0.138776938,-25951.31641,0.043013588,151.9493561,-150.5391388,-44.4774971,-21.86837387,0,0,-0.015936572,-0.122840366
4,-3.95000627,-73.44026569,2020,4,98,298.7979177,0.353665242,0.334094314,0.007213659,7.06E-06,0.158416634,-0.00358662,8.31E-06,0.161892063,16187296.13,3.24634E+12,0.183563261,-0.084628254,-25951.31641,0.043013588,151.9493561,-150.5391388,-44.4774971,-21.86837387,0,0,-0.039555254,-0.045073
4,-3.95000627,-73.44026569,2021,4,98,298.7705129,0.401567547,0.300582528,0.007371059,7.54E-06,0.170181385,-0.003726866,8.77E-06,0.178399537,16269115.56,3.80477E+12,0.194157211,-0.002989722,-25951.31641,0.043013588,151.9493561,-150.5391388,-44.4774971,-21.86837387,0,0,-0.01608957,0.013099848
4,-3.95000627,-73.44026569,2022,4,98,298.816335,0.413887534,0.285881115,0.006962419,9.65E-06,0.172414846,-0.003514354,9.31E-06,0.181976482,15475912.11,1.12622E+13,0.233343773,0.079755966,-25951.31641,0.043013588,151.9493561,-150.5391388,-44.4774971,-21.86837387,0,0,-0.034598741,0.114354707
4,-3.95000627,-73.44026569,2023,4,98,298.9712067,0.672893878,0.286874954,0.005635622,1.02E-05,0.264899318,-0.002795458,7.34E-06,0.205739572,12884322.05,2.96292E+13,0.403872216,0.174336193,-25951.31641,0.043013588,151.9493561,-150.5391388,-44.4774971,-21.86837387,0,0,0.007845814,0.166490378
4,-3.95000627,-73.44026569,2024,4,98,299.1552124,0.884999543,0.373743966,0.005644162,1.26E-05,0.368578859,-0.002904511,9.49E-06,0.223477662,12550225.72,3.30955E+13,0.594392299,0.266710667,-25951.31641,0.043013588,151.9493561,-150.5391388,-44.4774971,-21.86837387,0,0,-0.030525705,0.297236372
5,-3.95021698,-73.43999698,2000,4,100,297.9804484,0.52765047,NaN,0.007729567,2.73E-06,NaN,-0.004177573,3.24E-06,NaN,16014856.33,4.31517E+12,NaN,NaN,-22419.86719,0.037875365,114.3389511,-143.0807648,-75.84230804,-51.44369888,31.60532379,0,NaN,NaN
5,-3.95021698,-73.43999698,2001,4,100,298.0622762,0.545425446,NaN,0.007466685,3.54E-06,NaN,-0.003904698,4.01E-06,NaN,16163969.79,3.80533E+12,NaN,NaN,-22419.86719,0.037875365,114.3389511,-143.0807648,-75.84230804,-51.44369888,31.60532379,0,NaN,NaN
5,-3.95021698,-73.43999698,2002,4,100,298.1857368,0.498645752,NaN,0.007291485,3.66E-06,NaN,-0.003732481,4.23E-06,NaN,16203141.03,3.62234E+12,NaN,NaN,-22419.86719,0.037875365,114.3389511,-143.0807648,-75.84230804,-51.44369888,31.60532379,0,NaN,NaN
5,-3.95021698,-73.43999698,2003,4,100,298.2323863,0.495514601,NaN,0.007210127,3.63E-06,NaN,-0.00365398,4.23E-06,NaN,16194875.42,3.50158E+12,NaN,NaN,-22419.86719,0.037875365,114.3389511,-143.0807648,-75.84230804,-51.44369888,31.60532379,0,NaN,NaN
5,-3.95021698,-73.43999698,2004,4,100,298.361084,0.560660682,0.427722264,0.006863207,3.41E-06,-0.078040163,-0.003294499,4.06E-06,-0.007956569,16301111.02,3.42285E+12,0.387603358,0.269016226,-22419.86719,0.037875365,114.3389511,-143.0807648,-75.84230804,-51.44369888,31.60532379,0,0,0.269016226
5,-3.95021698,-73.43999698,2005,4,100,298.5168813,0.489408516,0.41934647,0.006722676,3.28E-06,-0.082865139,-0.003122975,4.11E-06,-0.022585556,16416838.96,3.46182E+12,0.341884045,0.253265108,-22419.86719,0.037875365,114.3389511,-143.0807648,-75.84230804,-51.44369888,31.60532379,0,0.001907442,0.251357666
5,-3.95021698,-73.43999698,2006,4,100,298.557958,0.478677138,0.413041517,0.006616052,3.18E-06,-0.031182933,-0.002975517,3.89E-06,0.024699007,16557105.33,3.2263E+12,0.354563669,0.253265108,-22419.86719,0.037875365,114.3389511,-143.0807648,-75.84230804,-51.44369888,31.60532379,0,-0.005414145,0.258679253
5,-3.95021698,-73.43999698,2007,4,100,298.6074219,0.493434264,0.38673474,0.0065257,3.77E-06,-0.01128323,-0.002866749,4.42E-06,0.035533126,16697277.31,3.14427E+12,0.349543893,0.207735451,-22419.86719,0.037875365,114.3389511,-143.0807648,-75.84230804,-51.44369888,31.60532379,0,-0.009589073,0.217324525
5,-3.95021698,-73.43999698,2008,4,100,298.5800476,0.38345331,0.37275573,0.006737719,4.11E-06,0.044422796,-0.00307773,4.75E-06,0.072116281,16709675.04,2.8774E+12,0.310223162,0.09319227,-22419.86719,0.037875365,114.3389511,-143.0807648,-75.84230804,-51.44369888,31.60532379,0,0.001395773,0.091796497
5,-3.95021698,-73.43999698,2009,4,100,298.512502,0.404847652,0.348286627,0.006988637,4.72E-06,0.114749875,-0.003362924,5.35E-06,0.125936883,16531448.92,2.92097E+12,0.279043509,0.117093589,-22419.86719,0.037875365,114.3389511,-143.0807648,-75.84230804,-51.44369888,31.60532379,0,0.005095079,0.11199851
5,-3.95021698,-73.43999698,2010,4,100,298.608963,0.472286263,0.350722692,0.007018325,5.22E-06,0.143326156,-0.003399532,5.96E-06,0.137912468,16501079.44,3.13969E+12,0.226534804,0.130022162,-22419.86719,0.037875365,114.3389511,-143.0807648,-75.84230804,-51.44369888,31.60532379,0,0.001828948,0.128193215
5,-3.95021698,-73.43999698,2011,4,100,298.5707753,0.397837939,0.416518892,0.007225297,5.36E-06,0.186433298,-0.003617755,6.25E-06,0.178798546,16350993.69,3.37303E+12,0.249046596,0.138193379,-22419.86719,0.037875365,114.3389511,-143.0807648,-75.84230804,-51.44369888,31.60532379,0,0.006441135,0.131752244
5,-3.95021698,-73.43999698,2012,4,100,298.5744832,0.378899412,0.482407606,0.007333638,6.51E-06,0.181179119,-0.0037227,7.55E-06,0.180317561,16319948.42,3.26332E+12,0.302677489,0.188324731,-22419.86719,0.037875365,114.3389511,-143.0807648,-75.84230804,-51.44369888,31.60532379,0,-0.01223259,0.200557321
5,-3.95021698,-73.43999698,2013,4,100,298.5632579,0.379956771,0.576204794,0.007272551,5.71E-06,0.1593771,-0.003652199,6.68E-06,0.171219782,16339891.71,3.24277E+12,0.35538258,0.20370658,-22419.86719,0.037875365,114.3389511,-143.0807648,-75.84230804,-51.44369888,31.60532379,0,-0.013557948,0.217264527
5,-3.95021698,-73.43999698,2014,4,100,298.4231618,0.27666454,0.595557759,0.007472803,5.05E-06,0.11232555,-0.003895549,6.01E-06,0.137665582,16099704.17,3.00912E+12,0.381978535,0.132656769,-22419.86719,0.037875365,114.3389511,-143.0807648,-75.84230804,-51.44369888,31.60532379,0,-0.018521951,0.151178721
5,-3.95021698,-73.43999698,2015,4,100,298.4948425,0.387786453,0.518779388,0.007587303,5.45E-06,0.048063822,-0.00402061,6.84E-06,0.074754257,16048925.38,3.56024E+12,0.282811313,0.116508482,-22419.86719,0.037875365,114.3389511,-143.0807648,-75.84230804,-51.44369888,31.60532379,0,0.009003137,0.107505345
5,-3.95021698,-73.43999698,2016,4,100,298.634201,0.501228876,0.462936145,0.007621094,4.99E-06,0.014594795,-0.00405131,6.34E-06,0.042401445,16003624.42,3.85529E+12,0.204588587,0.071284534,-22419.86719,0.037875365,114.3389511,-143.0807648,-75.84230804,-51.44369888,31.60532379,0,0.030040596,0.041243938
5,-3.95021698,-73.43999698,2017,4,100,298.7364909,0.448124681,0.389475634,0.007586836,6.45E-06,0.013331048,-0.003997854,7.88E-06,0.032057516,16076976.42,3.52348E+12,0.155705958,0.065762232,-22419.86719,0.037875365,114.3389511,-143.0807648,-75.84230804,-51.44369888,31.60532379,0,0.005810704,0.059951528
5,-3.95021698,-73.43999698,2018,4,100,298.7610219,0.488777128,0.349831421,0.007574434,6.87E-06,0.052565548,-0.003970157,8.38E-06,0.063667665,16101749.69,3.78118E+12,0.141247509,0.153133826,-22419.86719,0.037875365,114.3389511,-143.0807648,-75.84230804,-51.44369888,31.60532379,0,0.001134501,0.151999326
5,-3.95021698,-73.43999698,2019,4,100,298.7634989,0.397088208,0.366893853,0.007629115,7.22E-06,0.102777885,-0.004016727,8.39E-06,0.111264547,16064360.31,3.02761E+12,0.183147137,0.183977697,-22419.86719,0.037875365,114.3389511,-143.0807648,-75.84230804,-51.44369888,31.60532379,0,-0.020117272,0.204094969
5,-3.95021698,-73.43999698,2020,4,100,298.7979177,0.353665242,0.334094314,0.007213659,7.06E-06,0.158416634,-0.00358662,8.31E-06,0.161892063,16187296.13,3.24634E+12,0.183563261,0.256439587,-22419.86719,0.037875365,114.3389511,-143.0807648,-75.84230804,-51.44369888,31.60532379,0,-0.010018539,0.266458126
5,-3.95021698,-73.43999698,2021,4,100,298.7705129,0.401567547,0.300582528,0.007371059,7.54E-06,0.170181385,-0.003726866,8.77E-06,0.178399537,16269115.56,3.80477E+12,0.194157211,0.230502055,-22419.86719,0.037875365,114.3389511,-143.0807648,-75.84230804,-51.44369888,31.60532379,0,-0.031967693,0.262469748
5,-3.95021698,-73.43999698,2022,4,100,298.816335,0.413887534,0.285881115,0.006962419,9.65E-06,0.172414846,-0.003514354,9.31E-06,0.181976482,15475912.11,1.12622E+13,0.233343773,0.231564881,-22419.86719,0.037875365,114.3389511,-143.0807648,-75.84230804,-51.44369888,31.60532379,0,-0.006355516,0.237920397
5,-3.95021698,-73.43999698,2023,4,100,298.9712067,0.672893878,0.286874954,0.005635622,1.02E-05,0.264899318,-0.002795458,7.34E-06,0.205739572,12884322.05,2.96292E+13,0.403872216,0.292367402,-22419.86719,0.037875365,114.3389511,-143.0807648,-75.84230804,-51.44369888,31.60532379,0,0.008621426,0.283745976
5,-3.95021698,-73.43999698,2024,4,100,299.1552124,0.884999543,0.373743966,0.005644162,1.26E-05,0.368578859,-0.002904511,9.49E-06,0.223477662,12550225.72,3.30955E+13,0.594392299,0.321006889,-22419.86719,0.037875365,114.3389511,-143.0807648,-75.84230804,-51.44369888,31.60532379,0,-0.037770475,0.358777364
6,-3.95000531,-73.42999786,2000,4,100,297.9804484,0.52765047,NaN,0.007729567,2.73E-06,NaN,-0.004177573,3.24E-06,NaN,16014856.33,4.31517E+12,NaN,NaN,1693.003418,0.005463461,132.3599091,0,-162.153595,0,0,-46.1496315,NaN,NaN
6,-3.95000531,-73.42999786,2001,4,100,298.0622762,0.545425446,NaN,0.007466685,3.54E-06,NaN,-0.003904698,4.01E-06,NaN,16163969.79,3.80533E+12,NaN,NaN,1693.003418,0.005463461,132.3599091,0,-162.153595,0,0,-46.1496315,NaN,NaN
6,-3.95000531,-73.42999786,2002,4,100,298.1857368,0.498645752,NaN,0.007291485,3.66E-06,NaN,-0.003732481,4.23E-06,NaN,16203141.03,3.62234E+12,NaN,NaN,1693.003418,0.005463461,132.3599091,0,-162.153595,0,0,-46.1496315,NaN,NaN
6,-3.95000531,-73.42999786,2003,4,100,298.2323863,0.495514601,NaN,0.007210127,3.63E-06,NaN,-0.00365398,4.23E-06,NaN,16194875.42,3.50158E+12,NaN,NaN,1693.003418,0.005463461,132.3599091,0,-162.153595,0,0,-46.1496315,NaN,NaN
6,-3.95000531,-73.42999786,2004,4,100,298.361084,0.560660682,0.427722264,0.006863207,3.41E-06,-0.078040163,-0.003294499,4.06E-06,-0.007956569,16301111.02,3.42285E+12,0.387603358,0.523229222,1693.003418,0.005463461,132.3599091,0,-162.153595,0,0,-46.1496315,0,0.523229222
6,-3.95000531,-73.42999786,2005,4,100,298.5168813,0.489408516,0.41934647,0.006722676,3.28E-06,-0.082865139,-0.003122975,4.11E-06,-0.022585556,16416838.96,3.46182E+12,0.341884045,0.317462271,1693.003418,0.005463461,132.3599091,0,-162.153595,0,0,-46.1496315,-0.000728815,0.318191087
6,-3.95000531,-73.42999786,2006,4,100,298.557958,0.478677138,0.413041517,0.006616052,3.18E-06,-0.031182933,-0.002975517,3.89E-06,0.024699007,16557105.33,3.2263E+12,0.354563669,0.254200265,1693.003418,0.005463461,132.3599091,0,-162.153595,0,0,-46.1496315,-0.002813183,0.257013449
6,-3.95000531,-73.42999786,2007,4,100,298.6074219,0.493434264,0.38673474,0.0065257,3.77E-06,-0.01128323,-0.002866749,4.42E-06,0.035533126,16697277.31,3.14427E+12,0.349543893,0.278618067,1693.003418,0.005463461,132.3599091,0,-162.153595,0,0,-46.1496315,-0.016209293,0.29482736
6,-3.95000531,-73.42999786,2008,4,100,298.5800476,0.38345331,0.37275573,0.006737719,4.11E-06,0.044422796,-0.00307773,4.75E-06,0.072116281,16709675.04,2.8774E+12,0.310223162,0.225487764,1693.003418,0.005463461,132.3599091,0,-162.153595,0,0,-46.1496315,-0.010514073,0.236001837
6,-3.95000531,-73.42999786,2009,4,100,298.512502,0.404847652,0.348286627,0.006988637,4.72E-06,0.114749875,-0.003362924,5.35E-06,0.125936883,16531448.92,2.92097E+12,0.279043509,0.289308797,1693.003418,0.005463461,132.3599091,0,-162.153595,0,0,-46.1496315,-0.024143448,0.313452245
6,-3.95000531,-73.42999786,2010,4,100,298.608963,0.472286263,0.350722692,0.007018325,5.22E-06,0.143326156,-0.003399532,5.96E-06,0.137912468,16501079.44,3.13969E+12,0.226534804,0.371851518,1693.003418,0.005463461,132.3599091,0,-162.153595,0,0,-46.1496315,-0.024404336,0.396255854
6,-3.95000531,-73.42999786,2011,4,100,298.5707753,0.397837939,0.416518892,0.007225297,5.36E-06,0.186433298,-0.003617755,6.25E-06,0.178798546,16350993.69,3.37303E+12,0.249046596,0.408300523,1693.003418,0.005463461,132.3599091,0,-162.153595,0,0,-46.1496315,0.004896685,0.403403838
6,-3.95000531,-73.42999786,2012,4,100,298.5744832,0.378899412,0.482407606,0.007333638,6.51E-06,0.181179119,-0.0037227,7.55E-06,0.180317561,16319948.42,3.26332E+12,0.302677489,0.442285813,1693.003418,0.005463461,132.3599091,0,-162.153595,0,0,-46.1496315,-0.013937643,0.456223456
6,-3.95000531,-73.42999786,2013,4,100,298.5632579,0.379956771,0.576204794,0.007272551,5.71E-06,0.1593771,-0.003652199,6.68E-06,0.171219782,16339891.71,3.24277E+12,0.35538258,0.472911043,1693.003418,0.005463461,132.3599091,0,-162.153595,0,0,-46.1496315,-0.020204718,0.493115761
6,-3.95000531,-73.42999786,2014,4,100,298.4231618,0.27666454,0.595557759,0.007472803,5.05E-06,0.11232555,-0.003895549,6.01E-06,0.137665582,16099704.17,3.00912E+12,0.381978535,0.489798313,1693.003418,0.005463461,132.3599091,0,-162.153595,0,0,-46.1496315,0.028077077,0.461721237
6,-3.95000531,-73.42999786,2015,4,100,298.4948425,0.387786453,0.518779388,0.007587303,5.45E-06,0.048063822,-0.00402061,6.84E-06,0.074754257,16048925.38,3.56024E+12,0.282811313,0.47758471,1693.003418,0.005463461,132.3599091,0,-162.153595,0,0,-46.1496315,0.052066426,0.425518284
6,-3.95000531,-73.42999786,2016,4,100,298.634201,0.501228876,0.462936145,0.007621094,4.99E-06,0.014594795,-0.00405131,6.34E-06,0.042401445,16003624.42,3.85529E+12,0.204588587,0.455633232,1693.003418,0.005463461,132.3599091,0,-162.153595,0,0,-46.1496315,0.036989152,0.418644081
6,-3.95000531,-73.42999786,2017,4,100,298.7364909,0.448124681,0.389475634,0.007586836,6.45E-06,0.013331048,-0.003997854,7.88E-06,0.032057516,16076976.42,3.52348E+12,0.155705958,0.380728761,1693.003418,0.005463461,132.3599091,0,-162.153595,0,0,-46.1496315,0.018866996,0.361861764
6,-3.95000531,-73.42999786,2018,4,100,298.7610219,0.488777128,0.349831421,0.007574434,6.87E-06,0.052565548,-0.003970157,8.38E-06,0.063667665,16101749.69,3.78118E+12,0.141247509,0.265605437,1693.003418,0.005463461,132.3599091,0,-162.153595,0,0,-46.1496315,-0.002151969,0.267757405
6,-3.95000531,-73.42999786,2019,4,100,298.7634989,0.397088208,0.366893853,0.007629115,7.22E-06,0.102777885,-0.004016727,8.39E-06,0.111264547,16064360.31,3.02761E+12,0.183147137,0.133366935,1693.003418,0.005463461,132.3599091,0,-162.153595,0,0,-46.1496315,0.003639101,0.129727835
6,-3.95000531,-73.42999786,2020,4,100,298.7979177,0.353665242,0.334094314,0.007213659,7.06E-06,0.158416634,-0.00358662,8.31E-06,0.161892063,16187296.13,3.24634E+12,0.183563261,-0.02001984,1693.003418,0.005463461,132.3599091,0,-162.153595,0,0,-46.1496315,-0.027042454,0.007022614
6,-3.95000531,-73.42999786,2021,4,100,298.7705129,0.401567547,0.300582528,0.007371059,7.54E-06,0.170181385,-0.003726866,8.77E-06,0.178399537,16269115.56,3.80477E+12,0.194157211,-0.121532482,1693.003418,0.005463461,132.3599091,0,-162.153595,0,0,-46.1496315,-0.031703845,-0.089828636
6,-3.95000531,-73.42999786,2022,4,100,298.816335,0.413887534,0.285881115,0.006962419,9.65E-06,0.172414846,-0.003514354,9.31E-06,0.181976482,15475912.11,1.12622E+13,0.233343773,-0.222530379,1693.003418,0.005463461,132.3599091,0,-162.153595,0,0,-46.1496315,-0.027662669,-0.19486771
6,-3.95000531,-73.42999786,2023,4,100,298.9712067,0.672893878,0.286874954,0.005635622,1.02E-05,0.264899318,-0.002795458,7.34E-06,0.205739572,12884322.05,2.96292E+13,0.403872216,-0.307193942,1693.003418,0.005463461,132.3599091,0,-162.153595,0,0,-46.1496315,-0.023426818,-0.283767124
6,-3.95000531,-73.42999786,2024,4,100,299.1552124,0.884999543,0.373743966,0.005644162,1.26E-05,0.368578859,-0.002904511,9.49E-06,0.223477662,12550225.72,3.30955E+13,0.594392299,-0.229964324,1693.003418,0.005463461,132.3599091,0,-162.153595,0,0,-46.1496315,-0.036399879,-0.193564446
7,-3.95000796,-73.42978813,2000,4,100,297.9804484,0.52765047,NaN,0.007729567,2.73E-06,NaN,-0.004177573,3.24E-06,NaN,16014856.33,4.31517E+12,NaN,NaN,1693.004395,0.00546346,132.3599548,0,-162.1536255,0,0,-46.14964294,NaN,NaN
7,-3.95000796,-73.42978813,2001,4,100,298.0622762,0.545425446,NaN,0.007466685,3.54E-06,NaN,-0.003904698,4.01E-06,NaN,16163969.79,3.80533E+12,NaN,NaN,1693.004395,0.00546346,132.3599548,0,-162.1536255,0,0,-46.14964294,NaN,NaN
7,-3.95000796,-73.42978813,2002,4,100,298.1857368,0.498645752,NaN,0.007291485,3.66E-06,NaN,-0.003732481,4.23E-06,NaN,16203141.03,3.62234E+12,NaN,NaN,1693.004395,0.00546346,132.3599548,0,-162.1536255,0,0,-46.14964294,NaN,NaN
7,-3.95000796,-73.42978813,2003,4,100,298.2323863,0.495514601,NaN,0.007210127,3.63E-06,NaN,-0.00365398,4.23E-06,NaN,16194875.42,3.50158E+12,NaN,NaN,1693.004395,0.00546346,132.3599548,0,-162.1536255,0,0,-46.14964294,NaN,NaN
7,-3.95000796,-73.42978813,2004,4,100,298.361084,0.560660682,0.427722264,0.006863207,3.41E-06,-0.078040163,-0.003294499,4.06E-06,-0.007956569,16301111.02,3.42285E+12,0.387603358,0.523229245,1693.004395,0.00546346,132.3599548,0,-162.1536255,0,0,-46.14964294,0,0.523229245
7,-3.95000796,-73.42978813,2005,4,100,298.5168813,0.489408516,0.41934647,0.006722676,3.28E-06,-0.082865139,-0.003122975,4.11E-06,-0.022585556,16416838.96,3.46182E+12,0.341884045,0.317462274,1693.004395,0.00546346,132.3599548,0,-162.1536255,0,0,-46.14964294,-0.000728815,0.31819109
7,-3.95000796,-73.42978813,2006,4,100,298.557958,0.478677138,0.413041517,0.006616052,3.18E-06,-0.031182933,-0.002975517,3.89E-06,0.024699007,16557105.33,3.2263E+12,0.354563669,0.254200265,1693.004395,0.00546346,132.3599548,0,-162.1536255,0,0,-46.14964294,-0.002813183,0.257013448
7,-3.95000796,-73.42978813,2007,4,100,298.6074219,0.493434264,0.38673474,0.0065257,3.77E-06,-0.01128323,-0.002866749,4.42E-06,0.035533126,16697277.31,3.14427E+12,0.349543893,0.278618071,1693.004395,0.00546346,132.3599548,0,-162.1536255,0,0,-46.14964294,-0.016209293,0.294827364
7,-3.95000796,-73.42978813,2008,4,100,298.5800476,0.38345331,0.37275573,0.006737719,4.11E-06,0.044422796,-0.00307773,4.75E-06,0.072116281,16709675.04,2.8774E+12,0.310223162,0.225487763,1693.004395,0.00546346,132.3599548,0,-162.1536255,0,0,-46.14964294,-0.010514073,0.236001836
7,-3.95000796,-73.42978813,2009,4,100,298.512502,0.404847652,0.348286627,0.006988637,4.72E-06,0.114749875,-0.003362924,5.35E-06,0.125936883,16531448.92,2.92097E+12,0.279043509,0.2893088,1693.004395,0.00546346,132.3599548,0,-162.1536255,0,0,-46.14964294,-0.024143448,0.313452249
7,-3.95000796,-73.42978813,2010,4,100,298.608963,0.472286263,0.350722692,0.007018325,5.22E-06,0.143326156,-0.003399532,5.96E-06,0.137912468,16501079.44,3.13969E+12,0.226534804,0.371851523,1693.004395,0.00546346,132.3599548,0,-162.1536255,0,0,-46.14964294,-0.024404336,0.396255858
7,-3.95000796,-73.42978813,2011,4,100,298.5707753,0.397837939,0.416518892,0.007225297,5.36E-06,0.186433298,-0.003617755,6.25E-06,0.178798546,16350993.69,3.37303E+12,0.249046596,0.408300525,1693.004395,0.00546346,132.3599548,0,-162.1536255,0,0,-46.14964294,0.004896685,0.40340384
7,-3.95000796,-73.42978813,2012,4,100,298.5744832,0.378899412,0.482407606,0.007333638,6.51E-06,0.181179119,-0.0037227,7.55E-06,0.180317561,16319948.42,3.26332E+12,0.302677489,0.442285811,1693.004395,0.00546346,132.3599548,0,-162.1536255,0,0,-46.14964294,-0.013937643,0.456223454
7,-3.95000796,-73.42978813,2013,4,100,298.5632579,0.379956771,0.576204794,0.007272551,5.71E-06,0.1593771,-0.003652199,6.68E-06,0.171219782,16339891.71,3.24277E+12,0.35538258,0.472911037,1693.004395,0.00546346,132.3599548,0,-162.1536255,0,0,-46.14964294,-0.020204718,0.493115756
7,-3.95000796,-73.42978813,2014,4,100,298.4231618,0.27666454,0.595557759,0.007472803,5.05E-06,0.11232555,-0.003895549,6.01E-06,0.137665582,16099704.17,3.00912E+12,0.381978535,0.489798307,1693.004395,0.00546346,132.3599548,0,-162.1536255,0,0,-46.14964294,0.028077077,0.46172123
7,-3.95000796,-73.42978813,2015,4,100,298.4948425,0.387786453,0.518779388,0.007587303,5.45E-06,0.048063822,-0.00402061,6.84E-06,0.074754257,16048925.38,3.56024E+12,0.282811313,0.477584701,1693.004395,0.00546346,132.3599548,0,-162.1536255,0,0,-46.14964294,0.052066426,0.425518276
7,-3.95000796,-73.42978813,2016,4,100,298.634201,0.501228876,0.462936145,0.007621094,4.99E-06,0.014594795,-0.00405131,6.34E-06,0.042401445,16003624.42,3.85529E+12,0.204588587,0.45563323,1693.004395,0.00546346,132.3599548,0,-162.1536255,0,0,-46.14964294,0.036989152,0.418644078
7,-3.95000796,-73.42978813,2017,4,100,298.7364909,0.448124681,0.389475634,0.007586836,6.45E-06,0.013331048,-0.003997854,7.88E-06,0.032057516,16076976.42,3.52348E+12,0.155705958,0.380728767,1693.004395,0.00546346,132.3599548,0,-162.1536255,0,0,-46.14964294,0.018866996,0.361861771
7,-3.95000796,-73.42978813,2018,4,100,298.7610219,0.488777128,0.349831421,0.007574434,6.87E-06,0.052565548,-0.003970157,8.38E-06,0.063667665,16101749.69,3.78118E+12,0.141247509,0.26560545,1693.004395,0.00546346,132.3599548,0,-162.1536255,0,0,-46.14964294,-0.002151969,0.267757419
7,-3.95000796,-73.42978813,2019,4,100,298.7634989,0.397088208,0.366893853,0.007629115,7.22E-06,0.102777885,-0.004016727,8.39E-06,0.111264547,16064360.31,3.02761E+12,0.183147137,0.133366956,1693.004395,0.00546346,132.3599548,0,-162.1536255,0,0,-46.14964294,0.003639101,0.129727856
7,-3.95000796,-73.42978813,2020,4,100,298.7979177,0.353665242,0.334094314,0.007213659,7.06E-06,0.158416634,-0.00358662,8.31E-06,0.161892063,16187296.13,3.24634E+12,0.183563261,-0.020019818,1693.004395,0.00546346,132.3599548,0,-162.1536255,0,0,-46.14964294,-0.027042454,0.007022635
7,-3.95000796,-73.42978813,2021,4,100,298.7705129,0.401567547,0.300582528,0.007371059,7.54E-06,0.170181385,-0.003726866,8.77E-06,0.178399537,16269115.56,3.80477E+12,0.194157211,-0.121532458,1693.004395,0.00546346,132.3599548,0,-162.1536255,0,0,-46.14964294,-0.031703845,-0.089828613
7,-3.95000796,-73.42978813,2022,4,100,298.816335,0.413887534,0.285881115,0.006962419,9.65E-06,0.172414846,-0.003514354,9.31E-06,0.181976482,15475912.11,1.12622E+13,0.233343773,-0.222530357,1693.004395,0.00546346,132.3599548,0,-162.1536255,0,0,-46.14964294,-0.027662669,-0.194867689
7,-3.95000796,-73.42978813,2023,4,100,298.9712067,0.672893878,0.286874954,0.005635622,1.02E-05,0.264899318,-0.002795458,7.34E-06,0.205739572,12884322.05,2.96292E+13,0.403872216,-0.307193929,1693.004395,0.00546346,132.3599548,0,-162.1536255,0,0,-46.14964294,-0.023426818,-0.283767111
7,-3.95000796,-73.42978813,2024,4,100,299.1552124,0.884999543,0.373743966,0.005644162,1.26E-05,0.368578859,-0.002904511,9.49E-06,0.223477662,12550225.72,3.30955E+13,0.594392299,-0.229964314,1693.004395,0.00546346,132.3599548,0,-162.1536255,0,0,-46.14964294,-0.036399879,-0.193564436
8,-3.94982743,-73.43000317,2000,4,100,297.9783325,0.541468828,NaN,0.008066198,3.26E-06,NaN,-0.004439654,4.02E-06,NaN,16033027,4.32509E+12,NaN,NaN,1693.01709,0.005463442,132.3583069,0,-162.1535797,0,0,-46.14978027,NaN,NaN
8,-3.94982743,-73.43000317,2001,4,100,298.0578817,0.541404071,NaN,0.007775074,3.73E-06,NaN,-0.004135502,4.31E-06,NaN,16184831.79,3.79958E+12,NaN,NaN,1693.01709,0.005463442,132.3583069,0,-162.1535797,0,0,-46.14978027,NaN,NaN
8,-3.94982743,-73.43000317,2002,4,100,298.1808539,0.496639412,NaN,0.007525547,3.76E-06,NaN,-0.003889519,4.40E-06,NaN,16212803.22,3.62614E+12,NaN,NaN,1693.01709,0.005463442,132.3583069,0,-162.1535797,0,0,-46.14978027,NaN,NaN
8,-3.94982743,-73.43000317,2003,4,100,298.2261607,0.492833801,NaN,0.007448697,3.73E-06,NaN,-0.003816701,4.38E-06,NaN,16198672.52,3.5182E+12,NaN,NaN,1693.01709,0.005463442,132.3583069,0,-162.1535797,0,0,-46.14978027,NaN,NaN
8,-3.94982743,-73.43000317,2004,4,100,298.3553467,0.556093825,0.432345715,0.007078821,3.33E-06,-0.066637574,-0.003430641,3.99E-06,0.005264105,16301750.79,3.44716E+12,0.394518449,0.523228722,1693.01709,0.005463442,132.3583069,0,-162.1535797,0,0,-46.14978027,0,0.523228722
8,-3.94982743,-73.43000317,2005,4,100,298.5103709,0.488222267,0.425201787,0.006926541,3.07E-06,-0.068899725,-0.003246452,3.89E-06,-0.005620482,16410499.77,3.50009E+12,0.34933154,0.317462107,1693.01709,0.005463442,132.3583069,0,-162.1535797,0,0,-46.14978027,-0.000589176,0.318051283
8,-3.94982743,-73.43000317,2006,4,100,298.5503489,0.47743669,0.419070715,0.006881227,3.16E-06,-0.020216231,-0.003154099,3.84E-06,0.037537748,16557776.79,3.26317E+12,0.36193763,0.254200328,1693.01709,0.005463442,132.3583069,0,-162.1535797,0,0,-46.14978027,-0.004515505,0.258715834
8,-3.94982743,-73.43000317,2007,4,100,298.6008708,0.493742502,0.389976185,0.006796741,3.74E-06,0.000215421,-0.003050244,4.38E-06,0.048015471,16702862.31,3.17092E+12,0.355990303,0.27861823,1693.01709,0.005463442,132.3583069,0,-162.1535797,0,0,-46.14978027,-0.019748869,0.298367099
8,-3.94982743,-73.43000317,2008,4,100,298.5732524,0.383457856,0.37222915,0.006996458,4.02E-06,0.055202549,-0.003248082,4.61E-06,0.083479995,16715793.42,2.89033E+12,0.314871311,0.225488142,1693.01709,0.005463442,132.3583069,0,-162.1535797,0,0,-46.14978027,-0.024163872,0.249652014
8,-3.94982743,-73.43000317,2009,4,100,298.5083923,0.403412737,0.340765576,0.007251934,4.82E-06,0.117195505,-0.003540488,5.42E-06,0.127194397,16545897.71,2.91195E+12,0.277207215,0.289309187,1693.01709,0.005463442,132.3583069,0,-162.1535797,0,0,-46.14978027,-0.010519412,0.299828599
8,-3.94982743,-73.43000317,2010,4,100,298.6080271,0.471873486,0.337507879,0.007255866,5.28E-06,0.141869601,-0.003551597,6.02E-06,0.133900639,16515662.9,3.12895E+12,0.217511593,0.371851806,1693.01709,0.005463442,132.3583069,0,-162.1535797,0,0,-46.14978027,-0.002770644,0.37462245
8,-3.94982743,-73.43000317,2011,4,100,298.5708567,0.39648936,0.401648687,0.007440123,5.31E-06,0.180467703,-0.003744537,6.19E-06,0.168672171,16368069.15,3.38238E+12,0.23690607,0.408300682,1693.01709,0.005463442,132.3583069,0,-162.1535797,0,0,-46.14978027,0.007758899,0.400541783
8,-3.94982743,-73.43000317,2012,4,100,298.5726522,0.376651885,0.469495442,0.007557308,6.44E-06,0.172864723,-0.003859024,7.49E-06,0.165309541,16336100.54,3.27372E+12,0.288875682,0.442285867,1693.01709,0.005463442,132.3583069,0,-162.1535797,0,0,-46.14978027,-0.031858669,0.474144536
8,-3.94982743,-73.43000317,2013,4,100,298.5617523,0.380517567,0.570106358,0.00747,5.58E-06,0.163653232,-0.003761608,6.61E-06,0.168839197,16348227,3.28886E+12,0.347811449,0.472911086,1693.01709,0.005463442,132.3583069,0,-162.1535797,0,0,-46.14978027,0.010075234,0.462835852
8,-3.94982743,-73.43000317,2014,4,100,298.4208018,0.275266705,0.59467028,0.007693014,4.92E-06,0.129214484,-0.004032787,5.92E-06,0.150850472,16105459.67,3.06162E+12,0.381630092,0.489798373,1693.01709,0.005463442,132.3583069,0,-162.1535797,0,0,-46.14978027,0.046420652,0.443377721
8,-3.94982743,-73.43000317,2015,4,100,298.4914653,0.386040429,0.521328253,0.007834516,5.56E-06,0.082845324,-0.00418476,7.03E-06,0.109525614,16050913.42,3.59418E+12,0.284605188,0.477584788,1693.01709,0.005463442,132.3583069,0,-162.1535797,0,0,-46.14978027,0.058481128,0.41910366
8,-3.94982743,-73.43000317,2016,4,100,298.6331838,0.503872767,0.465991801,0.00787311,5.26E-06,0.065974555,-0.004224499,6.69E-06,0.096940941,16001709.13,3.91427E+12,0.206332904,0.455633337,1693.01709,0.005463442,132.3583069,0,-162.1535797,0,0,-46.14978027,0.033527511,0.422105826
8,-3.94982743,-73.43000317,2017,4,100,298.7339681,0.450778412,0.38993211,0.007852578,6.66E-06,0.069839181,-0.00418085,8.15E-06,0.093999346,16075857.5,3.55088E+12,0.153985188,0.380728834,1693.01709,0.005463442,132.3583069,0,-162.1535797,0,0,-46.14978027,-0.017506284,0.398235119
8,-3.94982743,-73.43000317,2018,4,100,298.7587026,0.489790327,0.34948588,0.00782099,7.05E-06,0.104998367,-0.004134029,8.62E-06,0.121388785,16102610.19,3.79451E+12,0.137070809,0.265605528,1693.01709,0.005463442,132.3583069,0,-162.1535797,0,0,-46.14978027,-0.018162152,0.28376768
8,-3.94982743,-73.43000317,2019,4,100,298.7628072,0.397648235,0.36593992,0.007844658,7.38E-06,0.136986574,-0.004150599,8.57E-06,0.15028995,16066894.94,3.04786E+12,0.180482966,0.133367115,1693.01709,0.005463442,132.3583069,0,-162.1535797,0,0,-46.14978027,-0.018066704,0.151433819
8,-3.94982743,-73.43000317,2020,4,100,298.7936859,0.345871224,0.332724558,0.007456614,7.07E-06,0.167598832,-0.003735402,8.33E-06,0.177107196,16191057.08,3.2481E+12,0.184044962,-0.020019522,1693.01709,0.005463442,132.3583069,0,-162.1535797,0,0,-46.14978027,-0.040171338,0.020151816
8,-3.94982743,-73.43000317,2021,4,100,298.7623749,0.390657428,0.300322953,0.007628404,7.40E-06,0.144853065,-0.003887621,8.57E-06,0.159634289,16271721.06,3.82077E+12,0.196993813,-0.121532088,1693.01709,0.005463442,132.3583069,0,-162.1535797,0,0,-46.14978027,-0.020178449,-0.101353639
8,-3.94982743,-73.43000317,2022,4,100,298.8049011,0.405115839,0.283717802,0.007201909,9.43E-06,0.119858288,-0.003656374,9.00E-06,0.134970936,15475444.91,1.12902E+13,0.23651504,-0.222529938,1693.01709,0.005463442,132.3583069,0,-162.1535797,0,0,-46.14978027,-0.016391503,-0.206138435
8,-3.94982743,-73.43000317,2023,4,100,298.9545644,0.649460811,0.282445061,0.005873147,1.01E-05,0.201510578,-0.002941921,7.01E-06,0.13515917,12882378.76,2.96216E+13,0.405591566,-0.307193561,1693.01709,0.005463442,132.3583069,0,-162.1535797,0,0,-46.14978027,-0.023644187,-0.283549373
8,-3.94982743,-73.43000317,2024,4,100,299.1410522,0.870945021,0.369435645,0.005854093,1.25E-05,0.306815227,-0.003027619,9.21E-06,0.142692436,12555869.68,3.3149E+13,0.59468841,-0.229964095,1693.01709,0.005463442,132.3583069,0,-162.1535797,0,0,-46.14978027,-0.005974319,-0.223989776
9,-3.95022566,-73.4299899,2000,4,100,297.9804484,0.52765047,NaN,0.007729567,2.73E-06,NaN,-0.004177573,3.24E-06,NaN,16014856.33,4.31517E+12,NaN,NaN,25231.30859,-0.026656132,167.1459808,-66.8587265,-243.9965515,-86.80257416,0,-73.09857941,NaN,NaN
9,-3.95022566,-73.4299899,2001,4,100,298.0622762,0.545425446,NaN,0.007466685,3.54E-06,NaN,-0.003904698,4.01E-06,NaN,16163969.79,3.80533E+12,NaN,NaN,25231.30859,-0.026656132,167.1459808,-66.8587265,-243.9965515,-86.80257416,0,-73.09857941,NaN,NaN
9,-3.95022566,-73.4299899,2002,4,100,298.1857368,0.498645752,NaN,0.007291485,3.66E-06,NaN,-0.003732481,4.23E-06,NaN,16203141.03,3.62234E+12,NaN,NaN,25231.30859,-0.026656132,167.1459808,-66.8587265,-243.9965515,-86.80257416,0,-73.09857941,NaN,NaN
9,-3.95022566,-73.4299899,2003,4,100,298.2323863,0.495514601,NaN,0.007210127,3.63E-06,NaN,-0.00365398,4.23E-06,NaN,16194875.42,3.50158E+12,NaN,NaN,25231.30859,-0.026656132,167.1459808,-66.8587265,-243.9965515,-86.80257416,0,-73.09857941,NaN,NaN
9,-3.95022566,-73.4299899,2004,4,100,298.361084,0.560660682,0.427722264,0.006863207,3.41E-06,-0.078040163,-0.003294499,4.06E-06,-0.007956569,16301111.02,3.42285E+12,0.387603358,0.45563717,25231.30859,-0.026656132,167.1459808,-66.8587265,-243.9965515,-86.80257416,0,-73.09857941,0,0.45563717
9,-3.95022566,-73.4299899,2005,4,100,298.5168813,0.489408516,0.41934647,0.006722676,3.28E-06,-0.082865139,-0.003122975,4.11E-06,-0.022585556,16416838.96,3.46182E+12,0.341884045,0.403664779,25231.30859,-0.026656132,167.1459808,-66.8587265,-243.9965515,-86.80257416,0,-73.09857941,0.005397062,0.398267717
9,-3.95022566,-73.4299899,2006,4,100,298.557958,0.478677138,0.413041517,0.006616052,3.18E-06,-0.031182933,-0.002975517,3.89E-06,0.024699007,16557105.33,3.2263E+12,0.354563669,0.34908562,25231.30859,-0.026656132,167.1459808,-66.8587265,-243.9965515,-86.80257416,0,-73.09857941,-0.00197747,0.35106309
9,-3.95022566,-73.4299899,2007,4,100,298.6074219,0.493434264,0.38673474,0.0065257,3.77E-06,-0.01128323,-0.002866749,4.42E-06,0.035533126,16697277.31,3.14427E+12,0.349543893,0.332113396,25231.30859,-0.026656132,167.1459808,-66.8587265,-243.9965515,-86.80257416,0,-73.09857941,-0.002731422,0.334844818
9,-3.95022566,-73.4299899,2008,4,100,298.5800476,0.38345331,0.37275573,0.006737719,4.11E-06,0.044422796,-0.00307773,4.75E-06,0.072116281,16709675.04,2.8774E+12,0.310223162,0.287592892,25231.30859,-0.026656132,167.1459808,-66.8587265,-243.9965515,-86.80257416,0,-73.09857941,-0.003986124,0.291579015
9,-3.95022566,-73.4299899,2009,4,100,298.512502,0.404847652,0.348286627,0.006988637,4.72E-06,0.114749875,-0.003362924,5.35E-06,0.125936883,16531448.92,2.92097E+12,0.279043509,0.279901406,25231.30859,-0.026656132,167.1459808,-66.8587265,-243.9965515,-86.80257416,0,-73.09857941,-0.008412982,0.288314388
9,-3.95022566,-73.4299899,2010,4,100,298.608963,0.472286263,0.350722692,0.007018325,5.22E-06,0.143326156,-0.003399532,5.96E-06,0.137912468,16501079.44,3.13969E+12,0.226534804,0.329586692,25231.30859,-0.026656132,167.1459808,-66.8587265,-243.9965515,-86.80257416,0,-73.09857941,-0.036427639,0.366014331
9,-3.95022566,-73.4299899,2011,4,100,298.5707753,0.397837939,0.416518892,0.007225297,5.36E-06,0.186433298,-0.003617755,6.25E-06,0.178798546,16350993.69,3.37303E+12,0.249046596,0.362148795,25231.30859,-0.026656132,167.1459808,-66.8587265,-243.9965515,-86.80257416,0,-73.09857941,-0.016981307,0.379130103
9,-3.95022566,-73.4299899,2012,4,100,298.5744832,0.378899412,0.482407606,0.007333638,6.51E-06,0.181179119,-0.0037227,7.55E-06,0.180317561,16319948.42,3.26332E+12,0.302677489,0.405265687,25231.30859,-0.026656132,167.1459808,-66.8587265,-243.9965515,-86.80257416,0,-73.09857941,0.016454708,0.388810979
9,-3.95022566,-73.4299899,2013,4,100,298.5632579,0.379956771,0.576204794,0.007272551,5.71E-06,0.1593771,-0.003652199,6.68E-06,0.171219782,16339891.71,3.24277E+12,0.35538258,0.447041586,25231.30859,-0.026656132,167.1459808,-66.8587265,-243.9965515,-86.80257416,0,-73.09857941,-0.011310579,0.458352165
9,-3.95022566,-73.4299899,2014,4,100,298.4231618,0.27666454,0.595557759,0.007472803,5.05E-06,0.11232555,-0.003895549,6.01E-06,0.137665582,16099704.17,3.00912E+12,0.381978535,0.433811851,25231.30859,-0.026656132,167.1459808,-66.8587265,-243.9965515,-86.80257416,0,-73.09857941,-0.027714398,0.461526249
9,-3.95022566,-73.4299899,2015,4,100,298.4948425,0.387786453,0.518779388,0.007587303,5.45E-06,0.048063822,-0.00402061,6.84E-06,0.074754257,16048925.38,3.56024E+12,0.282811313,0.432941113,25231.30859,-0.026656132,167.1459808,-66.8587265,-243.9965515,-86.80257416,0,-73.09857941,-0.007469583,0.440410697
9,-3.95022566,-73.4299899,2016,4,100,298.634201,0.501228876,0.462936145,0.007621094,4.99E-06,0.014594795,-0.00405131,6.34E-06,0.042401445,16003624.42,3.85529E+12,0.204588587,0.400647571,25231.30859,-0.026656132,167.1459808,-66.8587265,-243.9965515,-86.80257416,0,-73.09857941,-0.022634009,0.42328158
9,-3.95022566,-73.4299899,2017,4,100,298.7364909,0.448124681,0.389475634,0.007586836,6.45E-06,0.013331048,-0.003997854,7.88E-06,0.032057516,16076976.42,3.52348E+12,0.155705958,0.313362212,25231.30859,-0.026656132,167.1459808,-66.8587265,-243.9965515,-86.80257416,0,-73.09857941,-0.002090718,0.315452931
9,-3.95022566,-73.4299899,2018,4,100,298.7610219,0.488777128,0.349831421,0.007574434,6.87E-06,0.052565548,-0.003970157,8.38E-06,0.063667665,16101749.69,3.78118E+12,0.141247509,0.222378159,25231.30859,-0.026656132,167.1459808,-66.8587265,-243.9965515,-86.80257416,0,-73.09857941,0.01233456,0.2100436
9,-3.95022566,-73.4299899,2019,4,100,298.7634989,0.397088208,0.366893853,0.007629115,7.22E-06,0.102777885,-0.004016727,8.39E-06,0.111264547,16064360.31,3.02761E+12,0.183147137,0.076173724,25231.30859,-0.026656132,167.1459808,-66.8587265,-243.9965515,-86.80257416,0,-73.09857941,0.005878107,0.070295618
9,-3.95022566,-73.4299899,2020,4,100,298.7979177,0.353665242,0.334094314,0.007213659,7.06E-06,0.158416634,-0.00358662,8.31E-06,0.161892063,16187296.13,3.24634E+12,0.183563261,-0.023835442,25231.30859,-0.026656132,167.1459808,-66.8587265,-243.9965515,-86.80257416,0,-73.09857941,-0.01441161,-0.009423832
9,-3.95022566,-73.4299899,2021,4,100,298.7705129,0.401567547,0.300582528,0.007371059,7.54E-06,0.170181385,-0.003726866,8.77E-06,0.178399537,16269115.56,3.80477E+12,0.194157211,-0.032593447,25231.30859,-0.026656132,167.1459808,-66.8587265,-243.9965515,-86.80257416,0,-73.09857941,-0.013075705,-0.019517741
9,-3.95022566,-73.4299899,2022,4,100,298.816335,0.413887534,0.285881115,0.006962419,9.65E-06,0.172414846,-0.003514354,9.31E-06,0.181976482,15475912.11,1.12622E+13,0.233343773,-0.046709204,25231.30859,-0.026656132,167.1459808,-66.8587265,-243.9965515,-86.80257416,0,-73.09857941,-0.020085694,-0.02662351
9,-3.95022566,-73.4299899,2023,4,100,298.9712067,0.672893878,0.286874954,0.005635622,1.02E-05,0.264899318,-0.002795458,7.34E-06,0.205739572,12884322.05,2.96292E+13,0.403872216,-0.044648436,25231.30859,-0.026656132,167.1459808,-66.8587265,-243.9965515,-86.80257416,0,-73.09857941,-0.041710129,-0.002938307
9,-3.95022566,-73.4299899,2024,4,100,299.1552124,0.884999543,0.373743966,0.005644162,1.26E-05,0.368578859,-0.002904511,9.49E-06,0.223477662,12550225.72,3.30955E+13,0.594392299,-0.047819642,25231.30859,-0.026656132,167.1459808,-66.8587265,-243.9965515,-86.80257416,0,-73.09857941,-0.070429991,0.022610349
10,-3.95001327,-73.43022352,2000,4,100,297.9804484,0.52765047,NaN,0.007729567,2.73E-06,NaN,-0.004177573,3.24E-06,NaN,16014856.33,4.31517E+12,NaN,NaN,5387.852539,0,125.807457,0,-201.5751343,0,-7.279747486,-35.33968735,NaN,NaN
10,-3.95001327,-73.43022352,2001,4,100,298.0622762,0.545425446,NaN,0.007466685,3.54E-06,NaN,-0.003904698,4.01E-06,NaN,16163969.79,3.80533E+12,NaN,NaN,5387.852539,0,125.807457,0,-201.5751343,0,-7.279747486,-35.33968735,NaN,NaN
10,-3.95001327,-73.43022352,2002,4,100,298.1857368,0.498645752,NaN,0.007291485,3.66E-06,NaN,-0.003732481,4.23E-06,NaN,16203141.03,3.62234E+12,NaN,NaN,5387.852539,0,125.807457,0,-201.5751343,0,-7.279747486,-35.33968735,NaN,NaN
10,-3.95001327,-73.43022352,2003,4,100,298.2323863,0.495514601,NaN,0.007210127,3.63E-06,NaN,-0.00365398,4.23E-06,NaN,16194875.42,3.50158E+12,NaN,NaN,5387.852539,0,125.807457,0,-201.5751343,0,-7.279747486,-35.33968735,NaN,NaN
10,-3.95001327,-73.43022352,2004,4,100,298.361084,0.560660682,0.427722264,0.006863207,3.41E-06,-0.078040163,-0.003294499,4.06E-06,-0.007956569,16301111.02,3.42285E+12,0.387603358,0.241983587,5387.852539,0,125.807457,0,-201.5751343,0,-7.279747486,-35.33968735,0,0.241983587
10,-3.95001327,-73.43022352,2005,4,100,298.5168813,0.489408516,0.41934647,0.006722676,3.28E-06,-0.082865139,-0.003122975,4.11E-06,-0.022585556,16416838.96,3.46182E+12,0.341884045,0.162600493,5387.852539,0,125.807457,0,-201.5751343,0,-7.279747486,-35.33968735,0.012844628,0.149755865
10,-3.95001327,-73.43022352,2006,4,100,298.557958,0.478677138,0.413041517,0.006616052,3.18E-06,-0.031182933,-0.002975517,3.89E-06,0.024699007,16557105.33,3.2263E+12,0.354563669,0.138187838,5387.852539,0,125.807457,0,-201.5751343,0,-7.279747486,-35.33968735,0.009304914,0.128882924
10,-3.95001327,-73.43022352,2007,4,100,298.6074219,0.493434264,0.38673474,0.0065257,3.77E-06,-0.01128323,-0.002866749,4.42E-06,0.035533126,16697277.31,3.14427E+12,0.349543893,0.118905914,5387.852539,0,125.807457,0,-201.5751343,0,-7.279747486,-35.33968735,0.004228657,0.114677257
10,-3.95001327,-73.43022352,2008,4,100,298.5800476,0.38345331,0.37275573,0.006737719,4.11E-06,0.044422796,-0.00307773,4.75E-06,0.072116281,16709675.04,2.8774E+12,0.310223162,0.078352066,5387.852539,0,125.807457,0,-201.5751343,0,-7.279747486,-35.33968735,-0.008492833,0.0868449
10,-3.95001327,-73.43022352,2009,4,100,298.512502,0.404847652,0.348286627,0.006988637,4.72E-06,0.114749875,-0.003362924,5.35E-06,0.125936883,16531448.92,2.92097E+12,0.279043509,0.062723575,5387.852539,0,125.807457,0,-201.5751343,0,-7.279747486,-35.33968735,-0.008384685,0.07110826
10,-3.95001327,-73.43022352,2010,4,100,298.608963,0.472286263,0.350722692,0.007018325,5.22E-06,0.143326156,-0.003399532,5.96E-06,0.137912468,16501079.44,3.13969E+12,0.226534804,0.034769652,5387.852539,0,125.807457,0,-201.5751343,0,-7.279747486,-35.33968735,-0.031791598,0.06656125
10,-3.95001327,-73.43022352,2011,4,100,298.5707753,0.397837939,0.416518892,0.007225297,5.36E-06,0.186433298,-0.003617755,6.25E-06,0.178798546,16350993.69,3.37303E+12,0.249046596,0.013470885,5387.852539,0,125.807457,0,-201.5751343,0,-7.279747486,-35.33968735,-0.007265587,0.020736472
10,-3.95001327,-73.43022352,2012,4,100,298.5744832,0.378899412,0.482407606,0.007333638,6.51E-06,0.181179119,-0.0037227,7.55E-06,0.180317561,16319948.42,3.26332E+12,0.302677489,-0.027401868,5387.852539,0,125.807457,0,-201.5751343,0,-7.279747486,-35.33968735,-0.010662284,-0.016739584
10,-3.95001327,-73.43022352,2013,4,100,298.5632579,0.379956771,0.576204794,0.007272551,5.71E-06,0.1593771,-0.003652199,6.68E-06,0.171219782,16339891.71,3.24277E+12,0.35538258,-0.051945639,5387.852539,0,125.807457,0,-201.5751343,0,-7.279747486,-35.33968735,-0.038327446,-0.013618193
10,-3.95001327,-73.43022352,2014,4,100,298.4231618,0.27666454,0.595557759,0.007472803,5.05E-06,0.11232555,-0.003895549,6.01E-06,0.137665582,16099704.17,3.00912E+12,0.381978535,-0.039071037,5387.852539,0,125.807457,0,-201.5751343,0,-7.279747486,-35.33968735,-0.001751824,-0.037319213
10,-3.95001327,-73.43022352,2015,4,100,298.4948425,0.387786453,0.518779388,0.007587303,5.45E-06,0.048063822,-0.00402061,6.84E-06,0.074754257,16048925.38,3.56024E+12,0.282811313,0.006012365,5387.852539,0,125.807457,0,-201.5751343,0,-7.279747486,-35.33968735,0.021716021,-0.015703656
10,-3.95001327,-73.43022352,2016,4,100,298.634201,0.501228876,0.462936145,0.007621094,4.99E-06,0.014594795,-0.00405131,6.34E-06,0.042401445,16003624.42,3.85529E+12,0.204588587,0.085236724,5387.852539,0,125.807457,0,-201.5751343,0,-7.279747486,-35.33968735,0.016068533,0.069168191
10,-3.95001327,-73.43022352,2017,4,100,298.7364909,0.448124681,0.389475634,0.007586836,6.45E-06,0.013331048,-0.003997854,7.88E-06,0.032057516,16076976.42,3.52348E+12,0.155705958,0.148625787,5387.852539,0,125.807457,0,-201.5751343,0,-7.279747486,-35.33968735,-0.005401612,0.154027399
10,-3.95001327,-73.43022352,2018,4,100,298.7610219,0.488777128,0.349831421,0.007574434,6.87E-06,0.052565548,-0.003970157,8.38E-06,0.063667665,16101749.69,3.78118E+12,0.141247509,0.158822734,5387.852539,0,125.807457,0,-201.5751343,0,-7.279747486,-35.33968735,-0.023579068,0.182401801
10,-3.95001327,-73.43022352,2019,4,100,298.7634989,0.397088208,0.366893853,0.007629115,7.22E-06,0.102777885,-0.004016727,8.39E-06,0.111264547,16064360.31,3.02761E+12,0.183147137,0.073791562,5387.852539,0,125.807457,0,-201.5751343,0,-7.279747486,-35.33968735,0.013046767,0.060744796
10,-3.95001327,-73.43022352,2020,4,100,298.7979177,0.353665242,0.334094314,0.007213659,7.06E-06,0.158416634,-0.00358662,8.31E-06,0.161892063,16187296.13,3.24634E+12,0.183563261,-0.107734763,5387.852539,0,125.807457,0,-201.5751343,0,-7.279747486,-35.33968735,-0.020823354,-0.086911409
10,-3.95001327,-73.43022352,2021,4,100,298.7705129,0.401567547,0.300582528,0.007371059,7.54E-06,0.170181385,-0.003726866,8.77E-06,0.178399537,16269115.56,3.80477E+12,0.194157211,-0.22436756,5387.852539,0,125.807457,0,-201.5751343,0,-7.279747486,-35.33968735,-0.027299631,-0.197067929
10,-3.95001327,-73.43022352,2022,4,100,298.816335,0.413887534,0.285881115,0.006962419,9.65E-06,0.172414846,-0.003514354,9.31E-06,0.181976482,15475912.11,1.12622E+13,0.233343773,-0.30006417,5387.852539,0,125.807457,0,-201.5751343,0,-7.279747486,-35.33968735,-0.031536311,-0.268527859
10,-3.95001327,-73.43022352,2023,4,100,298.9712067,0.672893878,0.286874954,0.005635622,1.02E-05,0.264899318,-0.002795458,7.34E-06,0.205739572,12884322.05,2.96292E+13,0.403872216,-0.319057221,5387.852539,0,125.807457,0,-201.5751343,0,-7.279747486,-35.33968735,-0.017169551,-0.30188767
10,-3.95001327,-73.43022352,2024,4,100,299.1552124,0.884999543,0.373743966,0.005644162,1.26E-05,0.368578859,-0.002904511,9.49E-06,0.223477662,12550225.72,3.30955E+13,0.594392299,-0.186962373,5387.852539,0,125.807457,0,-201.5751343,0,-7.279747486,-35.33968735,-0.036504084,-0.150458289
11,-1.70999799,-51.45000117,2000,4,100,298.7610474,2.067884978,NaN,0.006995607,3.04E-05,NaN,-0.003816642,3.27E-05,NaN,16641534.67,1.7897E+13,NaN,NaN,44320.75,-0.052703626,12.03702736,-294.7853394,0,0,-13.09659195,-42.78959656,NaN,NaN
11,-1.70999799,-51.45000117,2001,4,100,298.9186401,2.17478137,NaN,0.006397014,2.36E-05,NaN,-0.003164885,2.52E-05,NaN,16891357.88,1.56854E+13,NaN,NaN,44320.75,-0.052703626,12.03702736,-294.7853394,0,0,-13.09659195,-42.78959656,NaN,NaN
11,-1.70999799,-51.45000117,2002,4,100,299.1298557,2.109393317,NaN,0.006350659,2.49E-05,NaN,-0.003146597,2.53E-05,NaN,17218752.22,1.44121E+13,NaN,NaN,44320.75,-0.052703626,12.03702736,-294.7853394,0,0,-13.09659195,-42.78959656,NaN,NaN
11,-1.70999799,-51.45000117,2003,4,100,299.190801,1.924178557,NaN,0.006229167,2.42E-05,NaN,-0.00298548,2.50E-05,NaN,17230957.94,1.36601E+13,NaN,NaN,44320.75,-0.052703626,12.03702736,-294.7853394,0,0,-13.09659195,-42.78959656,NaN,NaN
11,-1.70999799,-51.45000117,2004,4,100,299.3867188,1.926772052,0.270330591,0.006095023,2.60E-05,-0.1367603,-0.002822766,2.67E-05,-0.150415037,17423735.67,1.29187E+13,0.155790718,-0.23483513,44320.75,-0.052703626,12.03702736,-294.7853394,0,0,-13.09659195,-42.78959656,0,-0.23483513
11,-1.70999799,-51.45000117,2005,4,100,299.6102651,1.842128037,0.357012638,0.006272443,3.05E-05,-0.138093005,-0.003042093,3.08E-05,-0.156384046,17589179.73,1.23211E+13,0.226714421,-0.200901654,44320.75,-0.052703626,12.03702736,-294.7853394,0,0,-13.09659195,-42.78959656,0.021847288,-0.222748943
11,-1.70999799,-51.45000117,2006,4,100,299.5940094,1.916410097,0.368995297,0.006168216,2.89E-05,-0.139613622,-0.002921668,2.98E-05,-0.155617559,17423123.52,1.28762E+13,0.245900081,-0.200901654,44320.75,-0.052703626,12.03702736,-294.7853394,0,0,-13.09659195,-42.78959656,0.016806337,-0.217707991
11,-1.70999799,-51.45000117,2007,4,100,299.614502,1.822233289,0.381749147,0.006081666,2.77E-05,-0.12081918,-0.002823204,2.85E-05,-0.131077068,17471988.21,1.23792E+13,0.26713734,-0.200901654,44320.75,-0.052703626,12.03702736,-294.7853394,0,0,-13.09659195,-42.78959656,0.001060553,-0.201962208
11,-1.70999799,-51.45000117,2008,4,100,299.5508321,1.811477722,0.446551456,0.005994617,2.34E-05,-0.106356683,-0.00274209,2.40E-05,-0.113233688,17393683.38,1.1924E+13,0.305085941,-0.160181484,44320.75,-0.052703626,12.03702736,-294.7853394,0,0,-13.09659195,-42.78959656,-0.009670987,-0.150510497
11,-1.70999799,-51.45000117,2009,4,100,299.4709981,2.122956225,0.437349399,0.006540165,3.05E-05,0.005959856,-0.00329767,3.12E-05,0.006780383,17209522.04,1.34816E+13,0.30063406,NaN,44320.75,-0.052703626,12.03702736,-294.7853394,0,0,-13.09659195,-42.78959656,-0.012807015,NaN
11,-1.70999799,-51.45000117,2010,4,100,299.6109975,1.884134332,0.486399926,0.00659151,3.11E-05,0.13007733,-0.003265359,3.22E-05,0.136333025,17448305.27,1.23628E+13,0.333480418,0.209459505,44320.75,-0.052703626,12.03702736,-294.7853394,0,0,-13.09659195,-42.78959656,0.011036855,0.19842265
11,-1.70999799,-51.45000117,2011,4,100,299.62058,2.155274011,0.541146757,0.007057476,3.68E-05,0.223516709,-0.003744752,3.82E-05,0.229646146,17360390.02,1.30248E+13,0.348282278,0.209459505,44320.75,-0.052703626,12.03702736,-294.7853394,0,0,-13.09659195,-42.78959656,-0.014485283,0.223944788
11,-1.70999799,-51.45000117,2012,4,100,299.7450562,2.154962688,0.528114106,0.006780741,3.67E-05,0.33224846,-0.003463923,3.75E-05,0.342064102,17625114.98,1.1942E+13,0.369241144,0.209459505,44320.75,-0.052703626,12.03702736,-294.7853394,0,0,-13.09659195,-42.78959656,-0.004222268,0.213681773
11,-1.70999799,-51.45000117,2013,4,100,299.7063649,1.590964043,0.541000816,0.005956056,2.38E-05,0.327224461,-0.002537556,2.48E-05,0.337472346,17668606.19,9.46633E+12,0.380350304,0.209459505,44320.75,-0.052703626,12.03702736,-294.7853394,0,0,-13.09659195,-42.78959656,-0.000856679,0.210316184
11,-1.70999799,-51.45000117,2014,4,100,299.5655365,1.783783786,0.468271292,0.005933628,2.33E-05,0.307386006,-0.002590242,2.38E-05,0.316682041,17434158.46,1.05885E+13,0.346676925,0.45425149,44320.75,-0.052703626,12.03702736,-294.7853394,0,0,-13.09659195,-42.78959656,0.023058406,0.431193084
11,-1.70999799,-51.45000117,2015,4,100,299.7055766,1.975244968,0.385622451,0.0054394,1.80E-05,0.291215364,-0.002149325,1.72E-05,0.300196525,17699349.92,1.05618E+13,0.34687514,0.459398561,44320.75,-0.052703626,12.03702736,-294.7853394,0,0,-13.09659195,-42.78959656,0.034099251,0.42529931
11,-1.70999799,-51.45000117,2016,4,100,299.7858531,1.666795576,0.428934724,0.005679631,1.91E-05,0.260911259,-0.002363508,1.88E-05,0.250230134,17594273,1.05831E+13,0.351098508,0.441782077,44320.75,-0.052703626,12.03702736,-294.7853394,0,0,-13.09659195,-42.78959656,0.006569148,0.435212929
11,-1.70999799,-51.45000117,2017,4,100,299.8667806,1.81945616,0.500528515,0.006009413,2.42E-05,0.255336828,-0.00276663,2.33E-05,0.226655329,17667306.58,1.13331E+13,0.375342511,0.445335586,44320.75,-0.052703626,12.03702736,-294.7853394,0,0,-13.09659195,-42.78959656,0.044022206,0.40131338
11,-1.70999799,-51.45000117,2018,4,100,299.8794708,1.811068408,0.612172622,0.005969086,2.26E-05,0.26647807,-0.002706282,2.18E-05,0.22276085,17658730.79,1.04681E+13,0.386127091,0.481052449,44320.75,-0.052703626,12.03702736,-294.7853394,0,0,-13.09659195,-42.78959656,0.028528898,0.452523551
11,-1.70999799,-51.45000117,2019,4,100,299.821523,1.534277642,0.694519963,0.005956604,2.06E-05,0.303765898,-0.002680438,2.03E-05,0.247321496,17403382.75,1.06845E+13,0.339973073,0.527627407,44320.75,-0.052703626,12.03702736,-294.7853394,0,0,-13.09659195,-42.78959656,-0.001123364,0.528750771
11,-1.70999799,-51.45000117,2020,4,100,299.7667898,1.640146581,0.628376897,0.006069564,2.11E-05,0.326367271,-0.002817426,2.08E-05,0.28625179,17280499.56,1.15264E+13,0.276360395,0.573227693,44320.75,-0.052703626,12.03702736,-294.7853394,0,0,-13.09659195,-42.78959656,-0.014745638,0.587973331
11,-1.70999799,-51.45000117,2021,4,100,299.6986949,1.429880629,0.519601481,0.005905939,1.63E-05,0.297652206,-0.00257178,1.65E-05,0.266452538,17222475.54,1.04525E+13,0.18883407,0.539287063,44320.75,-0.052703626,12.03702736,-294.7853394,0,0,-13.09659195,-42.78959656,0.008599765,0.530687298
11,-1.70999799,-51.45000117,2022,4,100,299.7006531,1.350937211,0.416607688,0.006204995,2.30E-05,0.249386038,-0.003015261,2.24E-05,0.216060316,16189426,1.5786E+13,0.145738534,0.440050143,44320.75,-0.052703626,12.03702736,-294.7853394,0,0,-13.09659195,-42.78959656,-0.026333262,0.466383405
11,-1.70999799,-51.45000117,2023,4,100,299.8599192,1.868527844,0.380723585,0.005487595,2.35E-05,0.244258738,-0.002810551,2.05E-05,0.175283676,13634350.97,2.7991E+13,0.304811726,0.342748879,44320.75,-0.052703626,12.03702736,-294.7853394,0,0,-13.09659195,-42.78959656,-0.025345388,0.368094266
11,-1.70999799,-51.45000117,2024,4,100,300.1019491,2.266220354,0.457371358,0.004920362,2.27E-05,0.272980177,-0.002405998,1.93E-05,0.154154704,13455130.84,3.24968E+13,0.484181485,0.262440234,44320.75,-0.052703626,12.03702736,-294.7853394,0,0,-13.09659195,-42.78959656,-0.009980294,0.272420528
12,-1.70999351,-51.44970549,2000,4,100,298.8450317,2.04989972,NaN,0.007148974,3.17E-05,NaN,-0.003863278,3.66E-05,NaN,16713681.5,1.7899E+13,NaN,NaN,9044.503906,-0.004831819,0,-228.4733734,0,13.36215305,-23.83403969,-26.50626564,NaN,NaN
12,-1.70999351,-51.44970549,2001,4,100,299.0160522,2.204829191,NaN,0.006539028,2.48E-05,NaN,-0.003199202,2.86E-05,NaN,16962322.63,1.57183E+13,NaN,NaN,9044.503906,-0.004831819,0,-228.4733734,0,13.36215305,-23.83403969,-26.50626564,NaN,NaN
12,-1.70999351,-51.44970549,2002,4,100,299.2265896,2.117139795,NaN,0.006459813,2.55E-05,NaN,-0.003115909,2.82E-05,NaN,17295859.11,1.44056E+13,NaN,NaN,9044.503906,-0.004831819,0,-228.4733734,0,13.36215305,-23.83403969,-26.50626564,NaN,NaN
12,-1.70999351,-51.44970549,2003,4,100,299.2898,1.939444652,NaN,0.006328655,2.48E-05,NaN,-0.002953526,2.77E-05,NaN,17312086.06,1.36873E+13,NaN,NaN,9044.503906,-0.004831819,0,-228.4733734,0,13.36215305,-23.83403969,-26.50626564,NaN,NaN
12,-1.70999351,-51.44970549,2004,4,100,299.4904785,1.950474288,0.277491331,0.006142969,2.62E-05,-0.153954614,-0.002732613,2.88E-05,-0.164750467,17508874.79,1.29681E+13,0.15843095,0.640379661,9044.503906,-0.004831819,0,-228.4733734,0,13.36215305,-23.83403969,-26.50626564,0,0.640379661
12,-1.70999351,-51.44970549,2005,4,100,299.713089,1.849028254,0.359848071,0.0062918,3.06E-05,-0.148105397,-0.002898192,3.29E-05,-0.162582937,17678445.69,1.23509E+13,0.227688488,0.513337144,9044.503906,-0.004831819,0,-228.4733734,0,13.36215305,-23.83403969,-26.50626564,-0.012600943,0.525938087
12,-1.70999351,-51.44970549,2006,4,100,299.7023671,1.936576545,0.368929568,0.00618926,2.93E-05,-0.146358534,-0.002799514,3.22E-05,-0.158370239,17509928.44,1.29443E+13,0.24638103,0.513337144,9044.503906,-0.004831819,0,-228.4733734,0,13.36215305,-23.83403969,-26.50626564,0.003409399,0.509927745
12,-1.70999351,-51.44970549,2007,4,100,299.7246094,1.842952513,0.381192977,0.006114836,2.83E-05,-0.126349221,-0.002712231,3.10E-05,-0.133439153,17557109.75,1.2399E+13,0.268337207,0.513337144,9044.503906,-0.004831819,0,-228.4733734,0,13.36215305,-23.83403969,-26.50626564,-0.004669619,0.518006763
12,-1.70999351,-51.44970549,2008,4,100,299.665741,1.853077226,0.443582372,0.006058996,2.42E-05,-0.107069818,-0.002671729,2.66E-05,-0.110257496,17475560.17,1.19509E+13,0.306683387,0.360886124,9044.503906,-0.004831819,0,-228.4733734,0,13.36215305,-23.83403969,-26.50626564,-0.034859902,0.395746026
12,-1.70999351,-51.44970549,2009,4,100,299.588267,2.182861566,0.433540204,0.00658906,3.06E-05,0.000680657,-0.003222146,3.35E-05,0.00252576,17284871.42,1.35394E+13,0.30446264,NaN,9044.503906,-0.004831819,0,-228.4733734,0,13.36215305,-23.83403969,-26.50626564,-0.003094789,NaN
12,-1.70999351,-51.44970549,2010,4,100,299.7295685,1.942489637,0.48503904,0.006619921,3.09E-05,0.121362377,-0.003171731,3.39E-05,0.126897602,17528530.19,1.2405E+13,0.339780423,0.126714883,9044.503906,-0.004831819,0,-228.4733734,0,13.36215305,-23.83403969,-26.50626564,-0.009020333,0.135735216
12,-1.70999351,-51.44970549,2011,4,100,299.7419993,2.224932423,0.54158438,0.007045563,3.62E-05,0.212801036,-0.003615112,3.96E-05,0.218522925,17439751.52,1.3105E+13,0.356129239,0.126714883,9044.503906,-0.004831819,0,-228.4733734,0,13.36215305,-23.83403969,-26.50626564,-0.01918574,0.145900623
12,-1.70999351,-51.44970549,2012,4,100,299.8638306,2.186883405,0.530476065,0.006741564,3.59E-05,0.318182974,-0.003285949,3.89E-05,0.326843201,17711729.6,1.19694E+13,0.379134617,0.126714883,9044.503906,-0.004831819,0,-228.4733734,0,13.36215305,-23.83403969,-26.50626564,-0.014727525,0.141442408
12,-1.70999351,-51.44970549,2013,4,100,299.8231455,1.619890474,0.546680889,0.005948698,2.36E-05,0.316949179,-0.002412332,2.59E-05,0.328328853,17760636.98,9.47431E+12,0.390890557,0.126714883,9044.503906,-0.004831819,0,-228.4733734,0,13.36215305,-23.83403969,-26.50626564,-0.033271432,0.159986315
12,-1.70999351,-51.44970549,2014,4,100,299.6776784,1.816119167,0.475988451,0.005964805,2.35E-05,0.295587081,-0.002495898,2.57E-05,0.307414123,17515147.21,1.0617E+13,0.357983474,0.538088054,9044.503906,-0.004831819,0,-228.4733734,0,13.36215305,-23.83403969,-26.50626564,-0.029925331,0.568013385
12,-1.70999351,-51.44970549,2015,4,100,299.8120219,1.979177191,0.394480678,0.005497665,1.87E-05,0.279273002,-0.00204656,1.97E-05,0.290998458,17780872.46,1.05662E+13,0.359141962,0.547922346,9044.503906,-0.004831819,0,-228.4733734,0,13.36215305,-23.83403969,-26.50626564,-0.005815335,0.553737681
12,-1.70999351,-51.44970549,2016,4,100,299.8932749,1.683979245,0.438386261,0.005759962,1.98E-05,0.251694649,-0.002287834,2.11E-05,0.24799036,17672907.75,1.0616E+13,0.360860021,0.540145406,9044.503906,-0.004831819,0,-228.4733734,0,13.36215305,-23.83403969,-26.50626564,0.00897991,0.531165497
12,-1.70999351,-51.44970549,2017,4,100,299.969279,1.823728423,0.507830664,0.006078737,2.47E-05,0.247529046,-0.002657014,2.60E-05,0.230674915,17743896.75,1.13472E+13,0.382383465,0.494307246,9044.503906,-0.004831819,0,-228.4733734,0,13.36215305,-23.83403969,-26.50626564,-0.011233662,0.505540908
12,-1.70999351,-51.44970549,2018,4,100,299.9823354,1.815505544,0.617523897,0.006021706,2.29E-05,0.269143592,-0.002588442,2.41E-05,0.242501057,17745203.13,1.04691E+13,0.388025723,0.466382307,9044.503906,-0.004831819,0,-228.4733734,0,13.36215305,-23.83403969,-26.50626564,0.009056005,0.457326302
12,-1.70999351,-51.44970549,2019,4,100,299.9238586,1.545579245,0.696401527,0.006024057,2.10E-05,0.315017037,-0.002599701,2.24E-05,0.27872854,17486870.08,1.07405E+13,0.335988641,0.439942769,9044.503906,-0.004831819,0,-228.4733734,0,13.36215305,-23.83403969,-26.50626564,0.0046699,0.435272869
12,-1.70999351,-51.44970549,2020,4,100,299.8624522,1.649173447,0.628494346,0.006138904,2.18E-05,0.341747078,-0.002748784,2.33E-05,0.315930536,17361890.69,1.16192E+13,0.272136942,0.38560349,9044.503906,-0.004831819,0,-228.4733734,0,13.36215305,-23.83403969,-26.50626564,-0.016146618,0.401750108
12,-1.70999351,-51.44970549,2021,4,100,299.7881317,1.438450229,0.520727057,0.005986574,1.70E-05,0.315532543,-0.00253814,1.86E-05,0.292588093,17307530.25,1.05576E+13,0.185649175,0.330103614,9044.503906,-0.004831819,0,-228.4733734,0,13.36215305,-23.83403969,-26.50626564,0.007600507,0.322503107
12,-1.70999351,-51.44970549,2022,4,100,299.7816671,1.359192658,0.419566958,0.006239619,2.29E-05,0.257649257,-0.002948132,2.36E-05,0.227443865,16264704.29,1.59897E+13,0.144985373,0.2195213,9044.503906,-0.004831819,0,-228.4733734,0,13.36215305,-23.83403969,-26.50626564,-0.00286868,0.22238998
12,-1.70999351,-51.44970549,2023,4,100,299.9321035,1.859592304,0.387305794,0.005482374,2.31E-05,0.249832542,-0.00268545,2.13E-05,0.180543124,13701955.59,2.82598E+13,0.306471961,0.082695769,9044.503906,-0.004831819,0,-228.4733734,0,13.36215305,-23.83403969,-26.50626564,-0.032322535,0.115018304
12,-1.70999351,-51.44970549,2024,4,100,300.1640422,2.226503014,0.463484594,0.004922814,2.22E-05,0.274889602,-0.002243826,2.02E-05,0.158160725,13520817.26,3.27669E+13,0.485521004,-0.053820734,9044.503906,-0.004831819,0,-228.4733734,0,13.36215305,-23.83403969,-26.50626564,-0.033734062,-0.020086671
13,-1.70975305,-51.45001117,2000,4,100,298.7610474,2.067884978,NaN,0.006995607,3.04E-05,NaN,-0.003816642,3.27E-05,NaN,16641534.67,1.7897E+13,NaN,NaN,22482.90625,-0.022616778,111.2060852,-448.8500366,0,3.903449059,-29.27545166,-39.43751144,NaN,NaN
13,-1.70975305,-51.45001117,2001,4,100,298.9186401,2.17478137,NaN,0.006397014,2.36E-05,NaN,-0.003164885,2.52E-05,NaN,16891357.88,1.56854E+13,NaN,NaN,22482.90625,-0.022616778,111.2060852,-448.8500366,0,3.903449059,-29.27545166,-39.43751144,NaN,NaN
13,-1.70975305,-51.45001117,2002,4,100,299.1298557,2.109393317,NaN,0.006350659,2.49E-05,NaN,-0.003146597,2.53E-05,NaN,17218752.22,1.44121E+13,NaN,NaN,22482.90625,-0.022616778,111.2060852,-448.8500366,0,3.903449059,-29.27545166,-39.43751144,NaN,NaN
13,-1.70975305,-51.45001117,2003,4,100,299.190801,1.924178557,NaN,0.006229167,2.42E-05,NaN,-0.00298548,2.50E-05,NaN,17230957.94,1.36601E+13,NaN,NaN,22482.90625,-0.022616778,111.2060852,-448.8500366,0,3.903449059,-29.27545166,-39.43751144,NaN,NaN
13,-1.70975305,-51.45001117,2004,4,100,299.3867188,1.926772052,0.270330591,0.006095023,2.60E-05,-0.1367603,-0.002822766,2.67E-05,-0.150415037,17423735.67,1.29187E+13,0.155790718,-0.228848281,22482.90625,-0.022616778,111.2060852,-448.8500366,0,3.903449059,-29.27545166,-39.43751144,0,-0.228848281
13,-1.70975305,-51.45001117,2005,4,100,299.6102651,1.842128037,0.357012638,0.006272443,3.05E-05,-0.138093005,-0.003042093,3.08E-05,-0.156384046,17589179.73,1.23211E+13,0.226714421,-0.305733317,22482.90625,-0.022616778,111.2060852,-448.8500366,0,3.903449059,-29.27545166,-39.43751144,-0.01331345,-0.292419867
13,-1.70975305,-51.45001117,2006,4,100,299.5940094,1.916410097,0.368995297,0.006168216,2.89E-05,-0.139613622,-0.002921668,2.98E-05,-0.155617559,17423123.52,1.28762E+13,0.245900081,-0.305733317,22482.90625,-0.022616778,111.2060852,-448.8500366,0,3.903449059,-29.27545166,-39.43751144,-0.012917625,-0.292815691
13,-1.70975305,-51.45001117,2007,4,100,299.614502,1.822233289,0.381749147,0.006081666,2.77E-05,-0.12081918,-0.002823204,2.85E-05,-0.131077068,17471988.21,1.23792E+13,0.26713734,-0.305733317,22482.90625,-0.022616778,111.2060852,-448.8500366,0,3.903449059,-29.27545166,-39.43751144,-0.031206799,-0.274526518
13,-1.70975305,-51.45001117,2008,4,100,299.5508321,1.811477722,0.446551456,0.005994617,2.34E-05,-0.106356683,-0.00274209,2.40E-05,-0.113233688,17393683.38,1.1924E+13,0.305085941,-0.39799536,22482.90625,-0.022616778,111.2060852,-448.8500366,0,3.903449059,-29.27545166,-39.43751144,-0.041709779,-0.35628558
13,-1.70975305,-51.45001117,2009,4,100,299.4709981,2.122956225,0.437349399,0.006540165,3.05E-05,0.005959856,-0.00329767,3.12E-05,0.006780383,17209522.04,1.34816E+13,0.30063406,0.291389529,22482.90625,-0.022616778,111.2060852,-448.8500366,0,3.903449059,-29.27545166,-39.43751144,-0.032880764,0.324270292
13,-1.70975305,-51.45001117,2010,4,100,299.6109975,1.884134332,0.486399926,0.00659151,3.11E-05,0.13007733,-0.003265359,3.22E-05,0.136333025,17448305.27,1.23628E+13,0.333480418,0.338419439,22482.90625,-0.022616778,111.2060852,-448.8500366,0,3.903449059,-29.27545166,-39.43751144,-0.023710509,0.362129948
13,-1.70975305,-51.45001117,2011,4,100,299.62058,2.155274011,0.541146757,0.007057476,3.68E-05,0.223516709,-0.003744752,3.82E-05,0.229646146,17360390.02,1.30248E+13,0.348282278,0.338419439,22482.90625,-0.022616778,111.2060852,-448.8500366,0,3.903449059,-29.27545166,-39.43751144,-0.035021201,0.373440641
13,-1.70975305,-51.45001117,2012,4,100,299.7450562,2.154962688,0.528114106,0.006780741,3.67E-05,0.33224846,-0.003463923,3.75E-05,0.342064102,17625114.98,1.1942E+13,0.369241144,0.338419439,22482.90625,-0.022616778,111.2060852,-448.8500366,0,3.903449059,-29.27545166,-39.43751144,-0.046385274,0.384804714
13,-1.70975305,-51.45001117,2013,4,100,299.7063649,1.590964043,0.541000816,0.005956056,2.38E-05,0.327224461,-0.002537556,2.48E-05,0.337472346,17668606.19,9.46633E+12,0.380350304,0.346257758,22482.90625,-0.022616778,111.2060852,-448.8500366,0,3.903449059,-29.27545166,-39.43751144,-0.027688486,0.373946244
13,-1.70975305,-51.45001117,2014,4,100,299.5655365,1.783783786,0.468271292,0.005933628,2.33E-05,0.307386006,-0.002590242,2.38E-05,0.316682041,17434158.46,1.05885E+13,0.346676925,0.349155082,22482.90625,-0.022616778,111.2060852,-448.8500366,0,3.903449059,-29.27545166,-39.43751144,-0.041145438,0.39030052
13,-1.70975305,-51.45001117,2015,4,100,299.7055766,1.975244968,0.385622451,0.0054394,1.80E-05,0.291215364,-0.002149325,1.72E-05,0.300196525,17699349.92,1.05618E+13,0.34687514,0.323124582,22482.90625,-0.022616778,111.2060852,-448.8500366,0,3.903449059,-29.27545166,-39.43751144,0.004084429,0.319040153
13,-1.70975305,-51.45001117,2016,4,100,299.7858531,1.666795576,0.428934724,0.005679631,1.91E-05,0.260911259,-0.002363508,1.88E-05,0.250230134,17594273,1.05831E+13,0.351098508,0.303338267,22482.90625,-0.022616778,111.2060852,-448.8500366,0,3.903449059,-29.27545166,-39.43751144,-0.018027702,0.321365969
13,-1.70975305,-51.45001117,2017,4,100,299.8667806,1.81945616,0.500528515,0.006009413,2.42E-05,0.255336828,-0.00276663,2.33E-05,0.226655329,17667306.58,1.13331E+13,0.375342511,0.300504731,22482.90625,-0.022616778,111.2060852,-448.8500366,0,3.903449059,-29.27545166,-39.43751144,-0.017148419,0.31765315
13,-1.70975305,-51.45001117,2018,4,100,299.8794708,1.811068408,0.612172622,0.005969086,2.26E-05,0.26647807,-0.002706282,2.18E-05,0.22276085,17658730.79,1.04681E+13,0.386127091,0.309024467,22482.90625,-0.022616778,111.2060852,-448.8500366,0,3.903449059,-29.27545166,-39.43751144,-0.017568795,0.326593262
13,-1.70975305,-51.45001117,2019,4,100,299.821523,1.534277642,0.694519963,0.005956604,2.06E-05,0.303765898,-0.002680438,2.03E-05,0.247321496,17403382.75,1.06845E+13,0.339973073,0.385799377,22482.90625,-0.022616778,111.2060852,-448.8500366,0,3.903449059,-29.27545166,-39.43751144,-0.030225102,0.416024479
13,-1.70975305,-51.45001117,2020,4,100,299.7667898,1.640146581,0.628376897,0.006069564,2.11E-05,0.326367271,-0.002817426,2.08E-05,0.28625179,17280499.56,1.15264E+13,0.276360395,0.443007755,22482.90625,-0.022616778,111.2060852,-448.8500366,0,3.903449059,-29.27545166,-39.43751144,-0.027040787,0.470048542
13,-1.70975305,-51.45001117,2021,4,100,299.6986949,1.429880629,0.519601481,0.005905939,1.63E-05,0.297652206,-0.00257178,1.65E-05,0.266452538,17222475.54,1.04525E+13,0.18883407,0.383122069,22482.90625,-0.022616778,111.2060852,-448.8500366,0,3.903449059,-29.27545166,-39.43751144,-0.047729118,0.430851187
13,-1.70975305,-51.45001117,2022,4,100,299.7006531,1.350937211,0.416607688,0.006204995,2.30E-05,0.249386038,-0.003015261,2.24E-05,0.216060316,16189426,1.5786E+13,0.145738534,0.295067398,22482.90625,-0.022616778,111.2060852,-448.8500366,0,3.903449059,-29.27545166,-39.43751144,-0.036563114,0.331630512
13,-1.70975305,-51.45001117,2023,4,100,299.8599192,1.868527844,0.380723585,0.005487595,2.35E-05,0.244258738,-0.002810551,2.05E-05,0.175283676,13634350.97,2.7991E+13,0.304811726,0.112398678,22482.90625,-0.022616778,111.2060852,-448.8500366,0,3.903449059,-29.27545166,-39.43751144,-0.050453556,0.162852235
13,-1.70975305,-51.45001117,2024,4,100,300.1019491,2.266220354,0.457371358,0.004920362,2.27E-05,0.272980177,-0.002405998,1.93E-05,0.154154704,13455130.84,3.24968E+13,0.484181485,-0.030781831,22482.90625,-0.022616778,111.2060852,-448.8500366,0,3.903449059,-29.27545166,-39.43751144,-0.041211292,0.010429461
14,-1.71023726,-51.44998838,2000,4,100,298.8450317,2.04989972,NaN,0.007148974,3.17E-05,NaN,-0.003863278,3.66E-05,NaN,16713681.5,1.7899E+13,NaN,NaN,22708.78516,-0.024077507,0,-382.5774841,-72.978508,0,-115.9586182,-105.2128448,NaN,NaN
14,-1.71023726,-51.44998838,2001,4,100,299.0160522,2.204829191,NaN,0.006539028,2.48E-05,NaN,-0.003199202,2.86E-05,NaN,16962322.63,1.57183E+13,NaN,NaN,22708.78516,-0.024077507,0,-382.5774841,-72.978508,0,-115.9586182,-105.2128448,NaN,NaN
14,-1.71023726,-51.44998838,2002,4,100,299.2265896,2.117139795,NaN,0.006459813,2.55E-05,NaN,-0.003115909,2.82E-05,NaN,17295859.11,1.44056E+13,NaN,NaN,22708.78516,-0.024077507,0,-382.5774841,-72.978508,0,-115.9586182,-105.2128448,NaN,NaN
14,-1.71023726,-51.44998838,2003,4,100,299.2898,1.939444652,NaN,0.006328655,2.48E-05,NaN,-0.002953526,2.77E-05,NaN,17312086.06,1.36873E+13,NaN,NaN,22708.78516,-0.024077507,0,-382.5774841,-72.978508,0,-115.9586182,-105.2128448,NaN,NaN
14,-1.71023726,-51.44998838,2004,4,100,299.4904785,1.950474288,0.277491331,0.006142969,2.62E-05,-0.153954614,-0.002732613,2.88E-05,-0.164750467,17508874.79,1.29681E+13,0.15843095,NaN,22708.78516,-0.024077507,0,-382.5774841,-72.978508,0,-115.9586182,-105.2128448,0,NaN
14,-1.71023726,-51.44998838,2005,4,100,299.713089,1.849028254,0.359848071,0.0062918,3.06E-05,-0.148105397,-0.002898192,3.29E-05,-0.162582937,17678445.69,1.23509E+13,0.227688488,NaN,22708.78516,-0.024077507,0,-382.5774841,-72.978508,0,-115.9586182,-105.2128448,0.0067512,NaN
14,-1.71023726,-51.44998838,2006,4,100,299.7023671,1.936576545,0.368929568,0.00618926,2.93E-05,-0.146358534,-0.002799514,3.22E-05,-0.158370239,17509928.44,1.29443E+13,0.24638103,NaN,22708.78516,-0.024077507,0,-382.5774841,-72.978508,0,-115.9586182,-105.2128448,0.005132091,NaN
14,-1.71023726,-51.44998838,2007,4,100,299.7246094,1.842952513,0.381192977,0.006114836,2.83E-05,-0.126349221,-0.002712231,3.10E-05,-0.133439153,17557109.75,1.2399E+13,0.268337207,NaN,22708.78516,-0.024077507,0,-382.5774841,-72.978508,0,-115.9586182,-105.2128448,-0.000407333,NaN
14,-1.71023726,-51.44998838,2008,4,100,299.665741,1.853077226,0.443582372,0.006058996,2.42E-05,-0.107069818,-0.002671729,2.66E-05,-0.110257496,17475560.17,1.19509E+13,0.306683387,NaN,22708.78516,-0.024077507,0,-382.5774841,-72.978508,0,-115.9586182,-105.2128448,0.000591042,NaN
14,-1.71023726,-51.44998838,2009,4,100,299.588267,2.182861566,0.433540204,0.00658906,3.06E-05,0.000680657,-0.003222146,3.35E-05,0.00252576,17284871.42,1.35394E+13,0.30446264,NaN,22708.78516,-0.024077507,0,-382.5774841,-72.978508,0,-115.9586182,-105.2128448,-0.008809274,NaN
14,-1.71023726,-51.44998838,2010,4,100,299.7295685,1.942489637,0.48503904,0.006619921,3.09E-05,0.121362377,-0.003171731,3.39E-05,0.126897602,17528530.19,1.2405E+13,0.339780423,0.437355296,22708.78516,-0.024077507,0,-382.5774841,-72.978508,0,-115.9586182,-105.2128448,0.025732208,0.411623088
14,-1.71023726,-51.44998838,2011,4,100,299.7419993,2.224932423,0.54158438,0.007045563,3.62E-05,0.212801036,-0.003615112,3.96E-05,0.218522925,17439751.52,1.3105E+13,0.356129239,0.437355296,22708.78516,-0.024077507,0,-382.5774841,-72.978508,0,-115.9586182,-105.2128448,0.017266888,0.420088407
14,-1.71023726,-51.44998838,2012,4,100,299.8638306,2.186883405,0.530476065,0.006741564,3.59E-05,0.318182974,-0.003285949,3.89E-05,0.326843201,17711729.6,1.19694E+13,0.379134617,0.437355296,22708.78516,-0.024077507,0,-382.5774841,-72.978508,0,-115.9586182,-105.2128448,0.043525751,0.393829545
14,-1.71023726,-51.44998838,2013,4,100,299.8231455,1.619890474,0.546680889,0.005948698,2.36E-05,0.316949179,-0.002412332,2.59E-05,0.328328853,17760636.98,9.47431E+12,0.390890557,0.502845752,22708.78516,-0.024077507,0,-382.5774841,-72.978508,0,-115.9586182,-105.2128448,0.029942676,0.472903076
14,-1.71023726,-51.44998838,2014,4,100,299.6776784,1.816119167,0.475988451,0.005964805,2.35E-05,0.295587081,-0.002495898,2.57E-05,0.307414123,17515147.21,1.0617E+13,0.357983474,0.542195881,22708.78516,-0.024077507,0,-382.5774841,-72.978508,0,-115.9586182,-105.2128448,0.051310046,0.490885835
14,-1.71023726,-51.44998838,2015,4,100,299.8120219,1.979177191,0.394480678,0.005497665,1.87E-05,0.279273002,-0.00204656,1.97E-05,0.290998458,17780872.46,1.05662E+13,0.359141962,0.57925586,22708.78516,-0.024077507,0,-382.5774841,-72.978508,0,-115.9586182,-105.2128448,0.059136735,0.520119125
14,-1.71023726,-51.44998838,2016,4,100,299.8932749,1.683979245,0.438386261,0.005759962,1.98E-05,0.251694649,-0.002287834,2.11E-05,0.24799036,17672907.75,1.0616E+13,0.360860021,0.589332202,22708.78516,-0.024077507,0,-382.5774841,-72.978508,0,-115.9586182,-105.2128448,0.048448549,0.540883652
14,-1.71023726,-51.44998838,2017,4,100,299.969279,1.823728423,0.507830664,0.006078737,2.47E-05,0.247529046,-0.002657014,2.60E-05,0.230674915,17743896.75,1.13472E+13,0.382383465,0.584552734,22708.78516,-0.024077507,0,-382.5774841,-72.978508,0,-115.9586182,-105.2128448,0.070614302,0.513938432
14,-1.71023726,-51.44998838,2018,4,100,299.9823354,1.815505544,0.617523897,0.006021706,2.29E-05,0.269143592,-0.002588442,2.41E-05,0.242501057,17745203.13,1.04691E+13,0.388025723,0.588652529,22708.78516,-0.024077507,0,-382.5774841,-72.978508,0,-115.9586182,-105.2128448,0.028543847,0.560108682
14,-1.71023726,-51.44998838,2019,4,100,299.9238586,1.545579245,0.696401527,0.006024057,2.10E-05,0.315017037,-0.002599701,2.24E-05,0.27872854,17486870.08,1.07405E+13,0.335988641,0.543380595,22708.78516,-0.024077507,0,-382.5774841,-72.978508,0,-115.9586182,-105.2128448,0.028235093,0.515145502
14,-1.71023726,-51.44998838,2020,4,100,299.8624522,1.649173447,0.628494346,0.006138904,2.18E-05,0.341747078,-0.002748784,2.33E-05,0.315930536,17361890.69,1.16192E+13,0.272136942,0.453639241,22708.78516,-0.024077507,0,-382.5774841,-72.978508,0,-115.9586182,-105.2128448,0.040535548,0.413103693
14,-1.71023726,-51.44998838,2021,4,100,299.7881317,1.438450229,0.520727057,0.005986574,1.70E-05,0.315532543,-0.00253814,1.86E-05,0.292588093,17307530.25,1.05576E+13,0.185649175,0.33146269,22708.78516,-0.024077507,0,-382.5774841,-72.978508,0,-115.9586182,-105.2128448,0.010074631,0.321388059
14,-1.71023726,-51.44998838,2022,4,100,299.7816671,1.359192658,0.419566958,0.006239619,2.29E-05,0.257649257,-0.002948132,2.36E-05,0.227443865,16264704.29,1.59897E+13,0.144985373,0.163803388,22708.78516,-0.024077507,0,-382.5774841,-72.978508,0,-115.9586182,-105.2128448,-0.039384307,0.203187695
14,-1.71023726,-51.44998838,2023,4,100,299.9321035,1.859592304,0.387305794,0.005482374,2.31E-05,0.249832542,-0.00268545,2.13E-05,0.180543124,13701955.59,2.82598E+13,0.306471961,0.088879929,22708.78516,-0.024077507,0,-382.5774841,-72.978508,0,-115.9586182,-105.2128448,-0.022892291,0.111772219
14,-1.71023726,-51.44998838,2024,4,100,300.1640422,2.226503014,0.463484594,0.004922814,2.22E-05,0.274889602,-0.002243826,2.02E-05,0.158160725,13520817.26,3.27669E+13,0.485521004,0.076322606,22708.78516,-0.024077507,0,-382.5774841,-72.978508,0,-115.9586182,-105.2128448,-0.003204207,0.079526813
15,-1.7100037,-51.45030739,2000,4,100,298.7610474,2.067884978,NaN,0.006995607,3.04E-05,NaN,-0.003816642,3.27E-05,NaN,16641534.67,1.7897E+13,NaN,NaN,25577.54297,-0.02706458,53.36572647,-511.8995667,0,2.02099061,-10.00782108,-79.84633636,NaN,NaN
15,-1.7100037,-51.45030739,2001,4,100,298.9186401,2.17478137,NaN,0.006397014,2.36E-05,NaN,-0.003164885,2.52E-05,NaN,16891357.88,1.56854E+13,NaN,NaN,25577.54297,-0.02706458,53.36572647,-511.8995667,0,2.02099061,-10.00782108,-79.84633636,NaN,NaN
15,-1.7100037,-51.45030739,2002,4,100,299.1298557,2.109393317,NaN,0.006350659,2.49E-05,NaN,-0.003146597,2.53E-05,NaN,17218752.22,1.44121E+13,NaN,NaN,25577.54297,-0.02706458,53.36572647,-511.8995667,0,2.02099061,-10.00782108,-79.84633636,NaN,NaN
15,-1.7100037,-51.45030739,2003,4,100,299.190801,1.924178557,NaN,0.006229167,2.42E-05,NaN,-0.00298548,2.50E-05,NaN,17230957.94,1.36601E+13,NaN,NaN,25577.54297,-0.02706458,53.36572647,-511.8995667,0,2.02099061,-10.00782108,-79.84633636,NaN,NaN
15,-1.7100037,-51.45030739,2004,4,100,299.3867188,1.926772052,0.270330591,0.006095023,2.60E-05,-0.1367603,-0.002822766,2.67E-05,-0.150415037,17423735.67,1.29187E+13,0.155790718,-0.127456129,25577.54297,-0.02706458,53.36572647,-511.8995667,0,2.02099061,-10.00782108,-79.84633636,0,-0.127456129
15,-1.7100037,-51.45030739,2005,4,100,299.6102651,1.842128037,0.357012638,0.006272443,3.05E-05,-0.138093005,-0.003042093,3.08E-05,-0.156384046,17589179.73,1.23211E+13,0.226714421,-0.161255013,25577.54297,-0.02706458,53.36572647,-511.8995667,0,2.02099061,-10.00782108,-79.84633636,-0.045393331,-0.115861682
15,-1.7100037,-51.45030739,2006,4,100,299.5940094,1.916410097,0.368995297,0.006168216,2.89E-05,-0.139613622,-0.002921668,2.98E-05,-0.155617559,17423123.52,1.28762E+13,0.245900081,-0.161255013,25577.54297,-0.02706458,53.36572647,-511.8995667,0,2.02099061,-10.00782108,-79.84633636,-0.048344526,-0.112910487
15,-1.7100037,-51.45030739,2007,4,100,299.614502,1.822233289,0.381749147,0.006081666,2.77E-05,-0.12081918,-0.002823204,2.85E-05,-0.131077068,17471988.21,1.23792E+13,0.26713734,-0.161255013,25577.54297,-0.02706458,53.36572647,-511.8995667,0,2.02099061,-10.00782108,-79.84633636,-0.044571942,-0.116683071
15,-1.7100037,-51.45030739,2008,4,100,299.5508321,1.811477722,0.446551456,0.005994617,2.34E-05,-0.106356683,-0.00274209,2.40E-05,-0.113233688,17393683.38,1.1924E+13,0.305085941,-0.201813674,25577.54297,-0.02706458,53.36572647,-511.8995667,0,2.02099061,-10.00782108,-79.84633636,-0.050193269,-0.151620405
15,-1.7100037,-51.45030739,2009,4,100,299.4709981,2.122956225,0.437349399,0.006540165,3.05E-05,0.005959856,-0.00329767,3.12E-05,0.006780383,17209522.04,1.34816E+13,0.30063406,0.017841443,25577.54297,-0.02706458,53.36572647,-511.8995667,0,2.02099061,-10.00782108,-79.84633636,-0.046613462,0.064454906
15,-1.7100037,-51.45030739,2010,4,100,299.6109975,1.884134332,0.486399926,0.00659151,3.11E-05,0.13007733,-0.003265359,3.22E-05,0.136333025,17448305.27,1.23628E+13,0.333480418,0.193279658,25577.54297,-0.02706458,53.36572647,-511.8995667,0,2.02099061,-10.00782108,-79.84633636,-0.031261135,0.224540793
15,-1.7100037,-51.45030739,2011,4,100,299.62058,2.155274011,0.541146757,0.007057476,3.68E-05,0.223516709,-0.003744752,3.82E-05,0.229646146,17360390.02,1.30248E+13,0.348282278,0.193279658,25577.54297,-0.02706458,53.36572647,-511.8995667,0,2.02099061,-10.00782108,-79.84633636,-0.048015429,0.241295087
15,-1.7100037,-51.45030739,2012,4,100,299.7450562,2.154962688,0.528114106,0.006780741,3.67E-05,0.33224846,-0.003463923,3.75E-05,0.342064102,17625114.98,1.1942E+13,0.369241144,0.193279658,25577.54297,-0.02706458,53.36572647,-511.8995667,0,2.02099061,-10.00782108,-79.84633636,-0.045527866,0.238807524
15,-1.7100037,-51.45030739,2013,4,100,299.7063649,1.590964043,0.541000816,0.005956056,2.38E-05,0.327224461,-0.002537556,2.48E-05,0.337472346,17668606.19,9.46633E+12,0.380350304,0.280998765,25577.54297,-0.02706458,53.36572647,-511.8995667,0,2.02099061,-10.00782108,-79.84633636,-0.001098795,0.282097561
15,-1.7100037,-51.45030739,2014,4,100,299.5655365,1.783783786,0.468271292,0.005933628,2.33E-05,0.307386006,-0.002590242,2.38E-05,0.316682041,17434158.46,1.05885E+13,0.346676925,0.464860326,25577.54297,-0.02706458,53.36572647,-511.8995667,0,2.02099061,-10.00782108,-79.84633636,-0.025068431,0.489928757
15,-1.7100037,-51.45030739,2015,4,100,299.7055766,1.975244968,0.385622451,0.0054394,1.80E-05,0.291215364,-0.002149325,1.72E-05,0.300196525,17699349.92,1.05618E+13,0.34687514,0.47615377,25577.54297,-0.02706458,53.36572647,-511.8995667,0,2.02099061,-10.00782108,-79.84633636,0.018740844,0.457412926
15,-1.7100037,-51.45030739,2016,4,100,299.7858531,1.666795576,0.428934724,0.005679631,1.91E-05,0.260911259,-0.002363508,1.88E-05,0.250230134,17594273,1.05831E+13,0.351098508,0.489752891,25577.54297,-0.02706458,53.36572647,-511.8995667,0,2.02099061,-10.00782108,-79.84633636,-0.016664287,0.506417178
15,-1.7100037,-51.45030739,2017,4,100,299.8667806,1.81945616,0.500528515,0.006009413,2.42E-05,0.255336828,-0.00276663,2.33E-05,0.226655329,17667306.58,1.13331E+13,0.375342511,0.508431022,25577.54297,-0.02706458,53.36572647,-511.8995667,0,2.02099061,-10.00782108,-79.84633636,0.020213199,0.488217823
15,-1.7100037,-51.45030739,2018,4,100,299.8794708,1.811068408,0.612172622,0.005969086,2.26E-05,0.26647807,-0.002706282,2.18E-05,0.22276085,17658730.79,1.04681E+13,0.386127091,0.559679214,25577.54297,-0.02706458,53.36572647,-511.8995667,0,2.02099061,-10.00782108,-79.84633636,0.014811955,0.544867259
15,-1.7100037,-51.45030739,2019,4,100,299.821523,1.534277642,0.694519963,0.005956604,2.06E-05,0.303765898,-0.002680438,2.03E-05,0.247321496,17403382.75,1.06845E+13,0.339973073,0.634255587,25577.54297,-0.02706458,53.36572647,-511.8995667,0,2.02099061,-10.00782108,-79.84633636,-0.011522801,0.645778388
15,-1.7100037,-51.45030739,2020,4,100,299.7667898,1.640146581,0.628376897,0.006069564,2.11E-05,0.326367271,-0.002817426,2.08E-05,0.28625179,17280499.56,1.15264E+13,0.276360395,0.64803738,25577.54297,-0.02706458,53.36572647,-511.8995667,0,2.02099061,-10.00782108,-79.84633636,-0.003691233,0.651728613
15,-1.7100037,-51.45030739,2021,4,100,299.6986949,1.429880629,0.519601481,0.005905939,1.63E-05,0.297652206,-0.00257178,1.65E-05,0.266452538,17222475.54,1.04525E+13,0.18883407,0.580379345,25577.54297,-0.02706458,53.36572647,-511.8995667,0,2.02099061,-10.00782108,-79.84633636,-0.044214452,0.624593797
15,-1.7100037,-51.45030739,2022,4,100,299.7006531,1.350937211,0.416607688,0.006204995,2.30E-05,0.249386038,-0.003015261,2.24E-05,0.216060316,16189426,1.5786E+13,0.145738534,0.448461952,25577.54297,-0.02706458,53.36572647,-511.8995667,0,2.02099061,-10.00782108,-79.84633636,-0.061318138,0.50978009
15,-1.7100037,-51.45030739,2023,4,100,299.8599192,1.868527844,0.380723585,0.005487595,2.35E-05,0.244258738,-0.002810551,2.05E-05,0.175283676,13634350.97,2.7991E+13,0.304811726,0.263257745,25577.54297,-0.02706458,53.36572647,-511.8995667,0,2.02099061,-10.00782108,-79.84633636,-0.041717404,0.304975149
15,-1.7100037,-51.45030739,2024,4,100,300.1019491,2.266220354,0.457371358,0.004920362,2.27E-05,0.272980177,-0.002405998,1.93E-05,0.154154704,13455130.84,3.24968E+13,0.484181485,0.129742178,25577.54297,-0.02706458,53.36572647,-511.8995667,0,2.02099061,-10.00782108,-79.84633636,-0.012915298,0.142657477
16,-10.06670471,-67.61669678,2000,4,100,297.9807739,0.718880362,NaN,0.004671499,6.77E-06,NaN,-0.001233329,5.21E-06,NaN,17434160.33,2.88903E+12,NaN,NaN,5469.736328,0,311.8360901,-295.9291687,-94.58303833,-166.9790802,0,0,NaN,NaN
16,-10.06670471,-67.61669678,2001,4,100,298.1268921,1.074340609,NaN,0.004837724,8.42E-06,NaN,-0.001451955,6.50E-06,NaN,17517368.5,2.99939E+12,NaN,NaN,5469.736328,0,311.8360901,-295.9291687,-94.58303833,-166.9790802,0,0,NaN,NaN
16,-10.06670471,-67.61669678,2002,4,100,298.2303874,0.928572164,NaN,0.004923902,7.44E-06,NaN,-0.001447107,5.99E-06,NaN,17594907.72,3.25437E+12,NaN,NaN,5469.736328,0,311.8360901,-295.9291687,-94.58303833,-166.9790802,0,0,NaN,NaN
16,-10.06670471,-67.61669678,2003,4,100,298.2324677,0.751140771,NaN,0.004894629,7.06E-06,NaN,-0.001434551,5.57E-06,NaN,17577141.31,2.99567E+12,NaN,NaN,5469.736328,0,311.8360901,-295.9291687,-94.58303833,-166.9790802,0,0,NaN,NaN
16,-10.06670471,-67.61669678,2004,4,100,298.2313232,0.799252125,0.263573996,0.004943385,7.60E-06,0.065564339,-0.00153716,5.85E-06,-0.036175165,17485732.5,3.41617E+12,0.324436359,0.413552944,5469.736328,0,311.8360901,-295.9291687,-94.58303833,-166.9790802,0,0,0,0.413552944
16,-10.06670471,-67.61669678,2005,4,100,298.2974803,0.575936361,0.316878501,0.004846018,7.75E-06,0.039993211,-0.001462478,5.98E-06,-0.078597115,17529198.71,3.54843E+12,0.253700843,0.164524919,5469.736328,0,311.8360901,-295.9291687,-94.58303833,-166.9790802,0,0,0.000786334,0.163738586
16,-10.06670471,-67.61669678,2006,4,100,298.3180491,0.600424652,0.352036562,0.004690626,8.17E-06,0.048313659,-0.001417082,5.90E-06,-0.075098152,17529058.29,3.20909E+12,0.214497746,-0.035251187,5469.736328,0,311.8360901,-295.9291687,-94.58303833,-166.9790802,0,0,-0.00544432,-0.029806867
16,-10.06670471,-67.61669678,2007,4,100,298.3778076,0.775915138,0.359414121,0.004705679,8.93E-06,0.059502141,-0.001455675,6.52E-06,-0.043592094,17612094.23,3.32671E+12,0.193174182,-0.026475129,5469.736328,0,311.8360901,-295.9291687,-94.58303833,-166.9790802,0,0,-0.001106877,-0.025368252
16,-10.06670471,-67.61669678,2008,4,100,298.4420675,0.82190313,0.362005068,0.004890562,1.07E-05,0.068941194,-0.001644033,8.12E-06,-0.021158504,17670579.19,3.20245E+12,0.116380351,-0.08415042,5469.736328,0,311.8360901,-295.9291687,-94.58303833,-166.9790802,0,0,0.008740439,-0.092890859
16,-10.06670471,-67.61669678,2009,4,100,298.4388529,1.053192702,0.317887693,0.005125105,1.12E-05,0.144458481,-0.001856752,8.76E-06,0.078811892,17488859.35,3.534E+12,0.082302368,0.025866237,5469.736328,0,311.8360901,-295.9291687,-94.58303833,-166.9790802,0,0,0.035775375,-0.009909138
16,-10.06670471,-67.61669678,2010,4,100,298.5780792,1.168640651,0.290369966,0.005077518,1.16E-05,0.214553664,-0.001778005,9.09E-06,0.183800202,17637807.1,3.63421E+12,0.116528401,0.222629165,5469.736328,0,311.8360901,-295.9291687,-94.58303833,-166.9790802,0,0,0.017461779,0.205167385
16,-10.06670471,-67.61669678,2011,4,100,298.6195628,1.086327484,0.281263797,0.005188304,1.22E-05,0.242612244,-0.001881172,9.52E-06,0.227889005,17528490.52,3.37924E+12,0.171386177,0.32480278,5469.736328,0,311.8360901,-295.9291687,-94.58303833,-166.9790802,0,0,-0.014359699,0.339162479
16,-10.06670471,-67.61669678,2012,4,100,298.6473592,0.969883086,0.306716454,0.00519199,1.19E-05,0.274129474,-0.001845459,9.28E-06,0.271137695,17631812.92,3.1693E+12,0.244706138,0.436372158,5469.736328,0,311.8360901,-295.9291687,-94.58303833,-166.9790802,0,0,-0.013728397,0.450100555
16,-10.06670471,-67.61669678,2013,4,100,298.6115163,0.693575636,0.37129074,0.005140439,1.19E-05,0.244654419,-0.001790503,9.14E-06,0.238523017,17697950.42,2.44809E+12,0.259364594,0.472289162,5469.736328,0,311.8360901,-295.9291687,-94.58303833,-166.9790802,0,0,-0.031810164,0.504099326
16,-10.06670471,-67.61669678,2014,4,100,298.3653819,0.602854236,0.419264777,0.0056029,1.25E-05,0.172899438,-0.002222353,1.02E-05,0.147876866,17312702.81,3.05806E+12,0.191562878,0.512065653,5469.736328,0,311.8360901,-295.9291687,-94.58303833,-166.9790802,0,0,-0.01895192,0.531017573
16,-10.06670471,-67.61669678,2015,4,100,298.4171651,0.849509483,0.46260476,0.005663461,1.30E-05,0.153388889,-0.002289471,1.10E-05,0.111353887,17330270.77,4.16153E+12,0.124292392,0.508465821,5469.736328,0,311.8360901,-295.9291687,-94.58303833,-166.9790802,0,0,0.051641903,0.456823919
16,-10.06670471,-67.61669678,2016,4,100,298.5310109,0.777510743,0.525510417,0.005571655,1.20E-05,0.131441546,-0.002182228,1.01E-05,0.096605061,17293339.08,3.80297E+12,0.15325172,0.44593507,5469.736328,0,311.8360901,-295.9291687,-94.58303833,-166.9790802,0,0,0.021324842,0.424610228
16,-10.06670471,-67.61669678,2017,4,100,298.5944824,0.971021312,0.554949374,0.005697808,1.31E-05,0.117564221,-0.002323699,1.12E-05,0.101292086,17265370.63,4.0416E+12,0.231695959,0.388833115,5469.736328,0,311.8360901,-295.9291687,-94.58303833,-166.9790802,0,0,0.027769016,0.361064099
16,-10.06670471,-67.61669678,2018,4,100,298.6271108,1.001847238,0.542334847,0.005578139,1.37E-05,0.160174218,-0.002240855,1.14E-05,0.167039324,17375502.56,3.42203E+12,0.321445799,0.279472367,5469.736328,0,311.8360901,-295.9291687,-94.58303833,-166.9790802,0,0,0.028129631,0.251342736
16,-10.06670471,-67.61669678,2019,4,100,298.5881246,0.777092558,0.486851649,0.005562095,1.46E-05,0.145408985,-0.002252017,1.20E-05,0.165598386,17351176.06,2.57729E+12,0.349285225,0.168916924,5469.736328,0,311.8360901,-295.9291687,-94.58303833,-166.9790802,0,0,0.006089447,0.162827477
16,-10.06670471,-67.61669678,2020,4,100,298.6559499,1.005286517,0.339493174,0.005303771,1.54E-05,0.135525778,-0.002105856,1.26E-05,0.137151809,17490725.25,3.43357E+12,0.245522509,0.081566105,5469.736328,0,311.8360901,-295.9291687,-94.58303833,-166.9790802,0,0,0.011729053,0.069837053
16,-10.06670471,-67.61669678,2021,4,100,298.6333466,1.058752414,0.226719084,0.005255792,1.59E-05,0.157871943,-0.002075219,1.26E-05,0.129138684,17689924.27,3.83154E+12,0.219376784,-0.012492274,5469.736328,0,311.8360901,-295.9291687,-94.58303833,-166.9790802,0,0,-0.006889125,-0.005603149
16,-10.06670471,-67.61669678,2022,4,100,298.731781,1.065798327,0.14175915,0.004872565,1.55E-05,0.160148159,-0.001864876,1.18E-05,0.084555959,16847706.11,1.23145E+13,0.235365215,0.017801021,5469.736328,0,311.8360901,-295.9291687,-94.58303833,-166.9790802,0,0,0.008074776,0.009726245
16,-10.06670471,-67.61669678,2023,4,100,298.8969472,1.709340124,0.11908651,0.004007154,1.33E-05,0.304924971,-0.001544184,8.96E-06,0.148893591,14034690.47,3.29058E+13,0.411618359,0.083865984,5469.736328,0,311.8360901,-295.9291687,-94.58303833,-166.9790802,0,0,0.016777872,0.067088112
16,-10.06670471,-67.61669678,2024,4,100,299.063619,1.855634636,0.239843138,0.003807744,1.24E-05,0.464189465,-0.00141702,8.32E-06,0.25821376,13666701.8,3.57584E+13,0.635988813,0.131917116,5469.736328,0,311.8360901,-295.9291687,-94.58303833,-166.9790802,0,0,0.024324828,0.107592287
17,-10.0666983,-67.61640519,2000,4,100,297.9807739,0.718880362,NaN,0.004671499,6.77E-06,NaN,-0.001233329,5.21E-06,NaN,17434160.33,2.88903E+12,NaN,NaN,6134.719727,-0.00078088,353.3253174,-300.1430054,-97.12749481,-60.14010239,0,49.96315002,NaN,NaN
17,-10.0666983,-67.61640519,2001,4,100,298.1268921,1.074340609,NaN,0.004837724,8.42E-06,NaN,-0.001451955,6.50E-06,NaN,17517368.5,2.99939E+12,NaN,NaN,6134.719727,-0.00078088,353.3253174,-300.1430054,-97.12749481,-60.14010239,0,49.96315002,NaN,NaN
17,-10.0666983,-67.61640519,2002,4,100,298.2303874,0.928572164,NaN,0.004923902,7.44E-06,NaN,-0.001447107,5.99E-06,NaN,17594907.72,3.25437E+12,NaN,NaN,6134.719727,-0.00078088,353.3253174,-300.1430054,-97.12749481,-60.14010239,0,49.96315002,NaN,NaN
17,-10.0666983,-67.61640519,2003,4,100,298.2324677,0.751140771,NaN,0.004894629,7.06E-06,NaN,-0.001434551,5.57E-06,NaN,17577141.31,2.99567E+12,NaN,NaN,6134.719727,-0.00078088,353.3253174,-300.1430054,-97.12749481,-60.14010239,0,49.96315002,NaN,NaN
17,-10.0666983,-67.61640519,2004,4,100,298.2313232,0.799252125,0.263573996,0.004943385,7.60E-06,0.065564339,-0.00153716,5.85E-06,-0.036175165,17485732.5,3.41617E+12,0.324436359,-0.017521211,6134.719727,-0.00078088,353.3253174,-300.1430054,-97.12749481,-60.14010239,0,49.96315002,0,-0.017521211
17,-10.0666983,-67.61640519,2005,4,100,298.2974803,0.575936361,0.316878501,0.004846018,7.75E-06,0.039993211,-0.001462478,5.98E-06,-0.078597115,17529198.71,3.54843E+12,0.253700843,-0.034621595,6134.719727,-0.00078088,353.3253174,-300.1430054,-97.12749481,-60.14010239,0,49.96315002,0.027845079,-0.062466674
17,-10.0666983,-67.61640519,2006,4,100,298.3180491,0.600424652,0.352036562,0.004690626,8.17E-06,0.048313659,-0.001417082,5.90E-06,-0.075098152,17529058.29,3.20909E+12,0.214497746,-0.010813284,6134.719727,-0.00078088,353.3253174,-300.1430054,-97.12749481,-60.14010239,0,49.96315002,0.029011419,-0.039824703
17,-10.0666983,-67.61640519,2007,4,100,298.3778076,0.775915138,0.359414121,0.004705679,8.93E-06,0.059502141,-0.001455675,6.52E-06,-0.043592094,17612094.23,3.32671E+12,0.193174182,-0.004556653,6134.719727,-0.00078088,353.3253174,-300.1430054,-97.12749481,-60.14010239,0,49.96315002,0.014644381,-0.019201034
17,-10.0666983,-67.61640519,2008,4,100,298.4420675,0.82190313,0.362005068,0.004890562,1.07E-05,0.068941194,-0.001644033,8.12E-06,-0.021158504,17670579.19,3.20245E+12,0.116380351,0.021823255,6134.719727,-0.00078088,353.3253174,-300.1430054,-97.12749481,-60.14010239,0,49.96315002,0.05196357,-0.030140316
17,-10.0666983,-67.61640519,2009,4,100,298.4388529,1.053192702,0.317887693,0.005125105,1.12E-05,0.144458481,-0.001856752,8.76E-06,0.078811892,17488859.35,3.534E+12,0.082302368,0.122652354,6134.719727,-0.00078088,353.3253174,-300.1430054,-97.12749481,-60.14010239,0,49.96315002,0.031730929,0.090921424
17,-10.0666983,-67.61640519,2010,4,100,298.5780792,1.168640651,0.290369966,0.005077518,1.16E-05,0.214553664,-0.001778005,9.09E-06,0.183800202,17637807.1,3.63421E+12,0.116528401,0.202600801,6134.719727,-0.00078088,353.3253174,-300.1430054,-97.12749481,-60.14010239,0,49.96315002,0.01889227,0.183708531
17,-10.0666983,-67.61640519,2011,4,100,298.6195628,1.086327484,0.281263797,0.005188304,1.22E-05,0.242612244,-0.001881172,9.52E-06,0.227889005,17528490.52,3.37924E+12,0.171386177,0.310280223,6134.719727,-0.00078088,353.3253174,-300.1430054,-97.12749481,-60.14010239,0,49.96315002,-0.012202472,0.322482695
17,-10.0666983,-67.61640519,2012,4,100,298.6473592,0.969883086,0.306716454,0.00519199,1.19E-05,0.274129474,-0.001845459,9.28E-06,0.271137695,17631812.92,3.1693E+12,0.244706138,0.430699257,6134.719727,-0.00078088,353.3253174,-300.1430054,-97.12749481,-60.14010239,0,49.96315002,0.010354899,0.420344358
17,-10.0666983,-67.61640519,2013,4,100,298.6115163,0.693575636,0.37129074,0.005140439,1.19E-05,0.244654419,-0.001790503,9.14E-06,0.238523017,17697950.42,2.44809E+12,0.259364594,0.474248281,6134.719727,-0.00078088,353.3253174,-300.1430054,-97.12749481,-60.14010239,0,49.96315002,0.02830469,0.445943591
17,-10.0666983,-67.61640519,2014,4,100,298.3653819,0.602854236,0.419264777,0.0056029,1.25E-05,0.172899438,-0.002222353,1.02E-05,0.147876866,17312702.81,3.05806E+12,0.191562878,0.485064465,6134.719727,-0.00078088,353.3253174,-300.1430054,-97.12749481,-60.14010239,0,49.96315002,-0.015052992,0.500117457
17,-10.0666983,-67.61640519,2015,4,100,298.4171651,0.849509483,0.46260476,0.005663461,1.30E-05,0.153388889,-0.002289471,1.10E-05,0.111353887,17330270.77,4.16153E+12,0.124292392,0.442571117,6134.719727,-0.00078088,353.3253174,-300.1430054,-97.12749481,-60.14010239,0,49.96315002,0.022563025,0.420008092
17,-10.0666983,-67.61640519,2016,4,100,298.5310109,0.777510743,0.525510417,0.005571655,1.20E-05,0.131441546,-0.002182228,1.01E-05,0.096605061,17293339.08,3.80297E+12,0.15325172,0.348847804,6134.719727,-0.00078088,353.3253174,-300.1430054,-97.12749481,-60.14010239,0,49.96315002,0.006532982,0.342314822
17,-10.0666983,-67.61640519,2017,4,100,298.5944824,0.971021312,0.554949374,0.005697808,1.31E-05,0.117564221,-0.002323699,1.12E-05,0.101292086,17265370.63,4.0416E+12,0.231695959,0.24981328,6134.719727,-0.00078088,353.3253174,-300.1430054,-97.12749481,-60.14010239,0,49.96315002,0.018939245,0.230874035
17,-10.0666983,-67.61640519,2018,4,100,298.6271108,1.001847238,0.542334847,0.005578139,1.37E-05,0.160174218,-0.002240855,1.14E-05,0.167039324,17375502.56,3.42203E+12,0.321445799,0.1850528,6134.719727,-0.00078088,353.3253174,-300.1430054,-97.12749481,-60.14010239,0,49.96315002,0.013251659,0.171801141
17,-10.0666983,-67.61640519,2019,4,100,298.5881246,0.777092558,0.486851649,0.005562095,1.46E-05,0.145408985,-0.002252017,1.20E-05,0.165598386,17351176.06,2.57729E+12,0.349285225,0.161577212,6134.719727,-0.00078088,353.3253174,-300.1430054,-97.12749481,-60.14010239,0,49.96315002,0.008715786,0.152861426
17,-10.0666983,-67.61640519,2020,4,100,298.6559499,1.005286517,0.339493174,0.005303771,1.54E-05,0.135525778,-0.002105856,1.26E-05,0.137151809,17490725.25,3.43357E+12,0.245522509,0.180906656,6134.719727,-0.00078088,353.3253174,-300.1430054,-97.12749481,-60.14010239,0,49.96315002,0.01119447,0.169712186
17,-10.0666983,-67.61640519,2021,4,100,298.6333466,1.058752414,0.226719084,0.005255792,1.59E-05,0.157871943,-0.002075219,1.26E-05,0.129138684,17689924.27,3.83154E+12,0.219376784,0.213736479,6134.719727,-0.00078088,353.3253174,-300.1430054,-97.12749481,-60.14010239,0,49.96315002,-0.025589682,0.23932616
17,-10.0666983,-67.61640519,2022,4,100,298.731781,1.065798327,0.14175915,0.004872565,1.55E-05,0.160148159,-0.001864876,1.18E-05,0.084555959,16847706.11,1.23145E+13,0.235365215,0.304990565,6134.719727,-0.00078088,353.3253174,-300.1430054,-97.12749481,-60.14010239,0,49.96315002,-0.01621139,0.321201955
17,-10.0666983,-67.61640519,2023,4,100,298.8969472,1.709340124,0.11908651,0.004007154,1.33E-05,0.304924971,-0.001544184,8.96E-06,0.148893591,14034690.47,3.29058E+13,0.411618359,0.298451822,6134.719727,-0.00078088,353.3253174,-300.1430054,-97.12749481,-60.14010239,0,49.96315002,0.005510272,0.29294155
17,-10.0666983,-67.61640519,2024,4,100,299.063619,1.855634636,0.239843138,0.003807744,1.24E-05,0.464189465,-0.00141702,8.32E-06,0.25821376,13666701.8,3.57584E+13,0.635988813,0.214292061,6134.719727,-0.00078088,353.3253174,-300.1430054,-97.12749481,-60.14010239,0,49.96315002,0.013627933,0.200664128
18,-10.06642913,-67.61670639,2000,4,100,297.9807739,0.718880362,NaN,0.004671499,6.77E-06,NaN,-0.001233329,5.21E-06,NaN,17434160.33,2.88903E+12,NaN,NaN,36049.36719,-0.041660275,277.114502,-334.5343323,-108.0328979,-139.0184326,0,0,NaN,NaN
18,-10.06642913,-67.61670639,2001,4,100,298.1268921,1.074340609,NaN,0.004837724,8.42E-06,NaN,-0.001451955,6.50E-06,NaN,17517368.5,2.99939E+12,NaN,NaN,36049.36719,-0.041660275,277.114502,-334.5343323,-108.0328979,-139.0184326,0,0,NaN,NaN
18,-10.06642913,-67.61670639,2002,4,100,298.2303874,0.928572164,NaN,0.004923902,7.44E-06,NaN,-0.001447107,5.99E-06,NaN,17594907.72,3.25437E+12,NaN,NaN,36049.36719,-0.041660275,277.114502,-334.5343323,-108.0328979,-139.0184326,0,0,NaN,NaN
18,-10.06642913,-67.61670639,2003,4,100,298.2324677,0.751140771,NaN,0.004894629,7.06E-06,NaN,-0.001434551,5.57E-06,NaN,17577141.31,2.99567E+12,NaN,NaN,36049.36719,-0.041660275,277.114502,-334.5343323,-108.0328979,-139.0184326,0,0,NaN,NaN
18,-10.06642913,-67.61670639,2004,4,100,298.2313232,0.799252125,0.263573996,0.004943385,7.60E-06,0.065564339,-0.00153716,5.85E-06,-0.036175165,17485732.5,3.41617E+12,0.324436359,0.059116475,36049.36719,-0.041660275,277.114502,-334.5343323,-108.0328979,-139.0184326,0,0,0,0.059116475
18,-10.06642913,-67.61670639,2005,4,100,298.2974803,0.575936361,0.316878501,0.004846018,7.75E-06,0.039993211,-0.001462478,5.98E-06,-0.078597115,17529198.71,3.54843E+12,0.253700843,-0.002073858,36049.36719,-0.041660275,277.114502,-334.5343323,-108.0328979,-139.0184326,0,0,-0.0134293,0.011355442
18,-10.06642913,-67.61670639,2006,4,100,298.3180491,0.600424652,0.352036562,0.004690626,8.17E-06,0.048313659,-0.001417082,5.90E-06,-0.075098152,17529058.29,3.20909E+12,0.214497746,0.000545036,36049.36719,-0.041660275,277.114502,-334.5343323,-108.0328979,-139.0184326,0,0,-0.022272733,0.022817769
18,-10.06642913,-67.61670639,2007,4,100,298.3778076,0.775915138,0.359414121,0.004705679,8.93E-06,0.059502141,-0.001455675,6.52E-06,-0.043592094,17612094.23,3.32671E+12,0.193174182,-0.048023092,36049.36719,-0.041660275,277.114502,-334.5343323,-108.0328979,-139.0184326,0,0,0.003889592,-0.051912683
18,-10.06642913,-67.61670639,2008,4,100,298.4420675,0.82190313,0.362005068,0.004890562,1.07E-05,0.068941194,-0.001644033,8.12E-06,-0.021158504,17670579.19,3.20245E+12,0.116380351,-0.046900833,36049.36719,-0.041660275,277.114502,-334.5343323,-108.0328979,-139.0184326,0,0,0.002338341,-0.049239174
18,-10.06642913,-67.61670639,2009,4,100,298.4388529,1.053192702,0.317887693,0.005125105,1.12E-05,0.144458481,-0.001856752,8.76E-06,0.078811892,17488859.35,3.534E+12,0.082302368,0.0310669,36049.36719,-0.041660275,277.114502,-334.5343323,-108.0328979,-139.0184326,0,0,0.006837889,0.024229011
18,-10.06642913,-67.61670639,2010,4,100,298.5780792,1.168640651,0.290369966,0.005077518,1.16E-05,0.214553664,-0.001778005,9.09E-06,0.183800202,17637807.1,3.63421E+12,0.116528401,0.075310883,36049.36719,-0.041660275,277.114502,-334.5343323,-108.0328979,-139.0184326,0,0,0.008619987,0.066690896
18,-10.06642913,-67.61670639,2011,4,100,298.6195628,1.086327484,0.281263797,0.005188304,1.22E-05,0.242612244,-0.001881172,9.52E-06,0.227889005,17528490.52,3.37924E+12,0.171386177,0.192133908,36049.36719,-0.041660275,277.114502,-334.5343323,-108.0328979,-139.0184326,0,0,0.002616995,0.189516913
18,-10.06642913,-67.61670639,2012,4,100,298.6473592,0.969883086,0.306716454,0.00519199,1.19E-05,0.274129474,-0.001845459,9.28E-06,0.271137695,17631812.92,3.1693E+12,0.244706138,0.292377546,36049.36719,-0.041660275,277.114502,-334.5343323,-108.0328979,-139.0184326,0,0,0.021369107,0.271008439
18,-10.06642913,-67.61670639,2013,4,100,298.6115163,0.693575636,0.37129074,0.005140439,1.19E-05,0.244654419,-0.001790503,9.14E-06,0.238523017,17697950.42,2.44809E+12,0.259364594,0.313966079,36049.36719,-0.041660275,277.114502,-334.5343323,-108.0328979,-139.0184326,0,0,0.001234445,0.312731634
18,-10.06642913,-67.61670639,2014,4,100,298.3653819,0.602854236,0.419264777,0.0056029,1.25E-05,0.172899438,-0.002222353,1.02E-05,0.147876866,17312702.81,3.05806E+12,0.191562878,0.344155704,36049.36719,-0.041660275,277.114502,-334.5343323,-108.0328979,-139.0184326,0,0,-0.024159831,0.368315535
18,-10.06642913,-67.61670639,2015,4,100,298.4171651,0.849509483,0.46260476,0.005663461,1.30E-05,0.153388889,-0.002289471,1.10E-05,0.111353887,17330270.77,4.16153E+12,0.124292392,0.379586551,36049.36719,-0.041660275,277.114502,-334.5343323,-108.0328979,-139.0184326,0,0,0.031565923,0.348020628
18,-10.06642913,-67.61670639,2016,4,100,298.5310109,0.777510743,0.525510417,0.005571655,1.20E-05,0.131441546,-0.002182228,1.01E-05,0.096605061,17293339.08,3.80297E+12,0.15325172,0.368873067,36049.36719,-0.041660275,277.114502,-334.5343323,-108.0328979,-139.0184326,0,0,0.006485918,0.362387148
18,-10.06642913,-67.61670639,2017,4,100,298.5944824,0.971021312,0.554949374,0.005697808,1.31E-05,0.117564221,-0.002323699,1.12E-05,0.101292086,17265370.63,4.0416E+12,0.231695959,0.382688774,36049.36719,-0.041660275,277.114502,-334.5343323,-108.0328979,-139.0184326,0,0,0.033538836,0.349149938
18,-10.06642913,-67.61670639,2018,4,100,298.6271108,1.001847238,0.542334847,0.005578139,1.37E-05,0.160174218,-0.002240855,1.14E-05,0.167039324,17375502.56,3.42203E+12,0.321445799,0.36883074,36049.36719,-0.041660275,277.114502,-334.5343323,-108.0328979,-139.0184326,0,0,0.020273949,0.348556791
18,-10.06642913,-67.61670639,2019,4,100,298.5881246,0.777092558,0.486851649,0.005562095,1.46E-05,0.145408985,-0.002252017,1.20E-05,0.165598386,17351176.06,2.57729E+12,0.349285225,0.31463083,36049.36719,-0.041660275,277.114502,-334.5343323,-108.0328979,-139.0184326,0,0,-0.001432164,0.316062994
18,-10.06642913,-67.61670639,2020,4,100,298.6559499,1.005286517,0.339493174,0.005303771,1.54E-05,0.135525778,-0.002105856,1.26E-05,0.137151809,17490725.25,3.43357E+12,0.245522509,0.261125523,36049.36719,-0.041660275,277.114502,-334.5343323,-108.0328979,-139.0184326,0,0,-0.010803277,0.2719288
18,-10.06642913,-67.61670639,2021,4,100,298.6333466,1.058752414,0.226719084,0.005255792,1.59E-05,0.157871943,-0.002075219,1.26E-05,0.129138684,17689924.27,3.83154E+12,0.219376784,0.211225926,36049.36719,-0.041660275,277.114502,-334.5343323,-108.0328979,-139.0184326,0,0,-0.007499321,0.218725246
18,-10.06642913,-67.61670639,2022,4,100,298.731781,1.065798327,0.14175915,0.004872565,1.55E-05,0.160148159,-0.001864876,1.18E-05,0.084555959,16847706.11,1.23145E+13,0.235365215,0.272030714,36049.36719,-0.041660275,277.114502,-334.5343323,-108.0328979,-139.0184326,0,0,0.022751173,0.249279541
18,-10.06642913,-67.61670639,2023,4,100,298.8969472,1.709340124,0.11908651,0.004007154,1.33E-05,0.304924971,-0.001544184,8.96E-06,0.148893591,14034690.47,3.29058E+13,0.411618359,0.331822801,36049.36719,-0.041660275,277.114502,-334.5343323,-108.0328979,-139.0184326,0,0,0.026356898,0.305465903
18,-10.06642913,-67.61670639,2024,4,100,299.063619,1.855634636,0.239843138,0.003807744,1.24E-05,0.464189465,-0.00141702,8.32E-06,0.25821376,13666701.8,3.57584E+13,0.635988813,0.292360229,36049.36719,-0.041660275,277.114502,-334.5343323,-108.0328979,-139.0184326,0,0,0.030333542,0.262026687
19,-10.0669921,-67.61670378,2000,4,100,297.9807739,0.718880362,NaN,0.004671499,6.77E-06,NaN,-0.001233329,5.21E-06,NaN,17434160.33,2.88903E+12,NaN,NaN,39159.59375,-0.04550669,421.2982483,-215.9586029,-65.50901794,-86.0929718,0,37.4137001,NaN,NaN
19,-10.0669921,-67.61670378,2001,4,100,298.1268921,1.074340609,NaN,0.004837724,8.42E-06,NaN,-0.001451955,6.50E-06,NaN,17517368.5,2.99939E+12,NaN,NaN,39159.59375,-0.04550669,421.2982483,-215.9586029,-65.50901794,-86.0929718,0,37.4137001,NaN,NaN
19,-10.0669921,-67.61670378,2002,4,100,298.2303874,0.928572164,NaN,0.004923902,7.44E-06,NaN,-0.001447107,5.99E-06,NaN,17594907.72,3.25437E+12,NaN,NaN,39159.59375,-0.04550669,421.2982483,-215.9586029,-65.50901794,-86.0929718,0,37.4137001,NaN,NaN
19,-10.0669921,-67.61670378,2003,4,100,298.2324677,0.751140771,NaN,0.004894629,7.06E-06,NaN,-0.001434551,5.57E-06,NaN,17577141.31,2.99567E+12,NaN,NaN,39159.59375,-0.04550669,421.2982483,-215.9586029,-65.50901794,-86.0929718,0,37.4137001,NaN,NaN
19,-10.0669921,-67.61670378,2004,4,100,298.2313232,0.799252125,0.263573996,0.004943385,7.60E-06,0.065564339,-0.00153716,5.85E-06,-0.036175165,17485732.5,3.41617E+12,0.324436359,0.161217808,39159.59375,-0.04550669,421.2982483,-215.9586029,-65.50901794,-86.0929718,0,37.4137001,0,0.161217808
19,-10.0669921,-67.61670378,2005,4,100,298.2974803,0.575936361,0.316878501,0.004846018,7.75E-06,0.039993211,-0.001462478,5.98E-06,-0.078597115,17529198.71,3.54843E+12,0.253700843,0.147202929,39159.59375,-0.04550669,421.2982483,-215.9586029,-65.50901794,-86.0929718,0,37.4137001,0.009754443,0.137448486
19,-10.0669921,-67.61670378,2006,4,100,298.3180491,0.600424652,0.352036562,0.004690626,8.17E-06,0.048313659,-0.001417082,5.90E-06,-0.075098152,17529058.29,3.20909E+12,0.214497746,0.155277024,39159.59375,-0.04550669,421.2982483,-215.9586029,-65.50901794,-86.0929718,0,37.4137001,0.018931788,0.136345236
19,-10.0669921,-67.61670378,2007,4,100,298.3778076,0.775915138,0.359414121,0.004705679,8.93E-06,0.059502141,-0.001455675,6.52E-06,-0.043592094,17612094.23,3.32671E+12,0.193174182,0.151627735,39159.59375,-0.04550669,421.2982483,-215.9586029,-65.50901794,-86.0929718,0,37.4137001,0.028737936,0.122889799
19,-10.0669921,-67.61670378,2008,4,100,298.4420675,0.82190313,0.362005068,0.004890562,1.07E-05,0.068941194,-0.001644033,8.12E-06,-0.021158504,17670579.19,3.20245E+12,0.116380351,0.150917486,39159.59375,-0.04550669,421.2982483,-215.9586029,-65.50901794,-86.0929718,0,37.4137001,0.045569251,0.105348235
19,-10.0669921,-67.61670378,2009,4,100,298.4388529,1.053192702,0.317887693,0.005125105,1.12E-05,0.144458481,-0.001856752,8.76E-06,0.078811892,17488859.35,3.534E+12,0.082302368,0.197702813,39159.59375,-0.04550669,421.2982483,-215.9586029,-65.50901794,-86.0929718,0,37.4137001,0.024284921,0.173417892
19,-10.0669921,-67.61670378,2010,4,100,298.5780792,1.168640651,0.290369966,0.005077518,1.16E-05,0.214553664,-0.001778005,9.09E-06,0.183800202,17637807.1,3.63421E+12,0.116528401,0.200796111,39159.59375,-0.04550669,421.2982483,-215.9586029,-65.50901794,-86.0929718,0,37.4137001,0.03786991,0.162926201
19,-10.0669921,-67.61670378,2011,4,100,298.6195628,1.086327484,0.281263797,0.005188304,1.22E-05,0.242612244,-0.001881172,9.52E-06,0.227889005,17528490.52,3.37924E+12,0.171386177,0.220762617,39159.59375,-0.04550669,421.2982483,-215.9586029,-65.50901794,-86.0929718,0,37.4137001,0.014678165,0.206084451
19,-10.0669921,-67.61670378,2012,4,100,298.6473592,0.969883086,0.306716454,0.00519199,1.19E-05,0.274129474,-0.001845459,9.28E-06,0.271137695,17631812.92,3.1693E+12,0.244706138,0.228945528,39159.59375,-0.04550669,421.2982483,-215.9586029,-65.50901794,-86.0929718,0,37.4137001,0.041233731,0.187711797
19,-10.0669921,-67.61670378,2013,4,100,298.6115163,0.693575636,0.37129074,0.005140439,1.19E-05,0.244654419,-0.001790503,9.14E-06,0.238523017,17697950.42,2.44809E+12,0.259364594,0.159606402,39159.59375,-0.04550669,421.2982483,-215.9586029,-65.50901794,-86.0929718,0,37.4137001,0.058344897,0.101261504
19,-10.0669921,-67.61670378,2014,4,100,298.3653819,0.602854236,0.419264777,0.0056029,1.25E-05,0.172899438,-0.002222353,1.02E-05,0.147876866,17312702.81,3.05806E+12,0.191562878,0.111529475,39159.59375,-0.04550669,421.2982483,-215.9586029,-65.50901794,-86.0929718,0,37.4137001,0.014030143,0.097499332
19,-10.0669921,-67.61670378,2015,4,100,298.4171651,0.849509483,0.46260476,0.005663461,1.30E-05,0.153388889,-0.002289471,1.10E-05,0.111353887,17330270.77,4.16153E+12,0.124292392,0.062103002,39159.59375,-0.04550669,421.2982483,-215.9586029,-65.50901794,-86.0929718,0,37.4137001,0.024452066,0.037650936
19,-10.0669921,-67.61670378,2016,4,100,298.5310109,0.777510743,0.525510417,0.005571655,1.20E-05,0.131441546,-0.002182228,1.01E-05,0.096605061,17293339.08,3.80297E+12,0.15325172,0.001146485,39159.59375,-0.04550669,421.2982483,-215.9586029,-65.50901794,-86.0929718,0,37.4137001,0.013725634,-0.012579149
19,-10.0669921,-67.61670378,2017,4,100,298.5944824,0.971021312,0.554949374,0.005697808,1.31E-05,0.117564221,-0.002323699,1.12E-05,0.101292086,17265370.63,4.0416E+12,0.231695959,0.044369402,39159.59375,-0.04550669,421.2982483,-215.9586029,-65.50901794,-86.0929718,0,37.4137001,0.007919483,0.036449918
19,-10.0669921,-67.61670378,2018,4,100,298.6271108,1.001847238,0.542334847,0.005578139,1.37E-05,0.160174218,-0.002240855,1.14E-05,0.167039324,17375502.56,3.42203E+12,0.321445799,0.118427599,39159.59375,-0.04550669,421.2982483,-215.9586029,-65.50901794,-86.0929718,0,37.4137001,0.032314661,0.086112938
19,-10.0669921,-67.61670378,2019,4,100,298.5881246,0.777092558,0.486851649,0.005562095,1.46E-05,0.145408985,-0.002252017,1.20E-05,0.165598386,17351176.06,2.57729E+12,0.349285225,0.158842893,39159.59375,-0.04550669,421.2982483,-215.9586029,-65.50901794,-86.0929718,0,37.4137001,0.040950006,0.117892887
19,-10.0669921,-67.61670378,2020,4,100,298.6559499,1.005286517,0.339493174,0.005303771,1.54E-05,0.135525778,-0.002105856,1.26E-05,0.137151809,17490725.25,3.43357E+12,0.245522509,0.214501525,39159.59375,-0.04550669,421.2982483,-215.9586029,-65.50901794,-86.0929718,0,37.4137001,0.024319249,0.190182277
19,-10.0669921,-67.61670378,2021,4,100,298.6333466,1.058752414,0.226719084,0.005255792,1.59E-05,0.157871943,-0.002075219,1.26E-05,0.129138684,17689924.27,3.83154E+12,0.219376784,0.200669511,39159.59375,-0.04550669,421.2982483,-215.9586029,-65.50901794,-86.0929718,0,37.4137001,0.009462695,0.191206816
19,-10.0669921,-67.61670378,2022,4,100,298.731781,1.065798327,0.14175915,0.004872565,1.55E-05,0.160148159,-0.001864876,1.18E-05,0.084555959,16847706.11,1.23145E+13,0.235365215,0.195060762,39159.59375,-0.04550669,421.2982483,-215.9586029,-65.50901794,-86.0929718,0,37.4137001,0.015835841,0.179224921
19,-10.0669921,-67.61670378,2023,4,100,298.8969472,1.709340124,0.11908651,0.004007154,1.33E-05,0.304924971,-0.001544184,8.96E-06,0.148893591,14034690.47,3.29058E+13,0.411618359,0.22277007,39159.59375,-0.04550669,421.2982483,-215.9586029,-65.50901794,-86.0929718,0,37.4137001,0.012506406,0.210263664
19,-10.0669921,-67.61670378,2024,4,100,299.063619,1.855634636,0.239843138,0.003807744,1.24E-05,0.464189465,-0.00141702,8.32E-06,0.25821376,13666701.8,3.57584E+13,0.635988813,0.248098209,39159.59375,-0.04550669,421.2982483,-215.9586029,-65.50901794,-86.0929718,0,37.4137001,0.004605333,0.243492876
20,-10.06670264,-67.61704017,2000,4,97,297.9807739,0.718880362,NaN,0.004671499,6.77E-06,NaN,-0.001233329,5.21E-06,NaN,17434160.33,2.88903E+12,NaN,NaN,5541.395996,0.000699333,308.2856445,-169.9626312,-61.21939087,-150.6985779,0,5.139684677,NaN,NaN
20,-10.06670264,-67.61704017,2001,4,97,298.1268921,1.074340609,NaN,0.004837724,8.42E-06,NaN,-0.001451955,6.50E-06,NaN,17517368.5,2.99939E+12,NaN,NaN,5541.395996,0.000699333,308.2856445,-169.9626312,-61.21939087,-150.6985779,0,5.139684677,NaN,NaN
20,-10.06670264,-67.61704017,2002,4,97,298.2303874,0.928572164,NaN,0.004923902,7.44E-06,NaN,-0.001447107,5.99E-06,NaN,17594907.72,3.25437E+12,NaN,NaN,5541.395996,0.000699333,308.2856445,-169.9626312,-61.21939087,-150.6985779,0,5.139684677,NaN,NaN
20,-10.06670264,-67.61704017,2003,4,97,298.2324677,0.751140771,NaN,0.004894629,7.06E-06,NaN,-0.001434551,5.57E-06,NaN,17577141.31,2.99567E+12,NaN,NaN,5541.395996,0.000699333,308.2856445,-169.9626312,-61.21939087,-150.6985779,0,5.139684677,NaN,NaN
20,-10.06670264,-67.61704017,2004,4,97,298.2313232,0.799252125,0.263573996,0.004943385,7.60E-06,0.065564339,-0.00153716,5.85E-06,-0.036175165,17485732.5,3.41617E+12,0.324436359,-0.147044996,5541.395996,0.000699333,308.2856445,-169.9626312,-61.21939087,-150.6985779,0,5.139684677,0,-0.147044996
20,-10.06670264,-67.61704017,2005,4,97,298.2974803,0.575936361,0.316878501,0.004846018,7.75E-06,0.039993211,-0.001462478,5.98E-06,-0.078597115,17529198.71,3.54843E+12,0.253700843,-0.263760634,5541.395996,0.000699333,308.2856445,-169.9626312,-61.21939087,-150.6985779,0,5.139684677,-0.001934537,-0.261826097
20,-10.06670264,-67.61704017,2006,4,97,298.3180491,0.600424652,0.352036562,0.004690626,8.17E-06,0.048313659,-0.001417082,5.90E-06,-0.075098152,17529058.29,3.20909E+12,0.214497746,-0.338565147,5541.395996,0.000699333,308.2856445,-169.9626312,-61.21939087,-150.6985779,0,5.139684677,0.003101399,-0.341666546
20,-10.06670264,-67.61704017,2007,4,97,298.3778076,0.775915138,0.359414121,0.004705679,8.93E-06,0.059502141,-0.001455675,6.52E-06,-0.043592094,17612094.23,3.32671E+12,0.193174182,-0.366188784,5541.395996,0.000699333,308.2856445,-169.9626312,-61.21939087,-150.6985779,0,5.139684677,-0.007102658,-0.359086126
20,-10.06670264,-67.61704017,2008,4,97,298.4420675,0.82190313,0.362005068,0.004890562,1.07E-05,0.068941194,-0.001644033,8.12E-06,-0.021158504,17670579.19,3.20245E+12,0.116380351,-0.36513852,5541.395996,0.000699333,308.2856445,-169.9626312,-61.21939087,-150.6985779,0,5.139684677,0.006313025,-0.371451545
20,-10.06670264,-67.61704017,2009,4,97,298.4388529,1.053192702,0.317887693,0.005125105,1.12E-05,0.144458481,-0.001856752,8.76E-06,0.078811892,17488859.35,3.534E+12,0.082302368,-0.197541143,5541.395996,0.000699333,308.2856445,-169.9626312,-61.21939087,-150.6985779,0,5.139684677,0.011419154,-0.208960296
20,-10.06670264,-67.61704017,2010,4,97,298.5780792,1.168640651,0.290369966,0.005077518,1.16E-05,0.214553664,-0.001778005,9.09E-06,0.183800202,17637807.1,3.63421E+12,0.116528401,0.002840458,5541.395996,0.000699333,308.2856445,-169.9626312,-61.21939087,-150.6985779,0,5.139684677,0.055665809,-0.052825351
20,-10.06670264,-67.61704017,2011,4,97,298.6195628,1.086327484,0.281263797,0.005188304,1.22E-05,0.242612244,-0.001881172,9.52E-06,0.227889005,17528490.52,3.37924E+12,0.171386177,0.19221698,5541.395996,0.000699333,308.2856445,-169.9626312,-61.21939087,-150.6985779,0,5.139684677,0.014409274,0.177807706
20,-10.06670264,-67.61704017,2012,4,97,298.6473592,0.969883086,0.306716454,0.00519199,1.19E-05,0.274129474,-0.001845459,9.28E-06,0.271137695,17631812.92,3.1693E+12,0.244706138,0.313399428,5541.395996,0.000699333,308.2856445,-169.9626312,-61.21939087,-150.6985779,0,5.139684677,0.000114627,0.313284801
20,-10.06670264,-67.61704017,2013,4,97,298.6115163,0.693575636,0.37129074,0.005140439,1.19E-05,0.244654419,-0.001790503,9.14E-06,0.238523017,17697950.42,2.44809E+12,0.259364594,0.239796865,5541.395996,0.000699333,308.2856445,-169.9626312,-61.21939087,-150.6985779,0,5.139684677,-0.009876751,0.249673616
20,-10.06670264,-67.61704017,2014,4,97,298.3653819,0.602854236,0.419264777,0.0056029,1.25E-05,0.172899438,-0.002222353,1.02E-05,0.147876866,17312702.81,3.05806E+12,0.191562878,0.14864641,5541.395996,0.000699333,308.2856445,-169.9626312,-61.21939087,-150.6985779,0,5.139684677,-0.005484307,0.154130717
20,-10.06670264,-67.61704017,2015,4,97,298.4171651,0.849509483,0.46260476,0.005663461,1.30E-05,0.153388889,-0.002289471,1.10E-05,0.111353887,17330270.77,4.16153E+12,0.124292392,0.110443628,5541.395996,0.000699333,308.2856445,-169.9626312,-61.21939087,-150.6985779,0,5.139684677,0.0222465,0.088197128
20,-10.06670264,-67.61704017,2016,4,97,298.5310109,0.777510743,0.525510417,0.005571655,1.20E-05,0.131441546,-0.002182228,1.01E-05,0.096605061,17293339.08,3.80297E+12,0.15325172,0.067986525,5541.395996,0.000699333,308.2856445,-169.9626312,-61.21939087,-150.6985779,0,5.139684677,-0.003258006,0.07124453
20,-10.06670264,-67.61704017,2017,4,97,298.5944824,0.971021312,0.554949374,0.005697808,1.31E-05,0.117564221,-0.002323699,1.12E-05,0.101292086,17265370.63,4.0416E+12,0.231695959,0.143945909,5541.395996,0.000699333,308.2856445,-169.9626312,-61.21939087,-150.6985779,0,5.139684677,-0.027885648,0.171831557
20,-10.06670264,-67.61704017,2018,4,97,298.6271108,1.001847238,0.542334847,0.005578139,1.37E-05,0.160174218,-0.002240855,1.14E-05,0.167039324,17375502.56,3.42203E+12,0.321445799,0.265089885,5541.395996,0.000699333,308.2856445,-169.9626312,-61.21939087,-150.6985779,0,5.139684677,-0.004719974,0.269809859
20,-10.06670264,-67.61704017,2019,4,97,298.5881246,0.777092558,0.486851649,0.005562095,1.46E-05,0.145408985,-0.002252017,1.20E-05,0.165598386,17351176.06,2.57729E+12,0.349285225,0.273283067,5541.395996,0.000699333,308.2856445,-169.9626312,-61.21939087,-150.6985779,0,5.139684677,-0.010303374,0.283586441
20,-10.06670264,-67.61704017,2020,4,97,298.6559499,1.005286517,0.339493174,0.005303771,1.54E-05,0.135525778,-0.002105856,1.26E-05,0.137151809,17490725.25,3.43357E+12,0.245522509,0.296626833,5541.395996,0.000699333,308.2856445,-169.9626312,-61.21939087,-150.6985779,0,5.139684677,-0.008435231,0.305062064
20,-10.06670264,-67.61704017,2021,4,97,298.6333466,1.058752414,0.226719084,0.005255792,1.59E-05,0.157871943,-0.002075219,1.26E-05,0.129138684,17689924.27,3.83154E+12,0.219376784,0.277637441,5541.395996,0.000699333,308.2856445,-169.9626312,-61.21939087,-150.6985779,0,5.139684677,0.001630744,0.276006697
20,-10.06670264,-67.61704017,2022,4,97,298.731781,1.065798327,0.14175915,0.004872565,1.55E-05,0.160148159,-0.001864876,1.18E-05,0.084555959,16847706.11,1.23145E+13,0.235365215,0.274715453,5541.395996,0.000699333,308.2856445,-169.9626312,-61.21939087,-150.6985779,0,5.139684677,0.01320546,0.261509993
20,-10.06670264,-67.61704017,2023,4,97,298.8969472,1.709340124,0.11908651,0.004007154,1.33E-05,0.304924971,-0.001544184,8.96E-06,0.148893591,14034690.47,3.29058E+13,0.411618359,0.350623737,5541.395996,0.000699333,308.2856445,-169.9626312,-61.21939087,-150.6985779,0,5.139684677,0.036067356,0.31455638
20,-10.06670264,-67.61704017,2024,4,97,299.063619,1.855634636,0.239843138,0.003807744,1.24E-05,0.464189465,-0.00141702,8.32E-06,0.25821376,13666701.8,3.57584E+13,0.635988813,0.39292554,5541.395996,0.000699333,308.2856445,-169.9626312,-61.21939087,-150.6985779,0,5.139684677,0.015448954,0.377476586
21,-2.59999931,-60.19999678,2000,4,100,298.1274211,0.342439743,NaN,0.008460859,1.23E-05,NaN,-0.004710543,1.52E-05,NaN,15374940.33,5.21441E+12,NaN,NaN,-16493.06055,0.029555919,240.6380463,-240.4199677,-104.9140244,0,20.11020851,-19.96389771,NaN,NaN
21,-2.59999931,-60.19999678,2001,4,100,298.3284709,0.713562592,NaN,0.008280939,1.09E-05,NaN,-0.004455027,1.37E-05,NaN,15628070.54,5.88763E+12,NaN,NaN,-16493.06055,0.029555919,240.6380463,-240.4199677,-104.9140244,0,20.11020851,-19.96389771,NaN,NaN
21,-2.59999931,-60.19999678,2002,4,100,298.4873318,0.679581539,NaN,0.00820487,9.84E-06,NaN,-0.004320754,1.24E-05,NaN,15836288.89,5.2418E+12,NaN,NaN,-16493.06055,0.029555919,240.6380463,-240.4199677,-104.9140244,0,20.11020851,-19.96389771,NaN,NaN
21,-2.59999931,-60.19999678,2003,4,100,298.5533498,0.592730923,NaN,0.008176046,8.96E-06,NaN,-0.004266677,1.14E-05,NaN,15925703.77,4.85348E+12,NaN,NaN,-16493.06055,0.029555919,240.6380463,-240.4199677,-104.9140244,0,20.11020851,-19.96389771,NaN,NaN
21,-2.59999931,-60.19999678,2004,4,100,298.7059733,0.526709687,0.504290404,0.008141949,8.66E-06,0.25940791,-0.004165558,1.09E-05,0.274832496,16169019.58,4.52819E+12,0.356399829,0.107212986,-16493.06055,0.029555919,240.6380463,-240.4199677,-104.9140244,0,20.11020851,-19.96389771,0,0.107212986
21,-2.59999931,-60.19999678,2005,4,100,298.8099314,0.335881284,0.529852582,0.0082069,1.01E-05,0.315382812,-0.00422682,1.25E-05,0.329973783,16210655.9,4.08582E+12,0.373112545,0.098522636,-16493.06055,0.029555919,240.6380463,-240.4199677,-104.9140244,0,20.11020851,-19.96389771,0.001417265,0.097105371
21,-2.59999931,-60.19999678,2006,4,100,298.8010406,0.348006326,0.55977158,0.008496166,1.29E-05,0.318543779,-0.004528672,1.58E-05,0.330989643,16149555.9,4.50492E+12,0.373853358,0.091342468,-16493.06055,0.029555919,240.6380463,-240.4199677,-104.9140244,0,20.11020851,-19.96389771,0.008565344,0.082777124
21,-2.59999931,-60.19999678,2007,4,100,298.7865397,0.341100491,0.541235726,0.008666247,1.66E-05,0.248286104,-0.004712811,1.98E-05,0.257604057,16124707.71,4.67919E+12,0.320251617,0.068865142,-16493.06055,0.029555919,240.6380463,-240.4199677,-104.9140244,0,20.11020851,-19.96389771,-0.016839294,0.085704436
21,-2.59999931,-60.19999678,2008,4,100,298.7000834,0.376895144,0.547984996,0.009015693,1.81E-05,0.176061296,-0.005103443,2.18E-05,0.181549853,15938889.92,5.12941E+12,0.247512354,0.062097875,-16493.06055,0.029555919,240.6380463,-240.4199677,-104.9140244,0,20.11020851,-19.96389771,0.009429847,0.052668028
21,-2.59999931,-60.19999678,2009,4,100,298.7725525,0.839553741,0.536705855,0.009025383,1.86E-05,0.073462719,-0.005097808,2.28E-05,0.076012733,16024800,6.09524E+12,0.15027142,0.04459992,-16493.06055,0.029555919,240.6380463,-240.4199677,-104.9140244,0,20.11020851,-19.96389771,0.025603608,0.018996312
21,-2.59999931,-60.19999678,2010,4,100,298.9541372,0.960750516,0.528720902,0.008654991,1.86E-05,-0.034230674,-0.004705036,2.27E-05,-0.028502575,16190640.33,6.39528E+12,0.082475725,-0.01064871,-16493.06055,0.029555919,240.6380463,-240.4199677,-104.9140244,0,20.11020851,-19.96389771,0.072471446,-0.083120156
21,-2.59999931,-60.19999678,2011,4,100,298.9888255,0.966916016,0.57598694,0.00865531,1.84E-05,-0.052953666,-0.004694473,2.24E-05,-0.039989399,16227606.21,6.3714E+12,0.106718969,0.261186149,-16493.06055,0.029555919,240.6380463,-240.4199677,-104.9140244,0,20.11020851,-19.96389771,0.062133055,0.199053095
21,-2.59999931,-60.19999678,2012,4,100,299.1114705,1.027275278,0.60904884,0.008138337,1.69E-05,-0.037293678,-0.004154625,2.07E-05,-0.019973617,16432925.25,6.50045E+12,0.141124835,0.353409956,-16493.06055,0.029555919,240.6380463,-240.4199677,-104.9140244,0,20.11020851,-19.96389771,0.060154785,0.293255171
21,-2.59999931,-60.19999678,2013,4,100,299.0276133,0.648723078,0.630418464,0.007981104,1.58E-05,-0.045370952,-0.003996775,1.90E-05,-0.025571405,16388980.67,5.38573E+12,0.17814453,0.408562108,-16493.06055,0.029555919,240.6380463,-240.4199677,-104.9140244,0,20.11020851,-19.96389771,0.064448694,0.344113414
21,-2.59999931,-60.19999678,2014,4,100,298.8855642,0.518355891,0.588824685,0.00803156,1.44E-05,-0.023651508,-0.004063049,1.73E-05,-0.007340982,16282506.54,4.95825E+12,0.184045336,0.464832112,-16493.06055,0.029555919,240.6380463,-240.4199677,-104.9140244,0,20.11020851,-19.96389771,0.036431608,0.428400504
21,-2.59999931,-60.19999678,2015,4,100,299.1986186,1.601051237,0.497237537,0.007510741,1.40E-05,-0.053218417,-0.003564406,1.64E-05,-0.049649105,16576886.92,5.88553E+12,0.144101147,0.506137178,-16493.06055,0.029555919,240.6380463,-240.4199677,-104.9140244,0,20.11020851,-19.96389771,0.071886993,0.434250185
21,-2.59999931,-60.19999678,2016,4,100,299.3780975,1.527085099,0.495187449,0.007566408,1.47E-05,-0.076915163,-0.003589853,1.69E-05,-0.089443846,16583399.08,5.53161E+12,0.156870985,0.485804699,-16493.06055,0.029555919,240.6380463,-240.4199677,-104.9140244,0,20.11020851,-19.96389771,0.067141191,0.418663507
21,-2.59999931,-60.19999678,2017,4,100,299.4768066,1.489266847,0.510902312,0.007660094,1.64E-05,-0.052499191,-0.00367298,1.86E-05,-0.08000577,16668483.88,5.45734E+12,0.170062772,0.403903324,-16493.06055,0.029555919,240.6380463,-240.4199677,-104.9140244,0,20.11020851,-19.96389771,0.084526726,0.319376598
21,-2.59999931,-60.19999678,2018,4,100,299.5543569,1.614193882,0.571509823,0.007554688,1.56E-05,-0.029632985,-0.003545567,1.79E-05,-0.069714832,16745136.21,5.60211E+12,0.198367215,0.356894228,-16493.06055,0.029555919,240.6380463,-240.4199677,-104.9140244,0,20.11020851,-19.96389771,0.052421435,0.304472793
21,-2.59999931,-60.19999678,2019,4,100,299.3562317,0.680814884,0.653606647,0.007853546,1.24E-05,0.058655623,-0.0037949,1.51E-05,0.016001498,16482878.42,4.80707E+12,0.246337435,0.27801898,-16493.06055,0.029555919,240.6380463,-240.4199677,-104.9140244,0,20.11020851,-19.96389771,0.011815596,0.266203384
21,-2.59999931,-60.19999678,2020,4,100,299.3622487,0.66400718,0.571086129,0.007898661,1.77E-05,0.129201719,-0.003851491,2.08E-05,0.098289005,16653728.35,5.32726E+12,0.225422848,0.242206982,-16493.06055,0.029555919,240.6380463,-240.4199677,-104.9140244,0,20.11020851,-19.96389771,-0.00505551,0.247262492
21,-2.59999931,-60.19999678,2021,4,100,299.2581838,0.657801362,0.504847675,0.007952522,1.50E-05,0.211646053,-0.003910292,1.80E-05,0.187508557,16596281.38,5.54062E+12,0.202750846,0.251311149,-16493.06055,0.029555919,240.6380463,-240.4199677,-104.9140244,0,20.11020851,-19.96389771,-0.012412012,0.26372316
21,-2.59999931,-60.19999678,2022,4,100,299.2708842,0.658055534,0.463241347,0.007677767,1.99E-05,0.269910554,-0.003905664,2.08E-05,0.247191879,15642859.16,1.19715E+13,0.190614456,0.189382549,-16493.06055,0.029555919,240.6380463,-240.4199677,-104.9140244,0,20.11020851,-19.96389771,0.005359408,0.184023141
21,-2.59999931,-60.19999678,2023,4,100,299.5087229,1.509586364,0.463378146,0.006499764,2.36E-05,0.341985734,-0.003412969,2.11E-05,0.284937077,13148450.14,2.64923E+13,0.328330123,0.185702356,-16493.06055,0.029555919,240.6380463,-240.4199677,-104.9140244,0,20.11020851,-19.96389771,0.004509862,0.181192493
21,-2.59999931,-60.19999678,2024,4,100,299.8031209,2.111733819,0.587845695,0.005772167,1.90E-05,0.440560151,-0.002874197,1.60E-05,0.325912083,12921868.3,3.00224E+13,0.507681682,0.16128127,-16493.06055,0.029555919,240.6380463,-240.4199677,-104.9140244,0,20.11020851,-19.96389771,0.019558885,0.141722385
22,-2.5999861,-60.19966674,2000,4,100,298.1274211,0.342439743,NaN,0.008460859,1.23E-05,NaN,-0.004710543,1.52E-05,NaN,15374940.33,5.21441E+12,NaN,NaN,-14169.04297,0.026376221,316.2279968,-122.9889374,-114.0845032,-4.43435955,0,0,NaN,NaN
22,-2.5999861,-60.19966674,2001,4,100,298.3284709,0.713562592,NaN,0.008280939,1.09E-05,NaN,-0.004455027,1.37E-05,NaN,15628070.54,5.88763E+12,NaN,NaN,-14169.04297,0.026376221,316.2279968,-122.9889374,-114.0845032,-4.43435955,0,0,NaN,NaN
22,-2.5999861,-60.19966674,2002,4,100,298.4873318,0.679581539,NaN,0.00820487,9.84E-06,NaN,-0.004320754,1.24E-05,NaN,15836288.89,5.2418E+12,NaN,NaN,-14169.04297,0.026376221,316.2279968,-122.9889374,-114.0845032,-4.43435955,0,0,NaN,NaN
22,-2.5999861,-60.19966674,2003,4,100,298.5533498,0.592730923,NaN,0.008176046,8.96E-06,NaN,-0.004266677,1.14E-05,NaN,15925703.77,4.85348E+12,NaN,NaN,-14169.04297,0.026376221,316.2279968,-122.9889374,-114.0845032,-4.43435955,0,0,NaN,NaN
22,-2.5999861,-60.19966674,2004,4,100,298.7059733,0.526709687,0.504290404,0.008141949,8.66E-06,0.25940791,-0.004165558,1.09E-05,0.274832496,16169019.58,4.52819E+12,0.356399829,-0.242801467,-14169.04297,0.026376221,316.2279968,-122.9889374,-114.0845032,-4.43435955,0,0,0,-0.242801467
22,-2.5999861,-60.19966674,2005,4,100,298.8099314,0.335881284,0.529852582,0.0082069,1.01E-05,0.315382812,-0.00422682,1.25E-05,0.329973783,16210655.9,4.08582E+12,0.373112545,-0.209056309,-14169.04297,0.026376221,316.2279968,-122.9889374,-114.0845032,-4.43435955,0,0,0.014144305,-0.223200614
22,-2.5999861,-60.19966674,2006,4,100,298.8010406,0.348006326,0.55977158,0.008496166,1.29E-05,0.318543779,-0.004528672,1.58E-05,0.330989643,16149555.9,4.50492E+12,0.373853358,-0.123732031,-14169.04297,0.026376221,316.2279968,-122.9889374,-114.0845032,-4.43435955,0,0,0.015182902,-0.138914933
22,-2.5999861,-60.19966674,2007,4,100,298.7865397,0.341100491,0.541235726,0.008666247,1.66E-05,0.248286104,-0.004712811,1.98E-05,0.257604057,16124707.71,4.67919E+12,0.320251617,-0.070488453,-14169.04297,0.026376221,316.2279968,-122.9889374,-114.0845032,-4.43435955,0,0,0.002404906,-0.072893359
22,-2.5999861,-60.19966674,2008,4,100,298.7000834,0.376895144,0.547984996,0.009015693,1.81E-05,0.176061296,-0.005103443,2.18E-05,0.181549853,15938889.92,5.12941E+12,0.247512354,-0.040080274,-14169.04297,0.026376221,316.2279968,-122.9889374,-114.0845032,-4.43435955,0,0,0.029460777,-0.06954105
22,-2.5999861,-60.19966674,2009,4,100,298.7725525,0.839553741,0.536705855,0.009025383,1.86E-05,0.073462719,-0.005097808,2.28E-05,0.076012733,16024800,6.09524E+12,0.15027142,0.042885248,-14169.04297,0.026376221,316.2279968,-122.9889374,-114.0845032,-4.43435955,0,0,0.05930471,-0.016419461
22,-2.5999861,-60.19966674,2010,4,100,298.9541372,0.960750516,0.528720902,0.008654991,1.86E-05,-0.034230674,-0.004705036,2.27E-05,-0.028502575,16190640.33,6.39528E+12,0.082475725,0.132020152,-14169.04297,0.026376221,316.2279968,-122.9889374,-114.0845032,-4.43435955,0,0,0.064291624,0.067728528
22,-2.5999861,-60.19966674,2011,4,100,298.9888255,0.966916016,0.57598694,0.00865531,1.84E-05,-0.052953666,-0.004694473,2.24E-05,-0.039989399,16227606.21,6.3714E+12,0.106718969,0.386632274,-14169.04297,0.026376221,316.2279968,-122.9889374,-114.0845032,-4.43435955,0,0,0.071107971,0.315524303
22,-2.5999861,-60.19966674,2012,4,100,299.1114705,1.027275278,0.60904884,0.008138337,1.69E-05,-0.037293678,-0.004154625,2.07E-05,-0.019973617,16432925.25,6.50045E+12,0.141124835,0.401994603,-14169.04297,0.026376221,316.2279968,-122.9889374,-114.0845032,-4.43435955,0,0,0.065314183,0.33668042
22,-2.5999861,-60.19966674,2013,4,100,299.0276133,0.648723078,0.630418464,0.007981104,1.58E-05,-0.045370952,-0.003996775,1.90E-05,-0.025571405,16388980.67,5.38573E+12,0.17814453,0.419633566,-14169.04297,0.026376221,316.2279968,-122.9889374,-114.0845032,-4.43435955,0,0,0.05980801,0.359825556
22,-2.5999861,-60.19966674,2014,4,100,298.8855642,0.518355891,0.588824685,0.00803156,1.44E-05,-0.023651508,-0.004063049,1.73E-05,-0.007340982,16282506.54,4.95825E+12,0.184045336,0.416919635,-14169.04297,0.026376221,316.2279968,-122.9889374,-114.0845032,-4.43435955,0,0,0.032576588,0.384343047
22,-2.5999861,-60.19966674,2015,4,100,299.1986186,1.601051237,0.497237537,0.007510741,1.40E-05,-0.053218417,-0.003564406,1.64E-05,-0.049649105,16576886.92,5.88553E+12,0.144101147,0.37816453,-14169.04297,0.026376221,316.2279968,-122.9889374,-114.0845032,-4.43435955,0,0,0.023211706,0.354952824
22,-2.5999861,-60.19966674,2016,4,100,299.3780975,1.527085099,0.495187449,0.007566408,1.47E-05,-0.076915163,-0.003589853,1.69E-05,-0.089443846,16583399.08,5.53161E+12,0.156870985,0.398335526,-14169.04297,0.026376221,316.2279968,-122.9889374,-114.0845032,-4.43435955,0,0,0.020422947,0.377912579
22,-2.5999861,-60.19966674,2017,4,100,299.4768066,1.489266847,0.510902312,0.007660094,1.64E-05,-0.052499191,-0.00367298,1.86E-05,-0.08000577,16668483.88,5.45734E+12,0.170062772,0.393352598,-14169.04297,0.026376221,316.2279968,-122.9889374,-114.0845032,-4.43435955,0,0,0.028637293,0.364715305
22,-2.5999861,-60.19966674,2018,4,100,299.5543569,1.614193882,0.571509823,0.007554688,1.56E-05,-0.029632985,-0.003545567,1.79E-05,-0.069714832,16745136.21,5.60211E+12,0.198367215,0.404261757,-14169.04297,0.026376221,316.2279968,-122.9889374,-114.0845032,-4.43435955,0,0,0.031053581,0.373208176
22,-2.5999861,-60.19966674,2019,4,100,299.3562317,0.680814884,0.653606647,0.007853546,1.24E-05,0.058655623,-0.0037949,1.51E-05,0.016001498,16482878.42,4.80707E+12,0.246337435,0.449506245,-14169.04297,0.026376221,316.2279968,-122.9889374,-114.0845032,-4.43435955,0,0,0.006988936,0.442517309
22,-2.5999861,-60.19966674,2020,4,100,299.3622487,0.66400718,0.571086129,0.007898661,1.77E-05,0.129201719,-0.003851491,2.08E-05,0.098289005,16653728.35,5.32726E+12,0.225422848,0.440196086,-14169.04297,0.026376221,316.2279968,-122.9889374,-114.0845032,-4.43435955,0,0,0.019992083,0.420204003
22,-2.5999861,-60.19966674,2021,4,100,299.2581838,0.657801362,0.504847675,0.007952522,1.50E-05,0.211646053,-0.003910292,1.80E-05,0.187508557,16596281.38,5.54062E+12,0.202750846,0.454034024,-14169.04297,0.026376221,316.2279968,-122.9889374,-114.0845032,-4.43435955,0,0,0.013143714,0.44089031
22,-2.5999861,-60.19966674,2022,4,100,299.2708842,0.658055534,0.463241347,0.007677767,1.99E-05,0.269910554,-0.003905664,2.08E-05,0.247191879,15642859.16,1.19715E+13,0.190614456,0.457842993,-14169.04297,0.026376221,316.2279968,-122.9889374,-114.0845032,-4.43435955,0,0,0.004883054,0.452959939
22,-2.5999861,-60.19966674,2023,4,100,299.5087229,1.509586364,0.463378146,0.006499764,2.36E-05,0.341985734,-0.003412969,2.11E-05,0.284937077,13148450.14,2.64923E+13,0.328330123,0.420206243,-14169.04297,0.026376221,316.2279968,-122.9889374,-114.0845032,-4.43435955,0,0,-0.011601113,0.431807356
22,-2.5999861,-60.19966674,2024,4,100,299.8031209,2.111733819,0.587845695,0.005772167,1.90E-05,0.440560151,-0.002874197,1.60E-05,0.325912083,12921868.3,3.00224E+13,0.507681682,0.351992246,-14169.04297,0.026376221,316.2279968,-122.9889374,-114.0845032,-4.43435955,0,0,0.01373364,0.338258606
23,-2.59967807,-60.20000998,2000,4,100,298.1274211,0.342439743,NaN,0.008460859,1.23E-05,NaN,-0.004710543,1.52E-05,NaN,15374940.33,5.21441E+12,NaN,NaN,-11350.76953,0.022553083,352.8750916,-248.9507599,-119.6796112,0,2.26977706,-12.53522682,NaN,NaN
23,-2.59967807,-60.20000998,2001,4,100,298.3284709,0.713562592,NaN,0.008280939,1.09E-05,NaN,-0.004455027,1.37E-05,NaN,15628070.54,5.88763E+12,NaN,NaN,-11350.76953,0.022553083,352.8750916,-248.9507599,-119.6796112,0,2.26977706,-12.53522682,NaN,NaN
23,-2.59967807,-60.20000998,2002,4,100,298.4873318,0.679581539,NaN,0.00820487,9.84E-06,NaN,-0.004320754,1.24E-05,NaN,15836288.89,5.2418E+12,NaN,NaN,-11350.76953,0.022553083,352.8750916,-248.9507599,-119.6796112,0,2.26977706,-12.53522682,NaN,NaN
23,-2.59967807,-60.20000998,2003,4,100,298.5533498,0.592730923,NaN,0.008176046,8.96E-06,NaN,-0.004266677,1.14E-05,NaN,15925703.77,4.85348E+12,NaN,NaN,-11350.76953,0.022553083,352.8750916,-248.9507599,-119.6796112,0,2.26977706,-12.53522682,NaN,NaN
23,-2.59967807,-60.20000998,2004,4,100,298.7059733,0.526709687,0.504290404,0.008141949,8.66E-06,0.25940791,-0.004165558,1.09E-05,0.274832496,16169019.58,4.52819E+12,0.356399829,0.150400501,-11350.76953,0.022553083,352.8750916,-248.9507599,-119.6796112,0,2.26977706,-12.53522682,0,0.150400501
23,-2.59967807,-60.20000998,2005,4,100,298.8099314,0.335881284,0.529852582,0.0082069,1.01E-05,0.315382812,-0.00422682,1.25E-05,0.329973783,16210655.9,4.08582E+12,0.373112545,0.078220295,-11350.76953,0.022553083,352.8750916,-248.9507599,-119.6796112,0,2.26977706,-12.53522682,-0.009058568,0.087278863
23,-2.59967807,-60.20000998,2006,4,100,298.8010406,0.348006326,0.55977158,0.008496166,1.29E-05,0.318543779,-0.004528672,1.58E-05,0.330989643,16149555.9,4.50492E+12,0.373853358,0.002971039,-11350.76953,0.022553083,352.8750916,-248.9507599,-119.6796112,0,2.26977706,-12.53522682,-0.000474287,0.003445326
23,-2.59967807,-60.20000998,2007,4,100,298.7865397,0.341100491,0.541235726,0.008666247,1.66E-05,0.248286104,-0.004712811,1.98E-05,0.257604057,16124707.71,4.67919E+12,0.320251617,-0.012066938,-11350.76953,0.022553083,352.8750916,-248.9507599,-119.6796112,0,2.26977706,-12.53522682,-0.02825178,0.016184842
23,-2.59967807,-60.20000998,2008,4,100,298.7000834,0.376895144,0.547984996,0.009015693,1.81E-05,0.176061296,-0.005103443,2.18E-05,0.181549853,15938889.92,5.12941E+12,0.247512354,-0.040737663,-11350.76953,0.022553083,352.8750916,-248.9507599,-119.6796112,0,2.26977706,-12.53522682,0.002452532,-0.043190195
23,-2.59967807,-60.20000998,2009,4,100,298.7725525,0.839553741,0.536705855,0.009025383,1.86E-05,0.073462719,-0.005097808,2.28E-05,0.076012733,16024800,6.09524E+12,0.15027142,-0.085938311,-11350.76953,0.022553083,352.8750916,-248.9507599,-119.6796112,0,2.26977706,-12.53522682,-0.007224355,-0.078713956
23,-2.59967807,-60.20000998,2010,4,100,298.9541372,0.960750516,0.528720902,0.008654991,1.86E-05,-0.034230674,-0.004705036,2.27E-05,-0.028502575,16190640.33,6.39528E+12,0.082475725,0.012462062,-11350.76953,0.022553083,352.8750916,-248.9507599,-119.6796112,0,2.26977706,-12.53522682,0.048662775,-0.036200714
23,-2.59967807,-60.20000998,2011,4,100,298.9888255,0.966916016,0.57598694,0.00865531,1.84E-05,-0.052953666,-0.004694473,2.24E-05,-0.039989399,16227606.21,6.3714E+12,0.106718969,0.420045082,-11350.76953,0.022553083,352.8750916,-248.9507599,-119.6796112,0,2.26977706,-12.53522682,0.041232067,0.378813015
23,-2.59967807,-60.20000998,2012,4,100,299.1114705,1.027275278,0.60904884,0.008138337,1.69E-05,-0.037293678,-0.004154625,2.07E-05,-0.019973617,16432925.25,6.50045E+12,0.141124835,0.427499863,-11350.76953,0.022553083,352.8750916,-248.9507599,-119.6796112,0,2.26977706,-12.53522682,0.056880607,0.370619256
23,-2.59967807,-60.20000998,2013,4,100,299.0276133,0.648723078,0.630418464,0.007981104,1.58E-05,-0.045370952,-0.003996775,1.90E-05,-0.025571405,16388980.67,5.38573E+12,0.17814453,0.442950376,-11350.76953,0.022553083,352.8750916,-248.9507599,-119.6796112,0,2.26977706,-12.53522682,0.051038683,0.391911694
23,-2.59967807,-60.20000998,2014,4,100,298.8855642,0.518355891,0.588824685,0.00803156,1.44E-05,-0.023651508,-0.004063049,1.73E-05,-0.007340982,16282506.54,4.95825E+12,0.184045336,0.431075505,-11350.76953,0.022553083,352.8750916,-248.9507599,-119.6796112,0,2.26977706,-12.53522682,0.03236003,0.398715475
23,-2.59967807,-60.20000998,2015,4,100,299.1986186,1.601051237,0.497237537,0.007510741,1.40E-05,-0.053218417,-0.003564406,1.64E-05,-0.049649105,16576886.92,5.88553E+12,0.144101147,0.358932336,-11350.76953,0.022553083,352.8750916,-248.9507599,-119.6796112,0,2.26977706,-12.53522682,0.028099913,0.330832424
23,-2.59967807,-60.20000998,2016,4,100,299.3780975,1.527085099,0.495187449,0.007566408,1.47E-05,-0.076915163,-0.003589853,1.69E-05,-0.089443846,16583399.08,5.53161E+12,0.156870985,0.34219121,-11350.76953,0.022553083,352.8750916,-248.9507599,-119.6796112,0,2.26977706,-12.53522682,0.026388109,0.315803101
23,-2.59967807,-60.20000998,2017,4,100,299.4768066,1.489266847,0.510902312,0.007660094,1.64E-05,-0.052499191,-0.00367298,1.86E-05,-0.08000577,16668483.88,5.45734E+12,0.170062772,0.321062413,-11350.76953,0.022553083,352.8750916,-248.9507599,-119.6796112,0,2.26977706,-12.53522682,0.026747785,0.294314628
23,-2.59967807,-60.20000998,2018,4,100,299.5543569,1.614193882,0.571509823,0.007554688,1.56E-05,-0.029632985,-0.003545567,1.79E-05,-0.069714832,16745136.21,5.60211E+12,0.198367215,0.334989953,-11350.76953,0.022553083,352.8750916,-248.9507599,-119.6796112,0,2.26977706,-12.53522682,0.021284422,0.313705531
23,-2.59967807,-60.20000998,2019,4,100,299.3562317,0.680814884,0.653606647,0.007853546,1.24E-05,0.058655623,-0.0037949,1.51E-05,0.016001498,16482878.42,4.80707E+12,0.246337435,0.358603004,-11350.76953,0.022553083,352.8750916,-248.9507599,-119.6796112,0,2.26977706,-12.53522682,0.010768904,0.3478341
23,-2.59967807,-60.20000998,2020,4,100,299.3622487,0.66400718,0.571086129,0.007898661,1.77E-05,0.129201719,-0.003851491,2.08E-05,0.098289005,16653728.35,5.32726E+12,0.225422848,0.337819377,-11350.76953,0.022553083,352.8750916,-248.9507599,-119.6796112,0,2.26977706,-12.53522682,0.019987206,0.317832172
23,-2.59967807,-60.20000998,2021,4,100,299.2581838,0.657801362,0.504847675,0.007952522,1.50E-05,0.211646053,-0.003910292,1.80E-05,0.187508557,16596281.38,5.54062E+12,0.202750846,0.297913916,-11350.76953,0.022553083,352.8750916,-248.9507599,-119.6796112,0,2.26977706,-12.53522682,-0.007501413,0.305415329
23,-2.59967807,-60.20000998,2022,4,100,299.2708842,0.658055534,0.463241347,0.007677767,1.99E-05,0.269910554,-0.003905664,2.08E-05,0.247191879,15642859.16,1.19715E+13,0.190614456,0.228310694,-11350.76953,0.022553083,352.8750916,-248.9507599,-119.6796112,0,2.26977706,-12.53522682,-0.003364089,0.231674784
23,-2.59967807,-60.20000998,2023,4,100,299.5087229,1.509586364,0.463378146,0.006499764,2.36E-05,0.341985734,-0.003412969,2.11E-05,0.284937077,13148450.14,2.64923E+13,0.328330123,0.224707995,-11350.76953,0.022553083,352.8750916,-248.9507599,-119.6796112,0,2.26977706,-12.53522682,0.003801298,0.220906697
23,-2.59967807,-60.20000998,2024,4,100,299.8031209,2.111733819,0.587845695,0.005772167,1.90E-05,0.440560151,-0.002874197,1.60E-05,0.325912083,12921868.3,3.00224E+13,0.507681682,0.212524657,-11350.76953,0.022553083,352.8750916,-248.9507599,-119.6796112,0,2.26977706,-12.53522682,0.020096714,0.192427943
24,-2.60030734,-60.19998358,2000,4,100,298.1274211,0.342439743,NaN,0.008460859,1.23E-05,NaN,-0.004710543,1.52E-05,NaN,15374940.33,5.21441E+12,NaN,NaN,-31932.90039,0.0506633,167.0055695,-156.225235,-91.92271423,0,21.17124939,-14.62659645,NaN,NaN
24,-2.60030734,-60.19998358,2001,4,100,298.3284709,0.713562592,NaN,0.008280939,1.09E-05,NaN,-0.004455027,1.37E-05,NaN,15628070.54,5.88763E+12,NaN,NaN,-31932.90039,0.0506633,167.0055695,-156.225235,-91.92271423,0,21.17124939,-14.62659645,NaN,NaN
24,-2.60030734,-60.19998358,2002,4,100,298.4873318,0.679581539,NaN,0.00820487,9.84E-06,NaN,-0.004320754,1.24E-05,NaN,15836288.89,5.2418E+12,NaN,NaN,-31932.90039,0.0506633,167.0055695,-156.225235,-91.92271423,0,21.17124939,-14.62659645,NaN,NaN
24,-2.60030734,-60.19998358,2003,4,100,298.5533498,0.592730923,NaN,0.008176046,8.96E-06,NaN,-0.004266677,1.14E-05,NaN,15925703.77,4.85348E+12,NaN,NaN,-31932.90039,0.0506633,167.0055695,-156.225235,-91.92271423,0,21.17124939,-14.62659645,NaN,NaN
24,-2.60030734,-60.19998358,2004,4,100,298.7059733,0.526709687,0.504290404,0.008141949,8.66E-06,0.25940791,-0.004165558,1.09E-05,0.274832496,16169019.58,4.52819E+12,0.356399829,0.170651852,-31932.90039,0.0506633,167.0055695,-156.225235,-91.92271423,0,21.17124939,-14.62659645,0,0.170651852
24,-2.60030734,-60.19998358,2005,4,100,298.8099314,0.335881284,0.529852582,0.0082069,1.01E-05,0.315382812,-0.00422682,1.25E-05,0.329973783,16210655.9,4.08582E+12,0.373112545,0.124497602,-31932.90039,0.0506633,167.0055695,-156.225235,-91.92271423,0,21.17124939,-14.62659645,0.012115434,0.112382168
24,-2.60030734,-60.19998358,2006,4,100,298.8010406,0.348006326,0.55977158,0.008496166,1.29E-05,0.318543779,-0.004528672,1.58E-05,0.330989643,16149555.9,4.50492E+12,0.373853358,0.133919567,-31932.90039,0.0506633,167.0055695,-156.225235,-91.92271423,0,21.17124939,-14.62659645,0.021938916,0.111980651
24,-2.60030734,-60.19998358,2007,4,100,298.7865397,0.341100491,0.541235726,0.008666247,1.66E-05,0.248286104,-0.004712811,1.98E-05,0.257604057,16124707.71,4.67919E+12,0.320251617,0.120032993,-31932.90039,0.0506633,167.0055695,-156.225235,-91.92271423,0,21.17124939,-14.62659645,-0.005477891,0.125510884
24,-2.60030734,-60.19998358,2008,4,100,298.7000834,0.376895144,0.547984996,0.009015693,1.81E-05,0.176061296,-0.005103443,2.18E-05,0.181549853,15938889.92,5.12941E+12,0.247512354,0.111100253,-31932.90039,0.0506633,167.0055695,-156.225235,-91.92271423,0,21.17124939,-14.62659645,0.029271063,0.08182919
24,-2.60030734,-60.19998358,2009,4,100,298.7725525,0.839553741,0.536705855,0.009025383,1.86E-05,0.073462719,-0.005097808,2.28E-05,0.076012733,16024800,6.09524E+12,0.15027142,0.11638013,-31932.90039,0.0506633,167.0055695,-156.225235,-91.92271423,0,21.17124939,-14.62659645,0.024089131,0.092290999
24,-2.60030734,-60.19998358,2010,4,100,298.9541372,0.960750516,0.528720902,0.008654991,1.86E-05,-0.034230674,-0.004705036,2.27E-05,-0.028502575,16190640.33,6.39528E+12,0.082475725,0.078373271,-31932.90039,0.0506633,167.0055695,-156.225235,-91.92271423,0,21.17124939,-14.62659645,0.022997651,0.05537562
24,-2.60030734,-60.19998358,2011,4,100,298.9888255,0.966916016,0.57598694,0.00865531,1.84E-05,-0.052953666,-0.004694473,2.24E-05,-0.039989399,16227606.21,6.3714E+12,0.106718969,0.435796034,-31932.90039,0.0506633,167.0055695,-156.225235,-91.92271423,0,21.17124939,-14.62659645,0.017947711,0.417848323
24,-2.60030734,-60.19998358,2012,4,100,299.1114705,1.027275278,0.60904884,0.008138337,1.69E-05,-0.037293678,-0.004154625,2.07E-05,-0.019973617,16432925.25,6.50045E+12,0.141124835,0.458246813,-31932.90039,0.0506633,167.0055695,-156.225235,-91.92271423,0,21.17124939,-14.62659645,0.012692842,0.445553971
24,-2.60030734,-60.19998358,2013,4,100,299.0276133,0.648723078,0.630418464,0.007981104,1.58E-05,-0.045370952,-0.003996775,1.90E-05,-0.025571405,16388980.67,5.38573E+12,0.17814453,0.475923904,-31932.90039,0.0506633,167.0055695,-156.225235,-91.92271423,0,21.17124939,-14.62659645,-0.000218292,0.476142196
24,-2.60030734,-60.19998358,2014,4,100,298.8855642,0.518355891,0.588824685,0.00803156,1.44E-05,-0.023651508,-0.004063049,1.73E-05,-0.007340982,16282506.54,4.95825E+12,0.184045336,0.473987054,-31932.90039,0.0506633,167.0055695,-156.225235,-91.92271423,0,21.17124939,-14.62659645,-0.0196961,0.493683154
24,-2.60030734,-60.19998358,2015,4,100,299.1986186,1.601051237,0.497237537,0.007510741,1.40E-05,-0.053218417,-0.003564406,1.64E-05,-0.049649105,16576886.92,5.88553E+12,0.144101147,0.42228862,-31932.90039,0.0506633,167.0055695,-156.225235,-91.92271423,0,21.17124939,-14.62659645,0.011037792,0.411250828
24,-2.60030734,-60.19998358,2016,4,100,299.3780975,1.527085099,0.495187449,0.007566408,1.47E-05,-0.076915163,-0.003589853,1.69E-05,-0.089443846,16583399.08,5.53161E+12,0.156870985,0.359595321,-31932.90039,0.0506633,167.0055695,-156.225235,-91.92271423,0,21.17124939,-14.62659645,0.01062392,0.348971402
24,-2.60030734,-60.19998358,2017,4,100,299.4768066,1.489266847,0.510902312,0.007660094,1.64E-05,-0.052499191,-0.00367298,1.86E-05,-0.08000577,16668483.88,5.45734E+12,0.170062772,0.256116064,-31932.90039,0.0506633,167.0055695,-156.225235,-91.92271423,0,21.17124939,-14.62659645,0.043331985,0.212784079
24,-2.60030734,-60.19998358,2018,4,100,299.5543569,1.614193882,0.571509823,0.007554688,1.56E-05,-0.029632985,-0.003545567,1.79E-05,-0.069714832,16745136.21,5.60211E+12,0.198367215,0.206400588,-31932.90039,0.0506633,167.0055695,-156.225235,-91.92271423,0,21.17124939,-14.62659645,0.008535199,0.19786539
24,-2.60030734,-60.19998358,2019,4,100,299.3562317,0.680814884,0.653606647,0.007853546,1.24E-05,0.058655623,-0.0037949,1.51E-05,0.016001498,16482878.42,4.80707E+12,0.246337435,0.192987332,-31932.90039,0.0506633,167.0055695,-156.225235,-91.92271423,0,21.17124939,-14.62659645,-0.002849224,0.195836556
24,-2.60030734,-60.19998358,2020,4,100,299.3622487,0.66400718,0.571086129,0.007898661,1.77E-05,0.129201719,-0.003851491,2.08E-05,0.098289005,16653728.35,5.32726E+12,0.225422848,0.20104402,-31932.90039,0.0506633,167.0055695,-156.225235,-91.92271423,0,21.17124939,-14.62659645,-0.018610845,0.219654864
24,-2.60030734,-60.19998358,2021,4,100,299.2581838,0.657801362,0.504847675,0.007952522,1.50E-05,0.211646053,-0.003910292,1.80E-05,0.187508557,16596281.38,5.54062E+12,0.202750846,0.247051962,-31932.90039,0.0506633,167.0055695,-156.225235,-91.92271423,0,21.17124939,-14.62659645,-0.019423847,0.266475809
24,-2.60030734,-60.19998358,2022,4,100,299.2708842,0.658055534,0.463241347,0.007677767,1.99E-05,0.269910554,-0.003905664,2.08E-05,0.247191879,15642859.16,1.19715E+13,0.190614456,0.23545603,-31932.90039,0.0506633,167.0055695,-156.225235,-91.92271423,0,21.17124939,-14.62659645,-0.001949178,0.237405208
24,-2.60030734,-60.19998358,2023,4,100,299.5087229,1.509586364,0.463378146,0.006499764,2.36E-05,0.341985734,-0.003412969,2.11E-05,0.284937077,13148450.14,2.64923E+13,0.328330123,0.261343441,-31932.90039,0.0506633,167.0055695,-156.225235,-91.92271423,0,21.17124939,-14.62659645,-0.003617492,0.264960933
24,-2.60030734,-60.19998358,2024,4,100,299.8031209,2.111733819,0.587845695,0.005772167,1.90E-05,0.440560151,-0.002874197,1.60E-05,0.325912083,12921868.3,3.00224E+13,0.507681682,0.212566523,-31932.90039,0.0506633,167.0055695,-156.225235,-91.92271423,0,21.17124939,-14.62659645,0.012415087,0.200151435
25,-2.59999931,-60.20032242,2000,4,100,298.1274211,0.342439743,NaN,0.008460859,1.23E-05,NaN,-0.004710543,1.52E-05,NaN,15374940.33,5.21441E+12,NaN,NaN,-17532.97852,0.030920794,279.8365784,-283.0698853,-96.13477325,0,0,-0.765473127,NaN,NaN
25,-2.59999931,-60.20032242,2001,4,100,298.3284709,0.713562592,NaN,0.008280939,1.09E-05,NaN,-0.004455027,1.37E-05,NaN,15628070.54,5.88763E+12,NaN,NaN,-17532.97852,0.030920794,279.8365784,-283.0698853,-96.13477325,0,0,-0.765473127,NaN,NaN
25,-2.59999931,-60.20032242,2002,4,100,298.4873318,0.679581539,NaN,0.00820487,9.84E-06,NaN,-0.004320754,1.24E-05,NaN,15836288.89,5.2418E+12,NaN,NaN,-17532.97852,0.030920794,279.8365784,-283.0698853,-96.13477325,0,0,-0.765473127,NaN,NaN
25,-2.59999931,-60.20032242,2003,4,100,298.5533498,0.592730923,NaN,0.008176046,8.96E-06,NaN,-0.004266677,1.14E-05,NaN,15925703.77,4.85348E+12,NaN,NaN,-17532.97852,0.030920794,279.8365784,-283.0698853,-96.13477325,0,0,-0.765473127,NaN,NaN
25,-2.59999931,-60.20032242,2004,4,100,298.7059733,0.526709687,0.504290404,0.008141949,8.66E-06,0.25940791,-0.004165558,1.09E-05,0.274832496,16169019.58,4.52819E+12,0.356399829,0.336755187,-17532.97852,0.030920794,279.8365784,-283.0698853,-96.13477325,0,0,-0.765473127,0,0.336755187
25,-2.59999931,-60.20032242,2005,4,100,298.8099314,0.335881284,0.529852582,0.0082069,1.01E-05,0.315382812,-0.00422682,1.25E-05,0.329973783,16210655.9,4.08582E+12,0.373112545,0.333659382,-17532.97852,0.030920794,279.8365784,-283.0698853,-96.13477325,0,0,-0.765473127,0.007655947,0.326003435
25,-2.59999931,-60.20032242,2006,4,100,298.8010406,0.348006326,0.55977158,0.008496166,1.29E-05,0.318543779,-0.004528672,1.58E-05,0.330989643,16149555.9,4.50492E+12,0.373853358,0.323098907,-17532.97852,0.030920794,279.8365784,-283.0698853,-96.13477325,0,0,-0.765473127,0.024283508,0.298815399
25,-2.59999931,-60.20032242,2007,4,100,298.7865397,0.341100491,0.541235726,0.008666247,1.66E-05,0.248286104,-0.004712811,1.98E-05,0.257604057,16124707.71,4.67919E+12,0.320251617,0.342861352,-17532.97852,0.030920794,279.8365784,-283.0698853,-96.13477325,0,0,-0.765473127,-0.006637564,0.349498916
25,-2.59999931,-60.20032242,2008,4,100,298.7000834,0.376895144,0.547984996,0.009015693,1.81E-05,0.176061296,-0.005103443,2.18E-05,0.181549853,15938889.92,5.12941E+12,0.247512354,0.34393891,-17532.97852,0.030920794,279.8365784,-283.0698853,-96.13477325,0,0,-0.765473127,-0.002737396,0.346676307
25,-2.59999931,-60.20032242,2009,4,100,298.7725525,0.839553741,0.536705855,0.009025383,1.86E-05,0.073462719,-0.005097808,2.28E-05,0.076012733,16024800,6.09524E+12,0.15027142,0.350390236,-17532.97852,0.030920794,279.8365784,-283.0698853,-96.13477325,0,0,-0.765473127,0.014063526,0.33632671
25,-2.59999931,-60.20032242,2010,4,100,298.9541372,0.960750516,0.528720902,0.008654991,1.86E-05,-0.034230674,-0.004705036,2.27E-05,-0.028502575,16190640.33,6.39528E+12,0.082475725,0.395970835,-17532.97852,0.030920794,279.8365784,-283.0698853,-96.13477325,0,0,-0.765473127,0.037596874,0.358373961
25,-2.59999931,-60.20032242,2011,4,100,298.9888255,0.966916016,0.57598694,0.00865531,1.84E-05,-0.052953666,-0.004694473,2.24E-05,-0.039989399,16227606.21,6.3714E+12,0.106718969,0.428214522,-17532.97852,0.030920794,279.8365784,-283.0698853,-96.13477325,0,0,-0.765473127,0.032338613,0.395875909
25,-2.59999931,-60.20032242,2012,4,100,299.1114705,1.027275278,0.60904884,0.008138337,1.69E-05,-0.037293678,-0.004154625,2.07E-05,-0.019973617,16432925.25,6.50045E+12,0.141124835,0.435787793,-17532.97852,0.030920794,279.8365784,-283.0698853,-96.13477325,0,0,-0.765473127,0.026799136,0.408988657
25,-2.59999931,-60.20032242,2013,4,100,299.0276133,0.648723078,0.630418464,0.007981104,1.58E-05,-0.045370952,-0.003996775,1.90E-05,-0.025571405,16388980.67,5.38573E+12,0.17814453,0.448887414,-17532.97852,0.030920794,279.8365784,-283.0698853,-96.13477325,0,0,-0.765473127,0.014994315,0.433893099
25,-2.59999931,-60.20032242,2014,4,100,298.8855642,0.518355891,0.588824685,0.00803156,1.44E-05,-0.023651508,-0.004063049,1.73E-05,-0.007340982,16282506.54,4.95825E+12,0.184045336,0.443008442,-17532.97852,0.030920794,279.8365784,-283.0698853,-96.13477325,0,0,-0.765473127,-0.002938576,0.445947018
25,-2.59999931,-60.20032242,2015,4,100,299.1986186,1.601051237,0.497237537,0.007510741,1.40E-05,-0.053218417,-0.003564406,1.64E-05,-0.049649105,16576886.92,5.88553E+12,0.144101147,0.368210691,-17532.97852,0.030920794,279.8365784,-283.0698853,-96.13477325,0,0,-0.765473127,0.035839341,0.33237135
25,-2.59999931,-60.20032242,2016,4,100,299.3780975,1.527085099,0.495187449,0.007566408,1.47E-05,-0.076915163,-0.003589853,1.69E-05,-0.089443846,16583399.08,5.53161E+12,0.156870985,0.30300171,-17532.97852,0.030920794,279.8365784,-283.0698853,-96.13477325,0,0,-0.765473127,0.043466766,0.259534944
25,-2.59999931,-60.20032242,2017,4,100,299.4768066,1.489266847,0.510902312,0.007660094,1.64E-05,-0.052499191,-0.00367298,1.86E-05,-0.08000577,16668483.88,5.45734E+12,0.170062772,0.181133293,-17532.97852,0.030920794,279.8365784,-283.0698853,-96.13477325,0,0,-0.765473127,0.055753269,0.125380024
25,-2.59999931,-60.20032242,2018,4,100,299.5543569,1.614193882,0.571509823,0.007554688,1.56E-05,-0.029632985,-0.003545567,1.79E-05,-0.069714832,16745136.21,5.60211E+12,0.198367215,0.149748367,-17532.97852,0.030920794,279.8365784,-283.0698853,-96.13477325,0,0,-0.765473127,0.036970461,0.112777905
25,-2.59999931,-60.20032242,2019,4,100,299.3562317,0.680814884,0.653606647,0.007853546,1.24E-05,0.058655623,-0.0037949,1.51E-05,0.016001498,16482878.42,4.80707E+12,0.246337435,0.21334545,-17532.97852,0.030920794,279.8365784,-283.0698853,-96.13477325,0,0,-0.765473127,-0.003392273,0.216737723
25,-2.59999931,-60.20032242,2020,4,100,299.3622487,0.66400718,0.571086129,0.007898661,1.77E-05,0.129201719,-0.003851491,2.08E-05,0.098289005,16653728.35,5.32726E+12,0.225422848,0.256022802,-17532.97852,0.030920794,279.8365784,-283.0698853,-96.13477325,0,0,-0.765473127,-0.018552854,0.274575656
25,-2.59999931,-60.20032242,2021,4,100,299.2581838,0.657801362,0.504847675,0.007952522,1.50E-05,0.211646053,-0.003910292,1.80E-05,0.187508557,16596281.38,5.54062E+12,0.202750846,0.352472239,-17532.97852,0.030920794,279.8365784,-283.0698853,-96.13477325,0,0,-0.765473127,-0.030035805,0.382508044
25,-2.59999931,-60.20032242,2022,4,100,299.2708842,0.658055534,0.463241347,0.007677767,1.99E-05,0.269910554,-0.003905664,2.08E-05,0.247191879,15642859.16,1.19715E+13,0.190614456,0.338347386,-17532.97852,0.030920794,279.8365784,-283.0698853,-96.13477325,0,0,-0.765473127,-0.018233298,0.356580684
25,-2.59999931,-60.20032242,2023,4,100,299.5087229,1.509586364,0.463378146,0.006499764,2.36E-05,0.341985734,-0.003412969,2.11E-05,0.284937077,13148450.14,2.64923E+13,0.328330123,0.272041978,-17532.97852,0.030920794,279.8365784,-283.0698853,-96.13477325,0,0,-0.765473127,0.00427519,0.267766788
25,-2.59999931,-60.20032242,2024,4,100,299.8031209,2.111733819,0.587845695,0.005772167,1.90E-05,0.440560151,-0.002874197,1.60E-05,0.325912083,12921868.3,3.00224E+13,0.507681682,0.152361433,-17532.97852,0.030920794,279.8365784,-283.0698853,-96.13477325,0,0,-0.765473127,0.02132459,0.131036843
26,-12.79999537,-69.30000205,2000,4,100,297.2914836,1.682856391,NaN,0.006582934,1.74E-05,NaN,-0.002844479,1.55E-05,NaN,16433231.17,4.63895E+12,NaN,NaN,-34303.78906,0.054433439,539.5685425,-56.14796829,0,-78.78336334,-71.95058441,0,NaN,NaN
26,-12.79999537,-69.30000205,2001,4,100,297.4196981,1.377731105,NaN,0.006596117,1.82E-05,NaN,-0.00287708,1.60E-05,NaN,16488110.17,3.67194E+12,NaN,NaN,-34303.78906,0.054433439,539.5685425,-56.14796829,0,-78.78336334,-71.95058441,0,NaN,NaN
26,-12.79999537,-69.30000205,2002,4,100,297.5537381,1.199705321,NaN,0.007025917,2.09E-05,NaN,-0.003252298,1.89E-05,NaN,16524167.33,3.81785E+12,NaN,NaN,-34303.78906,0.054433439,539.5685425,-56.14796829,0,-78.78336334,-71.95058441,0,NaN,NaN
26,-12.79999537,-69.30000205,2003,4,100,297.5972137,0.995660436,NaN,0.007221731,2.39E-05,NaN,-0.00343475,2.18E-05,NaN,16618973.58,3.48508E+12,NaN,NaN,-34303.78906,0.054433439,539.5685425,-56.14796829,0,-78.78336334,-71.95058441,0,NaN,NaN
26,-12.79999537,-69.30000205,2004,4,100,297.6498617,1.012515102,0.206153548,0.007397812,2.53E-05,-0.082916054,-0.003615594,2.32E-05,-0.120596626,16596359.15,3.46311E+12,-0.029249759,0.298853667,-34303.78906,0.054433439,539.5685425,-56.14796829,0,-78.78336334,-71.95058441,0,0,0.298853667
26,-12.79999537,-69.30000205,2005,4,100,297.7052358,0.916460733,0.231401127,0.007536853,2.71E-05,-0.113221922,-0.003735868,2.51E-05,-0.142848666,16670548.48,3.44817E+12,0.017667428,0.261180684,-34303.78906,0.054433439,539.5685425,-56.14796829,0,-78.78336334,-71.95058441,0,-0.008908108,0.270088792
26,-12.79999537,-69.30000205,2006,4,100,297.7474925,0.881406636,0.249897473,0.007538172,2.74E-05,-0.14388986,-0.003782148,2.50E-05,-0.171870729,16749102.23,3.03301E+12,-0.010305808,0.246440504,-34303.78906,0.054433439,539.5685425,-56.14796829,0,-78.78336334,-71.95058441,0,-0.02128107,0.267721574
26,-12.79999537,-69.30000205,2007,4,100,297.7759196,1.150994205,0.252930272,0.007604193,2.76E-05,-0.160577809,-0.003878235,2.50E-05,-0.189075776,16653028.98,3.30082E+12,-0.043445053,0.258736168,-34303.78906,0.054433439,539.5685425,-56.14796829,0,-78.78336334,-71.95058441,0,-0.019622821,0.278358989
26,-12.79999537,-69.30000205,2008,4,100,297.8138529,0.959068887,0.236155181,0.007651366,2.98E-05,-0.172769594,-0.003918255,2.69E-05,-0.204977234,16778616.56,3.21832E+12,-0.091748317,0.278613048,-34303.78906,0.054433439,539.5685425,-56.14796829,0,-78.78336334,-71.95058441,0,-0.010100441,0.288713489
26,-12.79999537,-69.30000205,2009,4,100,297.7834574,1.120147312,0.201282814,0.007950834,3.19E-05,-0.206202201,-0.004209797,2.91E-05,-0.243873058,16667201.31,3.74788E+12,-0.192847914,0.309125929,-34303.78906,0.054433439,539.5685425,-56.14796829,0,-78.78336334,-71.95058441,0,0.005920346,0.303205583
26,-12.79999537,-69.30000205,2010,4,100,297.8843943,1.288917511,0.17007733,0.007644088,3.28E-05,-0.208735483,-0.003879895,2.97E-05,-0.244354294,16785651.48,4.29164E+12,-0.229715241,0.343884315,-34303.78906,0.054433439,539.5685425,-56.14796829,0,-78.78336334,-71.95058441,0,0.012721443,0.331162872
26,-12.79999537,-69.30000205,2011,4,100,297.9413808,1.030265332,0.152261646,0.007657248,3.77E-05,-0.134169081,-0.003905864,3.50E-05,-0.166153768,16843872.15,4.38937E+12,-0.230050013,0.335679163,-34303.78906,0.054433439,539.5685425,-56.14796829,0,-78.78336334,-71.95058441,0,0.006686795,0.328992368
26,-12.79999537,-69.30000205,2012,4,100,297.9627889,1.080809471,0.190027662,0.007940672,4.01E-05,-0.081270869,-0.004189452,3.77E-05,-0.101446333,16818605.25,4.42143E+12,-0.202856447,0.314669164,-34303.78906,0.054433439,539.5685425,-56.14796829,0,-78.78336334,-71.95058441,0,0.028220025,0.286449139
26,-12.79999537,-69.30000205,2013,4,100,297.9799245,0.978954983,0.248268304,0.007820537,3.87E-05,-0.004425695,-0.004048487,3.64E-05,-0.014208391,16994245.5,4.24259E+12,-0.141491099,0.319215686,-34303.78906,0.054433439,539.5685425,-56.14796829,0,-78.78336334,-71.95058441,0,0.027690843,0.291524843
26,-12.79999537,-69.30000205,2014,4,100,297.8159027,1.061353948,0.317818819,0.008320118,4.25E-05,0.056607213,-0.004541535,4.14E-05,0.050954688,16797254.94,4.78173E+12,-0.127895658,0.356165384,-34303.78906,0.054433439,539.5685425,-56.14796829,0,-78.78336334,-71.95058441,0,-0.013195644,0.369361028
26,-12.79999537,-69.30000205,2015,4,100,297.8531189,1.282321374,0.373157823,0.008265922,3.68E-05,0.008503534,-0.004449419,3.58E-05,0.010758286,16781158.15,5.0834E+12,-0.109833459,0.406998766,-34303.78906,0.054433439,539.5685425,-56.14796829,0,-78.78336334,-71.95058441,0,0.037518259,0.369480507
26,-12.79999537,-69.30000205,2016,4,100,298.0070852,1.299039581,0.408879939,0.007818732,3.38E-05,-0.032326013,-0.003967217,3.26E-05,-0.018469916,16940964.69,4.98403E+12,-0.057531064,0.456776518,-34303.78906,0.054433439,539.5685425,-56.14796829,0,-78.78336334,-71.95058441,0,0.007033727,0.449742791
26,-12.79999537,-69.30000205,2017,4,100,298.105957,1.234248998,0.425675447,0.007786411,3.15E-05,-0.002364115,-0.003929843,2.98E-05,0.025853824,16840453.56,4.98194E+12,0.054988625,0.456731052,-34303.78906,0.054433439,539.5685425,-56.14796829,0,-78.78336334,-71.95058441,0,0.001046107,0.455684945
26,-12.79999537,-69.30000205,2018,4,100,298.0825958,1.293348795,0.376276475,0.007741543,2.85E-05,0.020872077,-0.003870118,2.61E-05,0.062438027,16857916.27,4.20128E+12,0.207136471,0.423581818,-34303.78906,0.054433439,539.5685425,-56.14796829,0,-78.78336334,-71.95058441,0,-0.001540733,0.425122551
26,-12.79999537,-69.30000205,2019,4,100,298.0796611,1.243924618,0.3251625,0.007713942,2.98E-05,0.058839657,-0.003869923,2.71E-05,0.100419216,16872666.4,3.7207E+12,0.298342914,0.392736892,-34303.78906,0.054433439,539.5685425,-56.14796829,0,-78.78336334,-71.95058441,0,-0.015441755,0.408178646
26,-12.79999537,-69.30000205,2020,4,100,298.184962,1.685218853,0.233985059,0.007595376,2.91E-05,0.082643267,-0.003767707,2.66E-05,0.11342538,16973942.9,4.61547E+12,0.337895049,0.263358837,-34303.78906,0.054433439,539.5685425,-56.14796829,0,-78.78336334,-71.95058441,0,-0.035125667,0.298484504
26,-12.79999537,-69.30000205,2021,4,100,298.2273407,2.056049313,0.193403289,0.007434557,3.22E-05,0.013247213,-0.003657737,2.96E-05,0.021749315,17121358,4.54938E+12,0.303189069,0.171033359,-34303.78906,0.054433439,539.5685425,-56.14796829,0,-78.78336334,-71.95058441,0,-0.02670383,0.197737189
26,-12.79999537,-69.30000205,2022,4,100,298.3847758,1.759661053,0.18712788,0.006527672,2.75E-05,-0.039969096,-0.002967921,2.46E-05,-0.053294288,16366564.93,1.26635E+13,0.255958546,0.027519155,-34303.78906,0.054433439,539.5685425,-56.14796829,0,-78.78336334,-71.95058441,0,-0.023087052,0.050606208
26,-12.79999537,-69.30000205,2023,4,100,298.6183828,2.439349464,0.185305104,0.005324458,2.14E-05,0.028387336,-0.002365938,1.73E-05,-0.049988104,13663018.49,3.22963E+13,0.39824146,-0.082701875,-34303.78906,0.054433439,539.5685425,-56.14796829,0,-78.78336334,-71.95058441,0,-0.020708045,-0.06199383
26,-12.79999537,-69.30000205,2024,4,100,298.7782186,2.573861768,0.271953264,0.00510235,1.99E-05,0.140850691,-0.002287117,1.61E-05,-0.005390147,13233290.32,3.43807E+13,0.553844155,-0.074199539,-34303.78906,0.054433439,539.5685425,-56.14796829,0,-78.78336334,-71.95058441,0,-0.023860527,-0.050339012
27,-12.7999929,-69.29968769,2000,4,100,297.2914836,1.682856391,NaN,0.006582934,1.74E-05,NaN,-0.002844479,1.55E-05,NaN,16433231.17,4.63895E+12,NaN,NaN,-48459.97656,0.073572993,361.3109741,21.24909019,11.40259075,-150.8489532,-77.12409973,0,NaN,NaN
27,-12.7999929,-69.29968769,2001,4,100,297.4196981,1.377731105,NaN,0.006596117,1.82E-05,NaN,-0.00287708,1.60E-05,NaN,16488110.17,3.67194E+12,NaN,NaN,-48459.97656,0.073572993,361.3109741,21.24909019,11.40259075,-150.8489532,-77.12409973,0,NaN,NaN
27,-12.7999929,-69.29968769,2002,4,100,297.5537381,1.199705321,NaN,0.007025917,2.09E-05,NaN,-0.003252298,1.89E-05,NaN,16524167.33,3.81785E+12,NaN,NaN,-48459.97656,0.073572993,361.3109741,21.24909019,11.40259075,-150.8489532,-77.12409973,0,NaN,NaN
27,-12.7999929,-69.29968769,2003,4,100,297.5972137,0.995660436,NaN,0.007221731,2.39E-05,NaN,-0.00343475,2.18E-05,NaN,16618973.58,3.48508E+12,NaN,NaN,-48459.97656,0.073572993,361.3109741,21.24909019,11.40259075,-150.8489532,-77.12409973,0,NaN,NaN
27,-12.7999929,-69.29968769,2004,4,100,297.6498617,1.012515102,0.206153548,0.007397812,2.53E-05,-0.082916054,-0.003615594,2.32E-05,-0.120596626,16596359.15,3.46311E+12,-0.029249759,0.360089967,-48459.97656,0.073572993,361.3109741,21.24909019,11.40259075,-150.8489532,-77.12409973,0,0,0.360089967
27,-12.7999929,-69.29968769,2005,4,100,297.7052358,0.916460733,0.231401127,0.007536853,2.71E-05,-0.113221922,-0.003735868,2.51E-05,-0.142848666,16670548.48,3.44817E+12,0.017667428,0.325293075,-48459.97656,0.073572993,361.3109741,21.24909019,11.40259075,-150.8489532,-77.12409973,0,0.002038372,0.323254703
27,-12.7999929,-69.29968769,2006,4,100,297.7474925,0.881406636,0.249897473,0.007538172,2.74E-05,-0.14388986,-0.003782148,2.50E-05,-0.171870729,16749102.23,3.03301E+12,-0.010305808,0.261294981,-48459.97656,0.073572993,361.3109741,21.24909019,11.40259075,-150.8489532,-77.12409973,0,0.001940715,0.259354266
27,-12.7999929,-69.29968769,2007,4,100,297.7759196,1.150994205,0.252930272,0.007604193,2.76E-05,-0.160577809,-0.003878235,2.50E-05,-0.189075776,16653028.98,3.30082E+12,-0.043445053,0.282726829,-48459.97656,0.073572993,361.3109741,21.24909019,11.40259075,-150.8489532,-77.12409973,0,-0.005095006,0.287821835
27,-12.7999929,-69.29968769,2008,4,100,297.8138529,0.959068887,0.236155181,0.007651366,2.98E-05,-0.172769594,-0.003918255,2.69E-05,-0.204977234,16778616.56,3.21832E+12,-0.091748317,0.296997407,-48459.97656,0.073572993,361.3109741,21.24909019,11.40259075,-150.8489532,-77.12409973,0,-0.005431814,0.302429221
27,-12.7999929,-69.29968769,2009,4,100,297.7834574,1.120147312,0.201282814,0.007950834,3.19E-05,-0.206202201,-0.004209797,2.91E-05,-0.243873058,16667201.31,3.74788E+12,-0.192847914,0.372456474,-48459.97656,0.073572993,361.3109741,21.24909019,11.40259075,-150.8489532,-77.12409973,0,-0.018675427,0.391131902
27,-12.7999929,-69.29968769,2010,4,100,297.8843943,1.288917511,0.17007733,0.007644088,3.28E-05,-0.208735483,-0.003879895,2.97E-05,-0.244354294,16785651.48,4.29164E+12,-0.229715241,0.479341431,-48459.97656,0.073572993,361.3109741,21.24909019,11.40259075,-150.8489532,-77.12409973,0,-0.018134011,0.497475443
27,-12.7999929,-69.29968769,2011,4,100,297.9413808,1.030265332,0.152261646,0.007657248,3.77E-05,-0.134169081,-0.003905864,3.50E-05,-0.166153768,16843872.15,4.38937E+12,-0.230050013,0.439110069,-48459.97656,0.073572993,361.3109741,21.24909019,11.40259075,-150.8489532,-77.12409973,0,-0.013919851,0.45302992
27,-12.7999929,-69.29968769,2012,4,100,297.9627889,1.080809471,0.190027662,0.007940672,4.01E-05,-0.081270869,-0.004189452,3.77E-05,-0.101446333,16818605.25,4.42143E+12,-0.202856447,0.363135549,-48459.97656,0.073572993,361.3109741,21.24909019,11.40259075,-150.8489532,-77.12409973,0,-0.01095223,0.374087779
27,-12.7999929,-69.29968769,2013,4,100,297.9799245,0.978954983,0.248268304,0.007820537,3.87E-05,-0.004425695,-0.004048487,3.64E-05,-0.014208391,16994245.5,4.24259E+12,-0.141491099,0.271714162,-48459.97656,0.073572993,361.3109741,21.24909019,11.40259075,-150.8489532,-77.12409973,0,-0.020990648,0.292704809
27,-12.7999929,-69.29968769,2014,4,100,297.8159027,1.061353948,0.317818819,0.008320118,4.25E-05,0.056607213,-0.004541535,4.14E-05,0.050954688,16797254.94,4.78173E+12,-0.127895658,0.200833715,-48459.97656,0.073572993,361.3109741,21.24909019,11.40259075,-150.8489532,-77.12409973,0,-0.015150703,0.215984418
27,-12.7999929,-69.29968769,2015,4,100,297.8531189,1.282321374,0.373157823,0.008265922,3.68E-05,0.008503534,-0.004449419,3.58E-05,0.010758286,16781158.15,5.0834E+12,-0.109833459,0.213174006,-48459.97656,0.073572993,361.3109741,21.24909019,11.40259075,-150.8489532,-77.12409973,0,-0.027987164,0.24116117
27,-12.7999929,-69.29968769,2016,4,100,298.0070852,1.299039581,0.408879939,0.007818732,3.38E-05,-0.032326013,-0.003967217,3.26E-05,-0.018469916,16940964.69,4.98403E+12,-0.057531064,0.25970637,-48459.97656,0.073572993,361.3109741,21.24909019,11.40259075,-150.8489532,-77.12409973,0,-0.028748515,0.288454885
27,-12.7999929,-69.29968769,2017,4,100,298.105957,1.234248998,0.425675447,0.007786411,3.15E-05,-0.002364115,-0.003929843,2.98E-05,0.025853824,16840453.56,4.98194E+12,0.054988625,0.276906037,-48459.97656,0.073572993,361.3109741,21.24909019,11.40259075,-150.8489532,-77.12409973,0,-0.036174906,0.313080942
27,-12.7999929,-69.29968769,2018,4,100,298.0825958,1.293348795,0.376276475,0.007741543,2.85E-05,0.020872077,-0.003870118,2.61E-05,0.062438027,16857916.27,4.20128E+12,0.207136471,0.325376253,-48459.97656,0.073572993,361.3109741,21.24909019,11.40259075,-150.8489532,-77.12409973,0,-0.026739387,0.35211564
27,-12.7999929,-69.29968769,2019,4,100,298.0796611,1.243924618,0.3251625,0.007713942,2.98E-05,0.058839657,-0.003869923,2.71E-05,0.100419216,16872666.4,3.7207E+12,0.298342914,0.404223061,-48459.97656,0.073572993,361.3109741,21.24909019,11.40259075,-150.8489532,-77.12409973,0,-0.020815113,0.425038174
27,-12.7999929,-69.29968769,2020,4,100,298.184962,1.685218853,0.233985059,0.007595376,2.91E-05,0.082643267,-0.003767707,2.66E-05,0.11342538,16973942.9,4.61547E+12,0.337895049,0.435205822,-48459.97656,0.073572993,361.3109741,21.24909019,11.40259075,-150.8489532,-77.12409973,0,-0.023844843,0.459050665
27,-12.7999929,-69.29968769,2021,4,100,298.2273407,2.056049313,0.193403289,0.007434557,3.22E-05,0.013247213,-0.003657737,2.96E-05,0.021749315,17121358,4.54938E+12,0.303189069,0.456478794,-48459.97656,0.073572993,361.3109741,21.24909019,11.40259075,-150.8489532,-77.12409973,0,-0.045390241,0.501869035
27,-12.7999929,-69.29968769,2022,4,100,298.3847758,1.759661053,0.18712788,0.006527672,2.75E-05,-0.039969096,-0.002967921,2.46E-05,-0.053294288,16366564.93,1.26635E+13,0.255958546,0.408717866,-48459.97656,0.073572993,361.3109741,21.24909019,11.40259075,-150.8489532,-77.12409973,0,-0.000739903,0.409457769
27,-12.7999929,-69.29968769,2023,4,100,298.6183828,2.439349464,0.185305104,0.005324458,2.14E-05,0.028387336,-0.002365938,1.73E-05,-0.049988104,13663018.49,3.22963E+13,0.39824146,0.380087274,-48459.97656,0.073572993,361.3109741,21.24909019,11.40259075,-150.8489532,-77.12409973,0,-0.026359684,0.406446958
27,-12.7999929,-69.29968769,2024,4,100,298.7782186,2.573861768,0.271953264,0.00510235,1.99E-05,0.140850691,-0.002287117,1.61E-05,-0.005390147,13233290.32,3.43807E+13,0.553844155,0.35034769,-48459.97656,0.073572993,361.3109741,21.24909019,11.40259075,-150.8489532,-77.12409973,0,-0.035278815,0.385626505
28,-12.79970577,-69.29999462,2000,4,100,297.2914836,1.682856391,NaN,0.006582934,1.74E-05,NaN,-0.002844479,1.55E-05,NaN,16433231.17,4.63895E+12,NaN,NaN,2349.644775,0.004330554,572.6869507,-16.17508125,-7.943664074,-140.5837555,-120.6176529,0,NaN,NaN
28,-12.79970577,-69.29999462,2001,4,100,297.4196981,1.377731105,NaN,0.006596117,1.82E-05,NaN,-0.00287708,1.60E-05,NaN,16488110.17,3.67194E+12,NaN,NaN,2349.644775,0.004330554,572.6869507,-16.17508125,-7.943664074,-140.5837555,-120.6176529,0,NaN,NaN
28,-12.79970577,-69.29999462,2002,4,100,297.5537381,1.199705321,NaN,0.007025917,2.09E-05,NaN,-0.003252298,1.89E-05,NaN,16524167.33,3.81785E+12,NaN,NaN,2349.644775,0.004330554,572.6869507,-16.17508125,-7.943664074,-140.5837555,-120.6176529,0,NaN,NaN
28,-12.79970577,-69.29999462,2003,4,100,297.5972137,0.995660436,NaN,0.007221731,2.39E-05,NaN,-0.00343475,2.18E-05,NaN,16618973.58,3.48508E+12,NaN,NaN,2349.644775,0.004330554,572.6869507,-16.17508125,-7.943664074,-140.5837555,-120.6176529,0,NaN,NaN
28,-12.79970577,-69.29999462,2004,4,100,297.6498617,1.012515102,0.206153548,0.007397812,2.53E-05,-0.082916054,-0.003615594,2.32E-05,-0.120596626,16596359.15,3.46311E+12,-0.029249759,0.36351051,2349.644775,0.004330554,572.6869507,-16.17508125,-7.943664074,-140.5837555,-120.6176529,0,0,0.36351051
28,-12.79970577,-69.29999462,2005,4,100,297.7052358,0.916460733,0.231401127,0.007536853,2.71E-05,-0.113221922,-0.003735868,2.51E-05,-0.142848666,16670548.48,3.44817E+12,0.017667428,0.378911771,2349.644775,0.004330554,572.6869507,-16.17508125,-7.943664074,-140.5837555,-120.6176529,0,-0.011014457,0.389926228
28,-12.79970577,-69.29999462,2006,4,100,297.7474925,0.881406636,0.249897473,0.007538172,2.74E-05,-0.14388986,-0.003782148,2.50E-05,-0.171870729,16749102.23,3.03301E+12,-0.010305808,0.460606309,2349.644775,0.004330554,572.6869507,-16.17508125,-7.943664074,-140.5837555,-120.6176529,0,-0.008280054,0.468886363
28,-12.79970577,-69.29999462,2007,4,100,297.7759196,1.150994205,0.252930272,0.007604193,2.76E-05,-0.160577809,-0.003878235,2.50E-05,-0.189075776,16653028.98,3.30082E+12,-0.043445053,0.499222813,2349.644775,0.004330554,572.6869507,-16.17508125,-7.943664074,-140.5837555,-120.6176529,0,-0.018384277,0.51760709
28,-12.79970577,-69.29999462,2008,4,100,297.8138529,0.959068887,0.236155181,0.007651366,2.98E-05,-0.172769594,-0.003918255,2.69E-05,-0.204977234,16778616.56,3.21832E+12,-0.091748317,0.55459228,2349.644775,0.004330554,572.6869507,-16.17508125,-7.943664074,-140.5837555,-120.6176529,0,-0.002018049,0.556610329
28,-12.79970577,-69.29999462,2009,4,100,297.7834574,1.120147312,0.201282814,0.007950834,3.19E-05,-0.206202201,-0.004209797,2.91E-05,-0.243873058,16667201.31,3.74788E+12,-0.192847914,0.616127132,2349.644775,0.004330554,572.6869507,-16.17508125,-7.943664074,-140.5837555,-120.6176529,0,-0.00115559,0.617282722
28,-12.79970577,-69.29999462,2010,4,100,297.8843943,1.288917511,0.17007733,0.007644088,3.28E-05,-0.208735483,-0.003879895,2.97E-05,-0.244354294,16785651.48,4.29164E+12,-0.229715241,0.577955048,2349.644775,0.004330554,572.6869507,-16.17508125,-7.943664074,-140.5837555,-120.6176529,0,0.003488276,0.574466773
28,-12.79970577,-69.29999462,2011,4,100,297.9413808,1.030265332,0.152261646,0.007657248,3.77E-05,-0.134169081,-0.003905864,3.50E-05,-0.166153768,16843872.15,4.38937E+12,-0.230050013,0.447251251,2349.644775,0.004330554,572.6869507,-16.17508125,-7.943664074,-140.5837555,-120.6176529,0,-0.009116621,0.456367872
28,-12.79970577,-69.29999462,2012,4,100,297.9627889,1.080809471,0.190027662,0.007940672,4.01E-05,-0.081270869,-0.004189452,3.77E-05,-0.101446333,16818605.25,4.42143E+12,-0.202856447,0.383476006,2349.644775,0.004330554,572.6869507,-16.17508125,-7.943664074,-140.5837555,-120.6176529,0,-0.003403571,0.386879577
28,-12.79970577,-69.29999462,2013,4,100,297.9799245,0.978954983,0.248268304,0.007820537,3.87E-05,-0.004425695,-0.004048487,3.64E-05,-0.014208391,16994245.5,4.24259E+12,-0.141491099,0.327138599,2349.644775,0.004330554,572.6869507,-16.17508125,-7.943664074,-140.5837555,-120.6176529,0,-0.004425934,0.331564533
28,-12.79970577,-69.29999462,2014,4,100,297.8159027,1.061353948,0.317818819,0.008320118,4.25E-05,0.056607213,-0.004541535,4.14E-05,0.050954688,16797254.94,4.78173E+12,-0.127895658,0.305541067,2349.644775,0.004330554,572.6869507,-16.17508125,-7.943664074,-140.5837555,-120.6176529,0,-0.017241155,0.322782221
28,-12.79970577,-69.29999462,2015,4,100,297.8531189,1.282321374,0.373157823,0.008265922,3.68E-05,0.008503534,-0.004449419,3.58E-05,0.010758286,16781158.15,5.0834E+12,-0.109833459,0.389187045,2349.644775,0.004330554,572.6869507,-16.17508125,-7.943664074,-140.5837555,-120.6176529,0,-0.015577342,0.404764387
28,-12.79970577,-69.29999462,2016,4,100,298.0070852,1.299039581,0.408879939,0.007818732,3.38E-05,-0.032326013,-0.003967217,3.26E-05,-0.018469916,16940964.69,4.98403E+12,-0.057531064,0.412258918,2349.644775,0.004330554,572.6869507,-16.17508125,-7.943664074,-140.5837555,-120.6176529,0,-0.015628477,0.427887395
28,-12.79970577,-69.29999462,2017,4,100,298.105957,1.234248998,0.425675447,0.007786411,3.15E-05,-0.002364115,-0.003929843,2.98E-05,0.025853824,16840453.56,4.98194E+12,0.054988625,0.404849698,2349.644775,0.004330554,572.6869507,-16.17508125,-7.943664074,-140.5837555,-120.6176529,0,-0.006726429,0.411576127
28,-12.79970577,-69.29999462,2018,4,100,298.0825958,1.293348795,0.376276475,0.007741543,2.85E-05,0.020872077,-0.003870118,2.61E-05,0.062438027,16857916.27,4.20128E+12,0.207136471,0.438344073,2349.644775,0.004330554,572.6869507,-16.17508125,-7.943664074,-140.5837555,-120.6176529,0,-0.005340193,0.443684266
28,-12.79970577,-69.29999462,2019,4,100,298.0796611,1.243924618,0.3251625,0.007713942,2.98E-05,0.058839657,-0.003869923,2.71E-05,0.100419216,16872666.4,3.7207E+12,0.298342914,0.455216375,2349.644775,0.004330554,572.6869507,-16.17508125,-7.943664074,-140.5837555,-120.6176529,0,-0.029296136,0.484512511
28,-12.79970577,-69.29999462,2020,4,100,298.184962,1.685218853,0.233985059,0.007595376,2.91E-05,0.082643267,-0.003767707,2.66E-05,0.11342538,16973942.9,4.61547E+12,0.337895049,0.45113832,2349.644775,0.004330554,572.6869507,-16.17508125,-7.943664074,-140.5837555,-120.6176529,0,-0.059327222,0.510465542
28,-12.79970577,-69.29999462,2021,4,100,298.2273407,2.056049313,0.193403289,0.007434557,3.22E-05,0.013247213,-0.003657737,2.96E-05,0.021749315,17121358,4.54938E+12,0.303189069,0.460646904,2349.644775,0.004330554,572.6869507,-16.17508125,-7.943664074,-140.5837555,-120.6176529,0,-0.058748652,0.519395556
28,-12.79970577,-69.29999462,2022,4,100,298.3847758,1.759661053,0.18712788,0.006527672,2.75E-05,-0.039969096,-0.002967921,2.46E-05,-0.053294288,16366564.93,1.26635E+13,0.255958546,0.415586287,2349.644775,0.004330554,572.6869507,-16.17508125,-7.943664074,-140.5837555,-120.6176529,0,0.013048983,0.402537304
28,-12.79970577,-69.29999462,2023,4,100,298.6183828,2.439349464,0.185305104,0.005324458,2.14E-05,0.028387336,-0.002365938,1.73E-05,-0.049988104,13663018.49,3.22963E+13,0.39824146,0.358493703,2349.644775,0.004330554,572.6869507,-16.17508125,-7.943664074,-140.5837555,-120.6176529,0,-0.026629845,0.385123548
28,-12.79970577,-69.29999462,2024,4,100,298.7782186,2.573861768,0.271953264,0.00510235,1.99E-05,0.140850691,-0.002287117,1.61E-05,-0.005390147,13233290.32,3.43807E+13,0.553844155,0.261984603,2349.644775,0.004330554,572.6869507,-16.17508125,-7.943664074,-140.5837555,-120.6176529,0,-0.043837084,0.305821687
29,-12.80028127,-69.29998905,2000,4,100,297.2914836,1.682856391,NaN,0.006582934,1.74E-05,NaN,-0.002844479,1.55E-05,NaN,16433231.17,4.63895E+12,NaN,NaN,-7460.873535,0.018155616,249.3665619,56.10965347,27.55755043,-169.6898193,-66.21965027,0,NaN,NaN
29,-12.80028127,-69.29998905,2001,4,100,297.4196981,1.377731105,NaN,0.006596117,1.82E-05,NaN,-0.00287708,1.60E-05,NaN,16488110.17,3.67194E+12,NaN,NaN,-7460.873535,0.018155616,249.3665619,56.10965347,27.55755043,-169.6898193,-66.21965027,0,NaN,NaN
29,-12.80028127,-69.29998905,2002,4,100,297.5537381,1.199705321,NaN,0.007025917,2.09E-05,NaN,-0.003252298,1.89E-05,NaN,16524167.33,3.81785E+12,NaN,NaN,-7460.873535,0.018155616,249.3665619,56.10965347,27.55755043,-169.6898193,-66.21965027,0,NaN,NaN
29,-12.80028127,-69.29998905,2003,4,100,297.5972137,0.995660436,NaN,0.007221731,2.39E-05,NaN,-0.00343475,2.18E-05,NaN,16618973.58,3.48508E+12,NaN,NaN,-7460.873535,0.018155616,249.3665619,56.10965347,27.55755043,-169.6898193,-66.21965027,0,NaN,NaN
29,-12.80028127,-69.29998905,2004,4,100,297.6498617,1.012515102,0.206153548,0.007397812,2.53E-05,-0.082916054,-0.003615594,2.32E-05,-0.120596626,16596359.15,3.46311E+12,-0.029249759,0.21017181,-7460.873535,0.018155616,249.3665619,56.10965347,27.55755043,-169.6898193,-66.21965027,0,0,0.21017181
29,-12.80028127,-69.29998905,2005,4,100,297.7052358,0.916460733,0.231401127,0.007536853,2.71E-05,-0.113221922,-0.003735868,2.51E-05,-0.142848666,16670548.48,3.44817E+12,0.017667428,0.064731903,-7460.873535,0.018155616,249.3665619,56.10965347,27.55755043,-169.6898193,-66.21965027,0,-0.012839687,0.07757159
29,-12.80028127,-69.29998905,2006,4,100,297.7474925,0.881406636,0.249897473,0.007538172,2.74E-05,-0.14388986,-0.003782148,2.50E-05,-0.171870729,16749102.23,3.03301E+12,-0.010305808,0.080338394,-7460.873535,0.018155616,249.3665619,56.10965347,27.55755043,-169.6898193,-66.21965027,0,-0.025637695,0.105976089
29,-12.80028127,-69.29998905,2007,4,100,297.7759196,1.150994205,0.252930272,0.007604193,2.76E-05,-0.160577809,-0.003878235,2.50E-05,-0.189075776,16653028.98,3.30082E+12,-0.043445053,0.107881317,-7460.873535,0.018155616,249.3665619,56.10965347,27.55755043,-169.6898193,-66.21965027,0,-0.035526513,0.14340783
29,-12.80028127,-69.29998905,2008,4,100,297.8138529,0.959068887,0.236155181,0.007651366,2.98E-05,-0.172769594,-0.003918255,2.69E-05,-0.204977234,16778616.56,3.21832E+12,-0.091748317,0.074347781,-7460.873535,0.018155616,249.3665619,56.10965347,27.55755043,-169.6898193,-66.21965027,0,-0.022697802,0.097045583
29,-12.80028127,-69.29998905,2009,4,100,297.7834574,1.120147312,0.201282814,0.007950834,3.19E-05,-0.206202201,-0.004209797,2.91E-05,-0.243873058,16667201.31,3.74788E+12,-0.192847914,0.173709129,-7460.873535,0.018155616,249.3665619,56.10965347,27.55755043,-169.6898193,-66.21965027,0,-0.027048149,0.200757278
29,-12.80028127,-69.29998905,2010,4,100,297.8843943,1.288917511,0.17007733,0.007644088,3.28E-05,-0.208735483,-0.003879895,2.97E-05,-0.244354294,16785651.48,4.29164E+12,-0.229715241,0.231233314,-7460.873535,0.018155616,249.3665619,56.10965347,27.55755043,-169.6898193,-66.21965027,0,-0.019843463,0.251076777
29,-12.80028127,-69.29998905,2011,4,100,297.9413808,1.030265332,0.152261646,0.007657248,3.77E-05,-0.134169081,-0.003905864,3.50E-05,-0.166153768,16843872.15,4.38937E+12,-0.230050013,0.225432081,-7460.873535,0.018155616,249.3665619,56.10965347,27.55755043,-169.6898193,-66.21965027,0,-0.028723121,0.254155203
29,-12.80028127,-69.29998905,2012,4,100,297.9627889,1.080809471,0.190027662,0.007940672,4.01E-05,-0.081270869,-0.004189452,3.77E-05,-0.101446333,16818605.25,4.42143E+12,-0.202856447,0.298871214,-7460.873535,0.018155616,249.3665619,56.10965347,27.55755043,-169.6898193,-66.21965027,0,-0.012676475,0.311547689
29,-12.80028127,-69.29998905,2013,4,100,297.9799245,0.978954983,0.248268304,0.007820537,3.87E-05,-0.004425695,-0.004048487,3.64E-05,-0.014208391,16994245.5,4.24259E+12,-0.141491099,0.314609446,-7460.873535,0.018155616,249.3665619,56.10965347,27.55755043,-169.6898193,-66.21965027,0,-0.003738483,0.31834793
29,-12.80028127,-69.29998905,2014,4,100,297.8159027,1.061353948,0.317818819,0.008320118,4.25E-05,0.056607213,-0.004541535,4.14E-05,0.050954688,16797254.94,4.78173E+12,-0.127895658,0.376163484,-7460.873535,0.018155616,249.3665619,56.10965347,27.55755043,-169.6898193,-66.21965027,0,-0.011014903,0.387178387
29,-12.80028127,-69.29998905,2015,4,100,297.8531189,1.282321374,0.373157823,0.008265922,3.68E-05,0.008503534,-0.004449419,3.58E-05,0.010758286,16781158.15,5.0834E+12,-0.109833459,0.482976579,-7460.873535,0.018155616,249.3665619,56.10965347,27.55755043,-169.6898193,-66.21965027,0,-0.007724527,0.490701106
29,-12.80028127,-69.29998905,2016,4,100,298.0070852,1.299039581,0.408879939,0.007818732,3.38E-05,-0.032326013,-0.003967217,3.26E-05,-0.018469916,16940964.69,4.98403E+12,-0.057531064,0.528490692,-7460.873535,0.018155616,249.3665619,56.10965347,27.55755043,-169.6898193,-66.21965027,0,-0.024474957,0.552965649
29,-12.80028127,-69.29998905,2017,4,100,298.105957,1.234248998,0.425675447,0.007786411,3.15E-05,-0.002364115,-0.003929843,2.98E-05,0.025853824,16840453.56,4.98194E+12,0.054988625,0.54874352,-7460.873535,0.018155616,249.3665619,56.10965347,27.55755043,-169.6898193,-66.21965027,0,-0.019964495,0.568708015
29,-12.80028127,-69.29998905,2018,4,100,298.0825958,1.293348795,0.376276475,0.007741543,2.85E-05,0.020872077,-0.003870118,2.61E-05,0.062438027,16857916.27,4.20128E+12,0.207136471,0.504979895,-7460.873535,0.018155616,249.3665619,56.10965347,27.55755043,-169.6898193,-66.21965027,0,-0.013303395,0.51828329
29,-12.80028127,-69.29998905,2019,4,100,298.0796611,1.243924618,0.3251625,0.007713942,2.98E-05,0.058839657,-0.003869923,2.71E-05,0.100419216,16872666.4,3.7207E+12,0.298342914,0.47078863,-7460.873535,0.018155616,249.3665619,56.10965347,27.55755043,-169.6898193,-66.21965027,0,-0.023463143,0.494251773
29,-12.80028127,-69.29998905,2020,4,100,298.184962,1.685218853,0.233985059,0.007595376,2.91E-05,0.082643267,-0.003767707,2.66E-05,0.11342538,16973942.9,4.61547E+12,0.337895049,0.405382337,-7460.873535,0.018155616,249.3665619,56.10965347,27.55755043,-169.6898193,-66.21965027,0,-0.056228098,0.461610435
29,-12.80028127,-69.29998905,2021,4,100,298.2273407,2.056049313,0.193403289,0.007434557,3.22E-05,0.013247213,-0.003657737,2.96E-05,0.021749315,17121358,4.54938E+12,0.303189069,0.326921464,-7460.873535,0.018155616,249.3665619,56.10965347,27.55755043,-169.6898193,-66.21965027,0,-0.055463239,0.382384703
29,-12.80028127,-69.29998905,2022,4,100,298.3847758,1.759661053,0.18712788,0.006527672,2.75E-05,-0.039969096,-0.002967921,2.46E-05,-0.053294288,16366564.93,1.26635E+13,0.255958546,0.262746039,-7460.873535,0.018155616,249.3665619,56.10965347,27.55755043,-169.6898193,-66.21965027,0,-0.022815791,0.28556183
29,-12.80028127,-69.29998905,2023,4,100,298.6183828,2.439349464,0.185305104,0.005324458,2.14E-05,0.028387336,-0.002365938,1.73E-05,-0.049988104,13663018.49,3.22963E+13,0.39824146,0.211236084,-7460.873535,0.018155616,249.3665619,56.10965347,27.55755043,-169.6898193,-66.21965027,0,-0.045479554,0.256715639
29,-12.80028127,-69.29998905,2024,4,100,298.7782186,2.573861768,0.271953264,0.00510235,1.99E-05,0.140850691,-0.002287117,1.61E-05,-0.005390147,13233290.32,3.43807E+13,0.553844155,0.172813715,-7460.873535,0.018155616,249.3665619,56.10965347,27.55755043,-169.6898193,-66.21965027,0,-0.042814822,0.215628537
30,-12.79999507,-69.30035648,2000,4,100,297.2914836,1.682856391,NaN,0.006582934,1.74E-05,NaN,-0.002844479,1.55E-05,NaN,16433231.17,4.63895E+12,NaN,NaN,5479.041504,0,499.7975159,-32.54849625,0,-106.1797943,-51.01607895,0,NaN,NaN
30,-12.79999507,-69.30035648,2001,4,100,297.4196981,1.377731105,NaN,0.006596117,1.82E-05,NaN,-0.00287708,1.60E-05,NaN,16488110.17,3.67194E+12,NaN,NaN,5479.041504,0,499.7975159,-32.54849625,0,-106.1797943,-51.01607895,0,NaN,NaN
30,-12.79999507,-69.30035648,2002,4,100,297.5537381,1.199705321,NaN,0.007025917,2.09E-05,NaN,-0.003252298,1.89E-05,NaN,16524167.33,3.81785E+12,NaN,NaN,5479.041504,0,499.7975159,-32.54849625,0,-106.1797943,-51.01607895,0,NaN,NaN
30,-12.79999507,-69.30035648,2003,4,100,297.5972137,0.995660436,NaN,0.007221731,2.39E-05,NaN,-0.00343475,2.18E-05,NaN,16618973.58,3.48508E+12,NaN,NaN,5479.041504,0,499.7975159,-32.54849625,0,-106.1797943,-51.01607895,0,NaN,NaN
30,-12.79999507,-69.30035648,2004,4,100,297.6498617,1.012515102,0.206153548,0.007397812,2.53E-05,-0.082916054,-0.003615594,2.32E-05,-0.120596626,16596359.15,3.46311E+12,-0.029249759,0.218170998,5479.041504,0,499.7975159,-32.54849625,0,-106.1797943,-51.01607895,0,0,0.218170998
30,-12.79999507,-69.30035648,2005,4,100,297.7052358,0.916460733,0.231401127,0.007536853,2.71E-05,-0.113221922,-0.003735868,2.51E-05,-0.142848666,16670548.48,3.44817E+12,0.017667428,0.075941898,5479.041504,0,499.7975159,-32.54849625,0,-106.1797943,-51.01607895,0,-0.003950574,0.079892472
30,-12.79999507,-69.30035648,2006,4,100,297.7474925,0.881406636,0.249897473,0.007538172,2.74E-05,-0.14388986,-0.003782148,2.50E-05,-0.171870729,16749102.23,3.03301E+12,-0.010305808,-0.047529067,5479.041504,0,499.7975159,-32.54849625,0,-106.1797943,-51.01607895,0,-0.016784342,-0.030744725
30,-12.79999507,-69.30035648,2007,4,100,297.7759196,1.150994205,0.252930272,0.007604193,2.76E-05,-0.160577809,-0.003878235,2.50E-05,-0.189075776,16653028.98,3.30082E+12,-0.043445053,-0.034368422,5479.041504,0,499.7975159,-32.54849625,0,-106.1797943,-51.01607895,0,-0.017458837,-0.016909585
30,-12.79999507,-69.30035648,2008,4,100,297.8138529,0.959068887,0.236155181,0.007651366,2.98E-05,-0.172769594,-0.003918255,2.69E-05,-0.204977234,16778616.56,3.21832E+12,-0.091748317,-0.06383234,5479.041504,0,499.7975159,-32.54849625,0,-106.1797943,-51.01607895,0,-0.002180406,-0.061651935
30,-12.79999507,-69.30035648,2009,4,100,297.7834574,1.120147312,0.201282814,0.007950834,3.19E-05,-0.206202201,-0.004209797,2.91E-05,-0.243873058,16667201.31,3.74788E+12,-0.192847914,-0.000235182,5479.041504,0,499.7975159,-32.54849625,0,-106.1797943,-51.01607895,0,-0.000588373,0.000353191
30,-12.79999507,-69.30035648,2010,4,100,297.8843943,1.288917511,0.17007733,0.007644088,3.28E-05,-0.208735483,-0.003879895,2.97E-05,-0.244354294,16785651.48,4.29164E+12,-0.229715241,0.151513122,5479.041504,0,499.7975159,-32.54849625,0,-106.1797943,-51.01607895,0,0.011001527,0.140511595
30,-12.79999507,-69.30035648,2011,4,100,297.9413808,1.030265332,0.152261646,0.007657248,3.77E-05,-0.134169081,-0.003905864,3.50E-05,-0.166153768,16843872.15,4.38937E+12,-0.230050013,0.21992205,5479.041504,0,499.7975159,-32.54849625,0,-106.1797943,-51.01607895,0,-0.006450086,0.226372136
30,-12.79999507,-69.30035648,2012,4,100,297.9627889,1.080809471,0.190027662,0.007940672,4.01E-05,-0.081270869,-0.004189452,3.77E-05,-0.101446333,16818605.25,4.42143E+12,-0.202856447,0.271183246,5479.041504,0,499.7975159,-32.54849625,0,-106.1797943,-51.01607895,0,-0.000243046,0.271426292
30,-12.79999507,-69.30035648,2013,4,100,297.9799245,0.978954983,0.248268304,0.007820537,3.87E-05,-0.004425695,-0.004048487,3.64E-05,-0.014208391,16994245.5,4.24259E+12,-0.141491099,0.273554669,5479.041504,0,499.7975159,-32.54849625,0,-106.1797943,-51.01607895,0,-0.008185674,0.281740343
30,-12.79999507,-69.30035648,2014,4,100,297.8159027,1.061353948,0.317818819,0.008320118,4.25E-05,0.056607213,-0.004541535,4.14E-05,0.050954688,16797254.94,4.78173E+12,-0.127895658,0.283013235,5479.041504,0,499.7975159,-32.54849625,0,-106.1797943,-51.01607895,0,-0.033867471,0.316880707
30,-12.79999507,-69.30035648,2015,4,100,297.8531189,1.282321374,0.373157823,0.008265922,3.68E-05,0.008503534,-0.004449419,3.58E-05,0.010758286,16781158.15,5.0834E+12,-0.109833459,0.311329194,5479.041504,0,499.7975159,-32.54849625,0,-106.1797943,-51.01607895,0,-0.013295521,0.324624715
30,-12.79999507,-69.30035648,2016,4,100,298.0070852,1.299039581,0.408879939,0.007818732,3.38E-05,-0.032326013,-0.003967217,3.26E-05,-0.018469916,16940964.69,4.98403E+12,-0.057531064,0.349483305,5479.041504,0,499.7975159,-32.54849625,0,-106.1797943,-51.01607895,0,-0.014399212,0.363882517
30,-12.79999507,-69.30035648,2017,4,100,298.105957,1.234248998,0.425675447,0.007786411,3.15E-05,-0.002364115,-0.003929843,2.98E-05,0.025853824,16840453.56,4.98194E+12,0.054988625,0.38707695,5479.041504,0,499.7975159,-32.54849625,0,-106.1797943,-51.01607895,0,-0.023961246,0.411038195
30,-12.79999507,-69.30035648,2018,4,100,298.0825958,1.293348795,0.376276475,0.007741543,2.85E-05,0.020872077,-0.003870118,2.61E-05,0.062438027,16857916.27,4.20128E+12,0.207136471,0.324576728,5479.041504,0,499.7975159,-32.54849625,0,-106.1797943,-51.01607895,0,-0.006963963,0.331540691
30,-12.79999507,-69.30035648,2019,4,100,298.0796611,1.243924618,0.3251625,0.007713942,2.98E-05,0.058839657,-0.003869923,2.71E-05,0.100419216,16872666.4,3.7207E+12,0.298342914,0.261305657,5479.041504,0,499.7975159,-32.54849625,0,-106.1797943,-51.01607895,0,-0.038171665,0.299477322
30,-12.79999507,-69.30035648,2020,4,100,298.184962,1.685218853,0.233985059,0.007595376,2.91E-05,0.082643267,-0.003767707,2.66E-05,0.11342538,16973942.9,4.61547E+12,0.337895049,0.156720685,5479.041504,0,499.7975159,-32.54849625,0,-106.1797943,-51.01607895,0,-0.073459322,0.230180008
30,-12.79999507,-69.30035648,2021,4,100,298.2273407,2.056049313,0.193403289,0.007434557,3.22E-05,0.013247213,-0.003657737,2.96E-05,0.021749315,17121358,4.54938E+12,0.303189069,0.062902744,5479.041504,0,499.7975159,-32.54849625,0,-106.1797943,-51.01607895,0,-0.076069337,0.138972082
30,-12.79999507,-69.30035648,2022,4,100,298.3847758,1.759661053,0.18712788,0.006527672,2.75E-05,-0.039969096,-0.002967921,2.46E-05,-0.053294288,16366564.93,1.26635E+13,0.255958546,0.002184046,5479.041504,0,499.7975159,-32.54849625,0,-106.1797943,-51.01607895,0,0.025454286,-0.02327024
30,-12.79999507,-69.30035648,2023,4,100,298.6183828,2.439349464,0.185305104,0.005324458,2.14E-05,0.028387336,-0.002365938,1.73E-05,-0.049988104,13663018.49,3.22963E+13,0.39824146,-0.050867843,5479.041504,0,499.7975159,-32.54849625,0,-106.1797943,-51.01607895,0,-0.00820683,-0.042661013
30,-12.79999507,-69.30035648,2024,4,100,298.7782186,2.573861768,0.271953264,0.00510235,1.99E-05,0.140850691,-0.002287117,1.61E-05,-0.005390147,13233290.32,3.43807E+13,0.553844155,-0.054983175,5479.041504,0,499.7975159,-32.54849625,0,-106.1797943,-51.01607895,0,-0.024452842,-0.030530334
31,-14.83300007,-52.16799773,2000,4,93,299.0032349,1.267964982,NaN,0.004172116,1.57E-05,NaN,-0.00120111,8.74E-06,NaN,18920890.5,2.27682E+12,NaN,NaN,4988.598633,0,667.8544312,170.3376312,59.45153809,-83.28968811,-13.56933975,0,NaN,NaN
31,-14.83300007,-52.16799773,2001,4,93,299.0983276,1.035540152,NaN,0.004207486,1.57E-05,NaN,-0.001175722,9.24E-06,NaN,19037661.83,2.61462E+12,NaN,NaN,4988.598633,0,667.8544312,170.3376312,59.45153809,-83.28968811,-13.56933975,0,NaN,NaN
31,-14.83300007,-52.16799773,2002,4,93,299.3506131,1.201699399,NaN,0.004224324,1.83E-05,NaN,-0.001253531,1.12E-05,NaN,19135941.17,2.89312E+12,NaN,NaN,4988.598633,0,667.8544312,170.3376312,59.45153809,-83.28968811,-13.56933975,0,NaN,NaN
31,-14.83300007,-52.16799773,2003,4,93,299.3559214,1.254493521,NaN,0.004049163,1.67E-05,NaN,-0.00109757,9.99E-06,NaN,19180440.33,2.9491E+12,NaN,NaN,4988.598633,0,667.8544312,170.3376312,59.45153809,-83.28968811,-13.56933975,0,NaN,NaN
31,-14.83300007,-52.16799773,2004,4,93,299.4136149,1.406358874,0.227360399,0.004190809,2.19E-05,0.24495561,-0.001290074,1.49E-05,0.230849923,19192112.46,4.04032E+12,0.231344477,0.113523717,4988.598633,0,667.8544312,170.3376312,59.45153809,-83.28968811,-13.56933975,0,0,0.113523717
31,-14.83300007,-52.16799773,2005,4,93,299.4924672,1.650959799,0.247078688,0.004162453,2.24E-05,0.238023968,-0.001332353,1.52E-05,0.217958944,19090793.29,4.54368E+12,0.173954094,0.231251736,4988.598633,0,667.8544312,170.3376312,59.45153809,-83.28968811,-13.56933975,0,0.018438037,0.212813699
31,-14.83300007,-52.16799773,2006,4,93,299.3015696,1.583884318,0.19183487,0.004169524,1.98E-05,0.162759941,-0.001289945,1.31E-05,0.149732218,18985689.58,4.17663E+12,0.105789973,0.333728729,4988.598633,0,667.8544312,170.3376312,59.45153809,-83.28968811,-13.56933975,0,0.009146711,0.324582019
31,-14.83300007,-52.16799773,2007,4,93,299.4423014,1.82896815,0.175615708,0.004162104,2.10E-05,0.118743258,-0.001344279,1.38E-05,0.104891676,19092534.5,4.61493E+12,0.061044371,0.385501996,4988.598633,0,667.8544312,170.3376312,59.45153809,-83.28968811,-13.56933975,0,0.019005881,0.366496115
31,-14.83300007,-52.16799773,2008,4,93,299.4646505,1.993023532,0.179784308,0.004141704,1.81E-05,0.081690654,-0.001320569,1.05E-05,0.049301306,19108252.92,4.03186E+12,-0.009808947,0.502127405,4988.598633,0,667.8544312,170.3376312,59.45153809,-83.28968811,-13.56933975,0,0.011413718,0.490713688
31,-14.83300007,-52.16799773,2009,4,93,299.4031677,1.701382895,0.173754205,0.00425748,1.77E-05,0.030835482,-0.001349772,1.00E-05,-0.019020554,19065385.04,3.35064E+12,-0.024101783,0.566371339,4988.598633,0,667.8544312,170.3376312,59.45153809,-83.28968811,-13.56933975,0,0.022708454,0.543662885
31,-14.83300007,-52.16799773,2010,4,93,299.6247101,1.853490468,0.235837064,0.004018357,1.73E-05,0.058427638,-0.001150616,9.70E-06,-0.016156656,19288306.08,3.70279E+12,0.047284348,0.598529781,4988.598633,0,667.8544312,170.3376312,59.45153809,-83.28968811,-13.56933975,0,0.040394443,0.558135338
31,-14.83300007,-52.16799773,2011,4,93,299.4235586,1.82008041,0.299778362,0.004350417,1.84E-05,0.120807861,-0.001436632,1.05E-05,0.030802327,18995474.83,3.4487E+12,0.156722219,0.632107667,4988.598633,0,667.8544312,170.3376312,59.45153809,-83.28968811,-13.56933975,0,0.044976568,0.5871311
31,-14.83300007,-52.16799773,2012,4,93,299.5470988,1.691929999,0.338888724,0.003968659,1.51E-05,0.136331482,-0.001012671,8.29E-06,0.053795871,19192751.33,3.82915E+12,0.252417706,0.651064265,4988.598633,0,667.8544312,170.3376312,59.45153809,-83.28968811,-13.56933975,0,0.036515846,0.614548419
31,-14.83300007,-52.16799773,2013,4,93,299.5859222,1.746353511,0.358970412,0.004142616,2.03E-05,0.059248147,-0.001231595,1.29E-05,-0.01310804,19218917.96,4.14677E+12,0.211867144,0.662379721,4988.598633,0,667.8544312,170.3376312,59.45153809,-83.28968811,-13.56933975,0,0.056540686,0.605839035
31,-14.83300007,-52.16799773,2014,4,93,299.4811859,1.777042834,0.351460814,0.004356703,2.15E-05,-0.051392535,-0.001437534,1.38E-05,-0.114068645,19068111.42,4.14111E+12,0.089560013,0.66421815,4988.598633,0,667.8544312,170.3376312,59.45153809,-83.28968811,-13.56933975,0,0.064046506,0.600171644
31,-14.83300007,-52.16799773,2015,4,93,299.7279154,2.006730452,0.312464706,0.003923714,1.81E-05,-0.190148407,-0.00093384,1.18E-05,-0.247081952,19422248.08,5.19469E+12,-0.054986732,0.613609534,4988.598633,0,667.8544312,170.3376312,59.45153809,-83.28968811,-13.56933975,0,0.069409677,0.544199857
31,-14.83300007,-52.16799773,2016,4,93,299.8683319,1.908778838,0.279870071,0.004049859,2.02E-05,-0.316762284,-0.001074138,1.37E-05,-0.372639207,19333439.08,5.22366E+12,-0.212425782,0.540892248,4988.598633,0,667.8544312,170.3376312,59.45153809,-83.28968811,-13.56933975,0,0.030367318,0.510524931
31,-14.83300007,-52.16799773,2017,4,93,299.9981689,2.22603736,0.291315834,0.003607362,1.43E-05,-0.307949917,-0.000638482,8.51E-06,-0.367690121,19597489.75,5.33489E+12,-0.237880487,0.413975687,4988.598633,0,667.8544312,170.3376312,59.45153809,-83.28968811,-13.56933975,0,-0.0010027,0.414978388
31,-14.83300007,-52.16799773,2018,4,93,300.0225779,2.083010301,0.277336135,0.003399273,1.23E-05,-0.297636196,-0.00041625,6.98E-06,-0.356976624,19662363.71,4.98399E+12,-0.231941047,0.228868025,4988.598633,0,667.8544312,170.3376312,59.45153809,-83.28968811,-13.56933975,0,-0.003708444,0.232576469
31,-14.83300007,-52.16799773,2019,4,93,300.1297913,1.950087179,0.291160064,0.003285729,1.22E-05,-0.282710626,-0.000363171,6.63E-06,-0.338134823,19780119.04,4.52493E+12,-0.208956972,0.129480085,4988.598633,0,667.8544312,170.3376312,59.45153809,-83.28968811,-13.56933975,0,-0.015168109,0.144648194
31,-14.83300007,-52.16799773,2020,4,93,300.0110524,2.160894089,0.298712489,0.003295173,1.09E-05,-0.197964063,-0.000384909,5.50E-06,-0.251776947,19895088.25,3.90817E+12,-0.063504984,0.090820934,4988.598633,0,667.8544312,170.3376312,59.45153809,-83.28968811,-13.56933975,0,0.014627353,0.076193582
31,-14.83300007,-52.16799773,2021,4,93,299.9017792,2.181856333,0.296820027,0.003432222,1.22E-05,-0.157900669,-0.000553891,6.36E-06,-0.200284597,19895212.33,3.59438E+12,0.087579169,0.041447862,4988.598633,0,667.8544312,170.3376312,59.45153809,-83.28968811,-13.56933975,0,0.004513055,0.036934807
31,-14.83300007,-52.16799773,2022,4,93,299.8926697,2.277836352,0.354267252,0.003269912,1.32E-05,-0.073299333,-0.00061345,7.01E-06,-0.12166409,19002375.58,1.44751E+13,0.254816812,0.094715535,4988.598633,0,667.8544312,170.3376312,59.45153809,-83.28968811,-13.56933975,0,0.029322947,0.065392588
31,-14.83300007,-52.16799773,2023,4,93,299.8846181,2.782974002,0.400882793,0.002947086,1.31E-05,0.066406063,-0.00076055,6.82E-06,-0.052729294,15824830.3,3.4888E+13,0.508090088,0.100534586,4988.598633,0,667.8544312,170.3376312,59.45153809,-83.28968811,-13.56933975,0,0.005329885,0.095204701
31,-14.83300007,-52.16799773,2024,4,93,299.9677938,2.82893354,0.478287856,0.002804091,1.18E-05,0.185061117,-0.000728688,5.93E-06,-0.026583706,15238471.47,3.59656E+13,0.664631164,0.032163004,4988.598633,0,667.8544312,170.3376312,59.45153809,-83.28968811,-13.56933975,0,-0.012670718,0.044833722
32,-14.83300474,-52.16778299,2000,4,93,299.0032349,1.267964982,NaN,0.004172116,1.57E-05,NaN,-0.00120111,8.74E-06,NaN,18920890.5,2.27682E+12,NaN,NaN,21762.51953,-0.023007926,666.6312256,90.63108063,2.133008242,-77.29802704,-27.04762077,0,NaN,NaN
32,-14.83300474,-52.16778299,2001,4,93,299.0983276,1.035540152,NaN,0.004207486,1.57E-05,NaN,-0.001175722,9.24E-06,NaN,19037661.83,2.61462E+12,NaN,NaN,21762.51953,-0.023007926,666.6312256,90.63108063,2.133008242,-77.29802704,-27.04762077,0,NaN,NaN
32,-14.83300474,-52.16778299,2002,4,93,299.3506131,1.201699399,NaN,0.004224324,1.83E-05,NaN,-0.001253531,1.12E-05,NaN,19135941.17,2.89312E+12,NaN,NaN,21762.51953,-0.023007926,666.6312256,90.63108063,2.133008242,-77.29802704,-27.04762077,0,NaN,NaN
32,-14.83300474,-52.16778299,2003,4,93,299.3559214,1.254493521,NaN,0.004049163,1.67E-05,NaN,-0.00109757,9.99E-06,NaN,19180440.33,2.9491E+12,NaN,NaN,21762.51953,-0.023007926,666.6312256,90.63108063,2.133008242,-77.29802704,-27.04762077,0,NaN,NaN
32,-14.83300474,-52.16778299,2004,4,93,299.4136149,1.406358874,0.227360399,0.004190809,2.19E-05,0.24495561,-0.001290074,1.49E-05,0.230849923,19192112.46,4.04032E+12,0.231344477,-0.199438276,21762.51953,-0.023007926,666.6312256,90.63108063,2.133008242,-77.29802704,-27.04762077,0,0,-0.199438276
32,-14.83300474,-52.16778299,2005,4,93,299.4924672,1.650959799,0.247078688,0.004162453,2.24E-05,0.238023968,-0.001332353,1.52E-05,0.217958944,19090793.29,4.54368E+12,0.173954094,0.015150743,21762.51953,-0.023007926,666.6312256,90.63108063,2.133008242,-77.29802704,-27.04762077,0,0.016649295,-0.001498552
32,-14.83300474,-52.16778299,2006,4,93,299.3015696,1.583884318,0.19183487,0.004169524,1.98E-05,0.162759941,-0.001289945,1.31E-05,0.149732218,18985689.58,4.17663E+12,0.105789973,0.219895263,21762.51953,-0.023007926,666.6312256,90.63108063,2.133008242,-77.29802704,-27.04762077,0,0.020052356,0.199842907
32,-14.83300474,-52.16778299,2007,4,93,299.4423014,1.82896815,0.175615708,0.004162104,2.10E-05,0.118743258,-0.001344279,1.38E-05,0.104891676,19092534.5,4.61493E+12,0.061044371,0.316847667,21762.51953,-0.023007926,666.6312256,90.63108063,2.133008242,-77.29802704,-27.04762077,0,0.037068501,0.279779165
32,-14.83300474,-52.16778299,2008,4,93,299.4646505,1.993023532,0.179784308,0.004141704,1.81E-05,0.081690654,-0.001320569,1.05E-05,0.049301306,19108252.92,4.03186E+12,-0.009808947,0.521559963,21762.51953,-0.023007926,666.6312256,90.63108063,2.133008242,-77.29802704,-27.04762077,0,0.034373209,0.487186754
32,-14.83300474,-52.16778299,2009,4,93,299.4031677,1.701382895,0.173754205,0.00425748,1.77E-05,0.030835482,-0.001349772,1.00E-05,-0.019020554,19065385.04,3.35064E+12,-0.024101783,0.619319365,21762.51953,-0.023007926,666.6312256,90.63108063,2.133008242,-77.29802704,-27.04762077,0,0.014371185,0.60494818
32,-14.83300474,-52.16778299,2010,4,93,299.6247101,1.853490468,0.235837064,0.004018357,1.73E-05,0.058427638,-0.001150616,9.70E-06,-0.016156656,19288306.08,3.70279E+12,0.047284348,0.612808242,21762.51953,-0.023007926,666.6312256,90.63108063,2.133008242,-77.29802704,-27.04762077,0,0.007233181,0.605575061
32,-14.83300474,-52.16778299,2011,4,93,299.4235586,1.82008041,0.299778362,0.004350417,1.84E-05,0.120807861,-0.001436632,1.05E-05,0.030802327,18995474.83,3.4487E+12,0.156722219,0.590894489,21762.51953,-0.023007926,666.6312256,90.63108063,2.133008242,-77.29802704,-27.04762077,0,0.027808985,0.563085504
32,-14.83300474,-52.16778299,2012,4,93,299.5470988,1.691929999,0.338888724,0.003968659,1.51E-05,0.136331482,-0.001012671,8.29E-06,0.053795871,19192751.33,3.82915E+12,0.252417706,0.570105456,21762.51953,-0.023007926,666.6312256,90.63108063,2.133008242,-77.29802704,-27.04762077,0,-0.00250642,0.572611876
32,-14.83300474,-52.16778299,2013,4,93,299.5859222,1.746353511,0.358970412,0.004142616,2.03E-05,0.059248147,-0.001231595,1.29E-05,-0.01310804,19218917.96,4.14677E+12,0.211867144,0.557714715,21762.51953,-0.023007926,666.6312256,90.63108063,2.133008242,-77.29802704,-27.04762077,0,0.019606582,0.538108133
32,-14.83300474,-52.16778299,2014,4,93,299.4811859,1.777042834,0.351460814,0.004356703,2.15E-05,-0.051392535,-0.001437534,1.38E-05,-0.114068645,19068111.42,4.14111E+12,0.089560013,0.570748469,21762.51953,-0.023007926,666.6312256,90.63108063,2.133008242,-77.29802704,-27.04762077,0,0.030091438,0.540657032
32,-14.83300474,-52.16778299,2015,4,93,299.7279154,2.006730452,0.312464706,0.003923714,1.81E-05,-0.190148407,-0.00093384,1.18E-05,-0.247081952,19422248.08,5.19469E+12,-0.054986732,0.574947395,21762.51953,-0.023007926,666.6312256,90.63108063,2.133008242,-77.29802704,-27.04762077,0,0.024606263,0.550341132
32,-14.83300474,-52.16778299,2016,4,93,299.8683319,1.908778838,0.279870071,0.004049859,2.02E-05,-0.316762284,-0.001074138,1.37E-05,-0.372639207,19333439.08,5.22366E+12,-0.212425782,0.559586498,21762.51953,-0.023007926,666.6312256,90.63108063,2.133008242,-77.29802704,-27.04762077,0,0.012017761,0.547568738
32,-14.83300474,-52.16778299,2017,4,93,299.9981689,2.22603736,0.291315834,0.003607362,1.43E-05,-0.307949917,-0.000638482,8.51E-06,-0.367690121,19597489.75,5.33489E+12,-0.237880487,0.469226526,21762.51953,-0.023007926,666.6312256,90.63108063,2.133008242,-77.29802704,-27.04762077,0,0.020975011,0.448251514
32,-14.83300474,-52.16778299,2018,4,93,300.0225779,2.083010301,0.277336135,0.003399273,1.23E-05,-0.297636196,-0.00041625,6.98E-06,-0.356976624,19662363.71,4.98399E+12,-0.231941047,0.335374184,21762.51953,-0.023007926,666.6312256,90.63108063,2.133008242,-77.29802704,-27.04762077,0,0.002909262,0.332464922
32,-14.83300474,-52.16778299,2019,4,93,300.1297913,1.950087179,0.291160064,0.003285729,1.22E-05,-0.282710626,-0.000363171,6.63E-06,-0.338134823,19780119.04,4.52493E+12,-0.208956972,0.25561006,21762.51953,-0.023007926,666.6312256,90.63108063,2.133008242,-77.29802704,-27.04762077,0,0.003113486,0.252496574
32,-14.83300474,-52.16778299,2020,4,93,300.0110524,2.160894089,0.298712489,0.003295173,1.09E-05,-0.197964063,-0.000384909,5.50E-06,-0.251776947,19895088.25,3.90817E+12,-0.063504984,0.201101708,21762.51953,-0.023007926,666.6312256,90.63108063,2.133008242,-77.29802704,-27.04762077,0,0.007279514,0.193822194
32,-14.83300474,-52.16778299,2021,4,93,299.9017792,2.181856333,0.296820027,0.003432222,1.22E-05,-0.157900669,-0.000553891,6.36E-06,-0.200284597,19895212.33,3.59438E+12,0.087579169,0.159707908,21762.51953,-0.023007926,666.6312256,90.63108063,2.133008242,-77.29802704,-27.04762077,0,-0.000556421,0.160264329
32,-14.83300474,-52.16778299,2022,4,93,299.8926697,2.277836352,0.354267252,0.003269912,1.32E-05,-0.073299333,-0.00061345,7.01E-06,-0.12166409,19002375.58,1.44751E+13,0.254816812,0.144096838,21762.51953,-0.023007926,666.6312256,90.63108063,2.133008242,-77.29802704,-27.04762077,0,0.003864351,0.140232486
32,-14.83300474,-52.16778299,2023,4,93,299.8846181,2.782974002,0.400882793,0.002947086,1.31E-05,0.066406063,-0.00076055,6.82E-06,-0.052729294,15824830.3,3.4888E+13,0.508090088,0.067481112,21762.51953,-0.023007926,666.6312256,90.63108063,2.133008242,-77.29802704,-27.04762077,0,-0.013497039,0.080978151
32,-14.83300474,-52.16778299,2024,4,93,299.9677938,2.82893354,0.478287856,0.002804091,1.18E-05,0.185061117,-0.000728688,5.93E-06,-0.026583706,15238471.47,3.59656E+13,0.664631164,-0.031731868,21762.51953,-0.023007926,666.6312256,90.63108063,2.133008242,-77.29802704,-27.04762077,0,-0.009882913,-0.021848955
33,-14.83281335,-52.16799773,2000,4,95,299.0032349,1.267964982,NaN,0.004172116,1.57E-05,NaN,-0.00120111,8.74E-06,NaN,18920890.5,2.27682E+12,NaN,NaN,4988.599121,0,667.8532715,170.3383789,59.45114517,-83.28941345,-13.56935787,0,NaN,NaN
33,-14.83281335,-52.16799773,2001,4,95,299.0983276,1.035540152,NaN,0.004207486,1.57E-05,NaN,-0.001175722,9.24E-06,NaN,19037661.83,2.61462E+12,NaN,NaN,4988.599121,0,667.8532715,170.3383789,59.45114517,-83.28941345,-13.56935787,0,NaN,NaN
33,-14.83281335,-52.16799773,2002,4,95,299.3506131,1.201699399,NaN,0.004224324,1.83E-05,NaN,-0.001253531,1.12E-05,NaN,19135941.17,2.89312E+12,NaN,NaN,4988.599121,0,667.8532715,170.3383789,59.45114517,-83.28941345,-13.56935787,0,NaN,NaN
33,-14.83281335,-52.16799773,2003,4,95,299.3559214,1.254493521,NaN,0.004049163,1.67E-05,NaN,-0.00109757,9.99E-06,NaN,19180440.33,2.9491E+12,NaN,NaN,4988.599121,0,667.8532715,170.3383789,59.45114517,-83.28941345,-13.56935787,0,NaN,NaN
33,-14.83281335,-52.16799773,2004,4,95,299.4136149,1.406358874,0.227360399,0.004190809,2.19E-05,0.24495561,-0.001290074,1.49E-05,0.230849923,19192112.46,4.04032E+12,0.231344477,0.113523913,4988.599121,0,667.8532715,170.3383789,59.45114517,-83.28941345,-13.56935787,0,0,0.113523913
33,-14.83281335,-52.16799773,2005,4,95,299.4924672,1.650959799,0.247078688,0.004162453,2.24E-05,0.238023968,-0.001332353,1.52E-05,0.217958944,19090793.29,4.54368E+12,0.173954094,0.231251894,4988.599121,0,667.8532715,170.3383789,59.45114517,-83.28941345,-13.56935787,0,0.018438037,0.212813857
33,-14.83281335,-52.16799773,2006,4,95,299.3015696,1.583884318,0.19183487,0.004169524,1.98E-05,0.162759941,-0.001289945,1.31E-05,0.149732218,18985689.58,4.17663E+12,0.105789973,0.333728856,4988.599121,0,667.8532715,170.3383789,59.45114517,-83.28941345,-13.56935787,0,0.007598112,0.326130744
33,-14.83281335,-52.16799773,2007,4,95,299.4423014,1.82896815,0.175615708,0.004162104,2.10E-05,0.118743258,-0.001344279,1.38E-05,0.104891676,19092534.5,4.61493E+12,0.061044371,0.385502097,4988.599121,0,667.8532715,170.3383789,59.45114517,-83.28941345,-13.56935787,0,0.019204601,0.366297496
33,-14.83281335,-52.16799773,2008,4,95,299.4646505,1.993023532,0.179784308,0.004141704,1.81E-05,0.081690654,-0.001320569,1.05E-05,0.049301306,19108252.92,4.03186E+12,-0.009808947,0.502127442,4988.599121,0,667.8532715,170.3383789,59.45114517,-83.28941345,-13.56935787,0,0.011652251,0.490475191
33,-14.83281335,-52.16799773,2009,4,95,299.4031677,1.701382895,0.173754205,0.00425748,1.77E-05,0.030835482,-0.001349772,1.00E-05,-0.019020554,19065385.04,3.35064E+12,-0.024101783,0.566371324,4988.599121,0,667.8532715,170.3383789,59.45114517,-83.28941345,-13.56935787,0,0.023612625,0.542758699
33,-14.83281335,-52.16799773,2010,4,95,299.6247101,1.853490468,0.235837064,0.004018357,1.73E-05,0.058427638,-0.001150616,9.70E-06,-0.016156656,19288306.08,3.70279E+12,0.047284348,0.59852975,4988.599121,0,667.8532715,170.3383789,59.45114517,-83.28941345,-13.56935787,0,0.039710202,0.558819548
33,-14.83281335,-52.16799773,2011,4,95,299.4235586,1.82008041,0.299778362,0.004350417,1.84E-05,0.120807861,-0.001436632,1.05E-05,0.030802327,18995474.83,3.4487E+12,0.156722219,0.632107648,4988.599121,0,667.8532715,170.3383789,59.45114517,-83.28941345,-13.56935787,0,0.043626689,0.58848096
33,-14.83281335,-52.16799773,2012,4,95,299.5470988,1.691929999,0.338888724,0.003968659,1.51E-05,0.136331482,-0.001012671,8.29E-06,0.053795871,19192751.33,3.82915E+12,0.252417706,0.651064289,4988.599121,0,667.8532715,170.3383789,59.45114517,-83.28941345,-13.56935787,0,0.035165967,0.615898323
33,-14.83281335,-52.16799773,2013,4,95,299.5859222,1.746353511,0.358970412,0.004142616,2.03E-05,0.059248147,-0.001231595,1.29E-05,-0.01310804,19218917.96,4.14677E+12,0.211867144,0.66237981,4988.599121,0,667.8532715,170.3383789,59.45114517,-83.28941345,-13.56935787,0,0.053894796,0.608485013
33,-14.83281335,-52.16799773,2014,4,95,299.4811859,1.777042834,0.351460814,0.004356703,2.15E-05,-0.051392535,-0.001437534,1.38E-05,-0.114068645,19068111.42,4.14111E+12,0.089560013,0.664218264,4988.599121,0,667.8532715,170.3383789,59.45114517,-83.28941345,-13.56935787,0,0.065611943,0.598606321
33,-14.83281335,-52.16799773,2015,4,95,299.7279154,2.006730452,0.312464706,0.003923714,1.81E-05,-0.190148407,-0.00093384,1.18E-05,-0.247081952,19422248.08,5.19469E+12,-0.054986732,0.613609653,4988.599121,0,667.8532715,170.3383789,59.45114517,-83.28941345,-13.56935787,0,0.069578383,0.544031269
33,-14.83281335,-52.16799773,2016,4,95,299.8683319,1.908778838,0.279870071,0.004049859,2.02E-05,-0.316762284,-0.001074138,1.37E-05,-0.372639207,19333439.08,5.22366E+12,-0.212425782,0.540892354,4988.599121,0,667.8532715,170.3383789,59.45114517,-83.28941345,-13.56935787,0,0.028018928,0.512873427
33,-14.83281335,-52.16799773,2017,4,95,299.9981689,2.22603736,0.291315834,0.003607362,1.43E-05,-0.307949917,-0.000638482,8.51E-06,-0.367690121,19597489.75,5.33489E+12,-0.237880487,0.413975749,4988.599121,0,667.8532715,170.3383789,59.45114517,-83.28941345,-13.56935787,0,0.003802455,0.410173293
33,-14.83281335,-52.16799773,2018,4,95,300.0225779,2.083010301,0.277336135,0.003399273,1.23E-05,-0.297636196,-0.00041625,6.98E-06,-0.356976624,19662363.71,4.98399E+12,-0.231941047,0.228868044,4988.599121,0,667.8532715,170.3383789,59.45114517,-83.28941345,-13.56935787,0,0.002640976,0.226227068
33,-14.83281335,-52.16799773,2019,4,95,300.1297913,1.950087179,0.291160064,0.003285729,1.22E-05,-0.282710626,-0.000363171,6.63E-06,-0.338134823,19780119.04,4.52493E+12,-0.208956972,0.129480066,4988.599121,0,667.8532715,170.3383789,59.45114517,-83.28941345,-13.56935787,0,-0.008042731,0.137522797
33,-14.83281335,-52.16799773,2020,4,95,300.0110524,2.160894089,0.298712489,0.003295173,1.09E-05,-0.197964063,-0.000384909,5.50E-06,-0.251776947,19895088.25,3.90817E+12,-0.063504984,0.090820876,4988.599121,0,667.8532715,170.3383789,59.45114517,-83.28941345,-13.56935787,0,0.020164295,0.070656581
33,-14.83281335,-52.16799773,2021,4,95,299.9017792,2.181856333,0.296820027,0.003432222,1.22E-05,-0.157900669,-0.000553891,6.36E-06,-0.200284597,19895212.33,3.59438E+12,0.087579169,0.041447787,4988.599121,0,667.8532715,170.3383789,59.45114517,-83.28941345,-13.56935787,0,0.010049998,0.031397789
33,-14.83281335,-52.16799773,2022,4,95,299.8926697,2.277836352,0.354267252,0.003269912,1.32E-05,-0.073299333,-0.00061345,7.01E-06,-0.12166409,19002375.58,1.44751E+13,0.254816812,0.094715449,4988.599121,0,667.8532715,170.3383789,59.45114517,-83.28941345,-13.56935787,0,0.03161733,0.063098119
33,-14.83281335,-52.16799773,2023,4,95,299.8846181,2.782974002,0.400882793,0.002947086,1.31E-05,0.066406063,-0.00076055,6.82E-06,-0.052729294,15824830.3,3.4888E+13,0.508090088,0.100534494,4988.599121,0,667.8532715,170.3383789,59.45114517,-83.28941345,-13.56935787,0,0.004743395,0.095791099
33,-14.83281335,-52.16799773,2024,4,95,299.9677938,2.82893354,0.478287856,0.002804091,1.18E-05,0.185061117,-0.000728688,5.93E-06,-0.026583706,15238471.47,3.59656E+13,0.664631164,0.032162946,4988.599121,0,667.8532715,170.3383789,59.45114517,-83.28941345,-13.56935787,0,-0.010504116,0.042667062
34,-14.83322881,-52.16799306,2000,4,93,299.0032349,1.267964982,NaN,0.004172116,1.57E-05,NaN,-0.00120111,8.74E-06,NaN,18920890.5,2.27682E+12,NaN,NaN,14921.2041,-0.013730967,627.0351563,63.59836197,11.04141426,-67.38080597,-30.54711342,0,NaN,NaN
34,-14.83322881,-52.16799306,2001,4,93,299.0983276,1.035540152,NaN,0.004207486,1.57E-05,NaN,-0.001175722,9.24E-06,NaN,19037661.83,2.61462E+12,NaN,NaN,14921.2041,-0.013730967,627.0351563,63.59836197,11.04141426,-67.38080597,-30.54711342,0,NaN,NaN
34,-14.83322881,-52.16799306,2002,4,93,299.3506131,1.201699399,NaN,0.004224324,1.83E-05,NaN,-0.001253531,1.12E-05,NaN,19135941.17,2.89312E+12,NaN,NaN,14921.2041,-0.013730967,627.0351563,63.59836197,11.04141426,-67.38080597,-30.54711342,0,NaN,NaN
34,-14.83322881,-52.16799306,2003,4,93,299.3559214,1.254493521,NaN,0.004049163,1.67E-05,NaN,-0.00109757,9.99E-06,NaN,19180440.33,2.9491E+12,NaN,NaN,14921.2041,-0.013730967,627.0351563,63.59836197,11.04141426,-67.38080597,-30.54711342,0,NaN,NaN
34,-14.83322881,-52.16799306,2004,4,93,299.4136149,1.406358874,0.227360399,0.004190809,2.19E-05,0.24495561,-0.001290074,1.49E-05,0.230849923,19192112.46,4.04032E+12,0.231344477,-0.047409409,14921.2041,-0.013730967,627.0351563,63.59836197,11.04141426,-67.38080597,-30.54711342,0,0,-0.047409409
34,-14.83322881,-52.16799306,2005,4,93,299.4924672,1.650959799,0.247078688,0.004162453,2.24E-05,0.238023968,-0.001332353,1.52E-05,0.217958944,19090793.29,4.54368E+12,0.173954094,0.079384703,14921.2041,-0.013730967,627.0351563,63.59836197,11.04141426,-67.38080597,-30.54711342,0,0.006902547,0.072482156
34,-14.83322881,-52.16799306,2006,4,93,299.3015696,1.583884318,0.19183487,0.004169524,1.98E-05,0.162759941,-0.001289945,1.31E-05,0.149732218,18985689.58,4.17663E+12,0.105789973,0.202643521,14921.2041,-0.013730967,627.0351563,63.59836197,11.04141426,-67.38080597,-30.54711342,0,0.008069996,0.194573525
34,-14.83322881,-52.16799306,2007,4,93,299.4423014,1.82896815,0.175615708,0.004162104,2.10E-05,0.118743258,-0.001344279,1.38E-05,0.104891676,19092534.5,4.61493E+12,0.061044371,0.277690864,14921.2041,-0.013730967,627.0351563,63.59836197,11.04141426,-67.38080597,-30.54711342,0,0.02455073,0.253140134
34,-14.83322881,-52.16799306,2008,4,93,299.4646505,1.993023532,0.179784308,0.004141704,1.81E-05,0.081690654,-0.001320569,1.05E-05,0.049301306,19108252.92,4.03186E+12,-0.009808947,0.412056371,14921.2041,-0.013730967,627.0351563,63.59836197,11.04141426,-67.38080597,-30.54711342,0,0.015989689,0.396066682
34,-14.83322881,-52.16799306,2009,4,93,299.4031677,1.701382895,0.173754205,0.00425748,1.77E-05,0.030835482,-0.001349772,1.00E-05,-0.019020554,19065385.04,3.35064E+12,-0.024101783,0.502355006,14921.2041,-0.013730967,627.0351563,63.59836197,11.04141426,-67.38080597,-30.54711342,0,0.015321058,0.487033948
34,-14.83322881,-52.16799306,2010,4,93,299.6247101,1.853490468,0.235837064,0.004018357,1.73E-05,0.058427638,-0.001150616,9.70E-06,-0.016156656,19288306.08,3.70279E+12,0.047284348,0.539078777,14921.2041,-0.013730967,627.0351563,63.59836197,11.04141426,-67.38080597,-30.54711342,0,0.01136376,0.527715017
34,-14.83322881,-52.16799306,2011,4,93,299.4235586,1.82008041,0.299778362,0.004350417,1.84E-05,0.120807861,-0.001436632,1.05E-05,0.030802327,18995474.83,3.4487E+12,0.156722219,0.560207954,14921.2041,-0.013730967,627.0351563,63.59836197,11.04141426,-67.38080597,-30.54711342,0,0.018027482,0.542180472
34,-14.83322881,-52.16799306,2012,4,93,299.5470988,1.691929999,0.338888724,0.003968659,1.51E-05,0.136331482,-0.001012671,8.29E-06,0.053795871,19192751.33,3.82915E+12,0.252417706,0.57746148,14921.2041,-0.013730967,627.0351563,63.59836197,11.04141426,-67.38080597,-30.54711342,0,0.003314629,0.574146851
34,-14.83322881,-52.16799306,2013,4,93,299.5859222,1.746353511,0.358970412,0.004142616,2.03E-05,0.059248147,-0.001231595,1.29E-05,-0.01310804,19218917.96,4.14677E+12,0.211867144,0.601168042,14921.2041,-0.013730967,627.0351563,63.59836197,11.04141426,-67.38080597,-30.54711342,0,0.020877775,0.580290267
34,-14.83322881,-52.16799306,2014,4,93,299.4811859,1.777042834,0.351460814,0.004356703,2.15E-05,-0.051392535,-0.001437534,1.38E-05,-0.114068645,19068111.42,4.14111E+12,0.089560013,0.622814899,14921.2041,-0.013730967,627.0351563,63.59836197,11.04141426,-67.38080597,-30.54711342,0,0.023504599,0.5993103
34,-14.83322881,-52.16799306,2015,4,93,299.7279154,2.006730452,0.312464706,0.003923714,1.81E-05,-0.190148407,-0.00093384,1.18E-05,-0.247081952,19422248.08,5.19469E+12,-0.054986732,0.595017711,14921.2041,-0.013730967,627.0351563,63.59836197,11.04141426,-67.38080597,-30.54711342,0,0.021014951,0.57400276
34,-14.83322881,-52.16799306,2016,4,93,299.8683319,1.908778838,0.279870071,0.004049859,2.02E-05,-0.316762284,-0.001074138,1.37E-05,-0.372639207,19333439.08,5.22366E+12,-0.212425782,0.547166275,14921.2041,-0.013730967,627.0351563,63.59836197,11.04141426,-67.38080597,-30.54711342,0,0.009056785,0.53810949
34,-14.83322881,-52.16799306,2017,4,93,299.9981689,2.22603736,0.291315834,0.003607362,1.43E-05,-0.307949917,-0.000638482,8.51E-06,-0.367690121,19597489.75,5.33489E+12,-0.237880487,0.402716408,14921.2041,-0.013730967,627.0351563,63.59836197,11.04141426,-67.38080597,-30.54711342,0,0.014698559,0.388017849
34,-14.83322881,-52.16799306,2018,4,93,300.0225779,2.083010301,0.277336135,0.003399273,1.23E-05,-0.297636196,-0.00041625,6.98E-06,-0.356976624,19662363.71,4.98399E+12,-0.231941047,0.233971019,14921.2041,-0.013730967,627.0351563,63.59836197,11.04141426,-67.38080597,-30.54711342,0,-0.005321686,0.239292705
34,-14.83322881,-52.16799306,2019,4,93,300.1297913,1.950087179,0.291160064,0.003285729,1.22E-05,-0.282710626,-0.000363171,6.63E-06,-0.338134823,19780119.04,4.52493E+12,-0.208956972,0.15583992,14921.2041,-0.013730967,627.0351563,63.59836197,11.04141426,-67.38080597,-30.54711342,0,-0.007161159,0.163001079
34,-14.83322881,-52.16799306,2020,4,93,300.0110524,2.160894089,0.298712489,0.003295173,1.09E-05,-0.197964063,-0.000384909,5.50E-06,-0.251776947,19895088.25,3.90817E+12,-0.063504984,0.140925562,14921.2041,-0.013730967,627.0351563,63.59836197,11.04141426,-67.38080597,-30.54711342,0,-0.002950622,0.143876184
34,-14.83322881,-52.16799306,2021,4,93,299.9017792,2.181856333,0.296820027,0.003432222,1.22E-05,-0.157900669,-0.000553891,6.36E-06,-0.200284597,19895212.33,3.59438E+12,0.087579169,0.137767725,14921.2041,-0.013730967,627.0351563,63.59836197,11.04141426,-67.38080597,-30.54711342,0,-0.008714635,0.14648236
34,-14.83322881,-52.16799306,2022,4,93,299.8926697,2.277836352,0.354267252,0.003269912,1.32E-05,-0.073299333,-0.00061345,7.01E-06,-0.12166409,19002375.58,1.44751E+13,0.254816812,0.18734988,14921.2041,-0.013730967,627.0351563,63.59836197,11.04141426,-67.38080597,-30.54711342,0,0.017056,0.17029388
34,-14.83322881,-52.16799306,2023,4,93,299.8846181,2.782974002,0.400882793,0.002947086,1.31E-05,0.066406063,-0.00076055,6.82E-06,-0.052729294,15824830.3,3.4888E+13,0.508090088,0.196892056,14921.2041,-0.013730967,627.0351563,63.59836197,11.04141426,-67.38080597,-30.54711342,0,-0.005283964,0.20217602
34,-14.83322881,-52.16799306,2024,4,93,299.9677938,2.82893354,0.478287856,0.002804091,1.18E-05,0.185061117,-0.000728688,5.93E-06,-0.026583706,15238471.47,3.59656E+13,0.664631164,0.132160998,14921.2041,-0.013730967,627.0351563,63.59836197,11.04141426,-67.38080597,-30.54711342,0,-0.00939216,0.141553158
35,-14.83300474,-52.16824048,2000,4,95,299.0032349,1.267964982,NaN,0.004172116,1.57E-05,NaN,-0.00120111,8.74E-06,NaN,18920890.5,2.27682E+12,NaN,NaN,16570.69727,-0.01572795,717.6054688,131.6316223,57.34678268,-71.55610657,-17.53229713,-11.330369,NaN,NaN
35,-14.83300474,-52.16824048,2001,4,95,299.0983276,1.035540152,NaN,0.004207486,1.57E-05,NaN,-0.001175722,9.24E-06,NaN,19037661.83,2.61462E+12,NaN,NaN,16570.69727,-0.01572795,717.6054688,131.6316223,57.34678268,-71.55610657,-17.53229713,-11.330369,NaN,NaN
35,-14.83300474,-52.16824048,2002,4,95,299.3506131,1.201699399,NaN,0.004224324,1.83E-05,NaN,-0.001253531,1.12E-05,NaN,19135941.17,2.89312E+12,NaN,NaN,16570.69727,-0.01572795,717.6054688,131.6316223,57.34678268,-71.55610657,-17.53229713,-11.330369,NaN,NaN
35,-14.83300474,-52.16824048,2003,4,95,299.3559214,1.254493521,NaN,0.004049163,1.67E-05,NaN,-0.00109757,9.99E-06,NaN,19180440.33,2.9491E+12,NaN,NaN,16570.69727,-0.01572795,717.6054688,131.6316223,57.34678268,-71.55610657,-17.53229713,-11.330369,NaN,NaN
35,-14.83300474,-52.16824048,2004,4,95,299.4136149,1.406358874,0.227360399,0.004190809,2.19E-05,0.24495561,-0.001290074,1.49E-05,0.230849923,19192112.46,4.04032E+12,0.231344477,-0.083949356,16570.69727,-0.01572795,717.6054688,131.6316223,57.34678268,-71.55610657,-17.53229713,-11.330369,0,-0.083949356
35,-14.83300474,-52.16824048,2005,4,95,299.4924672,1.650959799,0.247078688,0.004162453,2.24E-05,0.238023968,-0.001332353,1.52E-05,0.217958944,19090793.29,4.54368E+12,0.173954094,0.044859623,16570.69727,-0.01572795,717.6054688,131.6316223,57.34678268,-71.55610657,-17.53229713,-11.330369,0.002026031,0.042833592
35,-14.83300474,-52.16824048,2006,4,95,299.3015696,1.583884318,0.19183487,0.004169524,1.98E-05,0.162759941,-0.001289945,1.31E-05,0.149732218,18985689.58,4.17663E+12,0.105789973,0.191756139,16570.69727,-0.01572795,717.6054688,131.6316223,57.34678268,-71.55610657,-17.53229713,-11.330369,0.010304861,0.181451278
35,-14.83300474,-52.16824048,2007,4,95,299.4423014,1.82896815,0.175615708,0.004162104,2.10E-05,0.118743258,-0.001344279,1.38E-05,0.104891676,19092534.5,4.61493E+12,0.061044371,0.277266173,16570.69727,-0.01572795,717.6054688,131.6316223,57.34678268,-71.55610657,-17.53229713,-11.330369,0.015882258,0.261383916
35,-14.83300474,-52.16824048,2008,4,95,299.4646505,1.993023532,0.179784308,0.004141704,1.81E-05,0.081690654,-0.001320569,1.05E-05,0.049301306,19108252.92,4.03186E+12,-0.009808947,0.453035777,16570.69727,-0.01572795,717.6054688,131.6316223,57.34678268,-71.55610657,-17.53229713,-11.330369,0.006902569,0.446133208
35,-14.83300474,-52.16824048,2009,4,95,299.4031677,1.701382895,0.173754205,0.00425748,1.77E-05,0.030835482,-0.001349772,1.00E-05,-0.019020554,19065385.04,3.35064E+12,-0.024101783,0.560657464,16570.69727,-0.01572795,717.6054688,131.6316223,57.34678268,-71.55610657,-17.53229713,-11.330369,0.014029718,0.546627746
35,-14.83300474,-52.16824048,2010,4,95,299.6247101,1.853490468,0.235837064,0.004018357,1.73E-05,0.058427638,-0.001150616,9.70E-06,-0.016156656,19288306.08,3.70279E+12,0.047284348,0.595878205,16570.69727,-0.01572795,717.6054688,131.6316223,57.34678268,-71.55610657,-17.53229713,-11.330369,0.010514327,0.585363877
35,-14.83300474,-52.16824048,2011,4,95,299.4235586,1.82008041,0.299778362,0.004350417,1.84E-05,0.120807861,-0.001436632,1.05E-05,0.030802327,18995474.83,3.4487E+12,0.156722219,0.613809153,16570.69727,-0.01572795,717.6054688,131.6316223,57.34678268,-71.55610657,-17.53229713,-11.330369,0.016835349,0.596973805
35,-14.83300474,-52.16824048,2012,4,95,299.5470988,1.691929999,0.338888724,0.003968659,1.51E-05,0.136331482,-0.001012671,8.29E-06,0.053795871,19192751.33,3.82915E+12,0.252417706,0.612162539,16570.69727,-0.01572795,717.6054688,131.6316223,57.34678268,-71.55610657,-17.53229713,-11.330369,0.008154098,0.60400844
35,-14.83300474,-52.16824048,2013,4,95,299.5859222,1.746353511,0.358970412,0.004142616,2.03E-05,0.059248147,-0.001231595,1.29E-05,-0.01310804,19218917.96,4.14677E+12,0.211867144,0.63898318,16570.69727,-0.01572795,717.6054688,131.6316223,57.34678268,-71.55610657,-17.53229713,-11.330369,0.013035385,0.625947795
35,-14.83300474,-52.16824048,2014,4,95,299.4811859,1.777042834,0.351460814,0.004356703,2.15E-05,-0.051392535,-0.001437534,1.38E-05,-0.114068645,19068111.42,4.14111E+12,0.089560013,0.663793355,16570.69727,-0.01572795,717.6054688,131.6316223,57.34678268,-71.55610657,-17.53229713,-11.330369,0.041111205,0.622682151
35,-14.83300474,-52.16824048,2015,4,95,299.7279154,2.006730452,0.312464706,0.003923714,1.81E-05,-0.190148407,-0.00093384,1.18E-05,-0.247081952,19422248.08,5.19469E+12,-0.054986732,0.656855747,16570.69727,-0.01572795,717.6054688,131.6316223,57.34678268,-71.55610657,-17.53229713,-11.330369,0.052893201,0.603962546
35,-14.83300474,-52.16824048,2016,4,95,299.8683319,1.908778838,0.279870071,0.004049859,2.02E-05,-0.316762284,-0.001074138,1.37E-05,-0.372639207,19333439.08,5.22366E+12,-0.212425782,0.631792824,16570.69727,-0.01572795,717.6054688,131.6316223,57.34678268,-71.55610657,-17.53229713,-11.330369,0.02773141,0.604061414
35,-14.83300474,-52.16824048,2017,4,95,299.9981689,2.22603736,0.291315834,0.003607362,1.43E-05,-0.307949917,-0.000638482,8.51E-06,-0.367690121,19597489.75,5.33489E+12,-0.237880487,0.525508034,16570.69727,-0.01572795,717.6054688,131.6316223,57.34678268,-71.55610657,-17.53229713,-11.330369,0.041959782,0.483548252
35,-14.83300474,-52.16824048,2018,4,95,300.0225779,2.083010301,0.277336135,0.003399273,1.23E-05,-0.297636196,-0.00041625,6.98E-06,-0.356976624,19662363.71,4.98399E+12,-0.231941047,0.370685354,16570.69727,-0.01572795,717.6054688,131.6316223,57.34678268,-71.55610657,-17.53229713,-11.330369,0.008001587,0.362683767
35,-14.83300474,-52.16824048,2019,4,95,300.1297913,1.950087179,0.291160064,0.003285729,1.22E-05,-0.282710626,-0.000363171,6.63E-06,-0.338134823,19780119.04,4.52493E+12,-0.208956972,0.290033448,16570.69727,-0.01572795,717.6054688,131.6316223,57.34678268,-71.55610657,-17.53229713,-11.330369,0.015801927,0.274231521
35,-14.83300474,-52.16824048,2020,4,95,300.0110524,2.160894089,0.298712489,0.003295173,1.09E-05,-0.197964063,-0.000384909,5.50E-06,-0.251776947,19895088.25,3.90817E+12,-0.063504984,0.238178154,16570.69727,-0.01572795,717.6054688,131.6316223,57.34678268,-71.55610657,-17.53229713,-11.330369,0.025243277,0.212934878
35,-14.83300474,-52.16824048,2021,4,95,299.9017792,2.181856333,0.296820027,0.003432222,1.22E-05,-0.157900669,-0.000553891,6.36E-06,-0.200284597,19895212.33,3.59438E+12,0.087579169,0.173544963,16570.69727,-0.01572795,717.6054688,131.6316223,57.34678268,-71.55610657,-17.53229713,-11.330369,0.030807588,0.142737375
35,-14.83300474,-52.16824048,2022,4,95,299.8926697,2.277836352,0.354267252,0.003269912,1.32E-05,-0.073299333,-0.00061345,7.01E-06,-0.12166409,19002375.58,1.44751E+13,0.254816812,0.182842799,16570.69727,-0.01572795,717.6054688,131.6316223,57.34678268,-71.55610657,-17.53229713,-11.330369,0.04712412,0.135718679
35,-14.83300474,-52.16824048,2023,4,95,299.8846181,2.782974002,0.400882793,0.002947086,1.31E-05,0.066406063,-0.00076055,6.82E-06,-0.052729294,15824830.3,3.4888E+13,0.508090088,0.151903772,16570.69727,-0.01572795,717.6054688,131.6316223,57.34678268,-71.55610657,-17.53229713,-11.330369,0.000852294,0.151051478
35,-14.83300474,-52.16824048,2024,4,95,299.9677938,2.82893354,0.478287856,0.002804091,1.18E-05,0.185061117,-0.000728688,5.93E-06,-0.026583706,15238471.47,3.59656E+13,0.664631164,0.070656858,16570.69727,-0.01572795,717.6054688,131.6316223,57.34678268,-71.55610657,-17.53229713,-11.330369,-0.022367523,0.093024381
36,-3.29999504,-72.89999976,2000,4,98,297.9968872,0.484189978,NaN,0.008789928,3.81E-06,NaN,-0.005034993,4.74E-06,NaN,16009111.17,4.14178E+12,NaN,NaN,-4995.018555,0.014928821,82.84544373,-32.03908157,-177.7686005,-135.7358093,-86.33753204,-69.80696106,NaN,NaN
36,-3.29999504,-72.89999976,2001,4,98,298.052592,0.48396436,NaN,0.008461012,3.46E-06,NaN,-0.004716872,4.08E-06,NaN,16109959,3.55302E+12,NaN,NaN,-4995.018555,0.014928821,82.84544373,-32.03908157,-177.7686005,-135.7358093,-86.33753204,-69.80696106,NaN,NaN
36,-3.29999504,-72.89999976,2002,4,98,298.1588813,0.441866763,NaN,0.008401782,3.68E-06,NaN,-0.004663544,4.25E-06,NaN,16096794.5,3.44672E+12,NaN,NaN,-4995.018555,0.014928821,82.84544373,-32.03908157,-177.7686005,-135.7358093,-86.33753204,-69.80696106,NaN,NaN
36,-3.29999504,-72.89999976,2003,4,98,298.2058563,0.448229675,NaN,0.00830621,3.81E-06,NaN,-0.004578492,4.41E-06,NaN,16072295.65,3.35178E+12,NaN,NaN,-4995.018555,0.014928821,82.84544373,-32.03908157,-177.7686005,-135.7358093,-86.33753204,-69.80696106,NaN,NaN
36,-3.29999504,-72.89999976,2004,4,98,298.3306071,0.523617393,0.425347192,0.008047275,3.59E-06,0.122578172,-0.004309457,4.20E-06,0.162038236,16178039.08,3.28529E+12,0.401524694,NaN,-4995.018555,0.014928821,82.84544373,-32.03908157,-177.7686005,-135.7358093,-86.33753204,-69.80696106,0,NaN
36,-3.29999504,-72.89999976,2005,4,98,298.4815623,0.456356827,0.436071616,0.007948934,3.50E-06,0.135299373,-0.004183177,4.17E-06,0.171470032,16248002.96,3.36562E+12,0.372233155,NaN,-4995.018555,0.014928821,82.84544373,-32.03908157,-177.7686005,-135.7358093,-86.33753204,-69.80696106,0.006224959,NaN
36,-3.29999504,-72.89999976,2006,4,98,298.5263418,0.437819717,0.431697532,0.007781124,3.36E-06,0.167936164,-0.003975765,3.95E-06,0.201034405,16409764.31,3.22018E+12,0.378124277,NaN,-4995.018555,0.014928821,82.84544373,-32.03908157,-177.7686005,-135.7358093,-86.33753204,-69.80696106,0.014039173,NaN
36,-3.29999504,-72.89999976,2007,4,98,298.575236,0.453226095,0.404553569,0.007597254,3.25E-06,0.203451915,-0.003752865,3.87E-06,0.228661517,16559292.17,3.30426E+12,0.371398572,0.470861676,-4995.018555,0.014928821,82.84544373,-32.03908157,-177.7686005,-135.7358093,-86.33753204,-69.80696106,0.031371513,0.439490163
36,-3.29999504,-72.89999976,2008,4,98,298.5547384,0.348114582,0.3854754,0.007594873,3.46E-06,0.254851618,-0.003748978,4.07E-06,0.267821742,16572429.6,3.04875E+12,0.334523436,0.330119274,-4995.018555,0.014928821,82.84544373,-32.03908157,-177.7686005,-135.7358093,-86.33753204,-69.80696106,0.010726387,0.319392887
36,-3.29999504,-72.89999976,2009,4,98,298.504364,0.370323857,0.33999446,0.007866176,4.59E-06,0.28546985,-0.004047767,5.41E-06,0.284869757,16466668.69,2.97941E+12,0.276173346,0.144912591,-4995.018555,0.014928821,82.84544373,-32.03908157,-177.7686005,-135.7358093,-86.33753204,-69.80696106,-0.007382108,0.1522947
36,-3.29999504,-72.89999976,2010,4,98,298.6173452,0.450373308,0.33379433,0.00782698,5.10E-06,0.293176657,-0.003999138,6.12E-06,0.282068358,16464682.83,3.17931E+12,0.209965389,0.223113488,-4995.018555,0.014928821,82.84544373,-32.03908157,-177.7686005,-135.7358093,-86.33753204,-69.80696106,-0.001150188,0.224263676
36,-3.29999504,-72.89999976,2011,4,98,298.5923411,0.378471327,0.387585831,0.008047841,5.82E-06,0.267251434,-0.004245801,6.93E-06,0.260414105,16340781.54,3.26564E+12,0.205474469,0.274884292,-4995.018555,0.014928821,82.84544373,-32.03908157,-177.7686005,-135.7358093,-86.33753204,-69.80696106,-0.023650913,0.298535204
36,-3.29999504,-72.89999976,2012,4,98,298.5870972,0.359563418,0.457419937,0.008234569,7.09E-06,0.230313547,-0.004436922,8.22E-06,0.231391313,16281927.06,3.14722E+12,0.230557993,0.403390399,-4995.018555,0.014928821,82.84544373,-32.03908157,-177.7686005,-135.7358093,-86.33753204,-69.80696106,-0.003047333,0.406437732
36,-3.29999504,-72.89999976,2013,4,98,298.5754649,0.368779703,0.567364583,0.008185195,6.26E-06,0.226626483,-0.004382462,7.27E-06,0.241217965,16287990.31,3.15609E+12,0.309267171,0.525902717,-4995.018555,0.014928821,82.84544373,-32.03908157,-177.7686005,-135.7358093,-86.33753204,-69.80696106,0.0109735,0.514929217
36,-3.29999504,-72.89999976,2014,4,98,298.4288177,0.27197746,0.596252838,0.008535628,6.10E-06,0.222774079,-0.00479489,7.07E-06,0.249157989,16016549.88,2.95317E+12,0.369811464,0.404135819,-4995.018555,0.014928821,82.84544373,-32.03908157,-177.7686005,-135.7358093,-86.33753204,-69.80696106,0.032432627,0.371703192
36,-3.29999504,-72.89999976,2015,4,98,298.4801127,0.354367969,0.533047074,0.008753894,6.53E-06,0.219287587,-0.005030077,7.87E-06,0.244023636,15910087.71,3.39844E+12,0.299240786,0.34500204,-4995.018555,0.014928821,82.84544373,-32.03908157,-177.7686005,-135.7358093,-86.33753204,-69.80696106,-0.008471692,0.353473732
36,-3.29999504,-72.89999976,2016,4,98,298.6158091,0.462071889,0.468366556,0.008852784,6.32E-06,0.173148857,-0.005135988,7.52E-06,0.201782126,15814057.25,3.7908E+12,0.231085488,0.277891012,-4995.018555,0.014928821,82.84544373,-32.03908157,-177.7686005,-135.7358093,-86.33753204,-69.80696106,-0.014049501,0.291940513
36,-3.29999504,-72.89999976,2017,4,98,298.7100016,0.397965658,0.385003916,0.008647583,7.06E-06,0.109671664,-0.004910821,8.27E-06,0.138718056,15881786.08,3.46286E+12,0.161656651,0.345613398,-4995.018555,0.014928821,82.84544373,-32.03908157,-177.7686005,-135.7358093,-86.33753204,-69.80696106,-0.000836478,0.346449876
36,-3.29999504,-72.89999976,2018,4,98,298.733963,0.421034149,0.338887905,0.008571528,7.26E-06,0.035599315,-0.004829585,8.60E-06,0.065002078,15902851.85,3.56467E+12,0.112750641,0.472771394,-4995.018555,0.014928821,82.84544373,-32.03908157,-177.7686005,-135.7358093,-86.33753204,-69.80696106,0.070268786,0.402502608
36,-3.29999504,-72.89999976,2019,4,98,298.749705,0.354618293,0.350784029,0.008593833,6.68E-06,-0.015695099,-0.004840885,7.64E-06,0.017680962,15914915.23,2.85189E+12,0.148749247,0.392317726,-4995.018555,0.014928821,82.84544373,-32.03908157,-177.7686005,-135.7358093,-86.33753204,-69.80696106,0.061249303,0.331068423
36,-3.29999504,-72.89999976,2020,4,98,298.7841237,0.303203738,0.339752861,0.008184006,6.45E-06,0.008623296,-0.004399652,7.53E-06,0.039888518,16098352.42,3.01144E+12,0.17623724,0.240176758,-4995.018555,0.014928821,82.84544373,-32.03908157,-177.7686005,-135.7358093,-86.33753204,-69.80696106,0.023143264,0.217033494
36,-3.29999504,-72.89999976,2021,4,98,298.7458547,0.362379093,0.333485012,0.008389023,7.37E-06,0.027137207,-0.004589621,8.53E-06,0.054362187,16138046.4,3.75893E+12,0.229605176,0.149521912,-4995.018555,0.014928821,82.84544373,-32.03908157,-177.7686005,-135.7358093,-86.33753204,-69.80696106,0.043713402,0.10580851
36,-3.29999504,-72.89999976,2022,4,98,298.7908223,0.368466651,0.334302426,0.007882623,9.74E-06,0.081911087,-0.00426475,8.99E-06,0.099574648,15351787.78,1.1048E+13,0.302788364,0.216362232,-4995.018555,0.014928821,82.84544373,-32.03908157,-177.7686005,-135.7358093,-86.33753204,-69.80696106,0.031640023,0.184722208
36,-3.29999504,-72.89999976,2023,4,98,298.9406484,0.610110918,0.352180879,0.006405815,1.19E-05,0.217958623,-0.003384277,8.35E-06,0.159255605,12766011.97,2.90074E+13,0.477701168,0.381072521,-4995.018555,0.014928821,82.84544373,-32.03908157,-177.7686005,-135.7358093,-86.33753204,-69.80696106,0.01948687,0.361585651
36,-3.29999504,-72.89999976,2024,4,98,299.1216838,0.804575369,0.43893931,0.006378316,1.33E-05,0.349958158,-0.003426191,9.80E-06,0.201787332,12466150.76,3.24491E+13,0.654969171,0.551612395,-4995.018555,0.014928821,82.84544373,-32.03908157,-177.7686005,-135.7358093,-86.33753204,-69.80696106,0.012439547,0.539172848
37,-3.29999504,-72.89968466,2000,4,98,297.9968872,0.484189978,NaN,0.008789928,3.81E-06,NaN,-0.005034993,4.74E-06,NaN,16009111.17,4.14178E+12,NaN,NaN,-9410.539063,0.020751396,79.56430817,-8.060206413,-154.6212311,-126.9664917,-55.45148468,-29.58420753,NaN,NaN
37,-3.29999504,-72.89968466,2001,4,98,298.052592,0.48396436,NaN,0.008461012,3.46E-06,NaN,-0.004716872,4.08E-06,NaN,16109959,3.55302E+12,NaN,NaN,-9410.539063,0.020751396,79.56430817,-8.060206413,-154.6212311,-126.9664917,-55.45148468,-29.58420753,NaN,NaN
37,-3.29999504,-72.89968466,2002,4,98,298.1588813,0.441866763,NaN,0.008401782,3.68E-06,NaN,-0.004663544,4.25E-06,NaN,16096794.5,3.44672E+12,NaN,NaN,-9410.539063,0.020751396,79.56430817,-8.060206413,-154.6212311,-126.9664917,-55.45148468,-29.58420753,NaN,NaN
37,-3.29999504,-72.89968466,2003,4,98,298.2058563,0.448229675,NaN,0.00830621,3.81E-06,NaN,-0.004578492,4.41E-06,NaN,16072295.65,3.35178E+12,NaN,NaN,-9410.539063,0.020751396,79.56430817,-8.060206413,-154.6212311,-126.9664917,-55.45148468,-29.58420753,NaN,NaN
37,-3.29999504,-72.89968466,2004,4,98,298.3306071,0.523617393,0.425347192,0.008047275,3.59E-06,0.122578172,-0.004309457,4.20E-06,0.162038236,16178039.08,3.28529E+12,0.401524694,NaN,-9410.539063,0.020751396,79.56430817,-8.060206413,-154.6212311,-126.9664917,-55.45148468,-29.58420753,0,NaN
37,-3.29999504,-72.89968466,2005,4,98,298.4815623,0.456356827,0.436071616,0.007948934,3.50E-06,0.135299373,-0.004183177,4.17E-06,0.171470032,16248002.96,3.36562E+12,0.372233155,NaN,-9410.539063,0.020751396,79.56430817,-8.060206413,-154.6212311,-126.9664917,-55.45148468,-29.58420753,0.010773474,NaN
37,-3.29999504,-72.89968466,2006,4,98,298.5263418,0.437819717,0.431697532,0.007781124,3.36E-06,0.167936164,-0.003975765,3.95E-06,0.201034405,16409764.31,3.22018E+12,0.378124277,NaN,-9410.539063,0.020751396,79.56430817,-8.060206413,-154.6212311,-126.9664917,-55.45148468,-29.58420753,0.011721539,NaN
37,-3.29999504,-72.89968466,2007,4,98,298.575236,0.453226095,0.404553569,0.007597254,3.25E-06,0.203451915,-0.003752865,3.87E-06,0.228661517,16559292.17,3.30426E+12,0.371398572,NaN,-9410.539063,0.020751396,79.56430817,-8.060206413,-154.6212311,-126.9664917,-55.45148468,-29.58420753,0.020253583,NaN
37,-3.29999504,-72.89968466,2008,4,98,298.5547384,0.348114582,0.3854754,0.007594873,3.46E-06,0.254851618,-0.003748978,4.07E-06,0.267821742,16572429.6,3.04875E+12,0.334523436,NaN,-9410.539063,0.020751396,79.56430817,-8.060206413,-154.6212311,-126.9664917,-55.45148468,-29.58420753,0.013339799,NaN
37,-3.29999504,-72.89968466,2009,4,98,298.504364,0.370323857,0.33999446,0.007866176,4.59E-06,0.28546985,-0.004047767,5.41E-06,0.284869757,16466668.69,2.97941E+12,0.276173346,0.27179016,-9410.539063,0.020751396,79.56430817,-8.060206413,-154.6212311,-126.9664917,-55.45148468,-29.58420753,-0.003385753,0.275175913
37,-3.29999504,-72.89968466,2010,4,98,298.6173452,0.450373308,0.33379433,0.00782698,5.10E-06,0.293176657,-0.003999138,6.12E-06,0.282068358,16464682.83,3.17931E+12,0.209965389,0.244301807,-9410.539063,0.020751396,79.56430817,-8.060206413,-154.6212311,-126.9664917,-55.45148468,-29.58420753,0.005654475,0.238647331
37,-3.29999504,-72.89968466,2011,4,98,298.5923411,0.378471327,0.387585831,0.008047841,5.82E-06,0.267251434,-0.004245801,6.93E-06,0.260414105,16340781.54,3.26564E+12,0.205474469,0.23933882,-9410.539063,0.020751396,79.56430817,-8.060206413,-154.6212311,-126.9664917,-55.45148468,-29.58420753,-0.003655904,0.242994724
37,-3.29999504,-72.89968466,2012,4,98,298.5870972,0.359563418,0.457419937,0.008234569,7.09E-06,0.230313547,-0.004436922,8.22E-06,0.231391313,16281927.06,3.14722E+12,0.230557993,0.276448581,-9410.539063,0.020751396,79.56430817,-8.060206413,-154.6212311,-126.9664917,-55.45148468,-29.58420753,0.022284329,0.254164251
37,-3.29999504,-72.89968466,2013,4,98,298.5754649,0.368779703,0.567364583,0.008185195,6.26E-06,0.226626483,-0.004382462,7.27E-06,0.241217965,16287990.31,3.15609E+12,0.309267171,0.254321234,-9410.539063,0.020751396,79.56430817,-8.060206413,-154.6212311,-126.9664917,-55.45148468,-29.58420753,0.028979558,0.225341676
37,-3.29999504,-72.89968466,2014,4,98,298.4288177,0.27197746,0.596252838,0.008535628,6.10E-06,0.222774079,-0.00479489,7.07E-06,0.249157989,16016549.88,2.95317E+12,0.369811464,0.243919739,-9410.539063,0.020751396,79.56430817,-8.060206413,-154.6212311,-126.9664917,-55.45148468,-29.58420753,0.028069325,0.215850415
37,-3.29999504,-72.89968466,2015,4,98,298.4801127,0.354367969,0.533047074,0.008753894,6.53E-06,0.219287587,-0.005030077,7.87E-06,0.244023636,15910087.71,3.39844E+12,0.299240786,0.287942381,-9410.539063,0.020751396,79.56430817,-8.060206413,-154.6212311,-126.9664917,-55.45148468,-29.58420753,0.012089356,0.275853025
37,-3.29999504,-72.89968466,2016,4,98,298.6158091,0.462071889,0.468366556,0.008852784,6.32E-06,0.173148857,-0.005135988,7.52E-06,0.201782126,15814057.25,3.7908E+12,0.231085488,0.308763539,-9410.539063,0.020751396,79.56430817,-8.060206413,-154.6212311,-126.9664917,-55.45148468,-29.58420753,-0.010778903,0.319542442
37,-3.29999504,-72.89968466,2017,4,98,298.7100016,0.397965658,0.385003916,0.008647583,7.06E-06,0.109671664,-0.004910821,8.27E-06,0.138718056,15881786.08,3.46286E+12,0.161656651,0.390712162,-9410.539063,0.020751396,79.56430817,-8.060206413,-154.6212311,-126.9664917,-55.45148468,-29.58420753,0.007898666,0.382813496
37,-3.29999504,-72.89968466,2018,4,98,298.733963,0.421034149,0.338887905,0.008571528,7.26E-06,0.035599315,-0.004829585,8.60E-06,0.065002078,15902851.85,3.56467E+12,0.112750641,0.431020809,-9410.539063,0.020751396,79.56430817,-8.060206413,-154.6212311,-126.9664917,-55.45148468,-29.58420753,0.073829694,0.357191115
37,-3.29999504,-72.89968466,2019,4,98,298.749705,0.354618293,0.350784029,0.008593833,6.68E-06,-0.015695099,-0.004840885,7.64E-06,0.017680962,15914915.23,2.85189E+12,0.148749247,0.347066817,-9410.539063,0.020751396,79.56430817,-8.060206413,-154.6212311,-126.9664917,-55.45148468,-29.58420753,0.072061994,0.275004824
37,-3.29999504,-72.89968466,2020,4,98,298.7841237,0.303203738,0.339752861,0.008184006,6.45E-06,0.008623296,-0.004399652,7.53E-06,0.039888518,16098352.42,3.01144E+12,0.17623724,0.287336701,-9410.539063,0.020751396,79.56430817,-8.060206413,-154.6212311,-126.9664917,-55.45148468,-29.58420753,0.031997609,0.255339092
37,-3.29999504,-72.89968466,2021,4,98,298.7458547,0.362379093,0.333485012,0.008389023,7.37E-06,0.027137207,-0.004589621,8.53E-06,0.054362187,16138046.4,3.75893E+12,0.229605176,0.248514245,-9410.539063,0.020751396,79.56430817,-8.060206413,-154.6212311,-126.9664917,-55.45148468,-29.58420753,0.05602098,0.192493265
37,-3.29999504,-72.89968466,2022,4,98,298.7908223,0.368466651,0.334302426,0.007882623,9.74E-06,0.081911087,-0.00426475,8.99E-06,0.099574648,15351787.78,1.1048E+13,0.302788364,0.309358085,-9410.539063,0.020751396,79.56430817,-8.060206413,-154.6212311,-126.9664917,-55.45148468,-29.58420753,0.019777564,0.289580521
37,-3.29999504,-72.89968466,2023,4,98,298.9406484,0.610110918,0.352180879,0.006405815,1.19E-05,0.217958623,-0.003384277,8.35E-06,0.159255605,12766011.97,2.90074E+13,0.477701168,0.485824451,-9410.539063,0.020751396,79.56430817,-8.060206413,-154.6212311,-126.9664917,-55.45148468,-29.58420753,0.006723278,0.479101173
37,-3.29999504,-72.89968466,2024,4,98,299.1216838,0.804575369,0.43893931,0.006378316,1.33E-05,0.349958158,-0.003426191,9.80E-06,0.201787332,12466150.76,3.24491E+13,0.654969171,0.584873549,-9410.539063,0.020751396,79.56430817,-8.060206413,-154.6212311,-126.9664917,-55.45148468,-29.58420753,0.005105651,0.579767898
38,-3.2997272,-72.89999713,2000,4,93,297.9968872,0.484189978,NaN,0.008789928,3.81E-06,NaN,-0.005034993,4.74E-06,NaN,16009111.17,4.14178E+12,NaN,NaN,6235.464844,0,74.03855896,-68.23920441,-189.2510376,0,-114.6680298,-91.98540497,NaN,NaN
38,-3.2997272,-72.89999713,2001,4,93,298.052592,0.48396436,NaN,0.008461012,3.46E-06,NaN,-0.004716872,4.08E-06,NaN,16109959,3.55302E+12,NaN,NaN,6235.464844,0,74.03855896,-68.23920441,-189.2510376,0,-114.6680298,-91.98540497,NaN,NaN
38,-3.2997272,-72.89999713,2002,4,93,298.1588813,0.441866763,NaN,0.008401782,3.68E-06,NaN,-0.004663544,4.25E-06,NaN,16096794.5,3.44672E+12,NaN,NaN,6235.464844,0,74.03855896,-68.23920441,-189.2510376,0,-114.6680298,-91.98540497,NaN,NaN
38,-3.2997272,-72.89999713,2003,4,93,298.2058563,0.448229675,NaN,0.00830621,3.81E-06,NaN,-0.004578492,4.41E-06,NaN,16072295.65,3.35178E+12,NaN,NaN,6235.464844,0,74.03855896,-68.23920441,-189.2510376,0,-114.6680298,-91.98540497,NaN,NaN
38,-3.2997272,-72.89999713,2004,4,93,298.3306071,0.523617393,0.425347192,0.008047275,3.59E-06,0.122578172,-0.004309457,4.20E-06,0.162038236,16178039.08,3.28529E+12,0.401524694,NaN,6235.464844,0,74.03855896,-68.23920441,-189.2510376,0,-114.6680298,-91.98540497,0,NaN
38,-3.2997272,-72.89999713,2005,4,93,298.4815623,0.456356827,0.436071616,0.007948934,3.50E-06,0.135299373,-0.004183177,4.17E-06,0.171470032,16248002.96,3.36562E+12,0.372233155,0.054161201,6235.464844,0,74.03855896,-68.23920441,-189.2510376,0,-114.6680298,-91.98540497,-0.000295022,0.054456223
38,-3.2997272,-72.89999713,2006,4,93,298.5263418,0.437819717,0.431697532,0.007781124,3.36E-06,0.167936164,-0.003975765,3.95E-06,0.201034405,16409764.31,3.22018E+12,0.378124277,0.054161201,6235.464844,0,74.03855896,-68.23920441,-189.2510376,0,-114.6680298,-91.98540497,0.002676984,0.051484216
38,-3.2997272,-72.89999713,2007,4,93,298.575236,0.453226095,0.404553569,0.007597254,3.25E-06,0.203451915,-0.003752865,3.87E-06,0.228661517,16559292.17,3.30426E+12,0.371398572,0.343491312,6235.464844,0,74.03855896,-68.23920441,-189.2510376,0,-114.6680298,-91.98540497,0.006302638,0.337188674
38,-3.2997272,-72.89999713,2008,4,93,298.5547384,0.348114582,0.3854754,0.007594873,3.46E-06,0.254851618,-0.003748978,4.07E-06,0.267821742,16572429.6,3.04875E+12,0.334523436,0.249548215,6235.464844,0,74.03855896,-68.23920441,-189.2510376,0,-114.6680298,-91.98540497,0.004246908,0.245301307
38,-3.2997272,-72.89999713,2009,4,93,298.504364,0.370323857,0.33999446,0.007866176,4.59E-06,0.28546985,-0.004047767,5.41E-06,0.284869757,16466668.69,2.97941E+12,0.276173346,0.116915334,6235.464844,0,74.03855896,-68.23920441,-189.2510376,0,-114.6680298,-91.98540497,0.00743849,0.109476844
38,-3.2997272,-72.89999713,2010,4,93,298.6173452,0.450373308,0.33379433,0.00782698,5.10E-06,0.293176657,-0.003999138,6.12E-06,0.282068358,16464682.83,3.17931E+12,0.209965389,0.19211189,6235.464844,0,74.03855896,-68.23920441,-189.2510376,0,-114.6680298,-91.98540497,-0.031600689,0.223712579
38,-3.2997272,-72.89999713,2011,4,93,298.5923411,0.378471327,0.387585831,0.008047841,5.82E-06,0.267251434,-0.004245801,6.93E-06,0.260414105,16340781.54,3.26564E+12,0.205474469,0.244950124,6235.464844,0,74.03855896,-68.23920441,-189.2510376,0,-114.6680298,-91.98540497,-0.026412991,0.271363115
38,-3.2997272,-72.89999713,2012,4,93,298.5870972,0.359563418,0.457419937,0.008234569,7.09E-06,0.230313547,-0.004436922,8.22E-06,0.231391313,16281927.06,3.14722E+12,0.230557993,0.374765845,6235.464844,0,74.03855896,-68.23920441,-189.2510376,0,-114.6680298,-91.98540497,0.018939,0.355826844
38,-3.2997272,-72.89999713,2013,4,93,298.5754649,0.368779703,0.567364583,0.008185195,6.26E-06,0.226626483,-0.004382462,7.27E-06,0.241217965,16287990.31,3.15609E+12,0.309267171,0.510856842,6235.464844,0,74.03855896,-68.23920441,-189.2510376,0,-114.6680298,-91.98540497,-0.000761754,0.511618596
38,-3.2997272,-72.89999713,2014,4,93,298.4288177,0.27197746,0.596252838,0.008535628,6.10E-06,0.222774079,-0.00479489,7.07E-06,0.249157989,16016549.88,2.95317E+12,0.369811464,0.499172467,6235.464844,0,74.03855896,-68.23920441,-189.2510376,0,-114.6680298,-91.98540497,0.011604834,0.487567633
38,-3.2997272,-72.89999713,2015,4,93,298.4801127,0.354367969,0.533047074,0.008753894,6.53E-06,0.219287587,-0.005030077,7.87E-06,0.244023636,15910087.71,3.39844E+12,0.299240786,0.50473658,6235.464844,0,74.03855896,-68.23920441,-189.2510376,0,-114.6680298,-91.98540497,0.021709025,0.483027555
38,-3.2997272,-72.89999713,2016,4,93,298.6158091,0.462071889,0.468366556,0.008852784,6.32E-06,0.173148857,-0.005135988,7.52E-06,0.201782126,15814057.25,3.7908E+12,0.231085488,0.522741421,6235.464844,0,74.03855896,-68.23920441,-189.2510376,0,-114.6680298,-91.98540497,0.009150555,0.513590866
38,-3.2997272,-72.89999713,2017,4,93,298.7100016,0.397965658,0.385003916,0.008647583,7.06E-06,0.109671664,-0.004910821,8.27E-06,0.138718056,15881786.08,3.46286E+12,0.161656651,0.604647044,6235.464844,0,74.03855896,-68.23920441,-189.2510376,0,-114.6680298,-91.98540497,0.025897866,0.578749179
38,-3.2997272,-72.89999713,2018,4,93,298.733963,0.421034149,0.338887905,0.008571528,7.26E-06,0.035599315,-0.004829585,8.60E-06,0.065002078,15902851.85,3.56467E+12,0.112750641,0.656307973,6235.464844,0,74.03855896,-68.23920441,-189.2510376,0,-114.6680298,-91.98540497,0.033137333,0.62317064
38,-3.2997272,-72.89999713,2019,4,93,298.749705,0.354618293,0.350784029,0.008593833,6.68E-06,-0.015695099,-0.004840885,7.64E-06,0.017680962,15914915.23,2.85189E+12,0.148749247,0.566750409,6235.464844,0,74.03855896,-68.23920441,-189.2510376,0,-114.6680298,-91.98540497,0.038811408,0.527939001
38,-3.2997272,-72.89999713,2020,4,93,298.7841237,0.303203738,0.339752861,0.008184006,6.45E-06,0.008623296,-0.004399652,7.53E-06,0.039888518,16098352.42,3.01144E+12,0.17623724,0.320109054,6235.464844,0,74.03855896,-68.23920441,-189.2510376,0,-114.6680298,-91.98540497,0.040995878,0.279113176
38,-3.2997272,-72.89999713,2021,4,93,298.7458547,0.362379093,0.333485012,0.008389023,7.37E-06,0.027137207,-0.004589621,8.53E-06,0.054362187,16138046.4,3.75893E+12,0.229605176,0.170129104,6235.464844,0,74.03855896,-68.23920441,-189.2510376,0,-114.6680298,-91.98540497,0.030890738,0.139238366
38,-3.2997272,-72.89999713,2022,4,93,298.7908223,0.368466651,0.334302426,0.007882623,9.74E-06,0.081911087,-0.00426475,8.99E-06,0.099574648,15351787.78,1.1048E+13,0.302788364,0.166515637,6235.464844,0,74.03855896,-68.23920441,-189.2510376,0,-114.6680298,-91.98540497,0.028507304,0.138008333
38,-3.2997272,-72.89999713,2023,4,93,298.9406484,0.610110918,0.352180879,0.006405815,1.19E-05,0.217958623,-0.003384277,8.35E-06,0.159255605,12766011.97,2.90074E+13,0.477701168,0.259940763,6235.464844,0,74.03855896,-68.23920441,-189.2510376,0,-114.6680298,-91.98540497,0.006475489,0.253465274
38,-3.2997272,-72.89999713,2024,4,93,299.1216838,0.804575369,0.43893931,0.006378316,1.33E-05,0.349958158,-0.003426191,9.80E-06,0.201787332,12466150.76,3.24491E+13,0.654969171,0.400024584,6235.464844,0,74.03855896,-68.23920441,-189.2510376,0,-114.6680298,-91.98540497,-0.019625587,0.41965017
39,-3.30025976,-72.8999909,2000,4,97,297.9968872,0.484189978,NaN,0.008789928,3.81E-06,NaN,-0.005034993,4.74E-06,NaN,16009111.17,4.14178E+12,NaN,NaN,NaN,NaN,NaN,NaN,NaN,NaN,NaN,NaN,NaN,NaN
39,-3.30025976,-72.8999909,2001,4,97,298.052592,0.48396436,NaN,0.008461012,3.46E-06,NaN,-0.004716872,4.08E-06,NaN,16109959,3.55302E+12,NaN,NaN,NaN,NaN,NaN,NaN,NaN,NaN,NaN,NaN,NaN,NaN
39,-3.30025976,-72.8999909,2002,4,97,298.1588813,0.441866763,NaN,0.008401782,3.68E-06,NaN,-0.004663544,4.25E-06,NaN,16096794.5,3.44672E+12,NaN,NaN,NaN,NaN,NaN,NaN,NaN,NaN,NaN,NaN,NaN,NaN
39,-3.30025976,-72.8999909,2003,4,97,298.2058563,0.448229675,NaN,0.00830621,3.81E-06,NaN,-0.004578492,4.41E-06,NaN,16072295.65,3.35178E+12,NaN,NaN,NaN,NaN,NaN,NaN,NaN,NaN,NaN,NaN,NaN,NaN
39,-3.30025976,-72.8999909,2004,4,97,298.3306071,0.523617393,0.425347192,0.008047275,3.59E-06,0.122578172,-0.004309457,4.20E-06,0.162038236,16178039.08,3.28529E+12,0.401524694,NaN,NaN,NaN,NaN,NaN,NaN,NaN,NaN,NaN,NaN,NaN
39,-3.30025976,-72.8999909,2005,4,97,298.4815623,0.456356827,0.436071616,0.007948934,3.50E-06,0.135299373,-0.004183177,4.17E-06,0.171470032,16248002.96,3.36562E+12,0.372233155,NaN,NaN,NaN,NaN,NaN,NaN,NaN,NaN,NaN,NaN,NaN
39,-3.30025976,-72.8999909,2006,4,97,298.5263418,0.437819717,0.431697532,0.007781124,3.36E-06,0.167936164,-0.003975765,3.95E-06,0.201034405,16409764.31,3.22018E+12,0.378124277,NaN,NaN,NaN,NaN,NaN,NaN,NaN,NaN,NaN,NaN,NaN
39,-3.30025976,-72.8999909,2007,4,97,298.575236,0.453226095,0.404553569,0.007597254,3.25E-06,0.203451915,-0.003752865,3.87E-06,0.228661517,16559292.17,3.30426E+12,0.371398572,NaN,NaN,NaN,NaN,NaN,NaN,NaN,NaN,NaN,NaN,NaN
39,-3.30025976,-72.8999909,2008,4,97,298.5547384,0.348114582,0.3854754,0.007594873,3.46E-06,0.254851618,-0.003748978,4.07E-06,0.267821742,16572429.6,3.04875E+12,0.334523436,NaN,NaN,NaN,NaN,NaN,NaN,NaN,NaN,NaN,NaN,NaN
39,-3.30025976,-72.8999909,2009,4,97,298.504364,0.370323857,0.33999446,0.007866176,4.59E-06,0.28546985,-0.004047767,5.41E-06,0.284869757,16466668.69,2.97941E+12,0.276173346,0.078683403,NaN,NaN,NaN,NaN,NaN,NaN,NaN,NaN,NaN,NaN
39,-3.30025976,-72.8999909,2010,4,97,298.6173452,0.450373308,0.33379433,0.00782698,5.10E-06,0.293176657,-0.003999138,6.12E-06,0.282068358,16464682.83,3.17931E+12,0.209965389,0.318131022,NaN,NaN,NaN,NaN,NaN,NaN,NaN,NaN,NaN,NaN
39,-3.30025976,-72.8999909,2011,4,97,298.5923411,0.378471327,0.387585831,0.008047841,5.82E-06,0.267251434,-0.004245801,6.93E-06,0.260414105,16340781.54,3.26564E+12,0.205474469,0.389224762,NaN,NaN,NaN,NaN,NaN,NaN,NaN,NaN,NaN,NaN
39,-3.30025976,-72.8999909,2012,4,97,298.5870972,0.359563418,0.457419937,0.008234569,7.09E-06,0.230313547,-0.004436922,8.22E-06,0.231391313,16281927.06,3.14722E+12,0.230557993,0.427204375,NaN,NaN,NaN,NaN,NaN,NaN,NaN,NaN,NaN,NaN
39,-3.30025976,-72.8999909,2013,4,97,298.5754649,0.368779703,0.567364583,0.008185195,6.26E-06,0.226626483,-0.004382462,7.27E-06,0.241217965,16287990.31,3.15609E+12,0.309267171,0.499813796,NaN,NaN,NaN,NaN,NaN,NaN,NaN,NaN,NaN,NaN
39,-3.30025976,-72.8999909,2014,4,97,298.4288177,0.27197746,0.596252838,0.008535628,6.10E-06,0.222774079,-0.00479489,7.07E-06,0.249157989,16016549.88,2.95317E+12,0.369811464,0.349643303,NaN,NaN,NaN,NaN,NaN,NaN,NaN,NaN,NaN,NaN
39,-3.30025976,-72.8999909,2015,4,97,298.4801127,0.354367969,0.533047074,0.008753894,6.53E-06,0.219287587,-0.005030077,7.87E-06,0.244023636,15910087.71,3.39844E+12,0.299240786,0.222312182,NaN,NaN,NaN,NaN,NaN,NaN,NaN,NaN,NaN,NaN
39,-3.30025976,-72.8999909,2016,4,97,298.6158091,0.462071889,0.468366556,0.008852784,6.32E-06,0.173148857,-0.005135988,7.52E-06,0.201782126,15814057.25,3.7908E+12,0.231085488,0.061994797,NaN,NaN,NaN,NaN,NaN,NaN,NaN,NaN,NaN,NaN
39,-3.30025976,-72.8999909,2017,4,97,298.7100016,0.397965658,0.385003916,0.008647583,7.06E-06,0.109671664,-0.004910821,8.27E-06,0.138718056,15881786.08,3.46286E+12,0.161656651,-0.049163086,NaN,NaN,NaN,NaN,NaN,NaN,NaN,NaN,NaN,NaN
39,-3.30025976,-72.8999909,2018,4,97,298.733963,0.421034149,0.338887905,0.008571528,7.26E-06,0.035599315,-0.004829585,8.60E-06,0.065002078,15902851.85,3.56467E+12,0.112750641,-0.116231627,NaN,NaN,NaN,NaN,NaN,NaN,NaN,NaN,NaN,NaN
39,-3.30025976,-72.8999909,2019,4,97,298.749705,0.354618293,0.350784029,0.008593833,6.68E-06,-0.015695099,-0.004840885,7.64E-06,0.017680962,15914915.23,2.85189E+12,0.148749247,-0.246413389,NaN,NaN,NaN,NaN,NaN,NaN,NaN,NaN,NaN,NaN
39,-3.30025976,-72.8999909,2020,4,97,298.7841237,0.303203738,0.339752861,0.008184006,6.45E-06,0.008623296,-0.004399652,7.53E-06,0.039888518,16098352.42,3.01144E+12,0.17623724,-0.325995988,NaN,NaN,NaN,NaN,NaN,NaN,NaN,NaN,NaN,NaN
39,-3.30025976,-72.8999909,2021,4,97,298.7458547,0.362379093,0.333485012,0.008389023,7.37E-06,0.027137207,-0.004589621,8.53E-06,0.054362187,16138046.4,3.75893E+12,0.229605176,-0.312924411,NaN,NaN,NaN,NaN,NaN,NaN,NaN,NaN,NaN,NaN
39,-3.30025976,-72.8999909,2022,4,97,298.7908223,0.368466651,0.334302426,0.007882623,9.74E-06,0.081911087,-0.00426475,8.99E-06,0.099574648,15351787.78,1.1048E+13,0.302788364,-0.081884516,NaN,NaN,NaN,NaN,NaN,NaN,NaN,NaN,NaN,NaN
39,-3.30025976,-72.8999909,2023,4,97,298.9406484,0.610110918,0.352180879,0.006405815,1.19E-05,0.217958623,-0.003384277,8.35E-06,0.159255605,12766011.97,2.90074E+13,0.477701168,0.213308085,NaN,NaN,NaN,NaN,NaN,NaN,NaN,NaN,NaN,NaN
39,-3.30025976,-72.8999909,2024,4,97,299.1216838,0.804575369,0.43893931,0.006378316,1.33E-05,0.349958158,-0.003426191,9.80E-06,0.201787332,12466150.76,3.24491E+13,0.654969171,0.480997799,NaN,NaN,NaN,NaN,NaN,NaN,NaN,NaN,NaN,NaN
40,-3.29999717,-72.90032733,2000,4,98,297.9968872,0.484189978,NaN,0.008789928,3.81E-06,NaN,-0.005034993,4.74E-06,NaN,16009111.17,4.14178E+12,NaN,NaN,6082.537109,0,168.9300079,-36.20990372,-124.981369,-114.5289154,-76.21443939,-7.92041254,NaN,NaN
40,-3.29999717,-72.90032733,2001,4,98,298.052592,0.48396436,NaN,0.008461012,3.46E-06,NaN,-0.004716872,4.08E-06,NaN,16109959,3.55302E+12,NaN,NaN,6082.537109,0,168.9300079,-36.20990372,-124.981369,-114.5289154,-76.21443939,-7.92041254,NaN,NaN
40,-3.29999717,-72.90032733,2002,4,98,298.1588813,0.441866763,NaN,0.008401782,3.68E-06,NaN,-0.004663544,4.25E-06,NaN,16096794.5,3.44672E+12,NaN,NaN,6082.537109,0,168.9300079,-36.20990372,-124.981369,-114.5289154,-76.21443939,-7.92041254,NaN,NaN
40,-3.29999717,-72.90032733,2003,4,98,298.2058563,0.448229675,NaN,0.00830621,3.81E-06,NaN,-0.004578492,4.41E-06,NaN,16072295.65,3.35178E+12,NaN,NaN,6082.537109,0,168.9300079,-36.20990372,-124.981369,-114.5289154,-76.21443939,-7.92041254,NaN,NaN
40,-3.29999717,-72.90032733,2004,4,98,298.3306071,0.523617393,0.425347192,0.008047275,3.59E-06,0.122578172,-0.004309457,4.20E-06,0.162038236,16178039.08,3.28529E+12,0.401524694,NaN,6082.537109,0,168.9300079,-36.20990372,-124.981369,-114.5289154,-76.21443939,-7.92041254,0,NaN
40,-3.29999717,-72.90032733,2005,4,98,298.4815623,0.456356827,0.436071616,0.007948934,3.50E-06,0.135299373,-0.004183177,4.17E-06,0.171470032,16248002.96,3.36562E+12,0.372233155,0.801196296,6082.537109,0,168.9300079,-36.20990372,-124.981369,-114.5289154,-76.21443939,-7.92041254,0.006625016,0.79457128
40,-3.29999717,-72.90032733,2006,4,98,298.5263418,0.437819717,0.431697532,0.007781124,3.36E-06,0.167936164,-0.003975765,3.95E-06,0.201034405,16409764.31,3.22018E+12,0.378124277,0.801196296,6082.537109,0,168.9300079,-36.20990372,-124.981369,-114.5289154,-76.21443939,-7.92041254,0.005586338,0.795609958
40,-3.29999717,-72.90032733,2007,4,98,298.575236,0.453226095,0.404553569,0.007597254,3.25E-06,0.203451915,-0.003752865,3.87E-06,0.228661517,16559292.17,3.30426E+12,0.371398572,0.592055566,6082.537109,0,168.9300079,-36.20990372,-124.981369,-114.5289154,-76.21443939,-7.92041254,0.008995004,0.583060562
40,-3.29999717,-72.90032733,2008,4,98,298.5547384,0.348114582,0.3854754,0.007594873,3.46E-06,0.254851618,-0.003748978,4.07E-06,0.267821742,16572429.6,3.04875E+12,0.334523436,0.652016172,6082.537109,0,168.9300079,-36.20990372,-124.981369,-114.5289154,-76.21443939,-7.92041254,0.01469,0.637326173
40,-3.29999717,-72.90032733,2009,4,98,298.504364,0.370323857,0.33999446,0.007866176,4.59E-06,0.28546985,-0.004047767,5.41E-06,0.284869757,16466668.69,2.97941E+12,0.276173346,0.687754599,6082.537109,0,168.9300079,-36.20990372,-124.981369,-114.5289154,-76.21443939,-7.92041254,0.011039428,0.676715171
40,-3.29999717,-72.90032733,2010,4,98,298.6173452,0.450373308,0.33379433,0.00782698,5.10E-06,0.293176657,-0.003999138,6.12E-06,0.282068358,16464682.83,3.17931E+12,0.209965389,0.712535838,6082.537109,0,168.9300079,-36.20990372,-124.981369,-114.5289154,-76.21443939,-7.92041254,0.014254383,0.698281455
40,-3.29999717,-72.90032733,2011,4,98,298.5923411,0.378471327,0.387585831,0.008047841,5.82E-06,0.267251434,-0.004245801,6.93E-06,0.260414105,16340781.54,3.26564E+12,0.205474469,0.774077152,6082.537109,0,168.9300079,-36.20990372,-124.981369,-114.5289154,-76.21443939,-7.92041254,-0.003184898,0.77726205
40,-3.29999717,-72.90032733,2012,4,98,298.5870972,0.359563418,0.457419937,0.008234569,7.09E-06,0.230313547,-0.004436922,8.22E-06,0.231391313,16281927.06,3.14722E+12,0.230557993,0.786792691,6082.537109,0,168.9300079,-36.20990372,-124.981369,-114.5289154,-76.21443939,-7.92041254,0.032921797,0.753870894
40,-3.29999717,-72.90032733,2013,4,98,298.5754649,0.368779703,0.567364583,0.008185195,6.26E-06,0.226626483,-0.004382462,7.27E-06,0.241217965,16287990.31,3.15609E+12,0.309267171,0.698913503,6082.537109,0,168.9300079,-36.20990372,-124.981369,-114.5289154,-76.21443939,-7.92041254,0.0283284,0.670585103
40,-3.29999717,-72.90032733,2014,4,98,298.4288177,0.27197746,0.596252838,0.008535628,6.10E-06,0.222774079,-0.00479489,7.07E-06,0.249157989,16016549.88,2.95317E+12,0.369811464,0.60501579,6082.537109,0,168.9300079,-36.20990372,-124.981369,-114.5289154,-76.21443939,-7.92041254,0.019915613,0.585100177
40,-3.29999717,-72.90032733,2015,4,98,298.4801127,0.354367969,0.533047074,0.008753894,6.53E-06,0.219287587,-0.005030077,7.87E-06,0.244023636,15910087.71,3.39844E+12,0.299240786,0.521638746,6082.537109,0,168.9300079,-36.20990372,-124.981369,-114.5289154,-76.21443939,-7.92041254,0.029727958,0.491910787
40,-3.29999717,-72.90032733,2016,4,98,298.6158091,0.462071889,0.468366556,0.008852784,6.32E-06,0.173148857,-0.005135988,7.52E-06,0.201782126,15814057.25,3.7908E+12,0.231085488,0.435746893,6082.537109,0,168.9300079,-36.20990372,-124.981369,-114.5289154,-76.21443939,-7.92041254,0.002980934,0.432765959
40,-3.29999717,-72.90032733,2017,4,98,298.7100016,0.397965658,0.385003916,0.008647583,7.06E-06,0.109671664,-0.004910821,8.27E-06,0.138718056,15881786.08,3.46286E+12,0.161656651,0.455246391,6082.537109,0,168.9300079,-36.20990372,-124.981369,-114.5289154,-76.21443939,-7.92041254,0.016987067,0.438259324
40,-3.29999717,-72.90032733,2018,4,98,298.733963,0.421034149,0.338887905,0.008571528,7.26E-06,0.035599315,-0.004829585,8.60E-06,0.065002078,15902851.85,3.56467E+12,0.112750641,0.493494892,6082.537109,0,168.9300079,-36.20990372,-124.981369,-114.5289154,-76.21443939,-7.92041254,0.025199553,0.468295339
40,-3.29999717,-72.90032733,2019,4,98,298.749705,0.354618293,0.350784029,0.008593833,6.68E-06,-0.015695099,-0.004840885,7.64E-06,0.017680962,15914915.23,2.85189E+12,0.148749247,0.470350808,6082.537109,0,168.9300079,-36.20990372,-124.981369,-114.5289154,-76.21443939,-7.92041254,0.044746949,0.425603859
40,-3.29999717,-72.90032733,2020,4,98,298.7841237,0.303203738,0.339752861,0.008184006,6.45E-06,0.008623296,-0.004399652,7.53E-06,0.039888518,16098352.42,3.01144E+12,0.17623724,0.432107997,6082.537109,0,168.9300079,-36.20990372,-124.981369,-114.5289154,-76.21443939,-7.92041254,0.010811493,0.421296504
40,-3.29999717,-72.90032733,2021,4,98,298.7458547,0.362379093,0.333485012,0.008389023,7.37E-06,0.027137207,-0.004589621,8.53E-06,0.054362187,16138046.4,3.75893E+12,0.229605176,0.423747916,6082.537109,0,168.9300079,-36.20990372,-124.981369,-114.5289154,-76.21443939,-7.92041254,0.017409081,0.406338836
40,-3.29999717,-72.90032733,2022,4,98,298.7908223,0.368466651,0.334302426,0.007882623,9.74E-06,0.081911087,-0.00426475,8.99E-06,0.099574648,15351787.78,1.1048E+13,0.302788364,0.453716124,6082.537109,0,168.9300079,-36.20990372,-124.981369,-114.5289154,-76.21443939,-7.92041254,0.005163142,0.448552982
40,-3.29999717,-72.90032733,2023,4,98,298.9406484,0.610110918,0.352180879,0.006405815,1.19E-05,0.217958623,-0.003384277,8.35E-06,0.159255605,12766011.97,2.90074E+13,0.477701168,0.520071923,6082.537109,0,168.9300079,-36.20990372,-124.981369,-114.5289154,-76.21443939,-7.92041254,-0.014835302,0.534907225
40,-3.29999717,-72.90032733,2024,4,98,299.1216838,0.804575369,0.43893931,0.006378316,1.33E-05,0.349958158,-0.003426191,9.80E-06,0.201787332,12466150.76,3.24491E+13,0.654969171,0.582120297,6082.537109,0,168.9300079,-36.20990372,-124.981369,-114.5289154,-76.21443939,-7.92041254,0.010846183,0.571274114
41,-16.0199992,-62.72999797,2000,4,100,295.9846802,3.683121303,NaN,0.004415518,6.78E-06,NaN,-0.000742546,4.77E-06,NaN,17270407.67,5.18219E+12,NaN,NaN,NaN,NaN,NaN,NaN,NaN,NaN,NaN,NaN,NaN,NaN
41,-16.0199992,-62.72999797,2001,4,100,296.1445516,3.093628178,NaN,0.004474345,7.07E-06,NaN,-0.000802234,4.59E-06,NaN,17426869.08,5.21608E+12,NaN,NaN,NaN,NaN,NaN,NaN,NaN,NaN,NaN,NaN,NaN,NaN
41,-16.0199992,-62.72999797,2002,4,100,296.3719889,2.942458425,NaN,0.004407586,7.04E-06,NaN,-0.000714493,4.74E-06,NaN,17602653.44,5.87617E+12,NaN,NaN,NaN,NaN,NaN,NaN,NaN,NaN,NaN,NaN,NaN,NaN
41,-16.0199992,-62.72999797,2003,4,100,296.4068654,2.538821256,NaN,0.004304221,6.84E-06,NaN,-0.000638057,4.46E-06,NaN,17682601.77,5.66371E+12,NaN,NaN,NaN,NaN,NaN,NaN,NaN,NaN,NaN,NaN,NaN,NaN
41,-16.0199992,-62.72999797,2004,4,100,296.5167643,2.699719113,0.078172447,0.004208407,6.96E-06,-0.203033219,-0.000582832,4.56E-06,-0.244155824,17706204.15,6.24293E+12,0.192073762,0.123177425,NaN,NaN,NaN,NaN,NaN,NaN,NaN,NaN,NaN,NaN
41,-16.0199992,-62.72999797,2005,4,100,296.5161896,2.472414879,0.101601164,0.00420561,7.16E-06,-0.169126964,-0.000593059,4.77E-06,-0.209644152,17696353.85,5.77823E+12,0.203586881,0.038609297,NaN,NaN,NaN,NaN,NaN,NaN,NaN,NaN,NaN,NaN
41,-16.0199992,-62.72999797,2006,4,100,296.4388987,2.280707861,0.13057608,0.004318332,8.55E-06,-0.038866456,-0.000764963,5.73E-06,-0.088716508,17573983.31,5.05244E+12,0.196163403,0.02088447,NaN,NaN,NaN,NaN,NaN,NaN,NaN,NaN,NaN,NaN
41,-16.0199992,-62.72999797,2007,4,100,296.43514,2.613259357,0.132321832,0.004553419,1.09E-05,0.02723121,-0.001041796,7.56E-06,-0.02617648,17527299.17,4.80812E+12,0.165455428,-0.00293246,NaN,NaN,NaN,NaN,NaN,NaN,NaN,NaN,NaN,NaN
41,-16.0199992,-62.72999797,2008,4,100,296.4096375,2.139249854,0.126707168,0.00482752,1.36E-05,0.158615517,-0.001342474,9.88E-06,0.103262739,17558395.56,4.56997E+12,0.114772884,-0.108161658,NaN,NaN,NaN,NaN,NaN,NaN,NaN,NaN,NaN,NaN
41,-16.0199992,-62.72999797,2009,4,100,296.4742126,2.454232844,0.106055542,0.004938562,1.41E-05,0.230942709,-0.001436491,1.07E-05,0.172767531,17510846.19,5.35614E+12,0.045583905,-0.124912224,NaN,NaN,NaN,NaN,NaN,NaN,NaN,NaN,NaN,NaN
41,-16.0199992,-62.72999797,2010,4,100,296.591507,2.780704137,0.05595406,0.004734713,1.47E-05,0.223851415,-0.001297207,1.10E-05,0.170270158,17697496.98,5.88494E+12,-0.017579669,-0.130687392,NaN,NaN,NaN,NaN,NaN,NaN,NaN,NaN,NaN,NaN
41,-16.0199992,-62.72999797,2011,4,100,296.6409658,2.518868765,0.011897632,0.004566226,1.38E-05,0.206728416,-0.00111447,1.03E-05,0.157402859,17708603.31,6.22838E+12,-0.028547111,-0.125541827,NaN,NaN,NaN,NaN,NaN,NaN,NaN,NaN,NaN,NaN
41,-16.0199992,-62.72999797,2012,4,100,296.7066854,2.546816044,-0.011166076,0.004513216,1.19E-05,0.119302797,-0.001001916,8.59E-06,0.069680227,17775655.58,6.15869E+12,-0.016034521,-0.048325388,NaN,NaN,NaN,NaN,NaN,NaN,NaN,NaN,NaN,NaN
41,-16.0199992,-62.72999797,2013,4,100,296.6431732,2.398978233,-0.011849281,0.004318462,1.07E-05,0.078709976,-0.000813771,7.44E-06,0.023274186,17847818,5.97406E+12,-0.001931165,-0.012870934,NaN,NaN,NaN,NaN,NaN,NaN,NaN,NaN,NaN,NaN
41,-16.0199992,-62.72999797,2014,4,100,296.4985199,2.409863767,0.065576231,0.004553802,9.73E-06,-0.00898107,-0.000965832,7.17E-06,-0.0652495,17487962.65,6.78587E+12,0.022492955,0.030898075,NaN,NaN,NaN,NaN,NaN,NaN,NaN,NaN,NaN,NaN
41,-16.0199992,-62.72999797,2015,4,100,296.5641785,2.647681758,0.160560518,0.00474824,9.28E-06,-0.098640721,-0.001055563,7.29E-06,-0.145464714,17454809.56,7.56954E+12,0.039385849,0.105758155,NaN,NaN,NaN,NaN,NaN,NaN,NaN,NaN,NaN,NaN
41,-16.0199992,-62.72999797,2016,4,100,296.5832977,2.636115766,0.243136434,0.004624173,9.74E-06,-0.142491597,-0.000950777,7.55E-06,-0.176902778,17448930.56,7.45175E+12,0.067866864,0.161722945,NaN,NaN,NaN,NaN,NaN,NaN,NaN,NaN,NaN,NaN
41,-16.0199992,-62.72999797,2017,4,100,296.711141,2.479124093,0.276969224,0.004844682,1.06E-05,-0.157119397,-0.001166257,8.14E-06,-0.170754536,17458464.1,7.75282E+12,0.146379705,0.194044792,NaN,NaN,NaN,NaN,NaN,NaN,NaN,NaN,NaN,NaN
41,-16.0199992,-62.72999797,2018,4,100,296.7012482,2.42718237,0.202534474,0.004776435,1.05E-05,-0.117375779,-0.001099988,7.55E-06,-0.117495976,17692973.75,6.08052E+12,0.21055425,0.195639952,NaN,NaN,NaN,NaN,NaN,NaN,NaN,NaN,NaN,NaN
41,-16.0199992,-62.72999797,2019,4,100,296.7154439,2.429331254,0.104341245,0.004459542,9.75E-06,-0.022343689,-0.000893384,6.32E-06,-0.023302404,17814542.88,5.37086E+12,0.241911228,0.1680679,NaN,NaN,NaN,NaN,NaN,NaN,NaN,NaN,NaN,NaN
41,-16.0199992,-62.72999797,2020,4,100,296.9629161,2.816845088,0.013716774,0.004210064,8.88E-06,0.095001426,-0.00072093,5.29E-06,0.08925699,18129544.46,6.08686E+12,0.273328834,0.128527005,NaN,NaN,NaN,NaN,NaN,NaN,NaN,NaN,NaN,NaN
41,-16.0199992,-62.72999797,2021,4,100,296.9783986,3.320676563,0.00614686,0.004026351,1.04E-05,0.200251452,-0.000671939,6.41E-06,0.176734179,18196062.33,5.51884E+12,0.27911543,0.106687036,NaN,NaN,NaN,NaN,NaN,NaN,NaN,NaN,NaN,NaN
41,-16.0199992,-62.72999797,2022,4,100,297.0930278,3.034858057,0.04175564,0.003545813,9.24E-06,0.254098956,-0.000396097,5.48E-06,0.221007539,17425835.66,1.44121E+13,0.290119569,0.059898664,NaN,NaN,NaN,NaN,NaN,NaN,NaN,NaN,NaN,NaN
41,-16.0199992,-62.72999797,2023,4,100,297.2960765,3.658104777,0.097676148,0.002968431,8.73E-06,0.307892962,-0.000386926,4.94E-06,0.227317361,14541802.76,3.45792E+13,0.451893951,0.046610425,NaN,NaN,NaN,NaN,NaN,NaN,NaN,NaN,NaN,NaN
41,-16.0199992,-62.72999797,2024,4,100,297.3728638,3.765672069,0.21510786,0.002786811,8.10E-06,0.363363901,-0.000385633,4.31E-06,0.238329305,13919368.05,3.41648E+13,0.603121268,0.065946184,NaN,NaN,NaN,NaN,NaN,NaN,NaN,NaN,NaN,NaN
42,-16.02000151,-62.72965871,2000,4,100,295.9846802,3.683121303,NaN,0.004415518,6.78E-06,NaN,-0.000742546,4.77E-06,NaN,17270407.67,5.18219E+12,NaN,NaN,5551.091797,0,747.0299072,-225.8439484,-182.3631134,-230.7378693,-60.41147614,80.29426575,NaN,NaN
42,-16.02000151,-62.72965871,2001,4,100,296.1445516,3.093628178,NaN,0.004474345,7.07E-06,NaN,-0.000802234,4.59E-06,NaN,17426869.08,5.21608E+12,NaN,NaN,5551.091797,0,747.0299072,-225.8439484,-182.3631134,-230.7378693,-60.41147614,80.29426575,NaN,NaN
42,-16.02000151,-62.72965871,2002,4,100,296.3719889,2.942458425,NaN,0.004407586,7.04E-06,NaN,-0.000714493,4.74E-06,NaN,17602653.44,5.87617E+12,NaN,NaN,5551.091797,0,747.0299072,-225.8439484,-182.3631134,-230.7378693,-60.41147614,80.29426575,NaN,NaN
42,-16.02000151,-62.72965871,2003,4,100,296.4068654,2.538821256,NaN,0.004304221,6.84E-06,NaN,-0.000638057,4.46E-06,NaN,17682601.77,5.66371E+12,NaN,NaN,5551.091797,0,747.0299072,-225.8439484,-182.3631134,-230.7378693,-60.41147614,80.29426575,NaN,NaN
42,-16.02000151,-62.72965871,2004,4,100,296.5167643,2.699719113,0.078172447,0.004208407,6.96E-06,-0.203033219,-0.000582832,4.56E-06,-0.244155824,17706204.15,6.24293E+12,0.192073762,-0.147106163,5551.091797,0,747.0299072,-225.8439484,-182.3631134,-230.7378693,-60.41147614,80.29426575,0,-0.147106163
42,-16.02000151,-62.72965871,2005,4,100,296.5161896,2.472414879,0.101601164,0.00420561,7.16E-06,-0.169126964,-0.000593059,4.77E-06,-0.209644152,17696353.85,5.77823E+12,0.203586881,-0.04372235,5551.091797,0,747.0299072,-225.8439484,-182.3631134,-230.7378693,-60.41147614,80.29426575,-0.005603049,-0.038119302
42,-16.02000151,-62.72965871,2006,4,100,296.4388987,2.280707861,0.13057608,0.004318332,8.55E-06,-0.038866456,-0.000764963,5.73E-06,-0.088716508,17573983.31,5.05244E+12,0.196163403,0.003485041,5551.091797,0,747.0299072,-225.8439484,-182.3631134,-230.7378693,-60.41147614,80.29426575,-0.013481135,0.016966176
42,-16.02000151,-62.72965871,2007,4,100,296.43514,2.613259357,0.132321832,0.004553419,1.09E-05,0.02723121,-0.001041796,7.56E-06,-0.02617648,17527299.17,4.80812E+12,0.165455428,0.012439692,5551.091797,0,747.0299072,-225.8439484,-182.3631134,-230.7378693,-60.41147614,80.29426575,0.000262726,0.012176967
42,-16.02000151,-62.72965871,2008,4,100,296.4096375,2.139249854,0.126707168,0.00482752,1.36E-05,0.158615517,-0.001342474,9.88E-06,0.103262739,17558395.56,4.56997E+12,0.114772884,0.036259084,5551.091797,0,747.0299072,-225.8439484,-182.3631134,-230.7378693,-60.41147614,80.29426575,0.011639124,0.02461996
42,-16.02000151,-62.72965871,2009,4,100,296.4742126,2.454232844,0.106055542,0.004938562,1.41E-05,0.230942709,-0.001436491,1.07E-05,0.172767531,17510846.19,5.35614E+12,0.045583905,-0.023560354,5551.091797,0,747.0299072,-225.8439484,-182.3631134,-230.7378693,-60.41147614,80.29426575,0.016306229,-0.039866584
42,-16.02000151,-62.72965871,2010,4,100,296.591507,2.780704137,0.05595406,0.004734713,1.47E-05,0.223851415,-0.001297207,1.10E-05,0.170270158,17697496.98,5.88494E+12,-0.017579669,-0.075631648,5551.091797,0,747.0299072,-225.8439484,-182.3631134,-230.7378693,-60.41147614,80.29426575,0.012226488,-0.087858136
42,-16.02000151,-62.72965871,2011,4,100,296.6409658,2.518868765,0.011897632,0.004566226,1.38E-05,0.206728416,-0.00111447,1.03E-05,0.157402859,17708603.31,6.22838E+12,-0.028547111,-0.054215449,5551.091797,0,747.0299072,-225.8439484,-182.3631134,-230.7378693,-60.41147614,80.29426575,0.014600239,-0.068815688
42,-16.02000151,-62.72965871,2012,4,100,296.7066854,2.546816044,-0.011166076,0.004513216,1.19E-05,0.119302797,-0.001001916,8.59E-06,0.069680227,17775655.58,6.15869E+12,-0.016034521,-0.003316087,5551.091797,0,747.0299072,-225.8439484,-182.3631134,-230.7378693,-60.41147614,80.29426575,-0.02175201,0.018435923
42,-16.02000151,-62.72965871,2013,4,100,296.6431732,2.398978233,-0.011849281,0.004318462,1.07E-05,0.078709976,-0.000813771,7.44E-06,0.023274186,17847818,5.97406E+12,-0.001931165,0.083037606,5551.091797,0,747.0299072,-225.8439484,-182.3631134,-230.7378693,-60.41147614,80.29426575,-0.015218297,0.098255903
42,-16.02000151,-62.72965871,2014,4,100,296.4985199,2.409863767,0.065576231,0.004553802,9.73E-06,-0.00898107,-0.000965832,7.17E-06,-0.0652495,17487962.65,6.78587E+12,0.022492955,0.177556957,5551.091797,0,747.0299072,-225.8439484,-182.3631134,-230.7378693,-60.41147614,80.29426575,-0.009512027,0.187068984
42,-16.02000151,-62.72965871,2015,4,100,296.5641785,2.647681758,0.160560518,0.00474824,9.28E-06,-0.098640721,-0.001055563,7.29E-06,-0.145464714,17454809.56,7.56954E+12,0.039385849,0.200182262,5551.091797,0,747.0299072,-225.8439484,-182.3631134,-230.7378693,-60.41147614,80.29426575,-0.01702051,0.217202771
42,-16.02000151,-62.72965871,2016,4,100,296.5832977,2.636115766,0.243136434,0.004624173,9.74E-06,-0.142491597,-0.000950777,7.55E-06,-0.176902778,17448930.56,7.45175E+12,0.067866864,0.208555034,5551.091797,0,747.0299072,-225.8439484,-182.3631134,-230.7378693,-60.41147614,80.29426575,-0.025857751,0.234412785
42,-16.02000151,-62.72965871,2017,4,100,296.711141,2.479124093,0.276969224,0.004844682,1.06E-05,-0.157119397,-0.001166257,8.14E-06,-0.170754536,17458464.1,7.75282E+12,0.146379705,0.188300997,5551.091797,0,747.0299072,-225.8439484,-182.3631134,-230.7378693,-60.41147614,80.29426575,-0.011543181,0.199844178
42,-16.02000151,-62.72965871,2018,4,100,296.7012482,2.42718237,0.202534474,0.004776435,1.05E-05,-0.117375779,-0.001099988,7.55E-06,-0.117495976,17692973.75,6.08052E+12,0.21055425,0.144607477,5551.091797,0,747.0299072,-225.8439484,-182.3631134,-230.7378693,-60.41147614,80.29426575,-0.009171524,0.153779002
42,-16.02000151,-62.72965871,2019,4,100,296.7154439,2.429331254,0.104341245,0.004459542,9.75E-06,-0.022343689,-0.000893384,6.32E-06,-0.023302404,17814542.88,5.37086E+12,0.241911228,0.120200729,5551.091797,0,747.0299072,-225.8439484,-182.3631134,-230.7378693,-60.41147614,80.29426575,-0.012492955,0.132693684
42,-16.02000151,-62.72965871,2020,4,100,296.9629161,2.816845088,0.013716774,0.004210064,8.88E-06,0.095001426,-0.00072093,5.29E-06,0.08925699,18129544.46,6.08686E+12,0.273328834,0.117824687,5551.091797,0,747.0299072,-225.8439484,-182.3631134,-230.7378693,-60.41147614,80.29426575,-0.054760682,0.172585369
42,-16.02000151,-62.72965871,2021,4,100,296.9783986,3.320676563,0.00614686,0.004026351,1.04E-05,0.200251452,-0.000671939,6.41E-06,0.176734179,18196062.33,5.51884E+12,0.27911543,0.136094096,5551.091797,0,747.0299072,-225.8439484,-182.3631134,-230.7378693,-60.41147614,80.29426575,-0.045005927,0.181100023
42,-16.02000151,-62.72965871,2022,4,100,297.0930278,3.034858057,0.04175564,0.003545813,9.24E-06,0.254098956,-0.000396097,5.48E-06,0.221007539,17425835.66,1.44121E+13,0.290119569,0.10645484,5551.091797,0,747.0299072,-225.8439484,-182.3631134,-230.7378693,-60.41147614,80.29426575,-0.018115763,0.124570604
42,-16.02000151,-62.72965871,2023,4,100,297.2960765,3.658104777,0.097676148,0.002968431,8.73E-06,0.307892962,-0.000386926,4.94E-06,0.227317361,14541802.76,3.45792E+13,0.451893951,0.093199625,5551.091797,0,747.0299072,-225.8439484,-182.3631134,-230.7378693,-60.41147614,80.29426575,-0.026274041,0.119473666
42,-16.02000151,-62.72965871,2024,4,100,297.3728638,3.765672069,0.21510786,0.002786811,8.10E-06,0.363363901,-0.000385633,4.31E-06,0.238329305,13919368.05,3.41648E+13,0.603121268,0.070049844,5551.091797,0,747.0299072,-225.8439484,-182.3631134,-230.7378693,-60.41147614,80.29426575,-0.046138054,0.116187898
43,-16.01974534,-62.72999797,2000,4,100,295.9846802,3.683121303,NaN,0.004415518,6.78E-06,NaN,-0.000742546,4.77E-06,NaN,17270407.67,5.18219E+12,NaN,NaN,-2796.692383,0.011548535,1073.732666,-337.5966187,-149.0185242,-206.8938751,-71.26409912,55.79110336,NaN,NaN
43,-16.01974534,-62.72999797,2001,4,100,296.1445516,3.093628178,NaN,0.004474345,7.07E-06,NaN,-0.000802234,4.59E-06,NaN,17426869.08,5.21608E+12,NaN,NaN,-2796.692383,0.011548535,1073.732666,-337.5966187,-149.0185242,-206.8938751,-71.26409912,55.79110336,NaN,NaN
43,-16.01974534,-62.72999797,2002,4,100,296.3719889,2.942458425,NaN,0.004407586,7.04E-06,NaN,-0.000714493,4.74E-06,NaN,17602653.44,5.87617E+12,NaN,NaN,-2796.692383,0.011548535,1073.732666,-337.5966187,-149.0185242,-206.8938751,-71.26409912,55.79110336,NaN,NaN
43,-16.01974534,-62.72999797,2003,4,100,296.4068654,2.538821256,NaN,0.004304221,6.84E-06,NaN,-0.000638057,4.46E-06,NaN,17682601.77,5.66371E+12,NaN,NaN,-2796.692383,0.011548535,1073.732666,-337.5966187,-149.0185242,-206.8938751,-71.26409912,55.79110336,NaN,NaN
43,-16.01974534,-62.72999797,2004,4,100,296.5167643,2.699719113,0.078172447,0.004208407,6.96E-06,-0.203033219,-0.000582832,4.56E-06,-0.244155824,17706204.15,6.24293E+12,0.192073762,-0.086774832,-2796.692383,0.011548535,1073.732666,-337.5966187,-149.0185242,-206.8938751,-71.26409912,55.79110336,0,-0.086774832
43,-16.01974534,-62.72999797,2005,4,100,296.5161896,2.472414879,0.101601164,0.00420561,7.16E-06,-0.169126964,-0.000593059,4.77E-06,-0.209644152,17696353.85,5.77823E+12,0.203586881,0.048657291,-2796.692383,0.011548535,1073.732666,-337.5966187,-149.0185242,-206.8938751,-71.26409912,55.79110336,0.009183061,0.03947423
43,-16.01974534,-62.72999797,2006,4,100,296.4388987,2.280707861,0.13057608,0.004318332,8.55E-06,-0.038866456,-0.000764963,5.73E-06,-0.088716508,17573983.31,5.05244E+12,0.196163403,0.089732964,-2796.692383,0.011548535,1073.732666,-337.5966187,-149.0185242,-206.8938751,-71.26409912,55.79110336,0.00774512,0.081987844
43,-16.01974534,-62.72999797,2007,4,100,296.43514,2.613259357,0.132321832,0.004553419,1.09E-05,0.02723121,-0.001041796,7.56E-06,-0.02617648,17527299.17,4.80812E+12,0.165455428,0.098260546,-2796.692383,0.011548535,1073.732666,-337.5966187,-149.0185242,-206.8938751,-71.26409912,55.79110336,0.025772008,0.072488538
43,-16.01974534,-62.72999797,2008,4,100,296.4096375,2.139249854,0.126707168,0.00482752,1.36E-05,0.158615517,-0.001342474,9.88E-06,0.103262739,17558395.56,4.56997E+12,0.114772884,0.133502709,-2796.692383,0.011548535,1073.732666,-337.5966187,-149.0185242,-206.8938751,-71.26409912,55.79110336,0.017507528,0.115995181
43,-16.01974534,-62.72999797,2009,4,100,296.4742126,2.454232844,0.106055542,0.004938562,1.41E-05,0.230942709,-0.001436491,1.07E-05,0.172767531,17510846.19,5.35614E+12,0.045583905,0.042355701,-2796.692383,0.011548535,1073.732666,-337.5966187,-149.0185242,-206.8938751,-71.26409912,55.79110336,0.020115799,0.022239902
43,-16.01974534,-62.72999797,2010,4,100,296.591507,2.780704137,0.05595406,0.004734713,1.47E-05,0.223851415,-0.001297207,1.10E-05,0.170270158,17697496.98,5.88494E+12,-0.017579669,-0.013854222,-2796.692383,0.011548535,1073.732666,-337.5966187,-149.0185242,-206.8938751,-71.26409912,55.79110336,0.00541982,-0.019274042
43,-16.01974534,-62.72999797,2011,4,100,296.6409658,2.518868765,0.011897632,0.004566226,1.38E-05,0.206728416,-0.00111447,1.03E-05,0.157402859,17708603.31,6.22838E+12,-0.028547111,-0.014719084,-2796.692383,0.011548535,1073.732666,-337.5966187,-149.0185242,-206.8938751,-71.26409912,55.79110336,0.000164979,-0.014884063
43,-16.01974534,-62.72999797,2012,4,100,296.7066854,2.546816044,-0.011166076,0.004513216,1.19E-05,0.119302797,-0.001001916,8.59E-06,0.069680227,17775655.58,6.15869E+12,-0.016034521,0.01696297,-2796.692383,0.011548535,1073.732666,-337.5966187,-149.0185242,-206.8938751,-71.26409912,55.79110336,-0.026216395,0.043179365
43,-16.01974534,-62.72999797,2013,4,100,296.6431732,2.398978233,-0.011849281,0.004318462,1.07E-05,0.078709976,-0.000813771,7.44E-06,0.023274186,17847818,5.97406E+12,-0.001931165,0.105659881,-2796.692383,0.011548535,1073.732666,-337.5966187,-149.0185242,-206.8938751,-71.26409912,55.79110336,-0.012577297,0.118237178
43,-16.01974534,-62.72999797,2014,4,100,296.4985199,2.409863767,0.065576231,0.004553802,9.73E-06,-0.00898107,-0.000965832,7.17E-06,-0.0652495,17487962.65,6.78587E+12,0.022492955,0.200831183,-2796.692383,0.011548535,1073.732666,-337.5966187,-149.0185242,-206.8938751,-71.26409912,55.79110336,-0.004546458,0.205377641
43,-16.01974534,-62.72999797,2015,4,100,296.5641785,2.647681758,0.160560518,0.00474824,9.28E-06,-0.098640721,-0.001055563,7.29E-06,-0.145464714,17454809.56,7.56954E+12,0.039385849,0.272401284,-2796.692383,0.011548535,1073.732666,-337.5966187,-149.0185242,-206.8938751,-71.26409912,55.79110336,-0.015268406,0.28766969
43,-16.01974534,-62.72999797,2016,4,100,296.5832977,2.636115766,0.243136434,0.004624173,9.74E-06,-0.142491597,-0.000950777,7.55E-06,-0.176902778,17448930.56,7.45175E+12,0.067866864,0.324995249,-2796.692383,0.011548535,1073.732666,-337.5966187,-149.0185242,-206.8938751,-71.26409912,55.79110336,-0.044818157,0.369813406
43,-16.01974534,-62.72999797,2017,4,100,296.711141,2.479124093,0.276969224,0.004844682,1.06E-05,-0.157119397,-0.001166257,8.14E-06,-0.170754536,17458464.1,7.75282E+12,0.146379705,0.348382516,-2796.692383,0.011548535,1073.732666,-337.5966187,-149.0185242,-206.8938751,-71.26409912,55.79110336,-0.037441786,0.385824302
43,-16.01974534,-62.72999797,2018,4,100,296.7012482,2.42718237,0.202534474,0.004776435,1.05E-05,-0.117375779,-0.001099988,7.55E-06,-0.117495976,17692973.75,6.08052E+12,0.21055425,0.312798976,-2796.692383,0.011548535,1073.732666,-337.5966187,-149.0185242,-206.8938751,-71.26409912,55.79110336,-0.036663768,0.349462744
43,-16.01974534,-62.72999797,2019,4,100,296.7154439,2.429331254,0.104341245,0.004459542,9.75E-06,-0.022343689,-0.000893384,6.32E-06,-0.023302404,17814542.88,5.37086E+12,0.241911228,0.177568631,-2796.692383,0.011548535,1073.732666,-337.5966187,-149.0185242,-206.8938751,-71.26409912,55.79110336,-0.000465418,0.178034049
43,-16.01974534,-62.72999797,2020,4,100,296.9629161,2.816845088,0.013716774,0.004210064,8.88E-06,0.095001426,-0.00072093,5.29E-06,0.08925699,18129544.46,6.08686E+12,0.273328834,0.039305733,-2796.692383,0.011548535,1073.732666,-337.5966187,-149.0185242,-206.8938751,-71.26409912,55.79110336,-0.014605566,0.053911298
43,-16.01974534,-62.72999797,2021,4,100,296.9783986,3.320676563,0.00614686,0.004026351,1.04E-05,0.200251452,-0.000671939,6.41E-06,0.176734179,18196062.33,5.51884E+12,0.27911543,-0.076120576,-2796.692383,0.011548535,1073.732666,-337.5966187,-149.0185242,-206.8938751,-71.26409912,55.79110336,0.000245272,-0.076365848
43,-16.01974534,-62.72999797,2022,4,100,297.0930278,3.034858057,0.04175564,0.003545813,9.24E-06,0.254098956,-0.000396097,5.48E-06,0.221007539,17425835.66,1.44121E+13,0.290119569,-0.161442279,-2796.692383,0.011548535,1073.732666,-337.5966187,-149.0185242,-206.8938751,-71.26409912,55.79110336,0.030505905,-0.191948184
43,-16.01974534,-62.72999797,2023,4,100,297.2960765,3.658104777,0.097676148,0.002968431,8.73E-06,0.307892962,-0.000386926,4.94E-06,0.227317361,14541802.76,3.45792E+13,0.451893951,-0.109388209,-2796.692383,0.011548535,1073.732666,-337.5966187,-149.0185242,-206.8938751,-71.26409912,55.79110336,0.024398335,-0.133786544
43,-16.01974534,-62.72999797,2024,4,100,297.3728638,3.765672069,0.21510786,0.002786811,8.10E-06,0.363363901,-0.000385633,4.31E-06,0.238329305,13919368.05,3.41648E+13,0.603121268,-0.043567326,-2796.692383,0.011548535,1073.732666,-337.5966187,-149.0185242,-206.8938751,-71.26409912,55.79110336,0.006927922,-0.050495249
44,-16.02024788,-62.72998037,2000,4,100,295.9846802,3.683121303,NaN,0.004415518,6.78E-06,NaN,-0.000742546,4.77E-06,NaN,17270407.67,5.18219E+12,NaN,NaN,NaN,NaN,NaN,NaN,NaN,NaN,NaN,NaN,NaN,NaN
44,-16.02024788,-62.72998037,2001,4,100,296.1445516,3.093628178,NaN,0.004474345,7.07E-06,NaN,-0.000802234,4.59E-06,NaN,17426869.08,5.21608E+12,NaN,NaN,NaN,NaN,NaN,NaN,NaN,NaN,NaN,NaN,NaN,NaN
44,-16.02024788,-62.72998037,2002,4,100,296.3719889,2.942458425,NaN,0.004407586,7.04E-06,NaN,-0.000714493,4.74E-06,NaN,17602653.44,5.87617E+12,NaN,NaN,NaN,NaN,NaN,NaN,NaN,NaN,NaN,NaN,NaN,NaN
44,-16.02024788,-62.72998037,2003,4,100,296.4068654,2.538821256,NaN,0.004304221,6.84E-06,NaN,-0.000638057,4.46E-06,NaN,17682601.77,5.66371E+12,NaN,NaN,NaN,NaN,NaN,NaN,NaN,NaN,NaN,NaN,NaN,NaN
44,-16.02024788,-62.72998037,2004,4,100,296.5167643,2.699719113,0.078172447,0.004208407,6.96E-06,-0.203033219,-0.000582832,4.56E-06,-0.244155824,17706204.15,6.24293E+12,0.192073762,0.126344578,NaN,NaN,NaN,NaN,NaN,NaN,NaN,NaN,NaN,NaN
44,-16.02024788,-62.72998037,2005,4,100,296.5161896,2.472414879,0.101601164,0.00420561,7.16E-06,-0.169126964,-0.000593059,4.77E-06,-0.209644152,17696353.85,5.77823E+12,0.203586881,0.141536821,NaN,NaN,NaN,NaN,NaN,NaN,NaN,NaN,NaN,NaN
44,-16.02024788,-62.72998037,2006,4,100,296.4388987,2.280707861,0.13057608,0.004318332,8.55E-06,-0.038866456,-0.000764963,5.73E-06,-0.088716508,17573983.31,5.05244E+12,0.196163403,0.167992766,NaN,NaN,NaN,NaN,NaN,NaN,NaN,NaN,NaN,NaN
44,-16.02024788,-62.72998037,2007,4,100,296.43514,2.613259357,0.132321832,0.004553419,1.09E-05,0.02723121,-0.001041796,7.56E-06,-0.02617648,17527299.17,4.80812E+12,0.165455428,0.154670247,NaN,NaN,NaN,NaN,NaN,NaN,NaN,NaN,NaN,NaN
44,-16.02024788,-62.72998037,2008,4,100,296.4096375,2.139249854,0.126707168,0.00482752,1.36E-05,0.158615517,-0.001342474,9.88E-06,0.103262739,17558395.56,4.56997E+12,0.114772884,0.078117513,NaN,NaN,NaN,NaN,NaN,NaN,NaN,NaN,NaN,NaN
44,-16.02024788,-62.72998037,2009,4,100,296.4742126,2.454232844,0.106055542,0.004938562,1.41E-05,0.230942709,-0.001436491,1.07E-05,0.172767531,17510846.19,5.35614E+12,0.045583905,-0.010277264,NaN,NaN,NaN,NaN,NaN,NaN,NaN,NaN,NaN,NaN
44,-16.02024788,-62.72998037,2010,4,100,296.591507,2.780704137,0.05595406,0.004734713,1.47E-05,0.223851415,-0.001297207,1.10E-05,0.170270158,17697496.98,5.88494E+12,-0.017579669,-0.022821706,NaN,NaN,NaN,NaN,NaN,NaN,NaN,NaN,NaN,NaN
44,-16.02024788,-62.72998037,2011,4,100,296.6409658,2.518868765,0.011897632,0.004566226,1.38E-05,0.206728416,-0.00111447,1.03E-05,0.157402859,17708603.31,6.22838E+12,-0.028547111,0.046332722,NaN,NaN,NaN,NaN,NaN,NaN,NaN,NaN,NaN,NaN
44,-16.02024788,-62.72998037,2012,4,100,296.7066854,2.546816044,-0.011166076,0.004513216,1.19E-05,0.119302797,-0.001001916,8.59E-06,0.069680227,17775655.58,6.15869E+12,-0.016034521,0.179225204,NaN,NaN,NaN,NaN,NaN,NaN,NaN,NaN,NaN,NaN
44,-16.02024788,-62.72998037,2013,4,100,296.6431732,2.398978233,-0.011849281,0.004318462,1.07E-05,0.078709976,-0.000813771,7.44E-06,0.023274186,17847818,5.97406E+12,-0.001931165,0.304594739,NaN,NaN,NaN,NaN,NaN,NaN,NaN,NaN,NaN,NaN
44,-16.02024788,-62.72998037,2014,4,100,296.4985199,2.409863767,0.065576231,0.004553802,9.73E-06,-0.00898107,-0.000965832,7.17E-06,-0.0652495,17487962.65,6.78587E+12,0.022492955,0.343758939,NaN,NaN,NaN,NaN,NaN,NaN,NaN,NaN,NaN,NaN
44,-16.02024788,-62.72998037,2015,4,100,296.5641785,2.647681758,0.160560518,0.00474824,9.28E-06,-0.098640721,-0.001055563,7.29E-06,-0.145464714,17454809.56,7.56954E+12,0.039385849,0.279293565,NaN,NaN,NaN,NaN,NaN,NaN,NaN,NaN,NaN,NaN
44,-16.02024788,-62.72998037,2016,4,100,296.5832977,2.636115766,0.243136434,0.004624173,9.74E-06,-0.142491597,-0.000950777,7.55E-06,-0.176902778,17448930.56,7.45175E+12,0.067866864,0.211789014,NaN,NaN,NaN,NaN,NaN,NaN,NaN,NaN,NaN,NaN
44,-16.02024788,-62.72998037,2017,4,100,296.711141,2.479124093,0.276969224,0.004844682,1.06E-05,-0.157119397,-0.001166257,8.14E-06,-0.170754536,17458464.1,7.75282E+12,0.146379705,0.145398606,NaN,NaN,NaN,NaN,NaN,NaN,NaN,NaN,NaN,NaN
44,-16.02024788,-62.72998037,2018,4,100,296.7012482,2.42718237,0.202534474,0.004776435,1.05E-05,-0.117375779,-0.001099988,7.55E-06,-0.117495976,17692973.75,6.08052E+12,0.21055425,0.061122042,NaN,NaN,NaN,NaN,NaN,NaN,NaN,NaN,NaN,NaN
44,-16.02024788,-62.72998037,2019,4,100,296.7154439,2.429331254,0.104341245,0.004459542,9.75E-06,-0.022343689,-0.000893384,6.32E-06,-0.023302404,17814542.88,5.37086E+12,0.241911228,0.003142889,NaN,NaN,NaN,NaN,NaN,NaN,NaN,NaN,NaN,NaN
44,-16.02024788,-62.72998037,2020,4,100,296.9629161,2.816845088,0.013716774,0.004210064,8.88E-06,0.095001426,-0.00072093,5.29E-06,0.08925699,18129544.46,6.08686E+12,0.273328834,-0.028334822,NaN,NaN,NaN,NaN,NaN,NaN,NaN,NaN,NaN,NaN
44,-16.02024788,-62.72998037,2021,4,100,296.9783986,3.320676563,0.00614686,0.004026351,1.04E-05,0.200251452,-0.000671939,6.41E-06,0.176734179,18196062.33,5.51884E+12,0.27911543,-0.04923991,NaN,NaN,NaN,NaN,NaN,NaN,NaN,NaN,NaN,NaN
44,-16.02024788,-62.72998037,2022,4,100,297.0930278,3.034858057,0.04175564,0.003545813,9.24E-06,0.254098956,-0.000396097,5.48E-06,0.221007539,17425835.66,1.44121E+13,0.290119569,-0.053850174,NaN,NaN,NaN,NaN,NaN,NaN,NaN,NaN,NaN,NaN
44,-16.02024788,-62.72998037,2023,4,100,297.2960765,3.658104777,0.097676148,0.002968431,8.73E-06,0.307892962,-0.000386926,4.94E-06,0.227317361,14541802.76,3.45792E+13,0.451893951,-0.002107596,NaN,NaN,NaN,NaN,NaN,NaN,NaN,NaN,NaN,NaN
44,-16.02024788,-62.72998037,2024,4,100,297.3728638,3.765672069,0.21510786,0.002786811,8.10E-06,0.363363901,-0.000385633,4.31E-06,0.238329305,13919368.05,3.41648E+13,0.603121268,0.039452883,NaN,NaN,NaN,NaN,NaN,NaN,NaN,NaN,NaN,NaN
45,-16.02002069,-62.73030131,2000,4,100,295.9846802,3.683121303,NaN,0.004415518,6.78E-06,NaN,-0.000742546,4.77E-06,NaN,17270407.67,5.18219E+12,NaN,NaN,5788.083496,0,1017.178467,-232.739212,-171.0480957,-222.9569397,-81.47681427,39.63782501,NaN,NaN
45,-16.02002069,-62.73030131,2001,4,100,296.1445516,3.093628178,NaN,0.004474345,7.07E-06,NaN,-0.000802234,4.59E-06,NaN,17426869.08,5.21608E+12,NaN,NaN,5788.083496,0,1017.178467,-232.739212,-171.0480957,-222.9569397,-81.47681427,39.63782501,NaN,NaN
45,-16.02002069,-62.73030131,2002,4,100,296.3719889,2.942458425,NaN,0.004407586,7.04E-06,NaN,-0.000714493,4.74E-06,NaN,17602653.44,5.87617E+12,NaN,NaN,5788.083496,0,1017.178467,-232.739212,-171.0480957,-222.9569397,-81.47681427,39.63782501,NaN,NaN
45,-16.02002069,-62.73030131,2003,4,100,296.4068654,2.538821256,NaN,0.004304221,6.84E-06,NaN,-0.000638057,4.46E-06,NaN,17682601.77,5.66371E+12,NaN,NaN,5788.083496,0,1017.178467,-232.739212,-171.0480957,-222.9569397,-81.47681427,39.63782501,NaN,NaN
45,-16.02002069,-62.73030131,2004,4,100,296.5167643,2.699719113,0.078172447,0.004208407,6.96E-06,-0.203033219,-0.000582832,4.56E-06,-0.244155824,17706204.15,6.24293E+12,0.192073762,-0.063611296,5788.083496,0,1017.178467,-232.739212,-171.0480957,-222.9569397,-81.47681427,39.63782501,0,-0.063611296
45,-16.02002069,-62.73030131,2005,4,100,296.5161896,2.472414879,0.101601164,0.00420561,7.16E-06,-0.169126964,-0.000593059,4.77E-06,-0.209644152,17696353.85,5.77823E+12,0.203586881,-0.183526142,5788.083496,0,1017.178467,-232.739212,-171.0480957,-222.9569397,-81.47681427,39.63782501,-0.001609524,-0.181916617
45,-16.02002069,-62.73030131,2006,4,100,296.4388987,2.280707861,0.13057608,0.004318332,8.55E-06,-0.038866456,-0.000764963,5.73E-06,-0.088716508,17573983.31,5.05244E+12,0.196163403,-0.17982944,5788.083496,0,1017.178467,-232.739212,-171.0480957,-222.9569397,-81.47681427,39.63782501,-0.012449205,-0.167380235
45,-16.02002069,-62.73030131,2007,4,100,296.43514,2.613259357,0.132321832,0.004553419,1.09E-05,0.02723121,-0.001041796,7.56E-06,-0.02617648,17527299.17,4.80812E+12,0.165455428,-0.191042468,5788.083496,0,1017.178467,-232.739212,-171.0480957,-222.9569397,-81.47681427,39.63782501,-0.002389646,-0.188652823
45,-16.02002069,-62.73030131,2008,4,100,296.4096375,2.139249854,0.126707168,0.00482752,1.36E-05,0.158615517,-0.001342474,9.88E-06,0.103262739,17558395.56,4.56997E+12,0.114772884,-0.245418311,5788.083496,0,1017.178467,-232.739212,-171.0480957,-222.9569397,-81.47681427,39.63782501,-0.014430009,-0.230988301
45,-16.02002069,-62.73030131,2009,4,100,296.4742126,2.454232844,0.106055542,0.004938562,1.41E-05,0.230942709,-0.001436491,1.07E-05,0.172767531,17510846.19,5.35614E+12,0.045583905,-0.22562367,5788.083496,0,1017.178467,-232.739212,-171.0480957,-222.9569397,-81.47681427,39.63782501,0.004293335,-0.229917005
45,-16.02002069,-62.73030131,2010,4,100,296.591507,2.780704137,0.05595406,0.004734713,1.47E-05,0.223851415,-0.001297207,1.10E-05,0.170270158,17697496.98,5.88494E+12,-0.017579669,-0.199763688,5788.083496,0,1017.178467,-232.739212,-171.0480957,-222.9569397,-81.47681427,39.63782501,0.00350455,-0.203268238
45,-16.02002069,-62.73030131,2011,4,100,296.6409658,2.518868765,0.011897632,0.004566226,1.38E-05,0.206728416,-0.00111447,1.03E-05,0.157402859,17708603.31,6.22838E+12,-0.028547111,-0.143690225,5788.083496,0,1017.178467,-232.739212,-171.0480957,-222.9569397,-81.47681427,39.63782501,-0.000273137,-0.143417088
45,-16.02002069,-62.73030131,2012,4,100,296.7066854,2.546816044,-0.011166076,0.004513216,1.19E-05,0.119302797,-0.001001916,8.59E-06,0.069680227,17775655.58,6.15869E+12,-0.016034521,-0.036155966,5788.083496,0,1017.178467,-232.739212,-171.0480957,-222.9569397,-81.47681427,39.63782501,-0.020853481,-0.015302485
45,-16.02002069,-62.73030131,2013,4,100,296.6431732,2.398978233,-0.011849281,0.004318462,1.07E-05,0.078709976,-0.000813771,7.44E-06,0.023274186,17847818,5.97406E+12,-0.001931165,0.073118005,5788.083496,0,1017.178467,-232.739212,-171.0480957,-222.9569397,-81.47681427,39.63782501,-0.010798635,0.08391664
45,-16.02002069,-62.73030131,2014,4,100,296.4985199,2.409863767,0.065576231,0.004553802,9.73E-06,-0.00898107,-0.000965832,7.17E-06,-0.0652495,17487962.65,6.78587E+12,0.022492955,0.167490068,5788.083496,0,1017.178467,-232.739212,-171.0480957,-222.9569397,-81.47681427,39.63782501,0.000543507,0.166946562
45,-16.02002069,-62.73030131,2015,4,100,296.5641785,2.647681758,0.160560518,0.00474824,9.28E-06,-0.098640721,-0.001055563,7.29E-06,-0.145464714,17454809.56,7.56954E+12,0.039385849,0.237608761,5788.083496,0,1017.178467,-232.739212,-171.0480957,-222.9569397,-81.47681427,39.63782501,-0.015441635,0.253050395
45,-16.02002069,-62.73030131,2016,4,100,296.5832977,2.636115766,0.243136434,0.004624173,9.74E-06,-0.142491597,-0.000950777,7.55E-06,-0.176902778,17448930.56,7.45175E+12,0.067866864,0.2437392,5788.083496,0,1017.178467,-232.739212,-171.0480957,-222.9569397,-81.47681427,39.63782501,-0.027570038,0.271309238
45,-16.02002069,-62.73030131,2017,4,100,296.711141,2.479124093,0.276969224,0.004844682,1.06E-05,-0.157119397,-0.001166257,8.14E-06,-0.170754536,17458464.1,7.75282E+12,0.146379705,0.193253758,5788.083496,0,1017.178467,-232.739212,-171.0480957,-222.9569397,-81.47681427,39.63782501,-0.019798703,0.213052461
45,-16.02002069,-62.73030131,2018,4,100,296.7012482,2.42718237,0.202534474,0.004776435,1.05E-05,-0.117375779,-0.001099988,7.55E-06,-0.117495976,17692973.75,6.08052E+12,0.21055425,0.099867835,5788.083496,0,1017.178467,-232.739212,-171.0480957,-222.9569397,-81.47681427,39.63782501,-0.023575346,0.123443182
45,-16.02002069,-62.73030131,2019,4,100,296.7154439,2.429331254,0.104341245,0.004459542,9.75E-06,-0.022343689,-0.000893384,6.32E-06,-0.023302404,17814542.88,5.37086E+12,0.241911228,0.042143434,5788.083496,0,1017.178467,-232.739212,-171.0480957,-222.9569397,-81.47681427,39.63782501,-0.019985643,0.062129076
45,-16.02002069,-62.73030131,2020,4,100,296.9629161,2.816845088,0.013716774,0.004210064,8.88E-06,0.095001426,-0.00072093,5.29E-06,0.08925699,18129544.46,6.08686E+12,0.273328834,0.037267636,5788.083496,0,1017.178467,-232.739212,-171.0480957,-222.9569397,-81.47681427,39.63782501,-0.034337102,0.071604738
45,-16.02002069,-62.73030131,2021,4,100,296.9783986,3.320676563,0.00614686,0.004026351,1.04E-05,0.200251452,-0.000671939,6.41E-06,0.176734179,18196062.33,5.51884E+12,0.27911543,0.048386475,5788.083496,0,1017.178467,-232.739212,-171.0480957,-222.9569397,-81.47681427,39.63782501,-0.020712429,0.069098904
45,-16.02002069,-62.73030131,2022,4,100,297.0930278,3.034858057,0.04175564,0.003545813,9.24E-06,0.254098956,-0.000396097,5.48E-06,0.221007539,17425835.66,1.44121E+13,0.290119569,0.088948813,5788.083496,0,1017.178467,-232.739212,-171.0480957,-222.9569397,-81.47681427,39.63782501,0.005795957,0.083152856
45,-16.02002069,-62.73030131,2023,4,100,297.2960765,3.658104777,0.097676148,0.002968431,8.73E-06,0.307892962,-0.000386926,4.94E-06,0.227317361,14541802.76,3.45792E+13,0.451893951,0.142263256,5788.083496,0,1017.178467,-232.739212,-171.0480957,-222.9569397,-81.47681427,39.63782501,-0.004437269,0.146700524
45,-16.02002069,-62.73030131,2024,4,100,297.3728638,3.765672069,0.21510786,0.002786811,8.10E-06,0.363363901,-0.000385633,4.31E-06,0.238329305,13919368.05,3.41648E+13,0.603121268,0.152517421,5788.083496,0,1017.178467,-232.739212,-171.0480957,-222.9569397,-81.47681427,39.63782501,-0.011000797,0.163518218
,,,,,,,,,,,,,,,,,,,,,,,,,,,,
,,,,,,,,,,,,,,,,,,,,,,,,,,,,
,,,,,,,,,,,,,,,,,,,,,,,,,,,,
,,,,,,,,,,,,,,,,,,,,,,,,,,,,
,,,,,,,,,,,,,,,,,,,,,,,,,,,,
,,,,,,,,,,,,,,,,,,,,,,,,,,,,
,,,,,,,,,,,,,,,,,,,,,,,,,,,,
,,,,,,,,,,,,,,,,,,,,,,,,,,,,
,,,,,,,,,,,,,,,,,,,,,,,,,,,,
,,,,,,,,,,,,,,,,,,,,,,,,,,,,
,,,,,,,,,,,,,,,,,,,,,,,,,,,,
,,,,,,,,,,,,,,,,,,,,,,,,,,,,
,,,,,,,,,,,,,,,,,,,,,,,,,,,,
,,,,,,,,,,,,,,,,,,,,,,,,,,,,
,,,,,,,,,,,,,,,,,,,,,,,,,,,,
,,,,,,,,,,,,,,,,,,,,,,,,,,,,
,,,,,,,,,,,,,,,,,,,,,,,,,,,,
,,,,,,,,,,,,,,,,,,,,,,,,,,,,
,,,,,,,,,,,,,,,,,,,,,,,,,,,,
,,,,,,,,,,,,,,,,,,,,,,,,,,,,
,,,,,,,,,,,,,,,,,,,,,,,,,,,,
,,,,,,,,,,,,,,,,,,,,,,,,,,,,
,,,,,,,,,,,,,,,,,,,,,,,,,,,,
,,,,,,,,,,,,,,,,,,,,,,,,,,,,
,,,,,,,,,,,,,,,,,,,,,,,,,,,,
,,,,,,,,,,,,,,,,,,,,,,,,,,,,
,,,,,,,,,,,,,,,,,,,,,,,,,,,,
,,,,,,,,,,,,,,,,,,,,,,,,,,,,
,,,,,,,,,,,,,,,,,,,,,,,,,,,,
,,,,,,,,,,,,,,,,,,,,,,,,,,,,
,,,,,,,,,,,,,,,,,,,,,,,,,,,,
,,,,,,,,,,,,,,,,,,,,,,,,,,,,
,,,,,,,,,,,,,,,,,,,,,,,,,,,,
,,,,,,,,,,,,,,,,,,,,,,,,,,,,
,,,,,,,,,,,,,,,,,,,,,,,,,,,,
,,,,,,,,,,,,,,,,,,,,,,,,,,,,
,,,,,,,,,,,,,,,,,,,,,,,,,,,,
,,,,,,,,,,,,,,,,,,,,,,,,,,,,
,,,,,,,,,,,,,,,,,,,,,,,,,,,,
,,,,,,,,,,,,,,,,,,,,,,,,,,,,
,,,,,,,,,,,,,,,,,,,,,,,,,,,,
,,,,,,,,,,,,,,,,,,,,,,,,,,,,
,,,,,,,,,,,,,,,,,,,,,,,,,,,,
,,,,,,,,,,,,,,,,,,,,,,,,,,,,
,,,,,,,,,,,,,,,,,,,,,,,,,,,,
,,,,,,,,,,,,,,,,,,,,,,,,,,,,
,,,,,,,,,,,,,,,,,,,,,,,,,,,,
,,,,,,,,,,,,,,,,,,,,,,,,,,,,
,,,,,,,,,,,,,,,,,,,,,,,,,,,,
,,,,,,,,,,,,,,,,,,,,,,,,,,,,
,,,,,,,,,,,,,,,,,,,,,,,,,,,,
,,,,,,,,,,,,,,,,,,,,,,,,,,,,
,,,,,,,,,,,,,,,,,,,,,,,,,,,,
,,,,,,,,,,,,,,,,,,,,,,,,,,,,
,,,,,,,,,,,,,,,,,,,,,,,,,,,,
,,,,,,,,,,,,,,,,,,,,,,,,,,,,
,,,,,,,,,,,,,,,,,,,,,,,,,,,,
,,,,,,,,,,,,,,,,,,,,,,,,,,,,
,,,,,,,,,,,,,,,,,,,,,,,,,,,,
,,,,,,,,,,,,,,,,,,,,,,,,,,,,
,,,,,,,,,,,,,,,,,,,,,,,,,,,,
,,,,,,,,,,,,,,,,,,,,,,,,,,,,
,,,,,,,,,,,,,,,,,,,,,,,,,,,,
,,,,,,,,,,,,,,,,,,,,,,,,,,,,
,,,,,,,,,,,,,,,,,,,,,,,,,,,,
,,,,,,,,,,,,,,,,,,,,,,,,,,,,
,,,,,,,,,,,,,,,,,,,,,,,,,,,,
,,,,,,,,,,,,,,,,,,,,,,,,,,,,
,,,,,,,,,,,,,,,,,,,,,,,,,,,,
,,,,,,,,,,,,,,,,,,,,,,,,,,,,
,,,,,,,,,,,,,,,,,,,,,,,,,,,,
,,,,,,,,,,,,,,,,,,,,,,,,,,,,
,,,,,,,,,,,,,,,,,,,,,,,,,,,,
,,,,,,,,,,,,,,,,,,,,,,,,,,,,
,,,,,,,,,,,,,,,,,,,,,,,,,,,,
,,,,,,,,,,,,,,,,,,,,,,,,,,,,
,,,,,,,,,,,,,,,,,,,,,,,,,,,,
,,,,,,,,,,,,,,,,,,,,,,,,,,,,
,,,,,,,,,,,,,,,,,,,,,,,,,,,,
,,,,,,,,,,,,,,,,,,,,,,,,,,,,
,,,,,,,,,,,,,,,,,,,,,,,,,,,,
,,,,,,,,,,,,,,,,,,,,,,,,,,,,
,,,,,,,,,,,,,,,,,,,,,,,,,,,,
,,,,,,,,,,,,,,,,,,,,,,,,,,,,
,,,,,,,,,,,,,,,,,,,,,,,,,,,,
,,,,,,,,,,,,,,,,,,,,,,,,,,,,
,,,,,,,,,,,,,,,,,,,,,,,,,,,,
,,,,,,,,,,,,,,,,,,,,,,,,,,,,
,,,,,,,,,,,,,,,,,,,,,,,,,,,,
,,,,,,,,,,,,,,,,,,,,,,,,,,,,
,,,,,,,,,,,,,,,,,,,,,,,,,,,,
,,,,,,,,,,,,,,,,,,,,,,,,,,,,
,,,,,,,,,,,,,,,,,,,,,,,,,,,,
,,,,,,,,,,,,,,,,,,,,,,,,,,,,
,,,,,,,,,,,,,,,,,,,,,,,,,,,,
,,,,,,,,,,,,,,,,,,,,,,,,,,,,
,,,,,,,,,,,,,,,,,,,,,,,,,,,,
,,,,,,,,,,,,,,,,,,,,,,,,,,,,
,,,,,,,,,,,,,,,,,,,,,,,,,,,,
,,,,,,,,,,,,,,,,,,,,,,,,,,,,
,,,,,,,,,,,,,,,,,,,,,,,,,,,,
,,,,,,,,,,,,,,,,,,,,,,,,,,,,
,,,,,,,,,,,,,,,,,,,,,,,,,,,,
,,,,,,,,,,,,,,,,,,,,,,,,,,,,
,,,,,,,,,,,,,,,,,,,,,,,,,,,,
,,,,,,,,,,,,,,,,,,,,,,,,,,,,
,,,,,,,,,,,,,,,,,,,,,,,,,,,,
,,,,,,,,,,,,,,,,,,,,,,,,,,,,
,,,,,,,,,,,,,,,,,,,,,,,,,,,,
,,,,,,,,,,,,,,,,,,,,,,,,,,,,
,,,,,,,,,,,,,,,,,,,,,,,,,,,,
,,,,,,,,,,,,,,,,,,,,,,,,,,,,
,,,,,,,,,,,,,,,,,,,,,,,,,,,,
,,,,,,,,,,,,,,,,,,,,,,,,,,,,
,,,,,,,,,,,,,,,,,,,,,,,,,,,,
,,,,,,,,,,,,,,,,,,,,,,,,,,,,
,,,,,,,,,,,,,,,,,,,,,,,,,,,,
,,,,,,,,,,,,,,,,,,,,,,,,,,,,
,,,,,,,,,,,,,,,,,,,,,,,,,,,,
,,,,,,,,,,,,,,,,,,,,,,,,,,,,
,,,,,,,,,,,,,,,,,,,,,,,,,,,,
,,,,,,,,,,,,,,,,,,,,,,,,,,,,
,,,,,,,,,,,,,,,,,,,,,,,,,,,,
,,,,,,,,,,,,,,,,,,,,,,,,,,,,
,,,,,,,,,,,,,,,,,,,,,,,,,,,,
,,,,,,,,,,,,,,,,,,,,,,,,,,,,
,,,,,,,,,,,,,,,,,,,,,,,,,,,,
,,,,,,,,,,,,,,,,,,,,,,,,,,,,
,,,,,,,,,,,,,,,,,,,,,,,,,,,,
,,,,,,,,,,,,,,,,,,,,,,,,,,,,
,,,,,,,,,,,,,,,,,,,,,,,,,,,,
,,,,,,,,,,,,,,,,,,,,,,,,,,,,
,,,,,,,,,,,,,,,,,,,,,,,,,,,,
,,,,,,,,,,,,,,,,,,,,,,,,,,,,
,,,,,,,,,,,,,,,,,,,,,,,,,,,,
,,,,,,,,,,,,,,,,,,,,,,,,,,,,
,,,,,,,,,,,,,,,,,,,,,,,,,,,,
,,,,,,,,,,,,,,,,,,,,,,,,,,,,
,,,,,,,,,,,,,,,,,,,,,,,,,,,,
,,,,,,,,,,,,,,,,,,,,,,,,,,,,
,,,,,,,,,,,,,,,,,,,,,,,,,,,,
,,,,,,,,,,,,,,,,,,,,,,,,,,,,
,,,,,,,,,,,,,,,,,,,,,,,,,,,,
,,,,,,,,,,,,,,,,,,,,,,,,,,,,
,,,,,,,,,,,,,,,,,,,,,,,,,,,,
,,,,,,,,,,,,,,,,,,,,,,,,,,,,
,,,,,,,,,,,,,,,,,,,,,,,,,,,,
,,,,,,,,,,,,,,,,,,,,,,,,,,,,
,,,,,,,,,,,,,,,,,,,,,,,,,,,,
,,,,,,,,,,,,,,,,,,,,,,,,,,,,
,,,,,,,,,,,,,,,,,,,,,,,,,,,,
,,,,,,,,,,,,,,,,,,,,,,,,,,,,
,,,,,,,,,,,,,,,,,,,,,,,,,,,,
,,,,,,,,,,,,,,,,,,,,,,,,,,,,
,,,,,,,,,,,,,,,,,,,,,,,,,,,,
,,,,,,,,,,,,,,,,,,,,,,,,,,,,
,,,,,,,,,,,,,,,,,,,,,,,,,,,,
,,,,,,,,,,,,,,,,,,,,,,,,,,,,
,,,,,,,,,,,,,,,,,,,,,,,,,,,,
,,,,,,,,,,,,,,,,,,,,,,,,,,,,
,,,,,,,,,,,,,,,,,,,,,,,,,,,,
,,,,,,,,,,,,,,,,,,,,,,,,,,,,
,,,,,,,,,,,,,,,,,,,,,,,,,,,,
,,,,,,,,,,,,,,,,,,,,,,,,,,,,
,,,,,,,,,,,,,,,,,,,,,,,,,,,,
,,,,,,,,,,,,,,,,,,,,,,,,,,,,
,,,,,,,,,,,,,,,,,,,,,,,,,,,,
,,,,,,,,,,,,,,,,,,,,,,,,,,,,
,,,,,,,,,,,,,,,,,,,,,,,,,,,,
,,,,,,,,,,,,,,,,,,,,,,,,,,,,
,,,,,,,,,,,,,,,,,,,,,,,,,,,,
,,,,,,,,,,,,,,,,,,,,,,,,,,,,
,,,,,,,,,,,,,,,,,,,,,,,,,,,,
,,,,,,,,,,,,,,,,,,,,,,,,,,,,
,,,,,,,,,,,,,,,,,,,,,,,,,,,,
,,,,,,,,,,,,,,,,,,,,,,,,,,,,
,,,,,,,,,,,,,,,,,,,,,,,,,,,,
,,,,,,,,,,,,,,,,,,,,,,,,,,,,
,,,,,,,,,,,,,,,,,,,,,,,,,,,,
,,,,,,,,,,,,,,,,,,,,,,,,,,,,
,,,,,,,,,,,,,,,,,,,,,,,,,,,,
,,,,,,,,,,,,,,,,,,,,,,,,,,,,
,,,,,,,,,,,,,,,,,,,,,,,,,,,,
,,,,,,,,,,,,,,,,,,,,,,,,,,,,
,,,,,,,,,,,,,,,,,,,,,,,,,,,,
,,,,,,,,,,,,,,,,,,,,,,,,,,,,
,,,,,,,,,,,,,,,,,,,,,,,,,,,,
,,,,,,,,,,,,,,,,,,,,,,,,,,,,
,,,,,,,,,,,,,,,,,,,,,,,,,,,,
,,,,,,,,,,,,,,,,,,,,,,,,,,,,
,,,,,,,,,,,,,,,,,,,,,,,,,,,,
,,,,,,,,,,,,,,,,,,,,,,,,,,,,
,,,,,,,,,,,,,,,,,,,,,,,,,,,,
,,,,,,,,,,,,,,,,,,,,,,,,,,,,
,,,,,,,,,,,,,,,,,,,,,,,,,,,,
,,,,,,,,,,,,,,,,,,,,,,,,,,,,
,,,,,,,,,,,,,,,,,,,,,,,,,,,,
,,,,,,,,,,,,,,,,,,,,,,,,,,,,
,,,,,,,,,,,,,,,,,,,,,,,,,,,,
,,,,,,,,,,,,,,,,,,,,,,,,,,,,
