sampleID,sampleLat,sampleLon,year,window_years,fc,t2m_mean,t2m_var,t2m_ac,tp_mean,tp_var,tp_ac,def_mean,def_var,def_ac,ssrd_mean,ssrd_var,ssrd_ac,TAC_NIRv_bimonthly_24,Coef1,Coef2,Coef3,Coef4,Coef5,Coef6,Coef7,Coef8,diff,eTAC
1,-3.95000028,-73.4399997,2000,4,100,297.9804484,0.52765047,NaN,0.007729567,2.73E-06,NaN,-0.004177573,3.24E-06,NaN,16014856.33,4.31517E+12,NaN,NaN,-15724.10645,0.024787659,118.6126251,-73.4757843,-71.55355072,-29.31344986,0,0,NaN,NaN
1,-3.95000028,-73.4399997,2001,4,100,298.0622762,0.545425446,NaN,0.007466685,3.54E-06,NaN,-0.003904698,4.01E-06,NaN,16163969.79,3.80533E+12,NaN,NaN,-15724.10645,0.024787659,118.6126251,-73.4757843,-71.55355072,-29.31344986,0,0,NaN,NaN
1,-3.95000028,-73.4399997,2002,4,100,298.1857368,0.498645752,NaN,0.007291485,3.66E-06,NaN,-0.003732481,4.23E-06,NaN,16203141.03,3.62234E+12,NaN,NaN,-15724.10645,0.024787659,118.6126251,-73.4757843,-71.55355072,-29.31344986,0,0,NaN,NaN
1,-3.95000028,-73.4399997,2003,4,100,298.2323863,0.495514601,NaN,0.007210127,3.63E-06,NaN,-0.00365398,4.23E-06,NaN,16194875.42,3.50158E+12,NaN,NaN,-15724.10645,0.024787659,118.6126251,-73.4757843,-71.55355072,-29.31344986,0,0,NaN,NaN
1,-3.95000028,-73.4399997,2004,4,100,298.361084,0.560660682,0.427722264,0.006863207,3.41E-06,-0.078040163,-0.003294499,4.06E-06,-0.007956569,16301111.02,3.42285E+12,0.387603358,0.288706508,-15724.10645,0.024787659,118.6126251,-73.4757843,-71.55355072,-29.31344986,0,0,0,0.288706508
1,-3.95000028,-73.4399997,2005,4,100,298.5168813,0.489408516,0.41934647,0.006722676,3.28E-06,-0.082865139,-0.003122975,4.11E-06,-0.022585556,16416838.96,3.46182E+12,0.341884045,0.25404133,-15724.10645,0.024787659,118.6126251,-73.4757843,-71.55355072,-29.31344986,0,0,0.00727703,0.2467643
1,-3.95000028,-73.4399997,2006,4,100,298.557958,0.478677138,0.413041517,0.006616052,3.18E-06,-0.031182933,-0.002975517,3.89E-06,0.024699007,16557105.33,3.2263E+12,0.354563669,0.25404133,-15724.10645,0.024787659,118.6126251,-73.4757843,-71.55355072,-29.31344986,0,0,0.009792634,0.244248696
1,-3.95000028,-73.4399997,2007,4,100,298.6074219,0.493434264,0.38673474,0.0065257,3.77E-06,-0.01128323,-0.002866749,4.42E-06,0.035533126,16697277.31,3.14427E+12,0.349543893,0.260835726,-15724.10645,0.024787659,118.6126251,-73.4757843,-71.55355072,-29.31344986,0,0,0.019370804,0.241464922
1,-3.95000028,-73.4399997,2008,4,100,298.5800476,0.38345331,0.37275573,0.006737719,4.11E-06,0.044422796,-0.00307773,4.75E-06,0.072116281,16709675.04,2.8774E+12,0.310223162,0.225649489,-15724.10645,0.024787659,118.6126251,-73.4757843,-71.55355072,-29.31344986,0,0,0.018996119,0.20665337
1,-3.95000028,-73.4399997,2009,4,100,298.512502,0.404847652,0.348286627,0.006988637,4.72E-06,0.114749875,-0.003362924,5.35E-06,0.125936883,16531448.92,2.92097E+12,0.279043509,0.231795264,-15724.10645,0.024787659,118.6126251,-73.4757843,-71.55355072,-29.31344986,0,0,-0.008431894,0.240227158
1,-3.95000028,-73.4399997,2010,4,100,298.608963,0.472286263,0.350722692,0.007018325,5.22E-06,0.143326156,-0.003399532,5.96E-06,0.137912468,16501079.44,3.13969E+12,0.226534804,0.208125084,-15724.10645,0.024787659,118.6126251,-73.4757843,-71.55355072,-29.31344986,0,0,-0.019567141,0.227692225
1,-3.95000028,-73.4399997,2011,4,100,298.5707753,0.397837939,0.416518892,0.007225297,5.36E-06,0.186433298,-0.003617755,6.25E-06,0.178798546,16350993.69,3.37303E+12,0.249046596,0.19378969,-15724.10645,0.024787659,118.6126251,-73.4757843,-71.55355072,-29.31344986,0,0,0.002283517,0.191506174
1,-3.95000028,-73.4399997,2012,4,100,298.5744832,0.378899412,0.482407606,0.007333638,6.51E-06,0.181179119,-0.0037227,7.55E-06,0.180317561,16319948.42,3.26332E+12,0.302677489,0.206648322,-15724.10645,0.024787659,118.6126251,-73.4757843,-71.55355072,-29.31344986,0,0,-0.01721245,0.223860772
1,-3.95000028,-73.4399997,2013,4,100,298.5632579,0.379956771,0.576204794,0.007272551,5.71E-06,0.1593771,-0.003652199,6.68E-06,0.171219782,16339891.71,3.24277E+12,0.35538258,0.197052196,-15724.10645,0.024787659,118.6126251,-73.4757843,-71.55355072,-29.31344986,0,0,-0.031487245,0.228539441
1,-3.95000028,-73.4399997,2014,4,100,298.4231618,0.27666454,0.595557759,0.007472803,5.05E-06,0.11232555,-0.003895549,6.01E-06,0.137665582,16099704.17,3.00912E+12,0.381978535,0.104966834,-15724.10645,0.024787659,118.6126251,-73.4757843,-71.55355072,-29.31344986,0,0,-0.010639481,0.115606315
1,-3.95000028,-73.4399997,2015,4,100,298.4948425,0.387786453,0.518779388,0.007587303,5.45E-06,0.048063822,-0.00402061,6.84E-06,0.074754257,16048925.38,3.56024E+12,0.282811313,0.021033224,-15724.10645,0.024787659,118.6126251,-73.4757843,-71.55355072,-29.31344986,0,0,0.001180385,0.019852839
1,-3.95000028,-73.4399997,2016,4,100,298.634201,0.501228876,0.462936145,0.007621094,4.99E-06,0.014594795,-0.00405131,6.34E-06,0.042401445,16003624.42,3.85529E+12,0.204588587,-0.013608923,-15724.10645,0.024787659,118.6126251,-73.4757843,-71.55355072,-29.31344986,0,0,0.024337181,-0.037946104
1,-3.95000028,-73.4399997,2017,4,100,298.7364909,0.448124681,0.389475634,0.007586836,6.45E-06,0.013331048,-0.003997854,7.88E-06,0.032057516,16076976.42,3.52348E+12,0.155705958,-0.00771071,-15724.10645,0.024787659,118.6126251,-73.4757843,-71.55355072,-29.31344986,0,0,0.026715613,-0.034426323
1,-3.95000028,-73.4399997,2018,4,100,298.7610219,0.488777128,0.349831421,0.007574434,6.87E-06,0.052565548,-0.003970157,8.38E-06,0.063667665,16101749.69,3.78118E+12,0.141247509,0.107123849,-15724.10645,0.024787659,118.6126251,-73.4757843,-71.55355072,-29.31344986,0,0,-0.008278635,0.115402484
1,-3.95000028,-73.4399997,2019,4,100,298.7634989,0.397088208,0.366893853,0.007629115,7.22E-06,0.102777885,-0.004016727,8.39E-06,0.111264547,16064360.31,3.02761E+12,0.183147137,0.209297468,-15724.10645,0.024787659,118.6126251,-73.4757843,-71.55355072,-29.31344986,0,0,-0.020745718,0.230043186
1,-3.95000028,-73.4399997,2020,4,100,298.7979177,0.353665242,0.334094314,0.007213659,7.06E-06,0.158416634,-0.00358662,8.31E-06,0.161892063,16187296.13,3.24634E+12,0.183563261,0.251121897,-15724.10645,0.024787659,118.6126251,-73.4757843,-71.55355072,-29.31344986,0,0,-0.009397129,0.260519026
1,-3.95000028,-73.4399997,2021,4,100,298.7705129,0.401567547,0.300582528,0.007371059,7.54E-06,0.170181385,-0.003726866,8.77E-06,0.178399537,16269115.56,3.80477E+12,0.194157211,0.301543903,-15724.10645,0.024787659,118.6126251,-73.4757843,-71.55355072,-29.31344986,0,0,-0.018473889,0.320017793
1,-3.95000028,-73.4399997,2022,4,100,298.816335,0.413887534,0.285881115,0.006962419,9.65E-06,0.172414846,-0.003514354,9.31E-06,0.181976482,15475912.11,1.12622E+13,0.233343773,0.341556381,-15724.10645,0.024787659,118.6126251,-73.4757843,-71.55355072,-29.31344986,0,0,-0.035073654,0.376630035
1,-3.95000028,-73.4399997,2023,4,100,298.9712067,0.672893878,0.286874954,0.005635622,1.02E-05,0.264899318,-0.002795458,7.34E-06,0.205739572,12884322.05,2.96292E+13,0.403872216,0.405654507,-15724.10645,0.024787659,118.6126251,-73.4757843,-71.55355072,-29.31344986,0,0,-0.019458349,0.425112856
1,-3.95000028,-73.4399997,2024,4,100,299.1552124,0.884999543,0.373743966,0.005644162,1.26E-05,0.368578859,-0.002904511,9.49E-06,0.223477662,12550225.72,3.30955E+13,0.594392299,0.462679395,-15724.10645,0.024787659,118.6126251,-73.4757843,-71.55355072,-29.31344986,0,0,0.027753235,0.43492616
2,-3.94999467,-73.43979207,2000,4,100,297.9783325,0.541468828,NaN,0.008066198,3.26E-06,NaN,-0.004439654,4.02E-06,NaN,16033027,4.32509E+12,NaN,NaN,-15724.10645,0.024787657,118.6126022,-73.47576141,-71.55352783,-29.31344032,0,0,NaN,NaN
2,-3.94999467,-73.43979207,2001,4,100,298.0578817,0.541404071,NaN,0.007775074,3.73E-06,NaN,-0.004135502,4.31E-06,NaN,16184831.79,3.79958E+12,NaN,NaN,-15724.10645,0.024787657,118.6126022,-73.47576141,-71.55352783,-29.31344032,0,0,NaN,NaN
2,-3.94999467,-73.43979207,2002,4,100,298.1808539,0.496639412,NaN,0.007525547,3.76E-06,NaN,-0.003889519,4.40E-06,NaN,16212803.22,3.62614E+12,NaN,NaN,-15724.10645,0.024787657,118.6126022,-73.47576141,-71.55352783,-29.31344032,0,0,NaN,NaN
2,-3.94999467,-73.43979207,2003,4,100,298.2261607,0.492833801,NaN,0.007448697,3.73E-06,NaN,-0.003816701,4.38E-06,NaN,16198672.52,3.5182E+12,NaN,NaN,-15724.10645,0.024787657,118.6126022,-73.47576141,-71.55352783,-29.31344032,0,0,NaN,NaN
2,-3.94999467,-73.43979207,2004,4,100,298.3553467,0.556093825,0.432345715,0.007078821,3.33E-06,-0.066637574,-0.003430641,3.99E-06,0.005264105,16301750.79,3.44716E+12,0.394518449,0.288706479,-15724.10645,0.024787657,118.6126022,-73.47576141,-71.55352783,-29.31344032,0,0,0,0.288706479
2,-3.94999467,-73.43979207,2005,4,100,298.5103709,0.488222267,0.425201787,0.006926541,3.07E-06,-0.068899725,-0.003246452,3.89E-06,-0.005620482,16410499.77,3.50009E+12,0.34933154,0.254041293,-15724.10645,0.024787657,118.6126022,-73.47576141,-71.55352783,-29.31344032,0,0,-0.009396439,0.263437732
2,-3.94999467,-73.43979207,2006,4,100,298.5503489,0.47743669,0.419070715,0.006881227,3.16E-06,-0.020216231,-0.003154099,3.84E-06,0.037537748,16557776.79,3.26317E+12,0.36193763,0.254041293,-15724.10645,0.024787657,118.6126022,-73.47576141,-71.55352783,-29.31344032,0,0,-0.004016596,0.258057889
2,-3.94999467,-73.43979207,2007,4,100,298.6008708,0.493742502,0.389976185,0.006796741,3.74E-06,0.000215421,-0.003050244,4.38E-06,0.048015471,16702862.31,3.17092E+12,0.355990303,0.260835714,-15724.10645,0.024787657,118.6126022,-73.47576141,-71.55352783,-29.31344032,0,0,-0.001668,0.262503714
2,-3.94999467,-73.43979207,2008,4,100,298.5732524,0.383457856,0.37222915,0.006996458,4.02E-06,0.055202549,-0.003248082,4.61E-06,0.083479995,16715793.42,2.89033E+12,0.314871311,0.225649525,-15724.10645,0.024787657,118.6126022,-73.47576141,-71.55352783,-29.31344032,0,0,-0.012331514,0.237981039
2,-3.94999467,-73.43979207,2009,4,100,298.5083923,0.403412737,0.340765576,0.007251934,4.82E-06,0.117195505,-0.003540488,5.42E-06,0.127194397,16545897.71,2.91195E+12,0.277207215,0.231795309,-15724.10645,0.024787657,118.6126022,-73.47576141,-71.55352783,-29.31344032,0,0,-0.024409227,0.256204536
2,-3.94999467,-73.43979207,2010,4,100,298.6080271,0.471873486,0.337507879,0.007255866,5.28E-06,0.141869601,-0.003551597,6.02E-06,0.133900639,16515662.9,3.12895E+12,0.217511593,0.208125119,-15724.10645,0.024787657,118.6126022,-73.47576141,-71.55352783,-29.31344032,0,0,-0.02964363,0.237768749
2,-3.94999467,-73.43979207,2011,4,100,298.5708567,0.39648936,0.401648687,0.007440123,5.31E-06,0.180467703,-0.003744537,6.19E-06,0.168672171,16368069.15,3.38238E+12,0.23690607,0.193789716,-15724.10645,0.024787657,118.6126022,-73.47576141,-71.55352783,-29.31344032,0,0,-0.015922687,0.209712403
2,-3.94999467,-73.43979207,2012,4,100,298.5726522,0.376651885,0.469495442,0.007557308,6.44E-06,0.172864723,-0.003859024,7.49E-06,0.165309541,16336100.54,3.27372E+12,0.288875682,0.206648332,-15724.10645,0.024787657,118.6126022,-73.47576141,-71.55352783,-29.31344032,0,0,-0.024598448,0.23124678
2,-3.94999467,-73.43979207,2013,4,100,298.5617523,0.380517567,0.570106358,0.00747,5.58E-06,0.163653232,-0.003761608,6.61E-06,0.168839197,16348227,3.28886E+12,0.347811449,0.197052198,-15724.10645,0.024787657,118.6126022,-73.47576141,-71.55352783,-29.31344032,0,0,-0.041293725,0.238345923
2,-3.94999467,-73.43979207,2014,4,100,298.4208018,0.275266705,0.59467028,0.007693014,4.92E-06,0.129214484,-0.004032787,5.92E-06,0.150850472,16105459.67,3.06162E+12,0.381630092,0.104966837,-15724.10645,0.024787657,118.6126022,-73.47576141,-71.55352783,-29.31344032,0,0,-0.015987878,0.120954716
2,-3.94999467,-73.43979207,2015,4,100,298.4914653,0.386040429,0.521328253,0.007834516,5.56E-06,0.082845324,-0.00418476,7.03E-06,0.109525614,16050913.42,3.59418E+12,0.284605188,0.021033229,-15724.10645,0.024787657,118.6126022,-73.47576141,-71.55352783,-29.31344032,0,0,-0.018136649,0.039169878
2,-3.94999467,-73.43979207,2016,4,100,298.6331838,0.503872767,0.465991801,0.00787311,5.26E-06,0.065974555,-0.004224499,6.69E-06,0.096940941,16001709.13,3.91427E+12,0.206332904,-0.013608913,-15724.10645,0.024787657,118.6126022,-73.47576141,-71.55352783,-29.31344032,0,0,0.004285874,-0.017894787
2,-3.94999467,-73.43979207,2017,4,100,298.7339681,0.450778412,0.38993211,0.007852578,6.66E-06,0.069839181,-0.00418085,8.15E-06,0.093999346,16075857.5,3.55088E+12,0.153985188,-0.007710694,-15724.10645,0.024787657,118.6126022,-73.47576141,-71.55352783,-29.31344032,0,0,-0.015000235,0.007289541
2,-3.94999467,-73.43979207,2018,4,100,298.7587026,0.489790327,0.34948588,0.00782099,7.05E-06,0.104998367,-0.004134029,8.62E-06,0.121388785,16102610.19,3.79451E+12,0.137070809,0.107123865,-15724.10645,0.024787657,118.6126022,-73.47576141,-71.55352783,-29.31344032,0,0,-0.016019249,0.123143114
2,-3.94999467,-73.43979207,2019,4,100,298.7628072,0.397648235,0.36593992,0.007844658,7.38E-06,0.136986574,-0.004150599,8.57E-06,0.15028995,16066894.94,3.04786E+12,0.180482966,0.209297481,-15724.10645,0.024787657,118.6126022,-73.47576141,-71.55352783,-29.31344032,0,0,-0.02604752,0.235345
2,-3.94999467,-73.43979207,2020,4,100,298.7936859,0.345871224,0.332724558,0.007456614,7.07E-06,0.167598832,-0.003735402,8.33E-06,0.177107196,16191057.08,3.2481E+12,0.184044962,0.251121898,-15724.10645,0.024787657,118.6126022,-73.47576141,-71.55352783,-29.31344032,0,0,-0.019370976,0.270492874
2,-3.94999467,-73.43979207,2021,4,100,298.7623749,0.390657428,0.300322953,0.007628404,7.40E-06,0.144853065,-0.003887621,8.57E-06,0.159634289,16271721.06,3.82077E+12,0.196993813,0.301543892,-15724.10645,0.024787657,118.6126022,-73.47576141,-71.55352783,-29.31344032,0,0,-0.009586159,0.311130051
2,-3.94999467,-73.43979207,2022,4,100,298.8049011,0.405115839,0.283717802,0.007201909,9.43E-06,0.119858288,-0.003656374,9.00E-06,0.134970936,15475444.91,1.12902E+13,0.23651504,0.341556363,-15724.10645,0.024787657,118.6126022,-73.47576141,-71.55352783,-29.31344032,0,0,-0.015608787,0.35716515
2,-3.94999467,-73.43979207,2023,4,100,298.9545644,0.649460811,0.282445061,0.005873147,1.01E-05,0.201510578,-0.002941921,7.01E-06,0.13515917,12882378.76,2.96216E+13,0.405591566,0.405654488,-15724.10645,0.024787657,118.6126022,-73.47576141,-71.55352783,-29.31344032,0,0,-0.010542593,0.416197081
2,-3.94999467,-73.43979207,2024,4,100,299.1410522,0.870945021,0.369435645,0.005854093,1.25E-05,0.306815227,-0.003027619,9.21E-06,0.142692436,12555869.68,3.3149E+13,0.59468841,0.462679384,-15724.10645,0.024787657,118.6126022,-73.47576141,-71.55352783,-29.31344032,0,0,0.004190471,0.458488913
3,-3.94981488,-73.44000278,2000,4,100,297.9783325,0.541468828,NaN,0.008066198,3.26E-06,NaN,-0.004439654,4.02E-06,NaN,16033027,4.32509E+12,NaN,NaN,-15724.11719,0.024787674,118.6116943,-73.47533417,-71.5536499,-29.31333923,0,0,NaN,NaN
3,-3.94981488,-73.44000278,2001,4,100,298.0578817,0.541404071,NaN,0.007775074,3.73E-06,NaN,-0.004135502,4.31E-06,NaN,16184831.79,3.79958E+12,NaN,NaN,-15724.11719,0.024787674,118.6116943,-73.47533417,-71.5536499,-29.31333923,0,0,NaN,NaN
3,-3.94981488,-73.44000278,2002,4,100,298.1808539,0.496639412,NaN,0.007525547,3.76E-06,NaN,-0.003889519,4.40E-06,NaN,16212803.22,3.62614E+12,NaN,NaN,-15724.11719,0.024787674,118.6116943,-73.47533417,-71.5536499,-29.31333923,0,0,NaN,NaN
3,-3.94981488,-73.44000278,2003,4,100,298.2261607,0.492833801,NaN,0.007448697,3.73E-06,NaN,-0.003816701,4.38E-06,NaN,16198672.52,3.5182E+12,NaN,NaN,-15724.11719,0.024787674,118.6116943,-73.47533417,-71.5536499,-29.31333923,0,0,NaN,NaN
3,-3.94981488,-73.44000278,2004,4,100,298.3553467,0.556093825,0.432345715,0.007078821,3.33E-06,-0.066637574,-0.003430641,3.99E-06,0.005264105,16301750.79,3.44716E+12,0.394518449,0.288706472,-15724.11719,0.024787674,118.6116943,-73.47533417,-71.5536499,-29.31333923,0,0,0,0.288706472
3,-3.94981488,-73.44000278,2005,4,100,298.5103709,0.488222267,0.425201787,0.006926541,3.07E-06,-0.068899725,-0.003246452,3.89E-06,-0.005620482,16410499.77,3.50009E+12,0.34933154,0.254041252,-15724.11719,0.024787674,118.6116943,-73.47533417,-71.5536499,-29.31333923,0,0,-0.009396439,0.263437691
3,-3.94981488,-73.44000278,2006,4,100,298.5503489,0.47743669,0.419070715,0.006881227,3.16E-06,-0.020216231,-0.003154099,3.84E-06,0.037537748,16557776.79,3.26317E+12,0.36193763,0.254041252,-15724.11719,0.024787674,118.6116943,-73.47533417,-71.5536499,-29.31333923,0,0,-0.004016596,0.258057848
3,-3.94981488,-73.44000278,2007,4,100,298.6008708,0.493742502,0.389976185,0.006796741,3.74E-06,0.000215421,-0.003050244,4.38E-06,0.048015471,16702862.31,3.17092E+12,0.355990303,0.260835654,-15724.11719,0.024787674,118.6116943,-73.47533417,-71.5536499,-29.31333923,0,0,-0.001668,0.262503654
3,-3.94981488,-73.44000278,2008,4,100,298.5732524,0.383457856,0.37222915,0.006996458,4.02E-06,0.055202549,-0.003248082,4.61E-06,0.083479995,16715793.42,2.89033E+12,0.314871311,0.225649365,-15724.11719,0.024787674,118.6116943,-73.47533417,-71.5536499,-29.31333923,0,0,-0.012331514,0.237980879
3,-3.94981488,-73.44000278,2009,4,100,298.5083923,0.403412737,0.340765576,0.007251934,4.82E-06,0.117195505,-0.003540488,5.42E-06,0.127194397,16545897.71,2.91195E+12,0.277207215,0.231795169,-15724.11719,0.024787674,118.6116943,-73.47533417,-71.5536499,-29.31333923,0,0,-0.024409227,0.256204396
3,-3.94981488,-73.44000278,2010,4,100,298.6080271,0.471873486,0.337507879,0.007255866,5.28E-06,0.141869601,-0.003551597,6.02E-06,0.133900639,16515662.9,3.12895E+12,0.217511593,0.208124998,-15724.11719,0.024787674,118.6116943,-73.47533417,-71.5536499,-29.31333923,0,0,-0.02964363,0.237768628
3,-3.94981488,-73.44000278,2011,4,100,298.5708567,0.39648936,0.401648687,0.007440123,5.31E-06,0.180467703,-0.003744537,6.19E-06,0.168672171,16368069.15,3.38238E+12,0.23690607,0.193789602,-15724.11719,0.024787674,118.6116943,-73.47533417,-71.5536499,-29.31333923,0,0,-0.015922687,0.209712289
3,-3.94981488,-73.44000278,2012,4,100,298.5726522,0.376651885,0.469495442,0.007557308,6.44E-06,0.172864723,-0.003859024,7.49E-06,0.165309541,16336100.54,3.27372E+12,0.288875682,0.206648245,-15724.11719,0.024787674,118.6116943,-73.47533417,-71.5536499,-29.31333923,0,0,-0.024598448,0.231246693
3,-3.94981488,-73.44000278,2013,4,100,298.5617523,0.380517567,0.570106358,0.00747,5.58E-06,0.163653232,-0.003761608,6.61E-06,0.168839197,16348227,3.28886E+12,0.347811449,0.197052182,-15724.11719,0.024787674,118.6116943,-73.47533417,-71.5536499,-29.31333923,0,0,-0.041293725,0.238345907
3,-3.94981488,-73.44000278,2014,4,100,298.4208018,0.275266705,0.59467028,0.007693014,4.92E-06,0.129214484,-0.004032787,5.92E-06,0.150850472,16105459.67,3.06162E+12,0.381630092,0.104966915,-15724.11719,0.024787674,118.6116943,-73.47533417,-71.5536499,-29.31333923,0,0,-0.015987878,0.120954794
3,-3.94981488,-73.44000278,2015,4,100,298.4914653,0.386040429,0.521328253,0.007834516,5.56E-06,0.082845324,-0.00418476,7.03E-06,0.109525614,16050913.42,3.59418E+12,0.284605188,0.021033401,-15724.11719,0.024787674,118.6116943,-73.47533417,-71.5536499,-29.31333923,0,0,-0.018136649,0.03917005
3,-3.94981488,-73.44000278,2016,4,100,298.6331838,0.503872767,0.465991801,0.00787311,5.26E-06,0.065974555,-0.004224499,6.69E-06,0.096940941,16001709.13,3.91427E+12,0.206332904,-0.013608694,-15724.11719,0.024787674,118.6116943,-73.47533417,-71.5536499,-29.31333923,0,0,0.004285874,-0.017894568
3,-3.94981488,-73.44000278,2017,4,100,298.7339681,0.450778412,0.38993211,0.007852578,6.66E-06,0.069839181,-0.00418085,8.15E-06,0.093999346,16075857.5,3.55088E+12,0.153985188,-0.007710495,-15724.11719,0.024787674,118.6116943,-73.47533417,-71.5536499,-29.31333923,0,0,-0.015000235,0.00728974
3,-3.94981488,-73.44000278,2018,4,100,298.7587026,0.489790327,0.34948588,0.00782099,7.05E-06,0.104998367,-0.004134029,8.62E-06,0.121388785,16102610.19,3.79451E+12,0.137070809,0.107123977,-15724.11719,0.024787674,118.6116943,-73.47533417,-71.5536499,-29.31333923,0,0,-0.016019249,0.123143227
3,-3.94981488,-73.44000278,2019,4,100,298.7628072,0.397648235,0.36593992,0.007844658,7.38E-06,0.136986574,-0.004150599,8.57E-06,0.15028995,16066894.94,3.04786E+12,0.180482966,0.20929749,-15724.11719,0.024787674,118.6116943,-73.47533417,-71.5536499,-29.31333923,0,0,-0.02604752,0.23534501
3,-3.94981488,-73.44000278,2020,4,100,298.7936859,0.345871224,0.332724558,0.007456614,7.07E-06,0.167598832,-0.003735402,8.33E-06,0.177107196,16191057.08,3.2481E+12,0.184044962,0.251121855,-15724.11719,0.024787674,118.6116943,-73.47533417,-71.5536499,-29.31333923,0,0,-0.019370976,0.270492831
3,-3.94981488,-73.44000278,2021,4,100,298.7623749,0.390657428,0.300322953,0.007628404,7.40E-06,0.144853065,-0.003887621,8.57E-06,0.159634289,16271721.06,3.82077E+12,0.196993813,0.301543832,-15724.11719,0.024787674,118.6116943,-73.47533417,-71.5536499,-29.31333923,0,0,-0.009586159,0.311129991
3,-3.94981488,-73.44000278,2022,4,100,298.8049011,0.405115839,0.283717802,0.007201909,9.43E-06,0.119858288,-0.003656374,9.00E-06,0.134970936,15475444.91,1.12902E+13,0.23651504,0.341556326,-15724.11719,0.024787674,118.6116943,-73.47533417,-71.5536499,-29.31333923,0,0,-0.015608787,0.357165113
3,-3.94981488,-73.44000278,2023,4,100,298.9545644,0.649460811,0.282445061,0.005873147,1.01E-05,0.201510578,-0.002941921,7.01E-06,0.13515917,12882378.76,2.96216E+13,0.405591566,0.405654475,-15724.11719,0.024787674,118.6116943,-73.47533417,-71.5536499,-29.31333923,0,0,-0.010542593,0.416197068
3,-3.94981488,-73.44000278,2024,4,100,299.1410522,0.870945021,0.369435645,0.005854093,1.25E-05,0.306815227,-0.003027619,9.21E-06,0.142692436,12555869.68,3.3149E+13,0.59468841,0.462679414,-15724.11719,0.024787674,118.6116943,-73.47533417,-71.5536499,-29.31333923,0,0,0.004190471,0.458488943
4,-3.95000627,-73.44026569,2000,4,98,297.9804484,0.52765047,NaN,0.007729567,2.73E-06,NaN,-0.004177573,3.24E-06,NaN,16014856.33,4.31517E+12,NaN,NaN,-16350.81348,0.025780985,81.28185272,-84.48700714,-24.54254341,-6.458868027,0,0,NaN,NaN
4,-3.95000627,-73.44026569,2001,4,98,298.0622762,0.545425446,NaN,0.007466685,3.54E-06,NaN,-0.003904698,4.01E-06,NaN,16163969.79,3.80533E+12,NaN,NaN,-16350.81348,0.025780985,81.28185272,-84.48700714,-24.54254341,-6.458868027,0,0,NaN,NaN
4,-3.95000627,-73.44026569,2002,4,98,298.1857368,0.498645752,NaN,0.007291485,3.66E-06,NaN,-0.003732481,4.23E-06,NaN,16203141.03,3.62234E+12,NaN,NaN,-16350.81348,0.025780985,81.28185272,-84.48700714,-24.54254341,-6.458868027,0,0,NaN,NaN
4,-3.95000627,-73.44026569,2003,4,98,298.2323863,0.495514601,NaN,0.007210127,3.63E-06,NaN,-0.00365398,4.23E-06,NaN,16194875.42,3.50158E+12,NaN,NaN,-16350.81348,0.025780985,81.28185272,-84.48700714,-24.54254341,-6.458868027,0,0,NaN,NaN
4,-3.95000627,-73.44026569,2004,4,98,298.361084,0.560660682,0.427722264,0.006863207,3.41E-06,-0.078040163,-0.003294499,4.06E-06,-0.007956569,16301111.02,3.42285E+12,0.387603358,0.495702301,-16350.81348,0.025780985,81.28185272,-84.48700714,-24.54254341,-6.458868027,0,0,0,0.495702301
4,-3.95000627,-73.44026569,2005,4,98,298.5168813,0.489408516,0.41934647,0.006722676,3.28E-06,-0.082865139,-0.003122975,4.11E-06,-0.022585556,16416838.96,3.46182E+12,0.341884045,0.460691289,-16350.81348,0.025780985,81.28185272,-84.48700714,-24.54254341,-6.458868027,0,0,-0.006667723,0.467359012
4,-3.95000627,-73.44026569,2006,4,98,298.557958,0.478677138,0.413041517,0.006616052,3.18E-06,-0.031182933,-0.002975517,3.89E-06,0.024699007,16557105.33,3.2263E+12,0.354563669,0.460691289,-16350.81348,0.025780985,81.28185272,-84.48700714,-24.54254341,-6.458868027,0,0,-0.004174898,0.464866187
4,-3.95000627,-73.44026569,2007,4,98,298.6074219,0.493434264,0.38673474,0.0065257,3.77E-06,-0.01128323,-0.002866749,4.42E-06,0.035533126,16697277.31,3.14427E+12,0.349543893,0.467662488,-16350.81348,0.025780985,81.28185272,-84.48700714,-24.54254341,-6.458868027,0,0,0.003464283,0.464198205
4,-3.95000627,-73.44026569,2008,4,98,298.5800476,0.38345331,0.37275573,0.006737719,4.11E-06,0.044422796,-0.00307773,4.75E-06,0.072116281,16709675.04,2.8774E+12,0.310223162,0.41295195,-16350.81348,0.025780985,81.28185272,-84.48700714,-24.54254341,-6.458868027,0,0,0.023505626,0.389446324
4,-3.95000627,-73.44026569,2009,4,98,298.512502,0.404847652,0.348286627,0.006988637,4.72E-06,0.114749875,-0.003362924,5.35E-06,0.125936883,16531448.92,2.92097E+12,0.279043509,0.401431002,-16350.81348,0.025780985,81.28185272,-84.48700714,-24.54254341,-6.458868027,0,0,-0.015314749,0.416745752
4,-3.95000627,-73.44026569,2010,4,98,298.608963,0.472286263,0.350722692,0.007018325,5.22E-06,0.143326156,-0.003399532,5.96E-06,0.137912468,16501079.44,3.13969E+12,0.226534804,0.375168107,-16350.81348,0.025780985,81.28185272,-84.48700714,-24.54254341,-6.458868027,0,0,-0.020795954,0.395964061
4,-3.95000627,-73.44026569,2011,4,98,298.5707753,0.397837939,0.416518892,0.007225297,5.36E-06,0.186433298,-0.003617755,6.25E-06,0.178798546,16350993.69,3.37303E+12,0.249046596,0.361409968,-16350.81348,0.025780985,81.28185272,-84.48700714,-24.54254341,-6.458868027,0,0,-0.018900934,0.380310902
4,-3.95000627,-73.44026569,2012,4,98,298.5744832,0.378899412,0.482407606,0.007333638,6.51E-06,0.181179119,-0.0037227,7.55E-06,0.180317561,16319948.42,3.26332E+12,0.302677489,0.354400221,-16350.81348,0.025780985,81.28185272,-84.48700714,-24.54254341,-6.458868027,0,0,-0.004689747,0.359089967
4,-3.95000627,-73.44026569,2013,4,98,298.5632579,0.379956771,0.576204794,0.007272551,5.71E-06,0.1593771,-0.003652199,6.68E-06,0.171219782,16339891.71,3.24277E+12,0.35538258,0.377661127,-16350.81348,0.025780985,81.28185272,-84.48700714,-24.54254341,-6.458868027,0,0,-0.001897683,0.37955881
4,-3.95000627,-73.44026569,2014,4,98,298.4231618,0.27666454,0.595557759,0.007472803,5.05E-06,0.11232555,-0.003895549,6.01E-06,0.137665582,16099704.17,3.00912E+12,0.381978535,0.277793059,-16350.81348,0.025780985,81.28185272,-84.48700714,-24.54254341,-6.458868027,0,0,0.003559638,0.274233421
4,-3.95000627,-73.44026569,2015,4,98,298.4948425,0.387786453,0.518779388,0.007587303,5.45E-06,0.048063822,-0.00402061,6.84E-06,0.074754257,16048925.38,3.56024E+12,0.282811313,0.139342806,-16350.81348,0.025780985,81.28185272,-84.48700714,-24.54254341,-6.458868027,0,0,-0.004283725,0.143626531
4,-3.95000627,-73.44026569,2016,4,98,298.634201,0.501228876,0.462936145,0.007621094,4.99E-06,0.014594795,-0.00405131,6.34E-06,0.042401445,16003624.42,3.85529E+12,0.204588587,0.009000871,-16350.81348,0.025780985,81.28185272,-84.48700714,-24.54254341,-6.458868027,0,0,0.004964893,0.004035978
4,-3.95000627,-73.44026569,2017,4,98,298.7364909,0.448124681,0.389475634,0.007586836,6.45E-06,0.013331048,-0.003997854,7.88E-06,0.032057516,16076976.42,3.52348E+12,0.155705958,-0.154504788,-16350.81348,0.025780985,81.28185272,-84.48700714,-24.54254341,-6.458868027,0,0,-0.013517455,-0.140987333
4,-3.95000627,-73.44026569,2018,4,98,298.7610219,0.488777128,0.349831421,0.007574434,6.87E-06,0.052565548,-0.003970157,8.38E-06,0.063667665,16101749.69,3.78118E+12,0.141247509,-0.202533243,-16350.81348,0.025780985,81.28185272,-84.48700714,-24.54254341,-6.458868027,0,0,-0.021163535,-0.181369707
4,-3.95000627,-73.44026569,2019,4,98,298.7634989,0.397088208,0.366893853,0.007629115,7.22E-06,0.102777885,-0.004016727,8.39E-06,0.111264547,16064360.31,3.02761E+12,0.183147137,-0.177056057,-16350.81348,0.025780985,81.28185272,-84.48700714,-24.54254341,-6.458868027,0,0,-0.026923805,-0.150132252
4,-3.95000627,-73.44026569,2020,4,98,298.7979177,0.353665242,0.334094314,0.007213659,7.06E-06,0.158416634,-0.00358662,8.31E-06,0.161892063,16187296.13,3.24634E+12,0.183563261,-0.117182006,-16350.81348,0.025780985,81.28185272,-84.48700714,-24.54254341,-6.458868027,0,0,-0.041953111,-0.075228894
4,-3.95000627,-73.44026569,2021,4,98,298.7705129,0.401567547,0.300582528,0.007371059,7.54E-06,0.170181385,-0.003726866,8.77E-06,0.178399537,16269115.56,3.80477E+12,0.194157211,-0.021770398,-16350.81348,0.025780985,81.28185272,-84.48700714,-24.54254341,-6.458868027,0,0,-0.051341249,0.02957085
4,-3.95000627,-73.44026569,2022,4,98,298.816335,0.413887534,0.285881115,0.006962419,9.65E-06,0.172414846,-0.003514354,9.31E-06,0.181976482,15475912.11,1.12622E+13,0.233343773,0.081200061,-16350.81348,0.025780985,81.28185272,-84.48700714,-24.54254341,-6.458868027,0,0,-0.047611473,0.128811534
4,-3.95000627,-73.44026569,2023,4,98,298.9712067,0.672893878,0.286874954,0.005635622,1.02E-05,0.264899318,-0.002795458,7.34E-06,0.205739572,12884322.05,2.96292E+13,0.403872216,0.192123526,-16350.81348,0.025780985,81.28185272,-84.48700714,-24.54254341,-6.458868027,0,0,-0.01495919,0.207082716
4,-3.95000627,-73.44026569,2024,4,98,299.1552124,0.884999543,0.373743966,0.005644162,1.26E-05,0.368578859,-0.002904511,9.49E-06,0.223477662,12550225.72,3.30955E+13,0.594392299,0.289283127,-16350.81348,0.025780985,81.28185272,-84.48700714,-24.54254341,-6.458868027,0,0,-0.024700184,0.313983311
5,-3.95021698,-73.43999698,2000,4,100,297.9804484,0.52765047,NaN,0.007729567,2.73E-06,NaN,-0.004177573,3.24E-06,NaN,16014856.33,4.31517E+12,NaN,NaN,-13815.35059,0.022124484,52.24837112,-71.96585846,-40.15555191,-22.31503296,8.213449478,0,NaN,NaN
5,-3.95021698,-73.43999698,2001,4,100,298.0622762,0.545425446,NaN,0.007466685,3.54E-06,NaN,-0.003904698,4.01E-06,NaN,16163969.79,3.80533E+12,NaN,NaN,-13815.35059,0.022124484,52.24837112,-71.96585846,-40.15555191,-22.31503296,8.213449478,0,NaN,NaN
5,-3.95021698,-73.43999698,2002,4,100,298.1857368,0.498645752,NaN,0.007291485,3.66E-06,NaN,-0.003732481,4.23E-06,NaN,16203141.03,3.62234E+12,NaN,NaN,-13815.35059,0.022124484,52.24837112,-71.96585846,-40.15555191,-22.31503296,8.213449478,0,NaN,NaN
5,-3.95021698,-73.43999698,2003,4,100,298.2323863,0.495514601,NaN,0.007210127,3.63E-06,NaN,-0.00365398,4.23E-06,NaN,16194875.42,3.50158E+12,NaN,NaN,-13815.35059,0.022124484,52.24837112,-71.96585846,-40.15555191,-22.31503296,8.213449478,0,NaN,NaN
5,-3.95021698,-73.43999698,2004,4,100,298.361084,0.560660682,0.427722264,0.006863207,3.41E-06,-0.078040163,-0.003294499,4.06E-06,-0.007956569,16301111.02,3.42285E+12,0.387603358,0.267736519,-13815.35059,0.022124484,52.24837112,-71.96585846,-40.15555191,-22.31503296,8.213449478,0,0,0.267736519
5,-3.95021698,-73.43999698,2005,4,100,298.5168813,0.489408516,0.41934647,0.006722676,3.28E-06,-0.082865139,-0.003122975,4.11E-06,-0.022585556,16416838.96,3.46182E+12,0.341884045,0.253302035,-13815.35059,0.022124484,52.24837112,-71.96585846,-40.15555191,-22.31503296,8.213449478,0,0.004515155,0.248786879
5,-3.95021698,-73.43999698,2006,4,100,298.557958,0.478677138,0.413041517,0.006616052,3.18E-06,-0.031182933,-0.002975517,3.89E-06,0.024699007,16557105.33,3.2263E+12,0.354563669,0.253302035,-13815.35059,0.022124484,52.24837112,-71.96585846,-40.15555191,-22.31503296,8.213449478,0,0.003447897,0.249854137
5,-3.95021698,-73.43999698,2007,4,100,298.6074219,0.493434264,0.38673474,0.0065257,3.77E-06,-0.01128323,-0.002866749,4.42E-06,0.035533126,16697277.31,3.14427E+12,0.349543893,0.239770623,-13815.35059,0.022124484,52.24837112,-71.96585846,-40.15555191,-22.31503296,8.213449478,0,0.01481362,0.224957003
5,-3.95021698,-73.43999698,2008,4,100,298.5800476,0.38345331,0.37275573,0.006737719,4.11E-06,0.044422796,-0.00307773,4.75E-06,0.072116281,16709675.04,2.8774E+12,0.310223162,0.197759063,-13815.35059,0.022124484,52.24837112,-71.96585846,-40.15555191,-22.31503296,8.213449478,0,0.00804169,0.189717373
5,-3.95021698,-73.43999698,2009,4,100,298.512502,0.404847652,0.348286627,0.006988637,4.72E-06,0.114749875,-0.003362924,5.35E-06,0.125936883,16531448.92,2.92097E+12,0.279043509,0.211622992,-13815.35059,0.022124484,52.24837112,-71.96585846,-40.15555191,-22.31503296,8.213449478,0,0.010933428,0.200689563
5,-3.95021698,-73.43999698,2010,4,100,298.608963,0.472286263,0.350722692,0.007018325,5.22E-06,0.143326156,-0.003399532,5.96E-06,0.137912468,16501079.44,3.13969E+12,0.226534804,0.2033161,-13815.35059,0.022124484,52.24837112,-71.96585846,-40.15555191,-22.31503296,8.213449478,0,0.014767692,0.188548409
5,-3.95021698,-73.43999698,2011,4,100,298.5707753,0.397837939,0.416518892,0.007225297,5.36E-06,0.186433298,-0.003617755,6.25E-06,0.178798546,16350993.69,3.37303E+12,0.249046596,0.193950627,-13815.35059,0.022124484,52.24837112,-71.96585846,-40.15555191,-22.31503296,8.213449478,0,0.012236063,0.181714564
5,-3.95021698,-73.43999698,2012,4,100,298.5744832,0.378899412,0.482407606,0.007333638,6.51E-06,0.181179119,-0.0037227,7.55E-06,0.180317561,16319948.42,3.26332E+12,0.302677489,0.21660723,-13815.35059,0.022124484,52.24837112,-71.96585846,-40.15555191,-22.31503296,8.213449478,0,0.006541899,0.210065332
5,-3.95021698,-73.43999698,2013,4,100,298.5632579,0.379956771,0.576204794,0.007272551,5.71E-06,0.1593771,-0.003652199,6.68E-06,0.171219782,16339891.71,3.24277E+12,0.35538258,0.20313675,-13815.35059,0.022124484,52.24837112,-71.96585846,-40.15555191,-22.31503296,8.213449478,0,0.003382371,0.199754379
5,-3.95021698,-73.43999698,2014,4,100,298.4231618,0.27666454,0.595557759,0.007472803,5.05E-06,0.11232555,-0.003895549,6.01E-06,0.137665582,16099704.17,3.00912E+12,0.381978535,0.113994152,-13815.35059,0.022124484,52.24837112,-71.96585846,-40.15555191,-22.31503296,8.213449478,0,0.045216512,0.06877764
5,-3.95021698,-73.43999698,2015,4,100,298.4948425,0.387786453,0.518779388,0.007587303,5.45E-06,0.048063822,-0.00402061,6.84E-06,0.074754257,16048925.38,3.56024E+12,0.282811313,0.070880882,-13815.35059,0.022124484,52.24837112,-71.96585846,-40.15555191,-22.31503296,8.213449478,0,0.032978777,0.037902105
5,-3.95021698,-73.43999698,2016,4,100,298.634201,0.501228876,0.462936145,0.007621094,4.99E-06,0.014594795,-0.00405131,6.34E-06,0.042401445,16003624.42,3.85529E+12,0.204588587,0.008034493,-13815.35059,0.022124484,52.24837112,-71.96585846,-40.15555191,-22.31503296,8.213449478,0,0.040388712,-0.032354219
5,-3.95021698,-73.43999698,2017,4,100,298.7364909,0.448124681,0.389475634,0.007586836,6.45E-06,0.013331048,-0.003997854,7.88E-06,0.032057516,16076976.42,3.52348E+12,0.155705958,0.018079903,-13815.35059,0.022124484,52.24837112,-71.96585846,-40.15555191,-22.31503296,8.213449478,0,0.018593442,-0.00051354
5,-3.95021698,-73.43999698,2018,4,100,298.7610219,0.488777128,0.349831421,0.007574434,6.87E-06,0.052565548,-0.003970157,8.38E-06,0.063667665,16101749.69,3.78118E+12,0.141247509,0.124541009,-13815.35059,0.022124484,52.24837112,-71.96585846,-40.15555191,-22.31503296,8.213449478,0,0.013915577,0.110625433
5,-3.95021698,-73.43999698,2019,4,100,298.7634989,0.397088208,0.366893853,0.007629115,7.22E-06,0.102777885,-0.004016727,8.39E-06,0.111264547,16064360.31,3.02761E+12,0.183147137,0.184491255,-13815.35059,0.022124484,52.24837112,-71.96585846,-40.15555191,-22.31503296,8.213449478,0,-0.027044304,0.211535559
5,-3.95021698,-73.43999698,2020,4,100,298.7979177,0.353665242,0.334094314,0.007213659,7.06E-06,0.158416634,-0.00358662,8.31E-06,0.161892063,16187296.13,3.24634E+12,0.183563261,0.273852741,-13815.35059,0.022124484,52.24837112,-71.96585846,-40.15555191,-22.31503296,8.213449478,0,-0.022294605,0.296147346
5,-3.95021698,-73.43999698,2021,4,100,298.7705129,0.401567547,0.300582528,0.007371059,7.54E-06,0.170181385,-0.003726866,8.77E-06,0.178399537,16269115.56,3.80477E+12,0.194157211,0.248422305,-13815.35059,0.022124484,52.24837112,-71.96585846,-40.15555191,-22.31503296,8.213449478,0,-0.017700507,0.266122812
5,-3.95021698,-73.43999698,2022,4,100,298.816335,0.413887534,0.285881115,0.006962419,9.65E-06,0.172414846,-0.003514354,9.31E-06,0.181976482,15475912.11,1.12622E+13,0.233343773,0.245598677,-13815.35059,0.022124484,52.24837112,-71.96585846,-40.15555191,-22.31503296,8.213449478,0,-0.006397876,0.251996553
5,-3.95021698,-73.43999698,2023,4,100,298.9712067,0.672893878,0.286874954,0.005635622,1.02E-05,0.264899318,-0.002795458,7.34E-06,0.205739572,12884322.05,2.96292E+13,0.403872216,0.304826287,-13815.35059,0.022124484,52.24837112,-71.96585846,-40.15555191,-22.31503296,8.213449478,0,0.002630128,0.30219616
5,-3.95021698,-73.43999698,2024,4,100,299.1552124,0.884999543,0.373743966,0.005644162,1.26E-05,0.368578859,-0.002904511,9.49E-06,0.223477662,12550225.72,3.30955E+13,0.594392299,0.335793364,-13815.35059,0.022124484,52.24837112,-71.96585846,-40.15555191,-22.31503296,8.213449478,0,0.021091292,0.314702072
6,-3.95000531,-73.42999786,2000,4,100,297.9804484,0.52765047,NaN,0.007729567,2.73E-06,NaN,-0.004177573,3.24E-06,NaN,16014856.33,4.31517E+12,NaN,NaN,-233.9558105,0.003884628,71.44289398,0,-85.98779297,0,0,-11.83825493,NaN,NaN
6,-3.95000531,-73.42999786,2001,4,100,298.0622762,0.545425446,NaN,0.007466685,3.54E-06,NaN,-0.003904698,4.01E-06,NaN,16163969.79,3.80533E+12,NaN,NaN,-233.9558105,0.003884628,71.44289398,0,-85.98779297,0,0,-11.83825493,NaN,NaN
6,-3.95000531,-73.42999786,2002,4,100,298.1857368,0.498645752,NaN,0.007291485,3.66E-06,NaN,-0.003732481,4.23E-06,NaN,16203141.03,3.62234E+12,NaN,NaN,-233.9558105,0.003884628,71.44289398,0,-85.98779297,0,0,-11.83825493,NaN,NaN
6,-3.95000531,-73.42999786,2003,4,100,298.2323863,0.495514601,NaN,0.007210127,3.63E-06,NaN,-0.00365398,4.23E-06,NaN,16194875.42,3.50158E+12,NaN,NaN,-233.9558105,0.003884628,71.44289398,0,-85.98779297,0,0,-11.83825493,NaN,NaN
6,-3.95000531,-73.42999786,2004,4,100,298.361084,0.560660682,0.427722264,0.006863207,3.41E-06,-0.078040163,-0.003294499,4.06E-06,-0.007956569,16301111.02,3.42285E+12,0.387603358,0.54619251,-233.9558105,0.003884628,71.44289398,0,-85.98779297,0,0,-11.83825493,0,0.54619251
6,-3.95000531,-73.42999786,2005,4,100,298.5168813,0.489408516,0.41934647,0.006722676,3.28E-06,-0.082865139,-0.003122975,4.11E-06,-0.022585556,16416838.96,3.46182E+12,0.341884045,0.332634377,-233.9558105,0.003884628,71.44289398,0,-85.98779297,0,0,-11.83825493,0.005948775,0.326685602
6,-3.95000531,-73.42999786,2006,4,100,298.557958,0.478677138,0.413041517,0.006616052,3.18E-06,-0.031182933,-0.002975517,3.89E-06,0.024699007,16557105.33,3.2263E+12,0.354563669,0.250506503,-233.9558105,0.003884628,71.44289398,0,-85.98779297,0,0,-11.83825493,-0.00537855,0.255885053
6,-3.95000531,-73.42999786,2007,4,100,298.6074219,0.493434264,0.38673474,0.0065257,3.77E-06,-0.01128323,-0.002866749,4.42E-06,0.035533126,16697277.31,3.14427E+12,0.349543893,0.271638805,-233.9558105,0.003884628,71.44289398,0,-85.98779297,0,0,-11.83825493,-0.008778624,0.28041743
6,-3.95000531,-73.42999786,2008,4,100,298.5800476,0.38345331,0.37275573,0.006737719,4.11E-06,0.044422796,-0.00307773,4.75E-06,0.072116281,16709675.04,2.8774E+12,0.310223162,0.20971352,-233.9558105,0.003884628,71.44289398,0,-85.98779297,0,0,-11.83825493,0.00387718,0.20583634
6,-3.95000531,-73.42999786,2009,4,100,298.512502,0.404847652,0.348286627,0.006988637,4.72E-06,0.114749875,-0.003362924,5.35E-06,0.125936883,16531448.92,2.92097E+12,0.279043509,0.270250882,-233.9558105,0.003884628,71.44289398,0,-85.98779297,0,0,-11.83825493,-0.004543395,0.274794277
6,-3.95000531,-73.42999786,2010,4,100,298.608963,0.472286263,0.350722692,0.007018325,5.22E-06,0.143326156,-0.003399532,5.96E-06,0.137912468,16501079.44,3.13969E+12,0.226534804,0.363047712,-233.9558105,0.003884628,71.44289398,0,-85.98779297,0,0,-11.83825493,0.016485749,0.346561963
6,-3.95000531,-73.42999786,2011,4,100,298.5707753,0.397837939,0.416518892,0.007225297,5.36E-06,0.186433298,-0.003617755,6.25E-06,0.178798546,16350993.69,3.37303E+12,0.249046596,0.402547094,-233.9558105,0.003884628,71.44289398,0,-85.98779297,0,0,-11.83825493,-0.015964003,0.418511097
6,-3.95000531,-73.42999786,2012,4,100,298.5744832,0.378899412,0.482407606,0.007333638,6.51E-06,0.181179119,-0.0037227,7.55E-06,0.180317561,16319948.42,3.26332E+12,0.302677489,0.450824225,-233.9558105,0.003884628,71.44289398,0,-85.98779297,0,0,-11.83825493,0.012424058,0.438400167
6,-3.95000531,-73.42999786,2013,4,100,298.5632579,0.379956771,0.576204794,0.007272551,5.71E-06,0.1593771,-0.003652199,6.68E-06,0.171219782,16339891.71,3.24277E+12,0.35538258,0.500296731,-233.9558105,0.003884628,71.44289398,0,-85.98779297,0,0,-11.83825493,0.025733166,0.474563565
6,-3.95000531,-73.42999786,2014,4,100,298.4231618,0.27666454,0.595557759,0.007472803,5.05E-06,0.11232555,-0.003895549,6.01E-06,0.137665582,16099704.17,3.00912E+12,0.381978535,0.52917617,-233.9558105,0.003884628,71.44289398,0,-85.98779297,0,0,-11.83825493,0.03094974,0.49822643
6,-3.95000531,-73.42999786,2015,4,100,298.4948425,0.387786453,0.518779388,0.007587303,5.45E-06,0.048063822,-0.00402061,6.84E-06,0.074754257,16048925.38,3.56024E+12,0.282811313,0.523046885,-233.9558105,0.003884628,71.44289398,0,-85.98779297,0,0,-11.83825493,0.043453384,0.479593501
6,-3.95000531,-73.42999786,2016,4,100,298.634201,0.501228876,0.462936145,0.007621094,4.99E-06,0.014594795,-0.00405131,6.34E-06,0.042401445,16003624.42,3.85529E+12,0.204588587,0.491249293,-233.9558105,0.003884628,71.44289398,0,-85.98779297,0,0,-11.83825493,0.056396541,0.434852752
6,-3.95000531,-73.42999786,2017,4,100,298.7364909,0.448124681,0.389475634,0.007586836,6.45E-06,0.013331048,-0.003997854,7.88E-06,0.032057516,16076976.42,3.52348E+12,0.155705958,0.396924451,-233.9558105,0.003884628,71.44289398,0,-85.98779297,0,0,-11.83825493,0.038658488,0.358265963
6,-3.95000531,-73.42999786,2018,4,100,298.7610219,0.488777128,0.349831421,0.007574434,6.87E-06,0.052565548,-0.003970157,8.38E-06,0.063667665,16101749.69,3.78118E+12,0.141247509,0.27194172,-233.9558105,0.003884628,71.44289398,0,-85.98779297,0,0,-11.83825493,0.013967177,0.257974544
6,-3.95000531,-73.42999786,2019,4,100,298.7634989,0.397088208,0.366893853,0.007629115,7.22E-06,0.102777885,-0.004016727,8.39E-06,0.111264547,16064360.31,3.02761E+12,0.183147137,0.139372361,-233.9558105,0.003884628,71.44289398,0,-85.98779297,0,0,-11.83825493,-0.002552754,0.141925115
6,-3.95000531,-73.42999786,2020,4,100,298.7979177,0.353665242,0.334094314,0.007213659,7.06E-06,0.158416634,-0.00358662,8.31E-06,0.161892063,16187296.13,3.24634E+12,0.183563261,-0.012062502,-233.9558105,0.003884628,71.44289398,0,-85.98779297,0,0,-11.83825493,-0.001562664,-0.010499839
6,-3.95000531,-73.42999786,2021,4,100,298.7705129,0.401567547,0.300582528,0.007371059,7.54E-06,0.170181385,-0.003726866,8.77E-06,0.178399537,16269115.56,3.80477E+12,0.194157211,-0.116487673,-233.9558105,0.003884628,71.44289398,0,-85.98779297,0,0,-11.83825493,-0.045781198,-0.070706474
6,-3.95000531,-73.42999786,2022,4,100,298.816335,0.413887534,0.285881115,0.006962419,9.65E-06,0.172414846,-0.003514354,9.31E-06,0.181976482,15475912.11,1.12622E+13,0.233343773,-0.22756519,-233.9558105,0.003884628,71.44289398,0,-85.98779297,0,0,-11.83825493,-0.021935872,-0.205629319
6,-3.95000531,-73.42999786,2023,4,100,298.9712067,0.672893878,0.286874954,0.005635622,1.02E-05,0.264899318,-0.002795458,7.34E-06,0.205739572,12884322.05,2.96292E+13,0.403872216,-0.317927029,-233.9558105,0.003884628,71.44289398,0,-85.98779297,0,0,-11.83825493,-0.017435696,-0.300491334
6,-3.95000531,-73.42999786,2024,4,100,299.1552124,0.884999543,0.373743966,0.005644162,1.26E-05,0.368578859,-0.002904511,9.49E-06,0.223477662,12550225.72,3.30955E+13,0.594392299,-0.240470813,-233.9558105,0.003884628,71.44289398,0,-85.98779297,0,0,-11.83825493,-0.024935652,-0.215535161
7,-3.95000796,-73.42978813,2000,4,100,297.9804484,0.52765047,NaN,0.007729567,2.73E-06,NaN,-0.004177573,3.24E-06,NaN,16014856.33,4.31517E+12,NaN,NaN,-233.9580078,0.003884632,71.44289398,0,-85.98777771,0,0,-11.83826351,NaN,NaN
7,-3.95000796,-73.42978813,2001,4,100,298.0622762,0.545425446,NaN,0.007466685,3.54E-06,NaN,-0.003904698,4.01E-06,NaN,16163969.79,3.80533E+12,NaN,NaN,-233.9580078,0.003884632,71.44289398,0,-85.98777771,0,0,-11.83826351,NaN,NaN
7,-3.95000796,-73.42978813,2002,4,100,298.1857368,0.498645752,NaN,0.007291485,3.66E-06,NaN,-0.003732481,4.23E-06,NaN,16203141.03,3.62234E+12,NaN,NaN,-233.9580078,0.003884632,71.44289398,0,-85.98777771,0,0,-11.83826351,NaN,NaN
7,-3.95000796,-73.42978813,2003,4,100,298.2323863,0.495514601,NaN,0.007210127,3.63E-06,NaN,-0.00365398,4.23E-06,NaN,16194875.42,3.50158E+12,NaN,NaN,-233.9580078,0.003884632,71.44289398,0,-85.98777771,0,0,-11.83826351,NaN,NaN
7,-3.95000796,-73.42978813,2004,4,100,298.361084,0.560660682,0.427722264,0.006863207,3.41E-06,-0.078040163,-0.003294499,4.06E-06,-0.007956569,16301111.02,3.42285E+12,0.387603358,0.54619248,-233.9580078,0.003884632,71.44289398,0,-85.98777771,0,0,-11.83826351,0,0.54619248
7,-3.95000796,-73.42978813,2005,4,100,298.5168813,0.489408516,0.41934647,0.006722676,3.28E-06,-0.082865139,-0.003122975,4.11E-06,-0.022585556,16416838.96,3.46182E+12,0.341884045,0.332634353,-233.9580078,0.003884632,71.44289398,0,-85.98777771,0,0,-11.83826351,0.005948775,0.326685578
7,-3.95000796,-73.42978813,2006,4,100,298.557958,0.478677138,0.413041517,0.006616052,3.18E-06,-0.031182933,-0.002975517,3.89E-06,0.024699007,16557105.33,3.2263E+12,0.354563669,0.250506494,-233.9580078,0.003884632,71.44289398,0,-85.98777771,0,0,-11.83826351,-0.00537855,0.255885044
7,-3.95000796,-73.42978813,2007,4,100,298.6074219,0.493434264,0.38673474,0.0065257,3.77E-06,-0.01128323,-0.002866749,4.42E-06,0.035533126,16697277.31,3.14427E+12,0.349543893,0.271638796,-233.9580078,0.003884632,71.44289398,0,-85.98777771,0,0,-11.83826351,-0.008778624,0.28041742
7,-3.95000796,-73.42978813,2008,4,100,298.5800476,0.38345331,0.37275573,0.006737719,4.11E-06,0.044422796,-0.00307773,4.75E-06,0.072116281,16709675.04,2.8774E+12,0.310223162,0.209713516,-233.9580078,0.003884632,71.44289398,0,-85.98777771,0,0,-11.83826351,0.00387718,0.205836337
7,-3.95000796,-73.42978813,2009,4,100,298.512502,0.404847652,0.348286627,0.006988637,4.72E-06,0.114749875,-0.003362924,5.35E-06,0.125936883,16531448.92,2.92097E+12,0.279043509,0.270250883,-233.9580078,0.003884632,71.44289398,0,-85.98777771,0,0,-11.83826351,-0.004543395,0.274794278
7,-3.95000796,-73.42978813,2010,4,100,298.608963,0.472286263,0.350722692,0.007018325,5.22E-06,0.143326156,-0.003399532,5.96E-06,0.137912468,16501079.44,3.13969E+12,0.226534804,0.363047706,-233.9580078,0.003884632,71.44289398,0,-85.98777771,0,0,-11.83826351,0.016485749,0.346561958
7,-3.95000796,-73.42978813,2011,4,100,298.5707753,0.397837939,0.416518892,0.007225297,5.36E-06,0.186433298,-0.003617755,6.25E-06,0.178798546,16350993.69,3.37303E+12,0.249046596,0.40254709,-233.9580078,0.003884632,71.44289398,0,-85.98777771,0,0,-11.83826351,-0.015964003,0.418511092
7,-3.95000796,-73.42978813,2012,4,100,298.5744832,0.378899412,0.482407606,0.007333638,6.51E-06,0.181179119,-0.0037227,7.55E-06,0.180317561,16319948.42,3.26332E+12,0.302677489,0.450824225,-233.9580078,0.003884632,71.44289398,0,-85.98777771,0,0,-11.83826351,0.012424058,0.438400166
7,-3.95000796,-73.42978813,2013,4,100,298.5632579,0.379956771,0.576204794,0.007272551,5.71E-06,0.1593771,-0.003652199,6.68E-06,0.171219782,16339891.71,3.24277E+12,0.35538258,0.500296731,-233.9580078,0.003884632,71.44289398,0,-85.98777771,0,0,-11.83826351,0.025733166,0.474563565
7,-3.95000796,-73.42978813,2014,4,100,298.4231618,0.27666454,0.595557759,0.007472803,5.05E-06,0.11232555,-0.003895549,6.01E-06,0.137665582,16099704.17,3.00912E+12,0.381978535,0.529176172,-233.9580078,0.003884632,71.44289398,0,-85.98777771,0,0,-11.83826351,0.03094974,0.498226432
7,-3.95000796,-73.42978813,2015,4,100,298.4948425,0.387786453,0.518779388,0.007587303,5.45E-06,0.048063822,-0.00402061,6.84E-06,0.074754257,16048925.38,3.56024E+12,0.282811313,0.523046891,-233.9580078,0.003884632,71.44289398,0,-85.98777771,0,0,-11.83826351,0.043453384,0.479593507
7,-3.95000796,-73.42978813,2016,4,100,298.634201,0.501228876,0.462936145,0.007621094,4.99E-06,0.014594795,-0.00405131,6.34E-06,0.042401445,16003624.42,3.85529E+12,0.204588587,0.491249299,-233.9580078,0.003884632,71.44289398,0,-85.98777771,0,0,-11.83826351,0.056396541,0.434852758
7,-3.95000796,-73.42978813,2017,4,100,298.7364909,0.448124681,0.389475634,0.007586836,6.45E-06,0.013331048,-0.003997854,7.88E-06,0.032057516,16076976.42,3.52348E+12,0.155705958,0.396924459,-233.9580078,0.003884632,71.44289398,0,-85.98777771,0,0,-11.83826351,0.038658488,0.358265972
7,-3.95000796,-73.42978813,2018,4,100,298.7610219,0.488777128,0.349831421,0.007574434,6.87E-06,0.052565548,-0.003970157,8.38E-06,0.063667665,16101749.69,3.78118E+12,0.141247509,0.271941728,-233.9580078,0.003884632,71.44289398,0,-85.98777771,0,0,-11.83826351,0.013967177,0.257974551
7,-3.95000796,-73.42978813,2019,4,100,298.7634989,0.397088208,0.366893853,0.007629115,7.22E-06,0.102777885,-0.004016727,8.39E-06,0.111264547,16064360.31,3.02761E+12,0.183147137,0.139372366,-233.9580078,0.003884632,71.44289398,0,-85.98777771,0,0,-11.83826351,-0.002552754,0.141925121
7,-3.95000796,-73.42978813,2020,4,100,298.7979177,0.353665242,0.334094314,0.007213659,7.06E-06,0.158416634,-0.00358662,8.31E-06,0.161892063,16187296.13,3.24634E+12,0.183563261,-0.0120625,-233.9580078,0.003884632,71.44289398,0,-85.98777771,0,0,-11.83826351,-0.001562664,-0.010499836
7,-3.95000796,-73.42978813,2021,4,100,298.7705129,0.401567547,0.300582528,0.007371059,7.54E-06,0.170181385,-0.003726866,8.77E-06,0.178399537,16269115.56,3.80477E+12,0.194157211,-0.116487682,-233.9580078,0.003884632,71.44289398,0,-85.98777771,0,0,-11.83826351,-0.045781198,-0.070706484
7,-3.95000796,-73.42978813,2022,4,100,298.816335,0.413887534,0.285881115,0.006962419,9.65E-06,0.172414846,-0.003514354,9.31E-06,0.181976482,15475912.11,1.12622E+13,0.233343773,-0.227565208,-233.9580078,0.003884632,71.44289398,0,-85.98777771,0,0,-11.83826351,-0.021935872,-0.205629336
7,-3.95000796,-73.42978813,2023,4,100,298.9712067,0.672893878,0.286874954,0.005635622,1.02E-05,0.264899318,-0.002795458,7.34E-06,0.205739572,12884322.05,2.96292E+13,0.403872216,-0.317927052,-233.9580078,0.003884632,71.44289398,0,-85.98777771,0,0,-11.83826351,-0.017435696,-0.300491356
7,-3.95000796,-73.42978813,2024,4,100,299.1552124,0.884999543,0.373743966,0.005644162,1.26E-05,0.368578859,-0.002904511,9.49E-06,0.223477662,12550225.72,3.30955E+13,0.594392299,-0.240470835,-233.9580078,0.003884632,71.44289398,0,-85.98777771,0,0,-11.83826351,-0.024935652,-0.215535183
8,-3.94982743,-73.43000317,2000,4,100,297.9783325,0.541468828,NaN,0.008066198,3.26E-06,NaN,-0.004439654,4.02E-06,NaN,16033027,4.32509E+12,NaN,NaN,-233.9489746,0.003884619,71.44191742,0,-85.98779297,0,0,-11.83832359,NaN,NaN
8,-3.94982743,-73.43000317,2001,4,100,298.0578817,0.541404071,NaN,0.007775074,3.73E-06,NaN,-0.004135502,4.31E-06,NaN,16184831.79,3.79958E+12,NaN,NaN,-233.9489746,0.003884619,71.44191742,0,-85.98779297,0,0,-11.83832359,NaN,NaN
8,-3.94982743,-73.43000317,2002,4,100,298.1808539,0.496639412,NaN,0.007525547,3.76E-06,NaN,-0.003889519,4.40E-06,NaN,16212803.22,3.62614E+12,NaN,NaN,-233.9489746,0.003884619,71.44191742,0,-85.98779297,0,0,-11.83832359,NaN,NaN
8,-3.94982743,-73.43000317,2003,4,100,298.2261607,0.492833801,NaN,0.007448697,3.73E-06,NaN,-0.003816701,4.38E-06,NaN,16198672.52,3.5182E+12,NaN,NaN,-233.9489746,0.003884619,71.44191742,0,-85.98779297,0,0,-11.83832359,NaN,NaN
8,-3.94982743,-73.43000317,2004,4,100,298.3553467,0.556093825,0.432345715,0.007078821,3.33E-06,-0.066637574,-0.003430641,3.99E-06,0.005264105,16301750.79,3.44716E+12,0.394518449,0.546192042,-233.9489746,0.003884619,71.44191742,0,-85.98779297,0,0,-11.83832359,0,0.546192042
8,-3.94982743,-73.43000317,2005,4,100,298.5103709,0.488222267,0.425201787,0.006926541,3.07E-06,-0.068899725,-0.003246452,3.89E-06,-0.005620482,16410499.77,3.50009E+12,0.34933154,0.332634255,-233.9489746,0.003884619,71.44191742,0,-85.98779297,0,0,-11.83832359,-0.004961553,0.337595808
8,-3.94982743,-73.43000317,2006,4,100,298.5503489,0.47743669,0.419070715,0.006881227,3.16E-06,-0.020216231,-0.003154099,3.84E-06,0.037537748,16557776.79,3.26317E+12,0.36193763,0.250506561,-233.9489746,0.003884619,71.44191742,0,-85.98779297,0,0,-11.83832359,-0.016639408,0.267145969
8,-3.94982743,-73.43000317,2007,4,100,298.6008708,0.493742502,0.389976185,0.006796741,3.74E-06,0.000215421,-0.003050244,4.38E-06,0.048015471,16702862.31,3.17092E+12,0.355990303,0.271638936,-233.9489746,0.003884619,71.44191742,0,-85.98779297,0,0,-11.83832359,-0.006541347,0.278180283
8,-3.94982743,-73.43000317,2008,4,100,298.5732524,0.383457856,0.37222915,0.006996458,4.02E-06,0.055202549,-0.003248082,4.61E-06,0.083479995,16715793.42,2.89033E+12,0.314871311,0.209713832,-233.9489746,0.003884619,71.44191742,0,-85.98779297,0,0,-11.83832359,-0.014979249,0.224693081
8,-3.94982743,-73.43000317,2009,4,100,298.5083923,0.403412737,0.340765576,0.007251934,4.82E-06,0.117195505,-0.003540488,5.42E-06,0.127194397,16545897.71,2.91195E+12,0.277207215,0.270251175,-233.9489746,0.003884619,71.44191742,0,-85.98779297,0,0,-11.83832359,-0.01896695,0.289218125
8,-3.94982743,-73.43000317,2010,4,100,298.6080271,0.471873486,0.337507879,0.007255866,5.28E-06,0.141869601,-0.003551597,6.02E-06,0.133900639,16515662.9,3.12895E+12,0.217511593,0.363047915,-233.9489746,0.003884619,71.44191742,0,-85.98779297,0,0,-11.83832359,0.003588769,0.359459146
8,-3.94982743,-73.43000317,2011,4,100,298.5708567,0.39648936,0.401648687,0.007440123,5.31E-06,0.180467703,-0.003744537,6.19E-06,0.168672171,16368069.15,3.38238E+12,0.23690607,0.402547191,-233.9489746,0.003884619,71.44191742,0,-85.98779297,0,0,-11.83832359,-0.029969211,0.432516401
8,-3.94982743,-73.43000317,2012,4,100,298.5726522,0.376651885,0.469495442,0.007557308,6.44E-06,0.172864723,-0.003859024,7.49E-06,0.165309541,16336100.54,3.27372E+12,0.288875682,0.450824243,-233.9489746,0.003884619,71.44191742,0,-85.98779297,0,0,-11.83832359,0.00423766,0.446586584
8,-3.94982743,-73.43000317,2013,4,100,298.5617523,0.380517567,0.570106358,0.00747,5.58E-06,0.163653232,-0.003761608,6.61E-06,0.168839197,16348227,3.28886E+12,0.347811449,0.500296739,-233.9489746,0.003884619,71.44191742,0,-85.98779297,0,0,-11.83832359,0.016612018,0.48368472
8,-3.94982743,-73.43000317,2014,4,100,298.4208018,0.275266705,0.59467028,0.007693014,4.92E-06,0.129214484,-0.004032787,5.92E-06,0.150850472,16105459.67,3.06162E+12,0.381630092,0.529176208,-233.9489746,0.003884619,71.44191742,0,-85.98779297,0,0,-11.83832359,0.026847127,0.502329082
8,-3.94982743,-73.43000317,2015,4,100,298.4914653,0.386040429,0.521328253,0.007834516,5.56E-06,0.082845324,-0.00418476,7.03E-06,0.109525614,16050913.42,3.59418E+12,0.284605188,0.52304695,-233.9489746,0.003884619,71.44191742,0,-85.98779297,0,0,-11.83832359,0.042655816,0.480391134
8,-3.94982743,-73.43000317,2016,4,100,298.6331838,0.503872767,0.465991801,0.00787311,5.26E-06,0.065974555,-0.004224499,6.69E-06,0.096940941,16001709.13,3.91427E+12,0.206332904,0.491249383,-233.9489746,0.003884619,71.44191742,0,-85.98779297,0,0,-11.83832359,0.05984188,0.431407503
8,-3.94982743,-73.43000317,2017,4,100,298.7339681,0.450778412,0.38993211,0.007852578,6.66E-06,0.069839181,-0.00418085,8.15E-06,0.093999346,16075857.5,3.55088E+12,0.153985188,0.396924518,-233.9489746,0.003884619,71.44191742,0,-85.98779297,0,0,-11.83832359,0.027477816,0.369446701
8,-3.94982743,-73.43000317,2018,4,100,298.7587026,0.489790327,0.34948588,0.00782099,7.05E-06,0.104998367,-0.004134029,8.62E-06,0.121388785,16102610.19,3.79451E+12,0.137070809,0.271941792,-233.9489746,0.003884619,71.44191742,0,-85.98779297,0,0,-11.83832359,0.001381264,0.270560528
8,-3.94982743,-73.43000317,2019,4,100,298.7628072,0.397648235,0.36593992,0.007844658,7.38E-06,0.136986574,-0.004150599,8.57E-06,0.15028995,16066894.94,3.04786E+12,0.180482966,0.139372511,-233.9489746,0.003884619,71.44191742,0,-85.98779297,0,0,-11.83832359,-0.00327006,0.142642571
8,-3.94982743,-73.43000317,2020,4,100,298.7936859,0.345871224,0.332724558,0.007456614,7.07E-06,0.167598832,-0.003735402,8.33E-06,0.177107196,16191057.08,3.2481E+12,0.184044962,-0.012062203,-233.9489746,0.003884619,71.44191742,0,-85.98779297,0,0,-11.83832359,-0.014031647,0.001969444
8,-3.94982743,-73.43000317,2021,4,100,298.7623749,0.390657428,0.300322953,0.007628404,7.40E-06,0.144853065,-0.003887621,8.57E-06,0.159634289,16271721.06,3.82077E+12,0.196993813,-0.116487282,-233.9489746,0.003884619,71.44191742,0,-85.98779297,0,0,-11.83832359,-0.013395448,-0.103091833
8,-3.94982743,-73.43000317,2022,4,100,298.8049011,0.405115839,0.283717802,0.007201909,9.43E-06,0.119858288,-0.003656374,9.00E-06,0.134970936,15475444.91,1.12902E+13,0.23651504,-0.227564713,-233.9489746,0.003884619,71.44191742,0,-85.98779297,0,0,-11.83832359,0.004295632,-0.231860345
8,-3.94982743,-73.43000317,2023,4,100,298.9545644,0.649460811,0.282445061,0.005873147,1.01E-05,0.201510578,-0.002941921,7.01E-06,0.13515917,12882378.76,2.96216E+13,0.405591566,-0.317926561,-233.9489746,0.003884619,71.44191742,0,-85.98779297,0,0,-11.83832359,-0.000570542,-0.317356019
8,-3.94982743,-73.43000317,2024,4,100,299.1410522,0.870945021,0.369435645,0.005854093,1.25E-05,0.306815227,-0.003027619,9.21E-06,0.142692436,12555869.68,3.3149E+13,0.59468841,-0.240470509,-233.9489746,0.003884619,71.44191742,0,-85.98779297,0,0,-11.83832359,-0.011792297,-0.228678212
9,-3.95022566,-73.4299899,2000,4,100,297.9804484,0.52765047,NaN,0.007729567,2.73E-06,NaN,-0.004177573,3.24E-06,NaN,16014856.33,4.31517E+12,NaN,NaN,10986.70605,-0.011427332,95.30177307,-24.08330345,-134.7325745,-43.69196701,0,-24.49863625,NaN,NaN
9,-3.95022566,-73.4299899,2001,4,100,298.0622762,0.545425446,NaN,0.007466685,3.54E-06,NaN,-0.003904698,4.01E-06,NaN,16163969.79,3.80533E+12,NaN,NaN,10986.70605,-0.011427332,95.30177307,-24.08330345,-134.7325745,-43.69196701,0,-24.49863625,NaN,NaN
9,-3.95022566,-73.4299899,2002,4,100,298.1857368,0.498645752,NaN,0.007291485,3.66E-06,NaN,-0.003732481,4.23E-06,NaN,16203141.03,3.62234E+12,NaN,NaN,10986.70605,-0.011427332,95.30177307,-24.08330345,-134.7325745,-43.69196701,0,-24.49863625,NaN,NaN
9,-3.95022566,-73.4299899,2003,4,100,298.2323863,0.495514601,NaN,0.007210127,3.63E-06,NaN,-0.00365398,4.23E-06,NaN,16194875.42,3.50158E+12,NaN,NaN,10986.70605,-0.011427332,95.30177307,-24.08330345,-134.7325745,-43.69196701,0,-24.49863625,NaN,NaN
9,-3.95022566,-73.4299899,2004,4,100,298.361084,0.560660682,0.427722264,0.006863207,3.41E-06,-0.078040163,-0.003294499,4.06E-06,-0.007956569,16301111.02,3.42285E+12,0.387603358,0.459291074,10986.70605,-0.011427332,95.30177307,-24.08330345,-134.7325745,-43.69196701,0,-24.49863625,0,0.459291074
9,-3.95022566,-73.4299899,2005,4,100,298.5168813,0.489408516,0.41934647,0.006722676,3.28E-06,-0.082865139,-0.003122975,4.11E-06,-0.022585556,16416838.96,3.46182E+12,0.341884045,0.401865058,10986.70605,-0.011427332,95.30177307,-24.08330345,-134.7325745,-43.69196701,0,-24.49863625,0.011776122,0.390088937
9,-3.95022566,-73.4299899,2006,4,100,298.557958,0.478677138,0.413041517,0.006616052,3.18E-06,-0.031182933,-0.002975517,3.89E-06,0.024699007,16557105.33,3.2263E+12,0.354563669,0.343905928,10986.70605,-0.011427332,95.30177307,-24.08330345,-134.7325745,-43.69196701,0,-24.49863625,-0.002289135,0.346195062
9,-3.95022566,-73.4299899,2007,4,100,298.6074219,0.493434264,0.38673474,0.0065257,3.77E-06,-0.01128323,-0.002866749,4.42E-06,0.035533126,16697277.31,3.14427E+12,0.349543893,0.324758405,10986.70605,-0.011427332,95.30177307,-24.08330345,-134.7325745,-43.69196701,0,-24.49863625,-0.007870576,0.332628981
9,-3.95022566,-73.4299899,2008,4,100,298.5800476,0.38345331,0.37275573,0.006737719,4.11E-06,0.044422796,-0.00307773,4.75E-06,0.072116281,16709675.04,2.8774E+12,0.310223162,0.276103721,10986.70605,-0.011427332,95.30177307,-24.08330345,-134.7325745,-43.69196701,0,-24.49863625,-0.004815972,0.280919693
9,-3.95022566,-73.4299899,2009,4,100,298.512502,0.404847652,0.348286627,0.006988637,4.72E-06,0.114749875,-0.003362924,5.35E-06,0.125936883,16531448.92,2.92097E+12,0.279043509,0.272107031,10986.70605,-0.011427332,95.30177307,-24.08330345,-134.7325745,-43.69196701,0,-24.49863625,-0.008104159,0.28021119
9,-3.95022566,-73.4299899,2010,4,100,298.608963,0.472286263,0.350722692,0.007018325,5.22E-06,0.143326156,-0.003399532,5.96E-06,0.137912468,16501079.44,3.13969E+12,0.226534804,0.325563066,10986.70605,-0.011427332,95.30177307,-24.08330345,-134.7325745,-43.69196701,0,-24.49863625,-0.008187755,0.333750821
9,-3.95022566,-73.4299899,2011,4,100,298.5707753,0.397837939,0.416518892,0.007225297,5.36E-06,0.186433298,-0.003617755,6.25E-06,0.178798546,16350993.69,3.37303E+12,0.249046596,0.36026885,10986.70605,-0.011427332,95.30177307,-24.08330345,-134.7325745,-43.69196701,0,-24.49863625,-0.036957582,0.397226432
9,-3.95022566,-73.4299899,2012,4,100,298.5744832,0.378899412,0.482407606,0.007333638,6.51E-06,0.181179119,-0.0037227,7.55E-06,0.180317561,16319948.42,3.26332E+12,0.302677489,0.405864088,10986.70605,-0.011427332,95.30177307,-24.08330345,-134.7325745,-43.69196701,0,-24.49863625,0.013750185,0.392113903
9,-3.95022566,-73.4299899,2013,4,100,298.5632579,0.379956771,0.576204794,0.007272551,5.71E-06,0.1593771,-0.003652199,6.68E-06,0.171219782,16339891.71,3.24277E+12,0.35538258,0.443763558,10986.70605,-0.011427332,95.30177307,-24.08330345,-134.7325745,-43.69196701,0,-24.49863625,-0.062673936,0.506437494
9,-3.95022566,-73.4299899,2014,4,100,298.4231618,0.27666454,0.595557759,0.007472803,5.05E-06,0.11232555,-0.003895549,6.01E-06,0.137665582,16099704.17,3.00912E+12,0.381978535,0.430331147,10986.70605,-0.011427332,95.30177307,-24.08330345,-134.7325745,-43.69196701,0,-24.49863625,-0.072619464,0.502950611
9,-3.95022566,-73.4299899,2015,4,100,298.4948425,0.387786453,0.518779388,0.007587303,5.45E-06,0.048063822,-0.00402061,6.84E-06,0.074754257,16048925.38,3.56024E+12,0.282811313,0.433341599,10986.70605,-0.011427332,95.30177307,-24.08330345,-134.7325745,-43.69196701,0,-24.49863625,-0.071569184,0.504910782
9,-3.95022566,-73.4299899,2016,4,100,298.634201,0.501228876,0.462936145,0.007621094,4.99E-06,0.014594795,-0.00405131,6.34E-06,0.042401445,16003624.42,3.85529E+12,0.204588587,0.400113927,10986.70605,-0.011427332,95.30177307,-24.08330345,-134.7325745,-43.69196701,0,-24.49863625,-0.052308442,0.452422368
9,-3.95022566,-73.4299899,2017,4,100,298.7364909,0.448124681,0.389475634,0.007586836,6.45E-06,0.013331048,-0.003997854,7.88E-06,0.032057516,16076976.42,3.52348E+12,0.155705958,0.3149226,10986.70605,-0.011427332,95.30177307,-24.08330345,-134.7325745,-43.69196701,0,-24.49863625,-0.011518954,0.326441553
9,-3.95022566,-73.4299899,2018,4,100,298.7610219,0.488777128,0.349831421,0.007574434,6.87E-06,0.052565548,-0.003970157,8.38E-06,0.063667665,16101749.69,3.78118E+12,0.141247509,0.22460444,10986.70605,-0.011427332,95.30177307,-24.08330345,-134.7325745,-43.69196701,0,-24.49863625,-0.007069307,0.231673747
9,-3.95022566,-73.4299899,2019,4,100,298.7634989,0.397088208,0.366893853,0.007629115,7.22E-06,0.102777885,-0.004016727,8.39E-06,0.111264547,16064360.31,3.02761E+12,0.183147137,0.079870198,10986.70605,-0.011427332,95.30177307,-24.08330345,-134.7325745,-43.69196701,0,-24.49863625,-0.027732227,0.107602425
9,-3.95022566,-73.4299899,2020,4,100,298.7979177,0.353665242,0.334094314,0.007213659,7.06E-06,0.158416634,-0.00358662,8.31E-06,0.161892063,16187296.13,3.24634E+12,0.183563261,-0.020783763,10986.70605,-0.011427332,95.30177307,-24.08330345,-134.7325745,-43.69196701,0,-24.49863625,-0.055510445,0.034726682
9,-3.95022566,-73.4299899,2021,4,100,298.7705129,0.401567547,0.300582528,0.007371059,7.54E-06,0.170181385,-0.003726866,8.77E-06,0.178399537,16269115.56,3.80477E+12,0.194157211,-0.034712489,10986.70605,-0.011427332,95.30177307,-24.08330345,-134.7325745,-43.69196701,0,-24.49863625,-0.060661916,0.025949427
9,-3.95022566,-73.4299899,2022,4,100,298.816335,0.413887534,0.285881115,0.006962419,9.65E-06,0.172414846,-0.003514354,9.31E-06,0.181976482,15475912.11,1.12622E+13,0.233343773,-0.048751843,10986.70605,-0.011427332,95.30177307,-24.08330345,-134.7325745,-43.69196701,0,-24.49863625,-0.036980201,-0.011771641
9,-3.95022566,-73.4299899,2023,4,100,298.9712067,0.672893878,0.286874954,0.005635622,1.02E-05,0.264899318,-0.002795458,7.34E-06,0.205739572,12884322.05,2.96292E+13,0.403872216,-0.043388219,10986.70605,-0.011427332,95.30177307,-24.08330345,-134.7325745,-43.69196701,0,-24.49863625,-0.018752655,-0.024635564
9,-3.95022566,-73.4299899,2024,4,100,299.1552124,0.884999543,0.373743966,0.005644162,1.26E-05,0.368578859,-0.002904511,9.49E-06,0.223477662,12550225.72,3.30955E+13,0.594392299,-0.033087788,10986.70605,-0.011427332,95.30177307,-24.08330345,-134.7325745,-43.69196701,0,-24.49863625,-0.018217298,-0.01487049
10,-3.95001327,-73.43022352,2000,4,100,297.9804484,0.52765047,NaN,0.007729567,2.73E-06,NaN,-0.004177573,3.24E-06,NaN,16014856.33,4.31517E+12,NaN,NaN,2424.781982,0,62.29320908,0,-105.4781036,0,0,-4.869008541,NaN,NaN
10,-3.95001327,-73.43022352,2001,4,100,298.0622762,0.545425446,NaN,0.007466685,3.54E-06,NaN,-0.003904698,4.01E-06,NaN,16163969.79,3.80533E+12,NaN,NaN,2424.781982,0,62.29320908,0,-105.4781036,0,0,-4.869008541,NaN,NaN
10,-3.95001327,-73.43022352,2002,4,100,298.1857368,0.498645752,NaN,0.007291485,3.66E-06,NaN,-0.003732481,4.23E-06,NaN,16203141.03,3.62234E+12,NaN,NaN,2424.781982,0,62.29320908,0,-105.4781036,0,0,-4.869008541,NaN,NaN
10,-3.95001327,-73.43022352,2003,4,100,298.2323863,0.495514601,NaN,0.007210127,3.63E-06,NaN,-0.00365398,4.23E-06,NaN,16194875.42,3.50158E+12,NaN,NaN,2424.781982,0,62.29320908,0,-105.4781036,0,0,-4.869008541,NaN,NaN
10,-3.95001327,-73.43022352,2004,4,100,298.361084,0.560660682,0.427722264,0.006863207,3.41E-06,-0.078040163,-0.003294499,4.06E-06,-0.007956569,16301111.02,3.42285E+12,0.387603358,0.183729457,2424.781982,0,62.29320908,0,-105.4781036,0,0,-4.869008541,0,0.183729457
10,-3.95001327,-73.43022352,2005,4,100,298.5168813,0.489408516,0.41934647,0.006722676,3.28E-06,-0.082865139,-0.003122975,4.11E-06,-0.022585556,16416838.96,3.46182E+12,0.341884045,0.119970773,2424.781982,0,62.29320908,0,-105.4781036,0,0,-4.869008541,0.009779258,0.110191514
10,-3.95001327,-73.43022352,2006,4,100,298.557958,0.478677138,0.413041517,0.006616052,3.18E-06,-0.031182933,-0.002975517,3.89E-06,0.024699007,16557105.33,3.2263E+12,0.354563669,0.108548934,2424.781982,0,62.29320908,0,-105.4781036,0,0,-4.869008541,-0.000279886,0.108828821
10,-3.95001327,-73.43022352,2007,4,100,298.6074219,0.493434264,0.38673474,0.0065257,3.77E-06,-0.01128323,-0.002866749,4.42E-06,0.035533126,16697277.31,3.14427E+12,0.349543893,0.095357045,2424.781982,0,62.29320908,0,-105.4781036,0,0,-4.869008541,0.000312857,0.095044188
10,-3.95001327,-73.43022352,2008,4,100,298.5800476,0.38345331,0.37275573,0.006737719,4.11E-06,0.044422796,-0.00307773,4.75E-06,0.072116281,16709675.04,2.8774E+12,0.310223162,0.068180215,2424.781982,0,62.29320908,0,-105.4781036,0,0,-4.869008541,-0.001406184,0.069586399
10,-3.95001327,-73.43022352,2009,4,100,298.512502,0.404847652,0.348286627,0.006988637,4.72E-06,0.114749875,-0.003362924,5.35E-06,0.125936883,16531448.92,2.92097E+12,0.279043509,0.061907319,2424.781982,0,62.29320908,0,-105.4781036,0,0,-4.869008541,0.004214507,0.057692811
10,-3.95001327,-73.43022352,2010,4,100,298.608963,0.472286263,0.350722692,0.007018325,5.22E-06,0.143326156,-0.003399532,5.96E-06,0.137912468,16501079.44,3.13969E+12,0.226534804,0.039792534,2424.781982,0,62.29320908,0,-105.4781036,0,0,-4.869008541,0.007504807,0.032287728
10,-3.95001327,-73.43022352,2011,4,100,298.5707753,0.397837939,0.416518892,0.007225297,5.36E-06,0.186433298,-0.003617755,6.25E-06,0.178798546,16350993.69,3.37303E+12,0.249046596,0.026304437,2424.781982,0,62.29320908,0,-105.4781036,0,0,-4.869008541,-0.01126717,0.037571607
10,-3.95001327,-73.43022352,2012,4,100,298.5744832,0.378899412,0.482407606,0.007333638,6.51E-06,0.181179119,-0.0037227,7.55E-06,0.180317561,16319948.42,3.26332E+12,0.302677489,-0.006025932,2424.781982,0,62.29320908,0,-105.4781036,0,0,-4.869008541,0.002017118,-0.00804305
10,-3.95001327,-73.43022352,2013,4,100,298.5632579,0.379956771,0.576204794,0.007272551,5.71E-06,0.1593771,-0.003652199,6.68E-06,0.171219782,16339891.71,3.24277E+12,0.35538258,-0.024481909,2424.781982,0,62.29320908,0,-105.4781036,0,0,-4.869008541,0.007465522,-0.031947431
10,-3.95001327,-73.43022352,2014,4,100,298.4231618,0.27666454,0.595557759,0.007472803,5.05E-06,0.11232555,-0.003895549,6.01E-06,0.137665582,16099704.17,3.00912E+12,0.381978535,0.000311723,2424.781982,0,62.29320908,0,-105.4781036,0,0,-4.869008541,0.033546925,-0.033235202
10,-3.95001327,-73.43022352,2015,4,100,298.4948425,0.387786453,0.518779388,0.007587303,5.45E-06,0.048063822,-0.00402061,6.84E-06,0.074754257,16048925.38,3.56024E+12,0.282811313,0.044907573,2424.781982,0,62.29320908,0,-105.4781036,0,0,-4.869008541,0.019805488,0.025102084
10,-3.95001327,-73.43022352,2016,4,100,298.634201,0.501228876,0.462936145,0.007621094,4.99E-06,0.014594795,-0.00405131,6.34E-06,0.042401445,16003624.42,3.85529E+12,0.204588587,0.118700297,2424.781982,0,62.29320908,0,-105.4781036,0,0,-4.869008541,0.044653855,0.074046441
10,-3.95001327,-73.43022352,2017,4,100,298.7364909,0.448124681,0.389475634,0.007586836,6.45E-06,0.013331048,-0.003997854,7.88E-06,0.032057516,16076976.42,3.52348E+12,0.155705958,0.17539648,2424.781982,0,62.29320908,0,-105.4781036,0,0,-4.869008541,0.02979069,0.14560579
10,-3.95001327,-73.43022352,2018,4,100,298.7610219,0.488777128,0.349831421,0.007574434,6.87E-06,0.052565548,-0.003970157,8.38E-06,0.063667665,16101749.69,3.78118E+12,0.141247509,0.173426023,2424.781982,0,62.29320908,0,-105.4781036,0,0,-4.869008541,-0.001907554,0.175333577
10,-3.95001327,-73.43022352,2019,4,100,298.7634989,0.397088208,0.366893853,0.007629115,7.22E-06,0.102777885,-0.004016727,8.39E-06,0.111264547,16064360.31,3.02761E+12,0.183147137,0.091685165,2424.781982,0,62.29320908,0,-105.4781036,0,0,-4.869008541,-0.009942517,0.101627682
10,-3.95001327,-73.43022352,2020,4,100,298.7979177,0.353665242,0.334094314,0.007213659,7.06E-06,0.158416634,-0.00358662,8.31E-06,0.161892063,16187296.13,3.24634E+12,0.183563261,-0.09029052,2424.781982,0,62.29320908,0,-105.4781036,0,0,-4.869008541,-0.018498194,-0.071792326
10,-3.95001327,-73.43022352,2021,4,100,298.7705129,0.401567547,0.300582528,0.007371059,7.54E-06,0.170181385,-0.003726866,8.77E-06,0.178399537,16269115.56,3.80477E+12,0.194157211,-0.21599613,2424.781982,0,62.29320908,0,-105.4781036,0,0,-4.869008541,-0.033474314,-0.182521816
10,-3.95001327,-73.43022352,2022,4,100,298.816335,0.413887534,0.285881115,0.006962419,9.65E-06,0.172414846,-0.003514354,9.31E-06,0.181976482,15475912.11,1.12622E+13,0.233343773,-0.303392228,2424.781982,0,62.29320908,0,-105.4781036,0,0,-4.869008541,-0.026310465,-0.277081764
10,-3.95001327,-73.43022352,2023,4,100,298.9712067,0.672893878,0.286874954,0.005635622,1.02E-05,0.264899318,-0.002795458,7.34E-06,0.205739572,12884322.05,2.96292E+13,0.403872216,-0.329146664,2424.781982,0,62.29320908,0,-105.4781036,0,0,-4.869008541,-0.012576797,-0.316569867
10,-3.95001327,-73.43022352,2024,4,100,299.1552124,0.884999543,0.373743966,0.005644162,1.26E-05,0.368578859,-0.002904511,9.49E-06,0.223477662,12550225.72,3.30955E+13,0.594392299,-0.194783367,2424.781982,0,62.29320908,0,-105.4781036,0,0,-4.869008541,-0.015612952,-0.179170415
11,-1.70999799,-51.45000117,2000,4,100,298.7610474,2.067884978,NaN,0.006995607,3.04E-05,NaN,-0.003816642,3.27E-05,NaN,16641534.67,1.7897E+13,NaN,NaN,22658.77148,-0.027369639,0,-167.2518463,0,0,0,-18.72047806,NaN,NaN
11,-1.70999799,-51.45000117,2001,4,100,298.9186401,2.17478137,NaN,0.006397014,2.36E-05,NaN,-0.003164885,2.52E-05,NaN,16891357.88,1.56854E+13,NaN,NaN,22658.77148,-0.027369639,0,-167.2518463,0,0,0,-18.72047806,NaN,NaN
11,-1.70999799,-51.45000117,2002,4,100,299.1298557,2.109393317,NaN,0.006350659,2.49E-05,NaN,-0.003146597,2.53E-05,NaN,17218752.22,1.44121E+13,NaN,NaN,22658.77148,-0.027369639,0,-167.2518463,0,0,0,-18.72047806,NaN,NaN
11,-1.70999799,-51.45000117,2003,4,100,299.190801,1.924178557,NaN,0.006229167,2.42E-05,NaN,-0.00298548,2.50E-05,NaN,17230957.94,1.36601E+13,NaN,NaN,22658.77148,-0.027369639,0,-167.2518463,0,0,0,-18.72047806,NaN,NaN
11,-1.70999799,-51.45000117,2004,4,100,299.3867188,1.926772052,0.270330591,0.006095023,2.60E-05,-0.1367603,-0.002822766,2.67E-05,-0.150415037,17423735.67,1.29187E+13,0.155790718,-0.25216541,22658.77148,-0.027369639,0,-167.2518463,0,0,0,-18.72047806,0,-0.25216541
11,-1.70999799,-51.45000117,2005,4,100,299.6102651,1.842128037,0.357012638,0.006272443,3.05E-05,-0.138093005,-0.003042093,3.08E-05,-0.156384046,17589179.73,1.23211E+13,0.226714421,-0.230985472,22658.77148,-0.027369639,0,-167.2518463,0,0,0,-18.72047806,-0.002866404,-0.228119069
11,-1.70999799,-51.45000117,2006,4,100,299.5940094,1.916410097,0.368995297,0.006168216,2.89E-05,-0.139613622,-0.002921668,2.98E-05,-0.155617559,17423123.52,1.28762E+13,0.245900081,-0.230985472,22658.77148,-0.027369639,0,-167.2518463,0,0,0,-18.72047806,-0.023086363,-0.20789911
11,-1.70999799,-51.45000117,2007,4,100,299.614502,1.822233289,0.381749147,0.006081666,2.77E-05,-0.12081918,-0.002823204,2.85E-05,-0.131077068,17471988.21,1.23792E+13,0.26713734,-0.230985472,22658.77148,-0.027369639,0,-167.2518463,0,0,0,-18.72047806,-0.020952807,-0.210032665
11,-1.70999799,-51.45000117,2008,4,100,299.5508321,1.811477722,0.446551456,0.005994617,2.34E-05,-0.106356683,-0.00274209,2.40E-05,-0.113233688,17393683.38,1.1924E+13,0.305085941,-0.205569547,22658.77148,-0.027369639,0,-167.2518463,0,0,0,-18.72047806,-0.019424898,-0.186144649
11,-1.70999799,-51.45000117,2009,4,100,299.4709981,2.122956225,0.437349399,0.006540165,3.05E-05,0.005959856,-0.00329767,3.12E-05,0.006780383,17209522.04,1.34816E+13,0.30063406,NaN,22658.77148,-0.027369639,0,-167.2518463,0,0,0,-18.72047806,-0.026657112,NaN
11,-1.70999799,-51.45000117,2010,4,100,299.6109975,1.884134332,0.486399926,0.00659151,3.11E-05,0.13007733,-0.003265359,3.22E-05,0.136333025,17448305.27,1.23628E+13,0.333480418,0.209863094,22658.77148,-0.027369639,0,-167.2518463,0,0,0,-18.72047806,-0.03701739,0.246880484
11,-1.70999799,-51.45000117,2011,4,100,299.62058,2.155274011,0.541146757,0.007057476,3.68E-05,0.223516709,-0.003744752,3.82E-05,0.229646146,17360390.02,1.30248E+13,0.348282278,0.209863094,22658.77148,-0.027369639,0,-167.2518463,0,0,0,-18.72047806,-0.044663135,0.254526229
11,-1.70999799,-51.45000117,2012,4,100,299.7450562,2.154962688,0.528114106,0.006780741,3.67E-05,0.33224846,-0.003463923,3.75E-05,0.342064102,17625114.98,1.1942E+13,0.369241144,0.209863094,22658.77148,-0.027369639,0,-167.2518463,0,0,0,-18.72047806,-0.027182101,0.237045194
11,-1.70999799,-51.45000117,2013,4,100,299.7063649,1.590964043,0.541000816,0.005956056,2.38E-05,0.327224461,-0.002537556,2.48E-05,0.337472346,17668606.19,9.46633E+12,0.380350304,0.209863094,22658.77148,-0.027369639,0,-167.2518463,0,0,0,-18.72047806,-0.012124037,0.221987131
11,-1.70999799,-51.45000117,2014,4,100,299.5655365,1.783783786,0.468271292,0.005933628,2.33E-05,0.307386006,-0.002590242,2.38E-05,0.316682041,17434158.46,1.05885E+13,0.346676925,0.43497569,22658.77148,-0.027369639,0,-167.2518463,0,0,0,-18.72047806,-0.018297041,0.453272731
11,-1.70999799,-51.45000117,2015,4,100,299.7055766,1.975244968,0.385622451,0.0054394,1.80E-05,0.291215364,-0.002149325,1.72E-05,0.300196525,17699349.92,1.05618E+13,0.34687514,0.440666847,22658.77148,-0.027369639,0,-167.2518463,0,0,0,-18.72047806,-0.016900259,0.457567105
11,-1.70999799,-51.45000117,2016,4,100,299.7858531,1.666795576,0.428934724,0.005679631,1.91E-05,0.260911259,-0.002363508,1.88E-05,0.250230134,17594273,1.05831E+13,0.351098508,0.418499152,22658.77148,-0.027369639,0,-167.2518463,0,0,0,-18.72047806,-0.00652765,0.425026802
11,-1.70999799,-51.45000117,2017,4,100,299.8667806,1.81945616,0.500528515,0.006009413,2.42E-05,0.255336828,-0.00276663,2.33E-05,0.226655329,17667306.58,1.13331E+13,0.375342511,0.421693936,22658.77148,-0.027369639,0,-167.2518463,0,0,0,-18.72047806,0.005325188,0.416368748
11,-1.70999799,-51.45000117,2018,4,100,299.8794708,1.811068408,0.612172622,0.005969086,2.26E-05,0.26647807,-0.002706282,2.18E-05,0.22276085,17658730.79,1.04681E+13,0.386127091,0.461779251,22658.77148,-0.027369639,0,-167.2518463,0,0,0,-18.72047806,0.00396305,0.457816202
11,-1.70999799,-51.45000117,2019,4,100,299.821523,1.534277642,0.694519963,0.005956604,2.06E-05,0.303765898,-0.002680438,2.03E-05,0.247321496,17403382.75,1.06845E+13,0.339973073,0.510000929,22658.77148,-0.027369639,0,-167.2518463,0,0,0,-18.72047806,0.008120605,0.501880324
11,-1.70999799,-51.45000117,2020,4,100,299.7667898,1.640146581,0.628376897,0.006069564,2.11E-05,0.326367271,-0.002817426,2.08E-05,0.28625179,17280499.56,1.15264E+13,0.276360395,0.563739398,22658.77148,-0.027369639,0,-167.2518463,0,0,0,-18.72047806,-0.023631063,0.587370461
11,-1.70999799,-51.45000117,2021,4,100,299.6986949,1.429880629,0.519601481,0.005905939,1.63E-05,0.297652206,-0.00257178,1.65E-05,0.266452538,17222475.54,1.04525E+13,0.18883407,0.5389092,22658.77148,-0.027369639,0,-167.2518463,0,0,0,-18.72047806,-0.010148556,0.549057756
11,-1.70999799,-51.45000117,2022,4,100,299.7006531,1.350937211,0.416607688,0.006204995,2.30E-05,0.249386038,-0.003015261,2.24E-05,0.216060316,16189426,1.5786E+13,0.145738534,0.442280548,22658.77148,-0.027369639,0,-167.2518463,0,0,0,-18.72047806,-0.063593695,0.505874242
11,-1.70999799,-51.45000117,2023,4,100,299.8599192,1.868527844,0.380723585,0.005487595,2.35E-05,0.244258738,-0.002810551,2.05E-05,0.175283676,13634350.97,2.7991E+13,0.304811726,0.351119188,22658.77148,-0.027369639,0,-167.2518463,0,0,0,-18.72047806,-0.028973755,0.380092944
11,-1.70999799,-51.45000117,2024,4,100,300.1019491,2.266220354,0.457371358,0.004920362,2.27E-05,0.272980177,-0.002405998,1.93E-05,0.154154704,13455130.84,3.24968E+13,0.484181485,0.273261494,22658.77148,-0.027369639,0,-167.2518463,0,0,0,-18.72047806,0.016642752,0.256618742
12,-1.70999351,-51.44970549,2000,4,100,298.8450317,2.04989972,NaN,0.007148974,3.17E-05,NaN,-0.003863278,3.66E-05,NaN,16713681.5,1.7899E+13,NaN,NaN,2484.352539,0,0,-122.3767471,0,4.793248653,-3.153286219,-9.734613419,NaN,NaN
12,-1.70999351,-51.44970549,2001,4,100,299.0160522,2.204829191,NaN,0.006539028,2.48E-05,NaN,-0.003199202,2.86E-05,NaN,16962322.63,1.57183E+13,NaN,NaN,2484.352539,0,0,-122.3767471,0,4.793248653,-3.153286219,-9.734613419,NaN,NaN
12,-1.70999351,-51.44970549,2002,4,100,299.2265896,2.117139795,NaN,0.006459813,2.55E-05,NaN,-0.003115909,2.82E-05,NaN,17295859.11,1.44056E+13,NaN,NaN,2484.352539,0,0,-122.3767471,0,4.793248653,-3.153286219,-9.734613419,NaN,NaN
12,-1.70999351,-51.44970549,2003,4,100,299.2898,1.939444652,NaN,0.006328655,2.48E-05,NaN,-0.002953526,2.77E-05,NaN,17312086.06,1.36873E+13,NaN,NaN,2484.352539,0,0,-122.3767471,0,4.793248653,-3.153286219,-9.734613419,NaN,NaN
12,-1.70999351,-51.44970549,2004,4,100,299.4904785,1.950474288,0.277491331,0.006142969,2.62E-05,-0.153954614,-0.002732613,2.88E-05,-0.164750467,17508874.79,1.29681E+13,0.15843095,0.623698754,2484.352539,0,0,-122.3767471,0,4.793248653,-3.153286219,-9.734613419,0,0.623698754
12,-1.70999351,-51.44970549,2005,4,100,299.713089,1.849028254,0.359848071,0.0062918,3.06E-05,-0.148105397,-0.002898192,3.29E-05,-0.162582937,17678445.69,1.23509E+13,0.227688488,0.467001214,2484.352539,0,0,-122.3767471,0,4.793248653,-3.153286219,-9.734613419,0.021008551,0.445992663
12,-1.70999351,-51.44970549,2006,4,100,299.7023671,1.936576545,0.368929568,0.00618926,2.93E-05,-0.146358534,-0.002799514,3.22E-05,-0.158370239,17509928.44,1.29443E+13,0.24638103,0.467001214,2484.352539,0,0,-122.3767471,0,4.793248653,-3.153286219,-9.734613419,0.000856243,0.466144971
12,-1.70999351,-51.44970549,2007,4,100,299.7246094,1.842952513,0.381192977,0.006114836,2.83E-05,-0.126349221,-0.002712231,3.10E-05,-0.133439153,17557109.75,1.2399E+13,0.268337207,0.467001214,2484.352539,0,0,-122.3767471,0,4.793248653,-3.153286219,-9.734613419,0.007528878,0.459472336
12,-1.70999351,-51.44970549,2008,4,100,299.665741,1.853077226,0.443582372,0.006058996,2.42E-05,-0.107069818,-0.002671729,2.66E-05,-0.110257496,17475560.17,1.19509E+13,0.306683387,0.278964165,2484.352539,0,0,-122.3767471,0,4.793248653,-3.153286219,-9.734613419,-0.001152381,0.280116547
12,-1.70999351,-51.44970549,2009,4,100,299.588267,2.182861566,0.433540204,0.00658906,3.06E-05,0.000680657,-0.003222146,3.35E-05,0.00252576,17284871.42,1.35394E+13,0.30446264,NaN,2484.352539,0,0,-122.3767471,0,4.793248653,-3.153286219,-9.734613419,-0.011044966,NaN
12,-1.70999351,-51.44970549,2010,4,100,299.7295685,1.942489637,0.48503904,0.006619921,3.09E-05,0.121362377,-0.003171731,3.39E-05,0.126897602,17528530.19,1.2405E+13,0.339780423,0.095019138,2484.352539,0,0,-122.3767471,0,4.793248653,-3.153286219,-9.734613419,0.012758494,0.082260644
12,-1.70999351,-51.44970549,2011,4,100,299.7419993,2.224932423,0.54158438,0.007045563,3.62E-05,0.212801036,-0.003615112,3.96E-05,0.218522925,17439751.52,1.3105E+13,0.356129239,0.095019138,2484.352539,0,0,-122.3767471,0,4.793248653,-3.153286219,-9.734613419,0.04887345,0.046145688
12,-1.70999351,-51.44970549,2012,4,100,299.8638306,2.186883405,0.530476065,0.006741564,3.59E-05,0.318182974,-0.003285949,3.89E-05,0.326843201,17711729.6,1.19694E+13,0.379134617,0.095019138,2484.352539,0,0,-122.3767471,0,4.793248653,-3.153286219,-9.734613419,0.028813378,0.06620576
12,-1.70999351,-51.44970549,2013,4,100,299.8231455,1.619890474,0.546680889,0.005948698,2.36E-05,0.316949179,-0.002412332,2.59E-05,0.328328853,17760636.98,9.47431E+12,0.390890557,0.095019138,2484.352539,0,0,-122.3767471,0,4.793248653,-3.153286219,-9.734613419,0.012381892,0.082637246
12,-1.70999351,-51.44970549,2014,4,100,299.6776784,1.816119167,0.475988451,0.005964805,2.35E-05,0.295587081,-0.002495898,2.57E-05,0.307414123,17515147.21,1.0617E+13,0.357983474,0.505654389,2484.352539,0,0,-122.3767471,0,4.793248653,-3.153286219,-9.734613419,-0.005173384,0.510827773
12,-1.70999351,-51.44970549,2015,4,100,299.8120219,1.979177191,0.394480678,0.005497665,1.87E-05,0.279273002,-0.00204656,1.97E-05,0.290998458,17780872.46,1.05662E+13,0.359141962,0.514051668,2484.352539,0,0,-122.3767471,0,4.793248653,-3.153286219,-9.734613419,-0.000688472,0.51474014
12,-1.70999351,-51.44970549,2016,4,100,299.8932749,1.683979245,0.438386261,0.005759962,1.98E-05,0.251694649,-0.002287834,2.11E-05,0.24799036,17672907.75,1.0616E+13,0.360860021,0.50138306,2484.352539,0,0,-122.3767471,0,4.793248653,-3.153286219,-9.734613419,0.045784725,0.455598336
12,-1.70999351,-51.44970549,2017,4,100,299.969279,1.823728423,0.507830664,0.006078737,2.47E-05,0.247529046,-0.002657014,2.60E-05,0.230674915,17743896.75,1.13472E+13,0.382383465,0.453678958,2484.352539,0,0,-122.3767471,0,4.793248653,-3.153286219,-9.734613419,0.027115724,0.426563233
12,-1.70999351,-51.44970549,2018,4,100,299.9823354,1.815505544,0.617523897,0.006021706,2.29E-05,0.269143592,-0.002588442,2.41E-05,0.242501057,17745203.13,1.04691E+13,0.388025723,0.426989925,2484.352539,0,0,-122.3767471,0,4.793248653,-3.153286219,-9.734613419,0.037057344,0.389932581
12,-1.70999351,-51.44970549,2019,4,100,299.9238586,1.545579245,0.696401527,0.006024057,2.10E-05,0.315017037,-0.002599701,2.24E-05,0.27872854,17486870.08,1.07405E+13,0.335988641,0.401027554,2484.352539,0,0,-122.3767471,0,4.793248653,-3.153286219,-9.734613419,0.010193253,0.390834302
12,-1.70999351,-51.44970549,2020,4,100,299.8624522,1.649173447,0.628494346,0.006138904,2.18E-05,0.341747078,-0.002748784,2.33E-05,0.315930536,17361890.69,1.16192E+13,0.272136942,0.358171797,2484.352539,0,0,-122.3767471,0,4.793248653,-3.153286219,-9.734613419,-0.009207568,0.367379365
12,-1.70999351,-51.44970549,2021,4,100,299.7881317,1.438450229,0.520727057,0.005986574,1.70E-05,0.315532543,-0.00253814,1.86E-05,0.292588093,17307530.25,1.05576E+13,0.185649175,0.319563751,2484.352539,0,0,-122.3767471,0,4.793248653,-3.153286219,-9.734613419,0.049207865,0.270355886
12,-1.70999351,-51.44970549,2022,4,100,299.7816671,1.359192658,0.419566958,0.006239619,2.29E-05,0.257649257,-0.002948132,2.36E-05,0.227443865,16264704.29,1.59897E+13,0.144985373,0.220225137,2484.352539,0,0,-122.3767471,0,4.793248653,-3.153286219,-9.734613419,-0.022800293,0.24302543
12,-1.70999351,-51.44970549,2023,4,100,299.9321035,1.859592304,0.387305794,0.005482374,2.31E-05,0.249832542,-0.00268545,2.13E-05,0.180543124,13701955.59,2.82598E+13,0.306471961,0.110596853,2484.352539,0,0,-122.3767471,0,4.793248653,-3.153286219,-9.734613419,0.006805915,0.103790937
12,-1.70999351,-51.44970549,2024,4,100,300.1640422,2.226503014,0.463484594,0.004922814,2.22E-05,0.274889602,-0.002243826,2.02E-05,0.158160725,13520817.26,3.27669E+13,0.485521004,-0.002224246,2484.352539,0,0,-122.3767471,0,4.793248653,-3.153286219,-9.734613419,-0.003469068,0.001244823
13,-1.70975305,-51.45001117,2000,4,100,298.7610474,2.067884978,NaN,0.006995607,3.04E-05,NaN,-0.003816642,3.27E-05,NaN,16641534.67,1.7897E+13,NaN,NaN,10166.07227,-0.010132537,51.60448456,-271.9332886,0,0,-8.870282173,-18.09226799,NaN,NaN
13,-1.70975305,-51.45001117,2001,4,100,298.9186401,2.17478137,NaN,0.006397014,2.36E-05,NaN,-0.003164885,2.52E-05,NaN,16891357.88,1.56854E+13,NaN,NaN,10166.07227,-0.010132537,51.60448456,-271.9332886,0,0,-8.870282173,-18.09226799,NaN,NaN
13,-1.70975305,-51.45001117,2002,4,100,299.1298557,2.109393317,NaN,0.006350659,2.49E-05,NaN,-0.003146597,2.53E-05,NaN,17218752.22,1.44121E+13,NaN,NaN,10166.07227,-0.010132537,51.60448456,-271.9332886,0,0,-8.870282173,-18.09226799,NaN,NaN
13,-1.70975305,-51.45001117,2003,4,100,299.190801,1.924178557,NaN,0.006229167,2.42E-05,NaN,-0.00298548,2.50E-05,NaN,17230957.94,1.36601E+13,NaN,NaN,10166.07227,-0.010132537,51.60448456,-271.9332886,0,0,-8.870282173,-18.09226799,NaN,NaN
13,-1.70975305,-51.45001117,2004,4,100,299.3867188,1.926772052,0.270330591,0.006095023,2.60E-05,-0.1367603,-0.002822766,2.67E-05,-0.150415037,17423735.67,1.29187E+13,0.155790718,-0.206103169,10166.07227,-0.010132537,51.60448456,-271.9332886,0,0,-8.870282173,-18.09226799,0,-0.206103169
13,-1.70975305,-51.45001117,2005,4,100,299.6102651,1.842128037,0.357012638,0.006272443,3.05E-05,-0.138093005,-0.003042093,3.08E-05,-0.156384046,17589179.73,1.23211E+13,0.226714421,-0.277870328,10166.07227,-0.010132537,51.60448456,-271.9332886,0,0,-8.870282173,-18.09226799,0.009473974,-0.287344302
13,-1.70975305,-51.45001117,2006,4,100,299.5940094,1.916410097,0.368995297,0.006168216,2.89E-05,-0.139613622,-0.002921668,2.98E-05,-0.155617559,17423123.52,1.28762E+13,0.245900081,-0.277870328,10166.07227,-0.010132537,51.60448456,-271.9332886,0,0,-8.870282173,-18.09226799,0.00257639,-0.280446718
13,-1.70975305,-51.45001117,2007,4,100,299.614502,1.822233289,0.381749147,0.006081666,2.77E-05,-0.12081918,-0.002823204,2.85E-05,-0.131077068,17471988.21,1.23792E+13,0.26713734,-0.277870328,10166.07227,-0.010132537,51.60448456,-271.9332886,0,0,-8.870282173,-18.09226799,0.002439984,-0.280310312
13,-1.70975305,-51.45001117,2008,4,100,299.5508321,1.811477722,0.446551456,0.005994617,2.34E-05,-0.106356683,-0.00274209,2.40E-05,-0.113233688,17393683.38,1.1924E+13,0.305085941,-0.363990918,10166.07227,-0.010132537,51.60448456,-271.9332886,0,0,-8.870282173,-18.09226799,0.023242655,-0.387233573
13,-1.70975305,-51.45001117,2009,4,100,299.4709981,2.122956225,0.437349399,0.006540165,3.05E-05,0.005959856,-0.00329767,3.12E-05,0.006780383,17209522.04,1.34816E+13,0.30063406,0.274176421,10166.07227,-0.010132537,51.60448456,-271.9332886,0,0,-8.870282173,-18.09226799,-0.033633276,0.307809697
13,-1.70975305,-51.45001117,2010,4,100,299.6109975,1.884134332,0.486399926,0.00659151,3.11E-05,0.13007733,-0.003265359,3.22E-05,0.136333025,17448305.27,1.23628E+13,0.333480418,0.322031424,10166.07227,-0.010132537,51.60448456,-271.9332886,0,0,-8.870282173,-18.09226799,-0.006352599,0.328384023
13,-1.70975305,-51.45001117,2011,4,100,299.62058,2.155274011,0.541146757,0.007057476,3.68E-05,0.223516709,-0.003744752,3.82E-05,0.229646146,17360390.02,1.30248E+13,0.348282278,0.322031424,10166.07227,-0.010132537,51.60448456,-271.9332886,0,0,-8.870282173,-18.09226799,-0.036226451,0.358257874
13,-1.70975305,-51.45001117,2012,4,100,299.7450562,2.154962688,0.528114106,0.006780741,3.67E-05,0.33224846,-0.003463923,3.75E-05,0.342064102,17625114.98,1.1942E+13,0.369241144,0.322031424,10166.07227,-0.010132537,51.60448456,-271.9332886,0,0,-8.870282173,-18.09226799,0.001720761,0.320310662
13,-1.70975305,-51.45001117,2013,4,100,299.7063649,1.590964043,0.541000816,0.005956056,2.38E-05,0.327224461,-0.002537556,2.48E-05,0.337472346,17668606.19,9.46633E+12,0.380350304,0.330007257,10166.07227,-0.010132537,51.60448456,-271.9332886,0,0,-8.870282173,-18.09226799,0.0076287,0.322378557
13,-1.70975305,-51.45001117,2014,4,100,299.5655365,1.783783786,0.468271292,0.005933628,2.33E-05,0.307386006,-0.002590242,2.38E-05,0.316682041,17434158.46,1.05885E+13,0.346676925,0.322958704,10166.07227,-0.010132537,51.60448456,-271.9332886,0,0,-8.870282173,-18.09226799,0.028446694,0.29451201
13,-1.70975305,-51.45001117,2015,4,100,299.7055766,1.975244968,0.385622451,0.0054394,1.80E-05,0.291215364,-0.002149325,1.72E-05,0.300196525,17699349.92,1.05618E+13,0.34687514,0.295166472,10166.07227,-0.010132537,51.60448456,-271.9332886,0,0,-8.870282173,-18.09226799,0.010712249,0.284454223
13,-1.70975305,-51.45001117,2016,4,100,299.7858531,1.666795576,0.428934724,0.005679631,1.91E-05,0.260911259,-0.002363508,1.88E-05,0.250230134,17594273,1.05831E+13,0.351098508,0.278601887,10166.07227,-0.010132537,51.60448456,-271.9332886,0,0,-8.870282173,-18.09226799,0.05986698,0.218734907
13,-1.70975305,-51.45001117,2017,4,100,299.8667806,1.81945616,0.500528515,0.006009413,2.42E-05,0.255336828,-0.00276663,2.33E-05,0.226655329,17667306.58,1.13331E+13,0.375342511,0.278972014,10166.07227,-0.010132537,51.60448456,-271.9332886,0,0,-8.870282173,-18.09226799,0.06825032,0.210721694
13,-1.70975305,-51.45001117,2018,4,100,299.8794708,1.811068408,0.612172622,0.005969086,2.26E-05,0.26647807,-0.002706282,2.18E-05,0.22276085,17658730.79,1.04681E+13,0.386127091,0.295845663,10166.07227,-0.010132537,51.60448456,-271.9332886,0,0,-8.870282173,-18.09226799,0.047811172,0.248034491
13,-1.70975305,-51.45001117,2019,4,100,299.821523,1.534277642,0.694519963,0.005956604,2.06E-05,0.303765898,-0.002680438,2.03E-05,0.247321496,17403382.75,1.06845E+13,0.339973073,0.381220124,10166.07227,-0.010132537,51.60448456,-271.9332886,0,0,-8.870282173,-18.09226799,0.026613886,0.354606238
13,-1.70975305,-51.45001117,2020,4,100,299.7667898,1.640146581,0.628376897,0.006069564,2.11E-05,0.326367271,-0.002817426,2.08E-05,0.28625179,17280499.56,1.15264E+13,0.276360395,0.443746991,10166.07227,-0.010132537,51.60448456,-271.9332886,0,0,-8.870282173,-18.09226799,-0.012345158,0.456092149
13,-1.70975305,-51.45001117,2021,4,100,299.6986949,1.429880629,0.519601481,0.005905939,1.63E-05,0.297652206,-0.00257178,1.65E-05,0.266452538,17222475.54,1.04525E+13,0.18883407,0.39371387,10166.07227,-0.010132537,51.60448456,-271.9332886,0,0,-8.870282173,-18.09226799,-0.030312845,0.424026715
13,-1.70975305,-51.45001117,2022,4,100,299.7006531,1.350937211,0.416607688,0.006204995,2.30E-05,0.249386038,-0.003015261,2.24E-05,0.216060316,16189426,1.5786E+13,0.145738534,0.310929595,10166.07227,-0.010132537,51.60448456,-271.9332886,0,0,-8.870282173,-18.09226799,-0.077877702,0.388807297
13,-1.70975305,-51.45001117,2023,4,100,299.8599192,1.868527844,0.380723585,0.005487595,2.35E-05,0.244258738,-0.002810551,2.05E-05,0.175283676,13634350.97,2.7991E+13,0.304811726,0.13857159,10166.07227,-0.010132537,51.60448456,-271.9332886,0,0,-8.870282173,-18.09226799,-0.047701515,0.186273105
13,-1.70975305,-51.45001117,2024,4,100,300.1019491,2.266220354,0.457371358,0.004920362,2.27E-05,0.272980177,-0.002405998,1.93E-05,0.154154704,13455130.84,3.24968E+13,0.484181485,0.014286204,10166.07227,-0.010132537,51.60448456,-271.9332886,0,0,-8.870282173,-18.09226799,-0.000461295,0.0147475
14,-1.71023726,-51.44998838,2000,4,100,298.8450317,2.04989972,NaN,0.007148974,3.17E-05,NaN,-0.003863278,3.66E-05,NaN,16713681.5,1.7899E+13,NaN,NaN,8678.920898,-0.008825583,0,-219.5818176,-7.017648697,0,-42.0074234,-38.15948105,NaN,NaN
14,-1.71023726,-51.44998838,2001,4,100,299.0160522,2.204829191,NaN,0.006539028,2.48E-05,NaN,-0.003199202,2.86E-05,NaN,16962322.63,1.57183E+13,NaN,NaN,8678.920898,-0.008825583,0,-219.5818176,-7.017648697,0,-42.0074234,-38.15948105,NaN,NaN
14,-1.71023726,-51.44998838,2002,4,100,299.2265896,2.117139795,NaN,0.006459813,2.55E-05,NaN,-0.003115909,2.82E-05,NaN,17295859.11,1.44056E+13,NaN,NaN,8678.920898,-0.008825583,0,-219.5818176,-7.017648697,0,-42.0074234,-38.15948105,NaN,NaN
14,-1.71023726,-51.44998838,2003,4,100,299.2898,1.939444652,NaN,0.006328655,2.48E-05,NaN,-0.002953526,2.77E-05,NaN,17312086.06,1.36873E+13,NaN,NaN,8678.920898,-0.008825583,0,-219.5818176,-7.017648697,0,-42.0074234,-38.15948105,NaN,NaN
14,-1.71023726,-51.44998838,2004,4,100,299.4904785,1.950474288,0.277491331,0.006142969,2.62E-05,-0.153954614,-0.002732613,2.88E-05,-0.164750467,17508874.79,1.29681E+13,0.15843095,NaN,8678.920898,-0.008825583,0,-219.5818176,-7.017648697,0,-42.0074234,-38.15948105,0,NaN
14,-1.71023726,-51.44998838,2005,4,100,299.713089,1.849028254,0.359848071,0.0062918,3.06E-05,-0.148105397,-0.002898192,3.29E-05,-0.162582937,17678445.69,1.23509E+13,0.227688488,NaN,8678.920898,-0.008825583,0,-219.5818176,-7.017648697,0,-42.0074234,-38.15948105,0.038127225,NaN
14,-1.71023726,-51.44998838,2006,4,100,299.7023671,1.936576545,0.368929568,0.00618926,2.93E-05,-0.146358534,-0.002799514,3.22E-05,-0.158370239,17509928.44,1.29443E+13,0.24638103,NaN,8678.920898,-0.008825583,0,-219.5818176,-7.017648697,0,-42.0074234,-38.15948105,0.01786369,NaN
14,-1.71023726,-51.44998838,2007,4,100,299.7246094,1.842952513,0.381192977,0.006114836,2.83E-05,-0.126349221,-0.002712231,3.10E-05,-0.133439153,17557109.75,1.2399E+13,0.268337207,NaN,8678.920898,-0.008825583,0,-219.5818176,-7.017648697,0,-42.0074234,-38.15948105,0.027875287,NaN
14,-1.71023726,-51.44998838,2008,4,100,299.665741,1.853077226,0.443582372,0.006058996,2.42E-05,-0.107069818,-0.002671729,2.66E-05,-0.110257496,17475560.17,1.19509E+13,0.306683387,NaN,8678.920898,-0.008825583,0,-219.5818176,-7.017648697,0,-42.0074234,-38.15948105,0.016923299,NaN
14,-1.71023726,-51.44998838,2009,4,100,299.588267,2.182861566,0.433540204,0.00658906,3.06E-05,0.000680657,-0.003222146,3.35E-05,0.00252576,17284871.42,1.35394E+13,0.30446264,NaN,8678.920898,-0.008825583,0,-219.5818176,-7.017648697,0,-42.0074234,-38.15948105,-0.019568882,NaN
14,-1.71023726,-51.44998838,2010,4,100,299.7295685,1.942489637,0.48503904,0.006619921,3.09E-05,0.121362377,-0.003171731,3.39E-05,0.126897602,17528530.19,1.2405E+13,0.339780423,0.382285993,8678.920898,-0.008825583,0,-219.5818176,-7.017648697,0,-42.0074234,-38.15948105,-0.021935676,0.404221669
14,-1.71023726,-51.44998838,2011,4,100,299.7419993,2.224932423,0.54158438,0.007045563,3.62E-05,0.212801036,-0.003615112,3.96E-05,0.218522925,17439751.52,1.3105E+13,0.356129239,0.382285993,8678.920898,-0.008825583,0,-219.5818176,-7.017648697,0,-42.0074234,-38.15948105,-0.000219473,0.382505467
14,-1.71023726,-51.44998838,2012,4,100,299.8638306,2.186883405,0.530476065,0.006741564,3.59E-05,0.318182974,-0.003285949,3.89E-05,0.326843201,17711729.6,1.19694E+13,0.379134617,0.382285993,8678.920898,-0.008825583,0,-219.5818176,-7.017648697,0,-42.0074234,-38.15948105,0.023088906,0.359197087
14,-1.71023726,-51.44998838,2013,4,100,299.8231455,1.619890474,0.546680889,0.005948698,2.36E-05,0.316949179,-0.002412332,2.59E-05,0.328328853,17760636.98,9.47431E+12,0.390890557,0.425368222,8678.920898,-0.008825583,0,-219.5818176,-7.017648697,0,-42.0074234,-38.15948105,0.00572211,0.419646112
14,-1.71023726,-51.44998838,2014,4,100,299.6776784,1.816119167,0.475988451,0.005964805,2.35E-05,0.295587081,-0.002495898,2.57E-05,0.307414123,17515147.21,1.0617E+13,0.357983474,0.441040208,8678.920898,-0.008825583,0,-219.5818176,-7.017648697,0,-42.0074234,-38.15948105,0.018339217,0.422700991
14,-1.71023726,-51.44998838,2015,4,100,299.8120219,1.979177191,0.394480678,0.005497665,1.87E-05,0.279273002,-0.00204656,1.97E-05,0.290998458,17780872.46,1.05662E+13,0.359141962,0.496981908,8678.920898,-0.008825583,0,-219.5818176,-7.017648697,0,-42.0074234,-38.15948105,0.038613167,0.458368742
14,-1.71023726,-51.44998838,2016,4,100,299.8932749,1.683979245,0.438386261,0.005759962,1.98E-05,0.251694649,-0.002287834,2.11E-05,0.24799036,17672907.75,1.0616E+13,0.360860021,0.52034608,8678.920898,-0.008825583,0,-219.5818176,-7.017648697,0,-42.0074234,-38.15948105,0.032522804,0.487823276
14,-1.71023726,-51.44998838,2017,4,100,299.969279,1.823728423,0.507830664,0.006078737,2.47E-05,0.247529046,-0.002657014,2.60E-05,0.230674915,17743896.75,1.13472E+13,0.382383465,0.534887397,8678.920898,-0.008825583,0,-219.5818176,-7.017648697,0,-42.0074234,-38.15948105,-0.001054389,0.535941786
14,-1.71023726,-51.44998838,2018,4,100,299.9823354,1.815505544,0.617523897,0.006021706,2.29E-05,0.269143592,-0.002588442,2.41E-05,0.242501057,17745203.13,1.04691E+13,0.388025723,0.574629409,8678.920898,-0.008825583,0,-219.5818176,-7.017648697,0,-42.0074234,-38.15948105,0.017460478,0.557168931
14,-1.71023726,-51.44998838,2019,4,100,299.9238586,1.545579245,0.696401527,0.006024057,2.10E-05,0.315017037,-0.002599701,2.24E-05,0.27872854,17486870.08,1.07405E+13,0.335988641,0.551905833,8678.920898,-0.008825583,0,-219.5818176,-7.017648697,0,-42.0074234,-38.15948105,0.007837929,0.544067904
14,-1.71023726,-51.44998838,2020,4,100,299.8624522,1.649173447,0.628494346,0.006138904,2.18E-05,0.341747078,-0.002748784,2.33E-05,0.315930536,17361890.69,1.16192E+13,0.272136942,0.490262884,8678.920898,-0.008825583,0,-219.5818176,-7.017648697,0,-42.0074234,-38.15948105,-0.012053288,0.502316172
14,-1.71023726,-51.44998838,2021,4,100,299.7881317,1.438450229,0.520727057,0.005986574,1.70E-05,0.315532543,-0.00253814,1.86E-05,0.292588093,17307530.25,1.05576E+13,0.185649175,0.38782637,8678.920898,-0.008825583,0,-219.5818176,-7.017648697,0,-42.0074234,-38.15948105,-0.054627849,0.442454219
14,-1.71023726,-51.44998838,2022,4,100,299.7816671,1.359192658,0.419566958,0.006239619,2.29E-05,0.257649257,-0.002948132,2.36E-05,0.227443865,16264704.29,1.59897E+13,0.144985373,0.219714259,8678.920898,-0.008825583,0,-219.5818176,-7.017648697,0,-42.0074234,-38.15948105,-0.085070215,0.304784474
14,-1.71023726,-51.44998838,2023,4,100,299.9321035,1.859592304,0.387305794,0.005482374,2.31E-05,0.249832542,-0.00268545,2.13E-05,0.180543124,13701955.59,2.82598E+13,0.306471961,0.144742057,8678.920898,-0.008825583,0,-219.5818176,-7.017648697,0,-42.0074234,-38.15948105,-0.054698393,0.19944045
14,-1.71023726,-51.44998838,2024,4,100,300.1640422,2.226503014,0.463484594,0.004922814,2.22E-05,0.274889602,-0.002243826,2.02E-05,0.158160725,13520817.26,3.27669E+13,0.485521004,0.123022523,8678.920898,-0.008825583,0,-219.5818176,-7.017648697,0,-42.0074234,-38.15948105,0.008370136,0.114652387
15,-1.7100037,-51.45030739,2000,4,100,298.7610474,2.067884978,NaN,0.006995607,3.04E-05,NaN,-0.003816642,3.27E-05,NaN,16641534.67,1.7897E+13,NaN,NaN,10820.25488,-0.011185474,8.481899261,-312.9069519,0,0,0,-41.75429916,NaN,NaN
15,-1.7100037,-51.45030739,2001,4,100,298.9186401,2.17478137,NaN,0.006397014,2.36E-05,NaN,-0.003164885,2.52E-05,NaN,16891357.88,1.56854E+13,NaN,NaN,10820.25488,-0.011185474,8.481899261,-312.9069519,0,0,0,-41.75429916,NaN,NaN
15,-1.7100037,-51.45030739,2002,4,100,299.1298557,2.109393317,NaN,0.006350659,2.49E-05,NaN,-0.003146597,2.53E-05,NaN,17218752.22,1.44121E+13,NaN,NaN,10820.25488,-0.011185474,8.481899261,-312.9069519,0,0,0,-41.75429916,NaN,NaN
15,-1.7100037,-51.45030739,2003,4,100,299.190801,1.924178557,NaN,0.006229167,2.42E-05,NaN,-0.00298548,2.50E-05,NaN,17230957.94,1.36601E+13,NaN,NaN,10820.25488,-0.011185474,8.481899261,-312.9069519,0,0,0,-41.75429916,NaN,NaN
15,-1.7100037,-51.45030739,2004,4,100,299.3867188,1.926772052,0.270330591,0.006095023,2.60E-05,-0.1367603,-0.002822766,2.67E-05,-0.150415037,17423735.67,1.29187E+13,0.155790718,-0.117925661,10820.25488,-0.011185474,8.481899261,-312.9069519,0,0,0,-41.75429916,0,-0.117925661
15,-1.7100037,-51.45030739,2005,4,100,299.6102651,1.842128037,0.357012638,0.006272443,3.05E-05,-0.138093005,-0.003042093,3.08E-05,-0.156384046,17589179.73,1.23211E+13,0.226714421,-0.147796494,10820.25488,-0.011185474,8.481899261,-312.9069519,0,0,0,-41.75429916,0.01821226,-0.166008754
15,-1.7100037,-51.45030739,2006,4,100,299.5940094,1.916410097,0.368995297,0.006168216,2.89E-05,-0.139613622,-0.002921668,2.98E-05,-0.155617559,17423123.52,1.28762E+13,0.245900081,-0.147796494,10820.25488,-0.011185474,8.481899261,-312.9069519,0,0,0,-41.75429916,0.00125474,-0.149051234
15,-1.7100037,-51.45030739,2007,4,100,299.614502,1.822233289,0.381749147,0.006081666,2.77E-05,-0.12081918,-0.002823204,2.85E-05,-0.131077068,17471988.21,1.23792E+13,0.26713734,-0.147796494,10820.25488,-0.011185474,8.481899261,-312.9069519,0,0,0,-41.75429916,0.004333868,-0.152130362
15,-1.7100037,-51.45030739,2008,4,100,299.5508321,1.811477722,0.446551456,0.005994617,2.34E-05,-0.106356683,-0.00274209,2.40E-05,-0.113233688,17393683.38,1.1924E+13,0.305085941,-0.183641494,10820.25488,-0.011185474,8.481899261,-312.9069519,0,0,0,-41.75429916,0.012180402,-0.195821896
15,-1.7100037,-51.45030739,2009,4,100,299.4709981,2.122956225,0.437349399,0.006540165,3.05E-05,0.005959856,-0.00329767,3.12E-05,0.006780383,17209522.04,1.34816E+13,0.30063406,0.085130966,10820.25488,-0.011185474,8.481899261,-312.9069519,0,0,0,-41.75429916,-0.048529108,0.133660074
15,-1.7100037,-51.45030739,2010,4,100,299.6109975,1.884134332,0.486399926,0.00659151,3.11E-05,0.13007733,-0.003265359,3.22E-05,0.136333025,17448305.27,1.23628E+13,0.333480418,0.244438609,10820.25488,-0.011185474,8.481899261,-312.9069519,0,0,0,-41.75429916,-0.060641029,0.305079638
15,-1.7100037,-51.45030739,2011,4,100,299.62058,2.155274011,0.541146757,0.007057476,3.68E-05,0.223516709,-0.003744752,3.82E-05,0.229646146,17360390.02,1.30248E+13,0.348282278,0.244438609,10820.25488,-0.011185474,8.481899261,-312.9069519,0,0,0,-41.75429916,-0.08541452,0.329853129
15,-1.7100037,-51.45030739,2012,4,100,299.7450562,2.154962688,0.528114106,0.006780741,3.67E-05,0.33224846,-0.003463923,3.75E-05,0.342064102,17625114.98,1.1942E+13,0.369241144,0.244438609,10820.25488,-0.011185474,8.481899261,-312.9069519,0,0,0,-41.75429916,-0.030773227,0.275211836
15,-1.7100037,-51.45030739,2013,4,100,299.7063649,1.590964043,0.541000816,0.005956056,2.38E-05,0.327224461,-0.002537556,2.48E-05,0.337472346,17668606.19,9.46633E+12,0.380350304,0.32409243,10820.25488,-0.011185474,8.481899261,-312.9069519,0,0,0,-41.75429916,-0.012912265,0.337004696
15,-1.7100037,-51.45030739,2014,4,100,299.5655365,1.783783786,0.468271292,0.005933628,2.33E-05,0.307386006,-0.002590242,2.38E-05,0.316682041,17434158.46,1.05885E+13,0.346676925,0.437179697,10820.25488,-0.011185474,8.481899261,-312.9069519,0,0,0,-41.75429916,0.005982319,0.431197378
15,-1.7100037,-51.45030739,2015,4,100,299.7055766,1.975244968,0.385622451,0.0054394,1.80E-05,0.291215364,-0.002149325,1.72E-05,0.300196525,17699349.92,1.05618E+13,0.34687514,0.445934229,10820.25488,-0.011185474,8.481899261,-312.9069519,0,0,0,-41.75429916,0.009484867,0.436449362
15,-1.7100037,-51.45030739,2016,4,100,299.7858531,1.666795576,0.428934724,0.005679631,1.91E-05,0.260911259,-0.002363508,1.88E-05,0.250230134,17594273,1.05831E+13,0.351098508,0.461437414,10820.25488,-0.011185474,8.481899261,-312.9069519,0,0,0,-41.75429916,0.009318193,0.452119221
15,-1.7100037,-51.45030739,2017,4,100,299.8667806,1.81945616,0.500528515,0.006009413,2.42E-05,0.255336828,-0.00276663,2.33E-05,0.226655329,17667306.58,1.13331E+13,0.375342511,0.480644806,10820.25488,-0.011185474,8.481899261,-312.9069519,0,0,0,-41.75429916,0.023958671,0.456686135
15,-1.7100037,-51.45030739,2018,4,100,299.8794708,1.811068408,0.612172622,0.005969086,2.26E-05,0.26647807,-0.002706282,2.18E-05,0.22276085,17658730.79,1.04681E+13,0.386127091,0.53573793,10820.25488,-0.011185474,8.481899261,-312.9069519,0,0,0,-41.75429916,0.007711413,0.528026517
15,-1.7100037,-51.45030739,2019,4,100,299.821523,1.534277642,0.694519963,0.005956604,2.06E-05,0.303765898,-0.002680438,2.03E-05,0.247321496,17403382.75,1.06845E+13,0.339973073,0.618754635,10820.25488,-0.011185474,8.481899261,-312.9069519,0,0,0,-41.75429916,-0.023140362,0.641894998
15,-1.7100037,-51.45030739,2020,4,100,299.7667898,1.640146581,0.628376897,0.006069564,2.11E-05,0.326367271,-0.002817426,2.08E-05,0.28625179,17280499.56,1.15264E+13,0.276360395,0.649733034,10820.25488,-0.011185474,8.481899261,-312.9069519,0,0,0,-41.75429916,-0.052320117,0.702053151
15,-1.7100037,-51.45030739,2021,4,100,299.6986949,1.429880629,0.519601481,0.005905939,1.63E-05,0.297652206,-0.00257178,1.65E-05,0.266452538,17222475.54,1.04525E+13,0.18883407,0.603310764,10820.25488,-0.011185474,8.481899261,-312.9069519,0,0,0,-41.75429916,-0.040018314,0.643329077
15,-1.7100037,-51.45030739,2022,4,100,299.7006531,1.350937211,0.416607688,0.006204995,2.30E-05,0.249386038,-0.003015261,2.24E-05,0.216060316,16189426,1.5786E+13,0.145738534,0.485723257,10820.25488,-0.011185474,8.481899261,-312.9069519,0,0,0,-41.75429916,-0.090525874,0.57624913
15,-1.7100037,-51.45030739,2023,4,100,299.8599192,1.868527844,0.380723585,0.005487595,2.35E-05,0.244258738,-0.002810551,2.05E-05,0.175283676,13634350.97,2.7991E+13,0.304811726,0.307099909,10820.25488,-0.011185474,8.481899261,-312.9069519,0,0,0,-41.75429916,-0.067586901,0.37468681
15,-1.7100037,-51.45030739,2024,4,100,300.1019491,2.266220354,0.457371358,0.004920362,2.27E-05,0.272980177,-0.002405998,1.93E-05,0.154154704,13455130.84,3.24968E+13,0.484181485,0.170312638,10820.25488,-0.011185474,8.481899261,-312.9069519,0,0,0,-41.75429916,0.000941318,0.16937132
16,-10.06670471,-67.61669678,2000,4,100,297.9807739,0.718880362,NaN,0.004671499,6.77E-06,NaN,-0.001233329,5.21E-06,NaN,17434160.33,2.88903E+12,NaN,NaN,2477.342529,0,192.4623108,-154.2228851,-45.86634827,-102.0670547,0,0,NaN,NaN
16,-10.06670471,-67.61669678,2001,4,100,298.1268921,1.074340609,NaN,0.004837724,8.42E-06,NaN,-0.001451955,6.50E-06,NaN,17517368.5,2.99939E+12,NaN,NaN,2477.342529,0,192.4623108,-154.2228851,-45.86634827,-102.0670547,0,0,NaN,NaN
16,-10.06670471,-67.61669678,2002,4,100,298.2303874,0.928572164,NaN,0.004923902,7.44E-06,NaN,-0.001447107,5.99E-06,NaN,17594907.72,3.25437E+12,NaN,NaN,2477.342529,0,192.4623108,-154.2228851,-45.86634827,-102.0670547,0,0,NaN,NaN
16,-10.06670471,-67.61669678,2003,4,100,298.2324677,0.751140771,NaN,0.004894629,7.06E-06,NaN,-0.001434551,5.57E-06,NaN,17577141.31,2.99567E+12,NaN,NaN,2477.342529,0,192.4623108,-154.2228851,-45.86634827,-102.0670547,0,0,NaN,NaN
16,-10.06670471,-67.61669678,2004,4,100,298.2313232,0.799252125,0.263573996,0.004943385,7.60E-06,0.065564339,-0.00153716,5.85E-06,-0.036175165,17485732.5,3.41617E+12,0.324436359,0.42699339,2477.342529,0,192.4623108,-154.2228851,-45.86634827,-102.0670547,0,0,0,0.42699339
16,-10.06670471,-67.61669678,2005,4,100,298.2974803,0.575936361,0.316878501,0.004846018,7.75E-06,0.039993211,-0.001462478,5.98E-06,-0.078597115,17529198.71,3.54843E+12,0.253700843,0.186790039,2477.342529,0,192.4623108,-154.2228851,-45.86634827,-102.0670547,0,0,0.001916237,0.184873803
16,-10.06670471,-67.61669678,2006,4,100,298.3180491,0.600424652,0.352036562,0.004690626,8.17E-06,0.048313659,-0.001417082,5.90E-06,-0.075098152,17529058.29,3.20909E+12,0.214497746,0.010758423,2477.342529,0,192.4623108,-154.2228851,-45.86634827,-102.0670547,0,0,-0.000840348,0.011598771
16,-10.06670471,-67.61669678,2007,4,100,298.3778076,0.775915138,0.359414121,0.004705679,8.93E-06,0.059502141,-0.001455675,6.52E-06,-0.043592094,17612094.23,3.32671E+12,0.193174182,0.018438464,2477.342529,0,192.4623108,-154.2228851,-45.86634827,-102.0670547,0,0,0.015697496,0.002740967
16,-10.06670471,-67.61669678,2008,4,100,298.4420675,0.82190313,0.362005068,0.004890562,1.07E-05,0.068941194,-0.001644033,8.12E-06,-0.021158504,17670579.19,3.20245E+12,0.116380351,-0.04416823,2477.342529,0,192.4623108,-154.2228851,-45.86634827,-102.0670547,0,0,0.010328036,-0.054496266
16,-10.06670471,-67.61669678,2009,4,100,298.4388529,1.053192702,0.317887693,0.005125105,1.12E-05,0.144458481,-0.001856752,8.76E-06,0.078811892,17488859.35,3.534E+12,0.082302368,0.057043472,2477.342529,0,192.4623108,-154.2228851,-45.86634827,-102.0670547,0,0,0.029794439,0.027249033
16,-10.06670471,-67.61669678,2010,4,100,298.5780792,1.168640651,0.290369966,0.005077518,1.16E-05,0.214553664,-0.001778005,9.09E-06,0.183800202,17637807.1,3.63421E+12,0.116528401,0.226414194,2477.342529,0,192.4623108,-154.2228851,-45.86634827,-102.0670547,0,0,0.025188986,0.201225208
16,-10.06670471,-67.61669678,2011,4,100,298.6195628,1.086327484,0.281263797,0.005188304,1.22E-05,0.242612244,-0.001881172,9.52E-06,0.227889005,17528490.52,3.37924E+12,0.171386177,0.311288107,2477.342529,0,192.4623108,-154.2228851,-45.86634827,-102.0670547,0,0,0.026530194,0.284757912
16,-10.06670471,-67.61669678,2012,4,100,298.6473592,0.969883086,0.306716454,0.00519199,1.19E-05,0.274129474,-0.001845459,9.28E-06,0.271137695,17631812.92,3.1693E+12,0.244706138,0.417841316,2477.342529,0,192.4623108,-154.2228851,-45.86634827,-102.0670547,0,0,0.021338849,0.396502467
16,-10.06670471,-67.61669678,2013,4,100,298.6115163,0.693575636,0.37129074,0.005140439,1.19E-05,0.244654419,-0.001790503,9.14E-06,0.238523017,17697950.42,2.44809E+12,0.259364594,0.447171815,2477.342529,0,192.4623108,-154.2228851,-45.86634827,-102.0670547,0,0,0.014918853,0.432252961
16,-10.06670471,-67.61669678,2014,4,100,298.3653819,0.602854236,0.419264777,0.0056029,1.25E-05,0.172899438,-0.002222353,1.02E-05,0.147876866,17312702.81,3.05806E+12,0.191562878,0.479414022,2477.342529,0,192.4623108,-154.2228851,-45.86634827,-102.0670547,0,0,-0.007597782,0.487011804
16,-10.06670471,-67.61669678,2015,4,100,298.4171651,0.849509483,0.46260476,0.005663461,1.30E-05,0.153388889,-0.002289471,1.10E-05,0.111353887,17330270.77,4.16153E+12,0.124292392,0.476922929,2477.342529,0,192.4623108,-154.2228851,-45.86634827,-102.0670547,0,0,0.015131025,0.461791904
16,-10.06670471,-67.61669678,2016,4,100,298.5310109,0.777510743,0.525510417,0.005571655,1.20E-05,0.131441546,-0.002182228,1.01E-05,0.096605061,17293339.08,3.80297E+12,0.15325172,0.415041752,2477.342529,0,192.4623108,-154.2228851,-45.86634827,-102.0670547,0,0,0.0313464,0.383695352
16,-10.06670471,-67.61669678,2017,4,100,298.5944824,0.971021312,0.554949374,0.005697808,1.31E-05,0.117564221,-0.002323699,1.12E-05,0.101292086,17265370.63,4.0416E+12,0.231695959,0.365079751,2477.342529,0,192.4623108,-154.2228851,-45.86634827,-102.0670547,0,0,-0.014833998,0.379913749
16,-10.06670471,-67.61669678,2018,4,100,298.6271108,1.001847238,0.542334847,0.005578139,1.37E-05,0.160174218,-0.002240855,1.14E-05,0.167039324,17375502.56,3.42203E+12,0.321445799,0.271472226,2477.342529,0,192.4623108,-154.2228851,-45.86634827,-102.0670547,0,0,-3.17E-05,0.271503974
16,-10.06670471,-67.61669678,2019,4,100,298.5881246,0.777092558,0.486851649,0.005562095,1.46E-05,0.145408985,-0.002252017,1.20E-05,0.165598386,17351176.06,2.57729E+12,0.349285225,0.174450811,2477.342529,0,192.4623108,-154.2228851,-45.86634827,-102.0670547,0,0,-0.000353868,0.174804679
16,-10.06670471,-67.61669678,2020,4,100,298.6559499,1.005286517,0.339493174,0.005303771,1.54E-05,0.135525778,-0.002105856,1.26E-05,0.137151809,17490725.25,3.43357E+12,0.245522509,0.095154427,2477.342529,0,192.4623108,-154.2228851,-45.86634827,-102.0670547,0,0,0.013791428,0.081362999
16,-10.06670471,-67.61669678,2021,4,100,298.6333466,1.058752414,0.226719084,0.005255792,1.59E-05,0.157871943,-0.002075219,1.26E-05,0.129138684,17689924.27,3.83154E+12,0.219376784,0.004786785,2477.342529,0,192.4623108,-154.2228851,-45.86634827,-102.0670547,0,0,-0.024007512,0.028794298
16,-10.06670471,-67.61669678,2022,4,100,298.731781,1.065798327,0.14175915,0.004872565,1.55E-05,0.160148159,-0.001864876,1.18E-05,0.084555959,16847706.11,1.23145E+13,0.235365215,0.02182258,2477.342529,0,192.4623108,-154.2228851,-45.86634827,-102.0670547,0,0,-0.005393379,0.027215959
16,-10.06670471,-67.61669678,2023,4,100,298.8969472,1.709340124,0.11908651,0.004007154,1.33E-05,0.304924971,-0.001544184,8.96E-06,0.148893591,14034690.47,3.29058E+13,0.411618359,0.066321115,2477.342529,0,192.4623108,-154.2228851,-45.86634827,-102.0670547,0,0,0.037087792,0.029233323
16,-10.06670471,-67.61669678,2024,4,100,299.063619,1.855634636,0.239843138,0.003807744,1.24E-05,0.464189465,-0.00141702,8.32E-06,0.25821376,13666701.8,3.57584E+13,0.635988813,0.102322938,2477.342529,0,192.4623108,-154.2228851,-45.86634827,-102.0670547,0,0,0.04830335,0.054019588
17,-10.0666983,-67.61640519,2000,4,100,297.9807739,0.718880362,NaN,0.004671499,6.77E-06,NaN,-0.001233329,5.21E-06,NaN,17434160.33,2.88903E+12,NaN,NaN,2530.922607,0,220.2856903,-160.0931854,-49.13117599,-35.22617722,0,32.97055817,NaN,NaN
17,-10.0666983,-67.61640519,2001,4,100,298.1268921,1.074340609,NaN,0.004837724,8.42E-06,NaN,-0.001451955,6.50E-06,NaN,17517368.5,2.99939E+12,NaN,NaN,2530.922607,0,220.2856903,-160.0931854,-49.13117599,-35.22617722,0,32.97055817,NaN,NaN
17,-10.0666983,-67.61640519,2002,4,100,298.2303874,0.928572164,NaN,0.004923902,7.44E-06,NaN,-0.001447107,5.99E-06,NaN,17594907.72,3.25437E+12,NaN,NaN,2530.922607,0,220.2856903,-160.0931854,-49.13117599,-35.22617722,0,32.97055817,NaN,NaN
17,-10.0666983,-67.61640519,2003,4,100,298.2324677,0.751140771,NaN,0.004894629,7.06E-06,NaN,-0.001434551,5.57E-06,NaN,17577141.31,2.99567E+12,NaN,NaN,2530.922607,0,220.2856903,-160.0931854,-49.13117599,-35.22617722,0,32.97055817,NaN,NaN
17,-10.0666983,-67.61640519,2004,4,100,298.2313232,0.799252125,0.263573996,0.004943385,7.60E-06,0.065564339,-0.00153716,5.85E-06,-0.036175165,17485732.5,3.41617E+12,0.324436359,-0.043197106,2530.922607,0,220.2856903,-160.0931854,-49.13117599,-35.22617722,0,32.97055817,0,-0.043197106
17,-10.0666983,-67.61640519,2005,4,100,298.2974803,0.575936361,0.316878501,0.004846018,7.75E-06,0.039993211,-0.001462478,5.98E-06,-0.078597115,17529198.71,3.54843E+12,0.253700843,-0.055053101,2530.922607,0,220.2856903,-160.0931854,-49.13117599,-35.22617722,0,32.97055817,0.012618266,-0.067671368
17,-10.0666983,-67.61640519,2006,4,100,298.3180491,0.600424652,0.352036562,0.004690626,8.17E-06,0.048313659,-0.001417082,5.90E-06,-0.075098152,17529058.29,3.20909E+12,0.214497746,-0.035710835,2530.922607,0,220.2856903,-160.0931854,-49.13117599,-35.22617722,0,32.97055817,0.000922227,-0.036633063
17,-10.0666983,-67.61640519,2007,4,100,298.3778076,0.775915138,0.359414121,0.004705679,8.93E-06,0.059502141,-0.001455675,6.52E-06,-0.043592094,17612094.23,3.32671E+12,0.193174182,-0.027898235,2530.922607,0,220.2856903,-160.0931854,-49.13117599,-35.22617722,0,32.97055817,0.037961241,-0.065859475
17,-10.0666983,-67.61640519,2008,4,100,298.4420675,0.82190313,0.362005068,0.004890562,1.07E-05,0.068941194,-0.001644033,8.12E-06,-0.021158504,17670579.19,3.20245E+12,0.116380351,0.001814147,2530.922607,0,220.2856903,-160.0931854,-49.13117599,-35.22617722,0,32.97055817,0.028676288,-0.026862141
17,-10.0666983,-67.61640519,2009,4,100,298.4388529,1.053192702,0.317887693,0.005125105,1.12E-05,0.144458481,-0.001856752,8.76E-06,0.078811892,17488859.35,3.534E+12,0.082302368,0.100100138,2530.922607,0,220.2856903,-160.0931854,-49.13117599,-35.22617722,0,32.97055817,0.033497649,0.066602489
17,-10.0666983,-67.61640519,2010,4,100,298.5780792,1.168640651,0.290369966,0.005077518,1.16E-05,0.214553664,-0.001778005,9.09E-06,0.183800202,17637807.1,3.63421E+12,0.116528401,0.18182555,2530.922607,0,220.2856903,-160.0931854,-49.13117599,-35.22617722,0,32.97055817,0.009634056,0.172191494
17,-10.0666983,-67.61640519,2011,4,100,298.6195628,1.086327484,0.281263797,0.005188304,1.22E-05,0.242612244,-0.001881172,9.52E-06,0.227889005,17528490.52,3.37924E+12,0.171386177,0.284106124,2530.922607,0,220.2856903,-160.0931854,-49.13117599,-35.22617722,0,32.97055817,0.019256741,0.264849383
17,-10.0666983,-67.61640519,2012,4,100,298.6473592,0.969883086,0.306716454,0.00519199,1.19E-05,0.274129474,-0.001845459,9.28E-06,0.271137695,17631812.92,3.1693E+12,0.244706138,0.394183967,2530.922607,0,220.2856903,-160.0931854,-49.13117599,-35.22617722,0,32.97055817,0.021688345,0.372495621
17,-10.0666983,-67.61640519,2013,4,100,298.6115163,0.693575636,0.37129074,0.005140439,1.19E-05,0.244654419,-0.001790503,9.14E-06,0.238523017,17697950.42,2.44809E+12,0.259364594,0.432299398,2530.922607,0,220.2856903,-160.0931854,-49.13117599,-35.22617722,0,32.97055817,0.001664943,0.430634455
17,-10.0666983,-67.61640519,2014,4,100,298.3653819,0.602854236,0.419264777,0.0056029,1.25E-05,0.172899438,-0.002222353,1.02E-05,0.147876866,17312702.81,3.05806E+12,0.191562878,0.440444255,2530.922607,0,220.2856903,-160.0931854,-49.13117599,-35.22617722,0,32.97055817,-0.015445909,0.455890164
17,-10.0666983,-67.61640519,2015,4,100,298.4171651,0.849509483,0.46260476,0.005663461,1.30E-05,0.153388889,-0.002289471,1.10E-05,0.111353887,17330270.77,4.16153E+12,0.124292392,0.408178214,2530.922607,0,220.2856903,-160.0931854,-49.13117599,-35.22617722,0,32.97055817,0.015292358,0.392885856
17,-10.0666983,-67.61640519,2016,4,100,298.5310109,0.777510743,0.525510417,0.005571655,1.20E-05,0.131441546,-0.002182228,1.01E-05,0.096605061,17293339.08,3.80297E+12,0.15325172,0.331001827,2530.922607,0,220.2856903,-160.0931854,-49.13117599,-35.22617722,0,32.97055817,0.023754736,0.307247091
17,-10.0666983,-67.61640519,2017,4,100,298.5944824,0.971021312,0.554949374,0.005697808,1.31E-05,0.117564221,-0.002323699,1.12E-05,0.101292086,17265370.63,4.0416E+12,0.231695959,0.252184265,2530.922607,0,220.2856903,-160.0931854,-49.13117599,-35.22617722,0,32.97055817,0.003261162,0.248923103
17,-10.0666983,-67.61640519,2018,4,100,298.6271108,1.001847238,0.542334847,0.005578139,1.37E-05,0.160174218,-0.002240855,1.14E-05,0.167039324,17375502.56,3.42203E+12,0.321445799,0.204010085,2530.922607,0,220.2856903,-160.0931854,-49.13117599,-35.22617722,0,32.97055817,-0.003450636,0.207460721
17,-10.0666983,-67.61640519,2019,4,100,298.5881246,0.777092558,0.486851649,0.005562095,1.46E-05,0.145408985,-0.002252017,1.20E-05,0.165598386,17351176.06,2.57729E+12,0.349285225,0.191672596,2530.922607,0,220.2856903,-160.0931854,-49.13117599,-35.22617722,0,32.97055817,-0.000423492,0.192096088
17,-10.0666983,-67.61640519,2020,4,100,298.6559499,1.005286517,0.339493174,0.005303771,1.54E-05,0.135525778,-0.002105856,1.26E-05,0.137151809,17490725.25,3.43357E+12,0.245522509,0.215975182,2530.922607,0,220.2856903,-160.0931854,-49.13117599,-35.22617722,0,32.97055817,0.022509275,0.193465907
17,-10.0666983,-67.61640519,2021,4,100,298.6333466,1.058752414,0.226719084,0.005255792,1.59E-05,0.157871943,-0.002075219,1.26E-05,0.129138684,17689924.27,3.83154E+12,0.219376784,0.249796455,2530.922607,0,220.2856903,-160.0931854,-49.13117599,-35.22617722,0,32.97055817,0.003565083,0.246231371
17,-10.0666983,-67.61640519,2022,4,100,298.731781,1.065798327,0.14175915,0.004872565,1.55E-05,0.160148159,-0.001864876,1.18E-05,0.084555959,16847706.11,1.23145E+13,0.235365215,0.330052058,2530.922607,0,220.2856903,-160.0931854,-49.13117599,-35.22617722,0,32.97055817,0.01190583,0.318146228
17,-10.0666983,-67.61640519,2023,4,100,298.8969472,1.709340124,0.11908651,0.004007154,1.33E-05,0.304924971,-0.001544184,8.96E-06,0.148893591,14034690.47,3.29058E+13,0.411618359,0.301953841,2530.922607,0,220.2856903,-160.0931854,-49.13117599,-35.22617722,0,32.97055817,0.006436853,0.295516988
17,-10.0666983,-67.61640519,2024,4,100,299.063619,1.855634636,0.239843138,0.003807744,1.24E-05,0.464189465,-0.00141702,8.32E-06,0.25821376,13666701.8,3.57584E+13,0.635988813,0.200000697,2530.922607,0,220.2856903,-160.0931854,-49.13117599,-35.22617722,0,32.97055817,0.03168446,0.168316236
18,-10.06642913,-67.61670639,2000,4,100,297.9807739,0.718880362,NaN,0.004671499,6.77E-06,NaN,-0.001233329,5.21E-06,NaN,17434160.33,2.88903E+12,NaN,NaN,16701.88281,-0.01938566,175.29039,-176.356308,-53.75541687,-83.80884552,0,0,NaN,NaN
18,-10.06642913,-67.61670639,2001,4,100,298.1268921,1.074340609,NaN,0.004837724,8.42E-06,NaN,-0.001451955,6.50E-06,NaN,17517368.5,2.99939E+12,NaN,NaN,16701.88281,-0.01938566,175.29039,-176.356308,-53.75541687,-83.80884552,0,0,NaN,NaN
18,-10.06642913,-67.61670639,2002,4,100,298.2303874,0.928572164,NaN,0.004923902,7.44E-06,NaN,-0.001447107,5.99E-06,NaN,17594907.72,3.25437E+12,NaN,NaN,16701.88281,-0.01938566,175.29039,-176.356308,-53.75541687,-83.80884552,0,0,NaN,NaN
18,-10.06642913,-67.61670639,2003,4,100,298.2324677,0.751140771,NaN,0.004894629,7.06E-06,NaN,-0.001434551,5.57E-06,NaN,17577141.31,2.99567E+12,NaN,NaN,16701.88281,-0.01938566,175.29039,-176.356308,-53.75541687,-83.80884552,0,0,NaN,NaN
18,-10.06642913,-67.61670639,2004,4,100,298.2313232,0.799252125,0.263573996,0.004943385,7.60E-06,0.065564339,-0.00153716,5.85E-06,-0.036175165,17485732.5,3.41617E+12,0.324436359,0.061360542,16701.88281,-0.01938566,175.29039,-176.356308,-53.75541687,-83.80884552,0,0,0,0.061360542
18,-10.06642913,-67.61670639,2005,4,100,298.2974803,0.575936361,0.316878501,0.004846018,7.75E-06,0.039993211,-0.001462478,5.98E-06,-0.078597115,17529198.71,3.54843E+12,0.253700843,0.050871393,16701.88281,-0.01938566,175.29039,-176.356308,-53.75541687,-83.80884552,0,0,-0.013023904,0.063895297
18,-10.06642913,-67.61670639,2006,4,100,298.3180491,0.600424652,0.352036562,0.004690626,8.17E-06,0.048313659,-0.001417082,5.90E-06,-0.075098152,17529058.29,3.20909E+12,0.214497746,0.075342164,16701.88281,-0.01938566,175.29039,-176.356308,-53.75541687,-83.80884552,0,0,-0.026769279,0.102111443
18,-10.06642913,-67.61670639,2007,4,100,298.3778076,0.775915138,0.359414121,0.004705679,8.93E-06,0.059502141,-0.001455675,6.52E-06,-0.043592094,17612094.23,3.32671E+12,0.193174182,0.028364619,16701.88281,-0.01938566,175.29039,-176.356308,-53.75541687,-83.80884552,0,0,-0.006802903,0.035167522
18,-10.06642913,-67.61670639,2008,4,100,298.4420675,0.82190313,0.362005068,0.004890562,1.07E-05,0.068941194,-0.001644033,8.12E-06,-0.021158504,17670579.19,3.20245E+12,0.116380351,0.040571505,16701.88281,-0.01938566,175.29039,-176.356308,-53.75541687,-83.80884552,0,0,-0.009461398,0.050032903
18,-10.06642913,-67.61670639,2009,4,100,298.4388529,1.053192702,0.317887693,0.005125105,1.12E-05,0.144458481,-0.001856752,8.76E-06,0.078811892,17488859.35,3.534E+12,0.082302368,0.102795903,16701.88281,-0.01938566,175.29039,-176.356308,-53.75541687,-83.80884552,0,0,-0.004106332,0.106902235
18,-10.06642913,-67.61670639,2010,4,100,298.5780792,1.168640651,0.290369966,0.005077518,1.16E-05,0.214553664,-0.001778005,9.09E-06,0.183800202,17637807.1,3.63421E+12,0.116528401,0.125509537,16701.88281,-0.01938566,175.29039,-176.356308,-53.75541687,-83.80884552,0,0,0.023718752,0.101790785
18,-10.06642913,-67.61670639,2011,4,100,298.6195628,1.086327484,0.281263797,0.005188304,1.22E-05,0.242612244,-0.001881172,9.52E-06,0.227889005,17528490.52,3.37924E+12,0.171386177,0.223533171,16701.88281,-0.01938566,175.29039,-176.356308,-53.75541687,-83.80884552,0,0,0.024777889,0.198755282
18,-10.06642913,-67.61670639,2012,4,100,298.6473592,0.969883086,0.306716454,0.00519199,1.19E-05,0.274129474,-0.001845459,9.28E-06,0.271137695,17631812.92,3.1693E+12,0.244706138,0.307523078,16701.88281,-0.01938566,175.29039,-176.356308,-53.75541687,-83.80884552,0,0,0.024185773,0.283337305
18,-10.06642913,-67.61670639,2013,4,100,298.6115163,0.693575636,0.37129074,0.005140439,1.19E-05,0.244654419,-0.001790503,9.14E-06,0.238523017,17697950.42,2.44809E+12,0.259364594,0.307731221,16701.88281,-0.01938566,175.29039,-176.356308,-53.75541687,-83.80884552,0,0,0.000664956,0.307066265
18,-10.06642913,-67.61670639,2014,4,100,298.3653819,0.602854236,0.419264777,0.0056029,1.25E-05,0.172899438,-0.002222353,1.02E-05,0.147876866,17312702.81,3.05806E+12,0.191562878,0.31717963,16701.88281,-0.01938566,175.29039,-176.356308,-53.75541687,-83.80884552,0,0,0.000474641,0.316704989
18,-10.06642913,-67.61670639,2015,4,100,298.4171651,0.849509483,0.46260476,0.005663461,1.30E-05,0.153388889,-0.002289471,1.10E-05,0.111353887,17330270.77,4.16153E+12,0.124292392,0.345067126,16701.88281,-0.01938566,175.29039,-176.356308,-53.75541687,-83.80884552,0,0,0.025341819,0.319725307
18,-10.06642913,-67.61670639,2016,4,100,298.5310109,0.777510743,0.525510417,0.005571655,1.20E-05,0.131441546,-0.002182228,1.01E-05,0.096605061,17293339.08,3.80297E+12,0.15325172,0.331805088,16701.88281,-0.01938566,175.29039,-176.356308,-53.75541687,-83.80884552,0,0,0.014931599,0.316873489
18,-10.06642913,-67.61670639,2017,4,100,298.5944824,0.971021312,0.554949374,0.005697808,1.31E-05,0.117564221,-0.002323699,1.12E-05,0.101292086,17265370.63,4.0416E+12,0.231695959,0.363532805,16701.88281,-0.01938566,175.29039,-176.356308,-53.75541687,-83.80884552,0,0,0.01506044,0.348472365
18,-10.06642913,-67.61670639,2018,4,100,298.6271108,1.001847238,0.542334847,0.005578139,1.37E-05,0.160174218,-0.002240855,1.14E-05,0.167039324,17375502.56,3.42203E+12,0.321445799,0.369484151,16701.88281,-0.01938566,175.29039,-176.356308,-53.75541687,-83.80884552,0,0,0.021509161,0.34797499
18,-10.06642913,-67.61670639,2019,4,100,298.5881246,0.777092558,0.486851649,0.005562095,1.46E-05,0.145408985,-0.002252017,1.20E-05,0.165598386,17351176.06,2.57729E+12,0.349285225,0.329876617,16701.88281,-0.01938566,175.29039,-176.356308,-53.75541687,-83.80884552,0,0,0.013577525,0.316299092
18,-10.06642913,-67.61670639,2020,4,100,298.6559499,1.005286517,0.339493174,0.005303771,1.54E-05,0.135525778,-0.002105856,1.26E-05,0.137151809,17490725.25,3.43357E+12,0.245522509,0.285992397,16701.88281,-0.01938566,175.29039,-176.356308,-53.75541687,-83.80884552,0,0,0.019769407,0.26622299
18,-10.06642913,-67.61670639,2021,4,100,298.6333466,1.058752414,0.226719084,0.005255792,1.59E-05,0.157871943,-0.002075219,1.26E-05,0.129138684,17689924.27,3.83154E+12,0.219376784,0.238679215,16701.88281,-0.01938566,175.29039,-176.356308,-53.75541687,-83.80884552,0,0,0.015052342,0.223626873
18,-10.06642913,-67.61670639,2022,4,100,298.731781,1.065798327,0.14175915,0.004872565,1.55E-05,0.160148159,-0.001864876,1.18E-05,0.084555959,16847706.11,1.23145E+13,0.235365215,0.282573134,16701.88281,-0.01938566,175.29039,-176.356308,-53.75541687,-83.80884552,0,0,0.009804012,0.272769122
18,-10.06642913,-67.61670639,2023,4,100,298.8969472,1.709340124,0.11908651,0.004007154,1.33E-05,0.304924971,-0.001544184,8.96E-06,0.148893591,14034690.47,3.29058E+13,0.411618359,0.31394806,16701.88281,-0.01938566,175.29039,-176.356308,-53.75541687,-83.80884552,0,0,0.016269206,0.297678854
18,-10.06642913,-67.61670639,2024,4,100,299.063619,1.855634636,0.239843138,0.003807744,1.24E-05,0.464189465,-0.00141702,8.32E-06,0.25821376,13666701.8,3.57584E+13,0.635988813,0.260167398,16701.88281,-0.01938566,175.29039,-176.356308,-53.75541687,-83.80884552,0,0,0.043029114,0.217138284
19,-10.0669921,-67.61670378,2000,4,100,297.9807739,0.718880362,NaN,0.004671499,6.77E-06,NaN,-0.001233329,5.21E-06,NaN,17434160.33,2.88903E+12,NaN,NaN,18986.89648,-0.022259027,267.0613708,-110.7546234,-28.98916054,-52.11906052,0,24.30111313,NaN,NaN
19,-10.0669921,-67.61670378,2001,4,100,298.1268921,1.074340609,NaN,0.004837724,8.42E-06,NaN,-0.001451955,6.50E-06,NaN,17517368.5,2.99939E+12,NaN,NaN,18986.89648,-0.022259027,267.0613708,-110.7546234,-28.98916054,-52.11906052,0,24.30111313,NaN,NaN
19,-10.0669921,-67.61670378,2002,4,100,298.2303874,0.928572164,NaN,0.004923902,7.44E-06,NaN,-0.001447107,5.99E-06,NaN,17594907.72,3.25437E+12,NaN,NaN,18986.89648,-0.022259027,267.0613708,-110.7546234,-28.98916054,-52.11906052,0,24.30111313,NaN,NaN
19,-10.0669921,-67.61670378,2003,4,100,298.2324677,0.751140771,NaN,0.004894629,7.06E-06,NaN,-0.001434551,5.57E-06,NaN,17577141.31,2.99567E+12,NaN,NaN,18986.89648,-0.022259027,267.0613708,-110.7546234,-28.98916054,-52.11906052,0,24.30111313,NaN,NaN
19,-10.0669921,-67.61670378,2004,4,100,298.2313232,0.799252125,0.263573996,0.004943385,7.60E-06,0.065564339,-0.00153716,5.85E-06,-0.036175165,17485732.5,3.41617E+12,0.324436359,0.165269737,18986.89648,-0.022259027,267.0613708,-110.7546234,-28.98916054,-52.11906052,0,24.30111313,0,0.165269737
19,-10.0669921,-67.61670378,2005,4,100,298.2974803,0.575936361,0.316878501,0.004846018,7.75E-06,0.039993211,-0.001462478,5.98E-06,-0.078597115,17529198.71,3.54843E+12,0.253700843,0.162191322,18986.89648,-0.022259027,267.0613708,-110.7546234,-28.98916054,-52.11906052,0,24.30111313,-0.022414278,0.184605601
19,-10.0669921,-67.61670378,2006,4,100,298.3180491,0.600424652,0.352036562,0.004690626,8.17E-06,0.048313659,-0.001417082,5.90E-06,-0.075098152,17529058.29,3.20909E+12,0.214497746,0.176211141,18986.89648,-0.022259027,267.0613708,-110.7546234,-28.98916054,-52.11906052,0,24.30111313,-0.05047115,0.22668229
19,-10.0669921,-67.61670378,2007,4,100,298.3778076,0.775915138,0.359414121,0.004705679,8.93E-06,0.059502141,-0.001455675,6.52E-06,-0.043592094,17612094.23,3.32671E+12,0.193174182,0.164602397,18986.89648,-0.022259027,267.0613708,-110.7546234,-28.98916054,-52.11906052,0,24.30111313,0.00151044,0.163091957
19,-10.0669921,-67.61670378,2008,4,100,298.4420675,0.82190313,0.362005068,0.004890562,1.07E-05,0.068941194,-0.001644033,8.12E-06,-0.021158504,17670579.19,3.20245E+12,0.116380351,0.156800637,18986.89648,-0.022259027,267.0613708,-110.7546234,-28.98916054,-52.11906052,0,24.30111313,0.002512004,0.154288633
19,-10.0669921,-67.61670378,2009,4,100,298.4388529,1.053192702,0.317887693,0.005125105,1.12E-05,0.144458481,-0.001856752,8.76E-06,0.078811892,17488859.35,3.534E+12,0.082302368,0.188864712,18986.89648,-0.022259027,267.0613708,-110.7546234,-28.98916054,-52.11906052,0,24.30111313,0.011696547,0.177168165
19,-10.0669921,-67.61670378,2010,4,100,298.5780792,1.168640651,0.290369966,0.005077518,1.16E-05,0.214553664,-0.001778005,9.09E-06,0.183800202,17637807.1,3.63421E+12,0.116528401,0.169694825,18986.89648,-0.022259027,267.0613708,-110.7546234,-28.98916054,-52.11906052,0,24.30111313,0.014717837,0.154976988
19,-10.0669921,-67.61670378,2011,4,100,298.6195628,1.086327484,0.281263797,0.005188304,1.22E-05,0.242612244,-0.001881172,9.52E-06,0.227889005,17528490.52,3.37924E+12,0.171386177,0.180547257,18986.89648,-0.022259027,267.0613708,-110.7546234,-28.98916054,-52.11906052,0,24.30111313,0.018256319,0.162290939
19,-10.0669921,-67.61670378,2012,4,100,298.6473592,0.969883086,0.306716454,0.00519199,1.19E-05,0.274129474,-0.001845459,9.28E-06,0.271137695,17631812.92,3.1693E+12,0.244706138,0.190084184,18986.89648,-0.022259027,267.0613708,-110.7546234,-28.98916054,-52.11906052,0,24.30111313,0.012950072,0.177134111
19,-10.0669921,-67.61670378,2013,4,100,298.6115163,0.693575636,0.37129074,0.005140439,1.19E-05,0.244654419,-0.001790503,9.14E-06,0.238523017,17697950.42,2.44809E+12,0.259364594,0.126821228,18986.89648,-0.022259027,267.0613708,-110.7546234,-28.98916054,-52.11906052,0,24.30111313,0.004083925,0.122737304
19,-10.0669921,-67.61670378,2014,4,100,298.3653819,0.602854236,0.419264777,0.0056029,1.25E-05,0.172899438,-0.002222353,1.02E-05,0.147876866,17312702.81,3.05806E+12,0.191562878,0.09550981,18986.89648,-0.022259027,267.0613708,-110.7546234,-28.98916054,-52.11906052,0,24.30111313,0.017753966,0.077755844
19,-10.0669921,-67.61670378,2015,4,100,298.4171651,0.849509483,0.46260476,0.005663461,1.30E-05,0.153388889,-0.002289471,1.10E-05,0.111353887,17330270.77,4.16153E+12,0.124292392,0.066676599,18986.89648,-0.022259027,267.0613708,-110.7546234,-28.98916054,-52.11906052,0,24.30111313,-0.002952358,0.069628957
19,-10.0669921,-67.61670378,2016,4,100,298.5310109,0.777510743,0.525510417,0.005571655,1.20E-05,0.131441546,-0.002182228,1.01E-05,0.096605061,17293339.08,3.80297E+12,0.15325172,0.024614949,18986.89648,-0.022259027,267.0613708,-110.7546234,-28.98916054,-52.11906052,0,24.30111313,0.048523881,-0.023908933
19,-10.0669921,-67.61670378,2017,4,100,298.5944824,0.971021312,0.554949374,0.005697808,1.31E-05,0.117564221,-0.002323699,1.12E-05,0.101292086,17265370.63,4.0416E+12,0.231695959,0.078533148,18986.89648,-0.022259027,267.0613708,-110.7546234,-28.98916054,-52.11906052,0,24.30111313,0.030185682,0.048347466
19,-10.0669921,-67.61670378,2018,4,100,298.6271108,1.001847238,0.542334847,0.005578139,1.37E-05,0.160174218,-0.002240855,1.14E-05,0.167039324,17375502.56,3.42203E+12,0.321445799,0.161629546,18986.89648,-0.022259027,267.0613708,-110.7546234,-28.98916054,-52.11906052,0,24.30111313,-0.010644168,0.172273714
19,-10.0669921,-67.61670378,2019,4,100,298.5881246,0.777092558,0.486851649,0.005562095,1.46E-05,0.145408985,-0.002252017,1.20E-05,0.165598386,17351176.06,2.57729E+12,0.349285225,0.201887321,18986.89648,-0.022259027,267.0613708,-110.7546234,-28.98916054,-52.11906052,0,24.30111313,0.008003857,0.193883464
19,-10.0669921,-67.61670378,2020,4,100,298.6559499,1.005286517,0.339493174,0.005303771,1.54E-05,0.135525778,-0.002105856,1.26E-05,0.137151809,17490725.25,3.43357E+12,0.245522509,0.245921497,18986.89648,-0.022259027,267.0613708,-110.7546234,-28.98916054,-52.11906052,0,24.30111313,0.019078034,0.226843462
19,-10.0669921,-67.61670378,2021,4,100,298.6333466,1.058752414,0.226719084,0.005255792,1.59E-05,0.157871943,-0.002075219,1.26E-05,0.129138684,17689924.27,3.83154E+12,0.219376784,0.222303979,18986.89648,-0.022259027,267.0613708,-110.7546234,-28.98916054,-52.11906052,0,24.30111313,0.012948191,0.209355788
19,-10.0669921,-67.61670378,2022,4,100,298.731781,1.065798327,0.14175915,0.004872565,1.55E-05,0.160148159,-0.001864876,1.18E-05,0.084555959,16847706.11,1.23145E+13,0.235365215,0.193056418,18986.89648,-0.022259027,267.0613708,-110.7546234,-28.98916054,-52.11906052,0,24.30111313,0.000313684,0.192742734
19,-10.0669921,-67.61670378,2023,4,100,298.8969472,1.709340124,0.11908651,0.004007154,1.33E-05,0.304924971,-0.001544184,8.96E-06,0.148893591,14034690.47,3.29058E+13,0.411618359,0.206969896,18986.89648,-0.022259027,267.0613708,-110.7546234,-28.98916054,-52.11906052,0,24.30111313,0.026083798,0.180886098
19,-10.0669921,-67.61670378,2024,4,100,299.063619,1.855634636,0.239843138,0.003807744,1.24E-05,0.464189465,-0.00141702,8.32E-06,0.25821376,13666701.8,3.57584E+13,0.635988813,0.223371666,18986.89648,-0.022259027,267.0613708,-110.7546234,-28.98916054,-52.11906052,0,24.30111313,0.021089641,0.202282025
20,-10.06670264,-67.61704017,2000,4,97,297.9807739,0.718880362,NaN,0.004671499,6.77E-06,NaN,-0.001233329,5.21E-06,NaN,17434160.33,2.88903E+12,NaN,NaN,2502.198242,0.000468656,207.0934601,-87.94010925,-28.60283661,-98.21843719,0,0.063721783,NaN,NaN
20,-10.06670264,-67.61704017,2001,4,97,298.1268921,1.074340609,NaN,0.004837724,8.42E-06,NaN,-0.001451955,6.50E-06,NaN,17517368.5,2.99939E+12,NaN,NaN,2502.198242,0.000468656,207.0934601,-87.94010925,-28.60283661,-98.21843719,0,0.063721783,NaN,NaN
20,-10.06670264,-67.61704017,2002,4,97,298.2303874,0.928572164,NaN,0.004923902,7.44E-06,NaN,-0.001447107,5.99E-06,NaN,17594907.72,3.25437E+12,NaN,NaN,2502.198242,0.000468656,207.0934601,-87.94010925,-28.60283661,-98.21843719,0,0.063721783,NaN,NaN
20,-10.06670264,-67.61704017,2003,4,97,298.2324677,0.751140771,NaN,0.004894629,7.06E-06,NaN,-0.001434551,5.57E-06,NaN,17577141.31,2.99567E+12,NaN,NaN,2502.198242,0.000468656,207.0934601,-87.94010925,-28.60283661,-98.21843719,0,0.063721783,NaN,NaN
20,-10.06670264,-67.61704017,2004,4,97,298.2313232,0.799252125,0.263573996,0.004943385,7.60E-06,0.065564339,-0.00153716,5.85E-06,-0.036175165,17485732.5,3.41617E+12,0.324436359,-0.214643608,2502.198242,0.000468656,207.0934601,-87.94010925,-28.60283661,-98.21843719,0,0.063721783,0,-0.214643608
20,-10.06670264,-67.61704017,2005,4,97,298.2974803,0.575936361,0.316878501,0.004846018,7.75E-06,0.039993211,-0.001462478,5.98E-06,-0.078597115,17529198.71,3.54843E+12,0.253700843,-0.312683617,2502.198242,0.000468656,207.0934601,-87.94010925,-28.60283661,-98.21843719,0,0.063721783,-0.019435187,-0.293248431
20,-10.06670264,-67.61704017,2006,4,97,298.3180491,0.600424652,0.352036562,0.004690626,8.17E-06,0.048313659,-0.001417082,5.90E-06,-0.075098152,17529058.29,3.20909E+12,0.214497746,-0.37467094,2502.198242,0.000468656,207.0934601,-87.94010925,-28.60283661,-98.21843719,0,0.063721783,-0.015734762,-0.358936178
20,-10.06670264,-67.61704017,2007,4,97,298.3778076,0.775915138,0.359414121,0.004705679,8.93E-06,0.059502141,-0.001455675,6.52E-06,-0.043592094,17612094.23,3.32671E+12,0.193174182,-0.402408261,2502.198242,0.000468656,207.0934601,-87.94010925,-28.60283661,-98.21843719,0,0.063721783,0.013902844,-0.416311106
20,-10.06670264,-67.61704017,2008,4,97,298.4420675,0.82190313,0.362005068,0.004890562,1.07E-05,0.068941194,-0.001644033,8.12E-06,-0.021158504,17670579.19,3.20245E+12,0.116380351,-0.394865217,2502.198242,0.000468656,207.0934601,-87.94010925,-28.60283661,-98.21843719,0,0.063721783,0.003708808,-0.398574024
20,-10.06670264,-67.61704017,2009,4,97,298.4388529,1.053192702,0.317887693,0.005125105,1.12E-05,0.144458481,-0.001856752,8.76E-06,0.078811892,17488859.35,3.534E+12,0.082302368,-0.232682745,2502.198242,0.000468656,207.0934601,-87.94010925,-28.60283661,-98.21843719,0,0.063721783,0.01225143,-0.244934174
20,-10.06670264,-67.61704017,2010,4,97,298.5780792,1.168640651,0.290369966,0.005077518,1.16E-05,0.214553664,-0.001778005,9.09E-06,0.183800202,17637807.1,3.63421E+12,0.116528401,-0.047381352,2502.198242,0.000468656,207.0934601,-87.94010925,-28.60283661,-98.21843719,0,0.063721783,0.014042248,-0.0614236
20,-10.06670264,-67.61704017,2011,4,97,298.6195628,1.086327484,0.281263797,0.005188304,1.22E-05,0.242612244,-0.001881172,9.52E-06,0.227889005,17528490.52,3.37924E+12,0.171386177,0.133137499,2502.198242,0.000468656,207.0934601,-87.94010925,-28.60283661,-98.21843719,0,0.063721783,0.017934735,0.115202764
20,-10.06670264,-67.61704017,2012,4,97,298.6473592,0.969883086,0.306716454,0.00519199,1.19E-05,0.274129474,-0.001845459,9.28E-06,0.271137695,17631812.92,3.1693E+12,0.244706138,0.250610509,2502.198242,0.000468656,207.0934601,-87.94010925,-28.60283661,-98.21843719,0,0.063721783,0.006530132,0.244080377
20,-10.06670264,-67.61704017,2013,4,97,298.6115163,0.693575636,0.37129074,0.005140439,1.19E-05,0.244654419,-0.001790503,9.14E-06,0.238523017,17697950.42,2.44809E+12,0.259364594,0.185320684,2502.198242,0.000468656,207.0934601,-87.94010925,-28.60283661,-98.21843719,0,0.063721783,-0.020845925,0.206166609
20,-10.06670264,-67.61704017,2014,4,97,298.3653819,0.602854236,0.419264777,0.0056029,1.25E-05,0.172899438,-0.002222353,1.02E-05,0.147876866,17312702.81,3.05806E+12,0.191562878,0.113898318,2502.198242,0.000468656,207.0934601,-87.94010925,-28.60283661,-98.21843719,0,0.063721783,-0.011045617,0.124943934
20,-10.06670264,-67.61704017,2015,4,97,298.4171651,0.849509483,0.46260476,0.005663461,1.30E-05,0.153388889,-0.002289471,1.10E-05,0.111353887,17330270.77,4.16153E+12,0.124292392,0.095102567,2502.198242,0.000468656,207.0934601,-87.94010925,-28.60283661,-98.21843719,0,0.063721783,0.005466222,0.089636345
20,-10.06670264,-67.61704017,2016,4,97,298.5310109,0.777510743,0.525510417,0.005571655,1.20E-05,0.131441546,-0.002182228,1.01E-05,0.096605061,17293339.08,3.80297E+12,0.15325172,0.066116911,2502.198242,0.000468656,207.0934601,-87.94010925,-28.60283661,-98.21843719,0,0.063721783,0.025387399,0.040729511
20,-10.06670264,-67.61704017,2017,4,97,298.5944824,0.971021312,0.554949374,0.005697808,1.31E-05,0.117564221,-0.002323699,1.12E-05,0.101292086,17265370.63,4.0416E+12,0.231695959,0.14889851,2502.198242,0.000468656,207.0934601,-87.94010925,-28.60283661,-98.21843719,0,0.063721783,-0.01361289,0.1625114
20,-10.06670264,-67.61704017,2018,4,97,298.6271108,1.001847238,0.542334847,0.005578139,1.37E-05,0.160174218,-0.002240855,1.14E-05,0.167039324,17375502.56,3.42203E+12,0.321445799,0.273378397,2502.198242,0.000468656,207.0934601,-87.94010925,-28.60283661,-98.21843719,0,0.063721783,-0.009394779,0.282773176
20,-10.06670264,-67.61704017,2019,4,97,298.5881246,0.777092558,0.486851649,0.005562095,1.46E-05,0.145408985,-0.002252017,1.20E-05,0.165598386,17351176.06,2.57729E+12,0.349285225,0.283644117,2502.198242,0.000468656,207.0934601,-87.94010925,-28.60283661,-98.21843719,0,0.063721783,-0.029037791,0.312681908
20,-10.06670264,-67.61704017,2020,4,97,298.6559499,1.005286517,0.339493174,0.005303771,1.54E-05,0.135525778,-0.002105856,1.26E-05,0.137151809,17490725.25,3.43357E+12,0.245522509,0.304311759,2502.198242,0.000468656,207.0934601,-87.94010925,-28.60283661,-98.21843719,0,0.063721783,-0.004232141,0.3085439
20,-10.06670264,-67.61704017,2021,4,97,298.6333466,1.058752414,0.226719084,0.005255792,1.59E-05,0.157871943,-0.002075219,1.26E-05,0.129138684,17689924.27,3.83154E+12,0.219376784,0.277090863,2502.198242,0.000468656,207.0934601,-87.94010925,-28.60283661,-98.21843719,0,0.063721783,0.011140243,0.26595062
20,-10.06670264,-67.61704017,2022,4,97,298.731781,1.065798327,0.14175915,0.004872565,1.55E-05,0.160148159,-0.001864876,1.18E-05,0.084555959,16847706.11,1.23145E+13,0.235365215,0.26452839,2502.198242,0.000468656,207.0934601,-87.94010925,-28.60283661,-98.21843719,0,0.063721783,-0.001782154,0.266310544
20,-10.06670264,-67.61704017,2023,4,97,298.8969472,1.709340124,0.11908651,0.004007154,1.33E-05,0.304924971,-0.001544184,8.96E-06,0.148893591,14034690.47,3.29058E+13,0.411618359,0.340387236,2502.198242,0.000468656,207.0934601,-87.94010925,-28.60283661,-98.21843719,0,0.063721783,0.057458455,0.282928781
20,-10.06670264,-67.61704017,2024,4,97,299.063619,1.855634636,0.239843138,0.003807744,1.24E-05,0.464189465,-0.00141702,8.32E-06,0.25821376,13666701.8,3.57584E+13,0.635988813,0.387434622,2502.198242,0.000468656,207.0934601,-87.94010925,-28.60283661,-98.21843719,0,0.063721783,0.00686036,0.380574262
21,-2.59999931,-60.19999678,2000,4,100,298.1274211,0.342439743,NaN,0.008460859,1.23E-05,NaN,-0.004710543,1.52E-05,NaN,15374940.33,5.21441E+12,NaN,NaN,-10374.16211,0.017280806,131.0568848,-128.7990112,-50.25735855,0,4.583723068,0,NaN,NaN
21,-2.59999931,-60.19999678,2001,4,100,298.3284709,0.713562592,NaN,0.008280939,1.09E-05,NaN,-0.004455027,1.37E-05,NaN,15628070.54,5.88763E+12,NaN,NaN,-10374.16211,0.017280806,131.0568848,-128.7990112,-50.25735855,0,4.583723068,0,NaN,NaN
21,-2.59999931,-60.19999678,2002,4,100,298.4873318,0.679581539,NaN,0.00820487,9.84E-06,NaN,-0.004320754,1.24E-05,NaN,15836288.89,5.2418E+12,NaN,NaN,-10374.16211,0.017280806,131.0568848,-128.7990112,-50.25735855,0,4.583723068,0,NaN,NaN
21,-2.59999931,-60.19999678,2003,4,100,298.5533498,0.592730923,NaN,0.008176046,8.96E-06,NaN,-0.004266677,1.14E-05,NaN,15925703.77,4.85348E+12,NaN,NaN,-10374.16211,0.017280806,131.0568848,-128.7990112,-50.25735855,0,4.583723068,0,NaN,NaN
21,-2.59999931,-60.19999678,2004,4,100,298.7059733,0.526709687,0.504290404,0.008141949,8.66E-06,0.25940791,-0.004165558,1.09E-05,0.274832496,16169019.58,4.52819E+12,0.356399829,0.111421893,-10374.16211,0.017280806,131.0568848,-128.7990112,-50.25735855,0,4.583723068,0,0,0.111421893
21,-2.59999931,-60.19999678,2005,4,100,298.8099314,0.335881284,0.529852582,0.0082069,1.01E-05,0.315382812,-0.00422682,1.25E-05,0.329973783,16210655.9,4.08582E+12,0.373112545,0.100119969,-10374.16211,0.017280806,131.0568848,-128.7990112,-50.25735855,0,4.583723068,0,0.007262222,0.092857747
21,-2.59999931,-60.19999678,2006,4,100,298.8010406,0.348006326,0.55977158,0.008496166,1.29E-05,0.318543779,-0.004528672,1.58E-05,0.330989643,16149555.9,4.50492E+12,0.373853358,0.090011409,-10374.16211,0.017280806,131.0568848,-128.7990112,-50.25735855,0,4.583723068,0,0.020398225,0.069613184
21,-2.59999931,-60.19999678,2007,4,100,298.7865397,0.341100491,0.541235726,0.008666247,1.66E-05,0.248286104,-0.004712811,1.98E-05,0.257604057,16124707.71,4.67919E+12,0.320251617,0.079521481,-10374.16211,0.017280806,131.0568848,-128.7990112,-50.25735855,0,4.583723068,0,-0.005790696,0.085312177
21,-2.59999931,-60.19999678,2008,4,100,298.7000834,0.376895144,0.547984996,0.009015693,1.81E-05,0.176061296,-0.005103443,2.18E-05,0.181549853,15938889.92,5.12941E+12,0.247512354,0.073891996,-10374.16211,0.017280806,131.0568848,-128.7990112,-50.25735855,0,4.583723068,0,0.00160133,0.072290667
21,-2.59999931,-60.19999678,2009,4,100,298.7725525,0.839553741,0.536705855,0.009025383,1.86E-05,0.073462719,-0.005097808,2.28E-05,0.076012733,16024800,6.09524E+12,0.15027142,0.062668173,-10374.16211,0.017280806,131.0568848,-128.7990112,-50.25735855,0,4.583723068,0,0.022677261,0.039990911
21,-2.59999931,-60.19999678,2010,4,100,298.9541372,0.960750516,0.528720902,0.008654991,1.86E-05,-0.034230674,-0.004705036,2.27E-05,-0.028502575,16190640.33,6.39528E+12,0.082475725,0.043854069,-10374.16211,0.017280806,131.0568848,-128.7990112,-50.25735855,0,4.583723068,0,0.085270752,-0.041416683
21,-2.59999931,-60.19999678,2011,4,100,298.9888255,0.966916016,0.57598694,0.00865531,1.84E-05,-0.052953666,-0.004694473,2.24E-05,-0.039989399,16227606.21,6.3714E+12,0.106718969,0.295471505,-10374.16211,0.017280806,131.0568848,-128.7990112,-50.25735855,0,4.583723068,0,0.099765143,0.195706362
21,-2.59999931,-60.19999678,2012,4,100,299.1114705,1.027275278,0.60904884,0.008138337,1.69E-05,-0.037293678,-0.004154625,2.07E-05,-0.019973617,16432925.25,6.50045E+12,0.141124835,0.36132971,-10374.16211,0.017280806,131.0568848,-128.7990112,-50.25735855,0,4.583723068,0,0.103205686,0.258124025
21,-2.59999931,-60.19999678,2013,4,100,299.0276133,0.648723078,0.630418464,0.007981104,1.58E-05,-0.045370952,-0.003996775,1.90E-05,-0.025571405,16388980.67,5.38573E+12,0.17814453,0.408386666,-10374.16211,0.017280806,131.0568848,-128.7990112,-50.25735855,0,4.583723068,0,0.113825426,0.29456124
21,-2.59999931,-60.19999678,2014,4,100,298.8855642,0.518355891,0.588824685,0.00803156,1.44E-05,-0.023651508,-0.004063049,1.73E-05,-0.007340982,16282506.54,4.95825E+12,0.184045336,0.45615641,-10374.16211,0.017280806,131.0568848,-128.7990112,-50.25735855,0,4.583723068,0,0.060316926,0.395839484
21,-2.59999931,-60.19999678,2015,4,100,299.1986186,1.601051237,0.497237537,0.007510741,1.40E-05,-0.053218417,-0.003564406,1.64E-05,-0.049649105,16576886.92,5.88553E+12,0.144101147,0.48231244,-10374.16211,0.017280806,131.0568848,-128.7990112,-50.25735855,0,4.583723068,0,0.010904953,0.471407487
21,-2.59999931,-60.19999678,2016,4,100,299.3780975,1.527085099,0.495187449,0.007566408,1.47E-05,-0.076915163,-0.003589853,1.69E-05,-0.089443846,16583399.08,5.53161E+12,0.156870985,0.462178055,-10374.16211,0.017280806,131.0568848,-128.7990112,-50.25735855,0,4.583723068,0,0.026033218,0.436144836
21,-2.59999931,-60.19999678,2017,4,100,299.4768066,1.489266847,0.510902312,0.007660094,1.64E-05,-0.052499191,-0.00367298,1.86E-05,-0.08000577,16668483.88,5.45734E+12,0.170062772,0.394247895,-10374.16211,0.017280806,131.0568848,-128.7990112,-50.25735855,0,4.583723068,0,0.022593891,0.371654004
21,-2.59999931,-60.19999678,2018,4,100,299.5543569,1.614193882,0.571509823,0.007554688,1.56E-05,-0.029632985,-0.003545567,1.79E-05,-0.069714832,16745136.21,5.60211E+12,0.198367215,0.352322545,-10374.16211,0.017280806,131.0568848,-128.7990112,-50.25735855,0,4.583723068,0,0.021693964,0.330628581
21,-2.59999931,-60.19999678,2019,4,100,299.3562317,0.680814884,0.653606647,0.007853546,1.24E-05,0.058655623,-0.0037949,1.51E-05,0.016001498,16482878.42,4.80707E+12,0.246337435,0.285138066,-10374.16211,0.017280806,131.0568848,-128.7990112,-50.25735855,0,4.583723068,0,0.040516407,0.244621658
21,-2.59999931,-60.19999678,2020,4,100,299.3622487,0.66400718,0.571086129,0.007898661,1.77E-05,0.129201719,-0.003851491,2.08E-05,0.098289005,16653728.35,5.32726E+12,0.225422848,0.256471262,-10374.16211,0.017280806,131.0568848,-128.7990112,-50.25735855,0,4.583723068,0,0.049198598,0.207272665
21,-2.59999931,-60.19999678,2021,4,100,299.2581838,0.657801362,0.504847675,0.007952522,1.50E-05,0.211646053,-0.003910292,1.80E-05,0.187508557,16596281.38,5.54062E+12,0.202750846,0.255407757,-10374.16211,0.017280806,131.0568848,-128.7990112,-50.25735855,0,4.583723068,0,-0.001276581,0.256684338
21,-2.59999931,-60.19999678,2022,4,100,299.2708842,0.658055534,0.463241347,0.007677767,1.99E-05,0.269910554,-0.003905664,2.08E-05,0.247191879,15642859.16,1.19715E+13,0.190614456,0.189928051,-10374.16211,0.017280806,131.0568848,-128.7990112,-50.25735855,0,4.583723068,0,-0.013534521,0.203462572
21,-2.59999931,-60.19999678,2023,4,100,299.5087229,1.509586364,0.463378146,0.006499764,2.36E-05,0.341985734,-0.003412969,2.11E-05,0.284937077,13148450.14,2.64923E+13,0.328330123,0.173496944,-10374.16211,0.017280806,131.0568848,-128.7990112,-50.25735855,0,4.583723068,0,0.003527007,0.169969937
21,-2.59999931,-60.19999678,2024,4,100,299.8031209,2.111733819,0.587845695,0.005772167,1.90E-05,0.440560151,-0.002874197,1.60E-05,0.325912083,12921868.3,3.00224E+13,0.507681682,0.132463431,-10374.16211,0.017280806,131.0568848,-128.7990112,-50.25735855,0,4.583723068,0,0.034114158,0.098349273
22,-2.5999861,-60.19966674,2000,4,100,298.1274211,0.342439743,NaN,0.008460859,1.23E-05,NaN,-0.004710543,1.52E-05,NaN,15374940.33,5.21441E+12,NaN,NaN,-9374.685547,0.015910191,178.4550934,-52.31851196,-57.19124603,0,0,0,NaN,NaN
22,-2.5999861,-60.19966674,2001,4,100,298.3284709,0.713562592,NaN,0.008280939,1.09E-05,NaN,-0.004455027,1.37E-05,NaN,15628070.54,5.88763E+12,NaN,NaN,-9374.685547,0.015910191,178.4550934,-52.31851196,-57.19124603,0,0,0,NaN,NaN
22,-2.5999861,-60.19966674,2002,4,100,298.4873318,0.679581539,NaN,0.00820487,9.84E-06,NaN,-0.004320754,1.24E-05,NaN,15836288.89,5.2418E+12,NaN,NaN,-9374.685547,0.015910191,178.4550934,-52.31851196,-57.19124603,0,0,0,NaN,NaN
22,-2.5999861,-60.19966674,2003,4,100,298.5533498,0.592730923,NaN,0.008176046,8.96E-06,NaN,-0.004266677,1.14E-05,NaN,15925703.77,4.85348E+12,NaN,NaN,-9374.685547,0.015910191,178.4550934,-52.31851196,-57.19124603,0,0,0,NaN,NaN
22,-2.5999861,-60.19966674,2004,4,100,298.7059733,0.526709687,0.504290404,0.008141949,8.66E-06,0.25940791,-0.004165558,1.09E-05,0.274832496,16169019.58,4.52819E+12,0.356399829,-0.301972848,-9374.685547,0.015910191,178.4550934,-52.31851196,-57.19124603,0,0,0,0,-0.301972848
22,-2.5999861,-60.19966674,2005,4,100,298.8099314,0.335881284,0.529852582,0.0082069,1.01E-05,0.315382812,-0.00422682,1.25E-05,0.329973783,16210655.9,4.08582E+12,0.373112545,-0.275645124,-9374.685547,0.015910191,178.4550934,-52.31851196,-57.19124603,0,0,0,0.009086104,-0.284731229
22,-2.5999861,-60.19966674,2006,4,100,298.8010406,0.348006326,0.55977158,0.008496166,1.29E-05,0.318543779,-0.004528672,1.58E-05,0.330989643,16149555.9,4.50492E+12,0.373853358,-0.200825255,-9374.685547,0.015910191,178.4550934,-52.31851196,-57.19124603,0,0,0,0.044872377,-0.245697632
22,-2.5999861,-60.19966674,2007,4,100,298.7865397,0.341100491,0.541235726,0.008666247,1.66E-05,0.248286104,-0.004712811,1.98E-05,0.257604057,16124707.71,4.67919E+12,0.320251617,-0.141663331,-9374.685547,0.015910191,178.4550934,-52.31851196,-57.19124603,0,0,0,0.024744431,-0.166407762
22,-2.5999861,-60.19966674,2008,4,100,298.7000834,0.376895144,0.547984996,0.009015693,1.81E-05,0.176061296,-0.005103443,2.18E-05,0.181549853,15938889.92,5.12941E+12,0.247512354,-0.113373416,-9374.685547,0.015910191,178.4550934,-52.31851196,-57.19124603,0,0,0,0.034832405,-0.148205821
22,-2.5999861,-60.19966674,2009,4,100,298.7725525,0.839553741,0.536705855,0.009025383,1.86E-05,0.073462719,-0.005097808,2.28E-05,0.076012733,16024800,6.09524E+12,0.15027142,-0.032041863,-9374.685547,0.015910191,178.4550934,-52.31851196,-57.19124603,0,0,0,0.043314961,-0.075356824
22,-2.5999861,-60.19966674,2010,4,100,298.9541372,0.960750516,0.528720902,0.008654991,1.86E-05,-0.034230674,-0.004705036,2.27E-05,-0.028502575,16190640.33,6.39528E+12,0.082475725,0.094092375,-9374.685547,0.015910191,178.4550934,-52.31851196,-57.19124603,0,0,0,0.023435012,0.070657363
22,-2.5999861,-60.19966674,2011,4,100,298.9888255,0.966916016,0.57598694,0.00865531,1.84E-05,-0.052953666,-0.004694473,2.24E-05,-0.039989399,16227606.21,6.3714E+12,0.106718969,0.407911994,-9374.685547,0.015910191,178.4550934,-52.31851196,-57.19124603,0,0,0,0.049611462,0.358300531
22,-2.5999861,-60.19966674,2012,4,100,299.1114705,1.027275278,0.60904884,0.008138337,1.69E-05,-0.037293678,-0.004154625,2.07E-05,-0.019973617,16432925.25,6.50045E+12,0.141124835,0.415584665,-9374.685547,0.015910191,178.4550934,-52.31851196,-57.19124603,0,0,0,0.073883808,0.341700857
22,-2.5999861,-60.19966674,2013,4,100,299.0276133,0.648723078,0.630418464,0.007981104,1.58E-05,-0.045370952,-0.003996775,1.90E-05,-0.025571405,16388980.67,5.38573E+12,0.17814453,0.430220428,-9374.685547,0.015910191,178.4550934,-52.31851196,-57.19124603,0,0,0,0.07360275,0.356617679
22,-2.5999861,-60.19966674,2014,4,100,298.8855642,0.518355891,0.588824685,0.00803156,1.44E-05,-0.023651508,-0.004063049,1.73E-05,-0.007340982,16282506.54,4.95825E+12,0.184045336,0.423890693,-9374.685547,0.015910191,178.4550934,-52.31851196,-57.19124603,0,0,0,0.013247982,0.410642711
22,-2.5999861,-60.19966674,2015,4,100,299.1986186,1.601051237,0.497237537,0.007510741,1.40E-05,-0.053218417,-0.003564406,1.64E-05,-0.049649105,16576886.92,5.88553E+12,0.144101147,0.381623944,-9374.685547,0.015910191,178.4550934,-52.31851196,-57.19124603,0,0,0,0.02859561,0.353028334
22,-2.5999861,-60.19966674,2016,4,100,299.3780975,1.527085099,0.495187449,0.007566408,1.47E-05,-0.076915163,-0.003589853,1.69E-05,-0.089443846,16583399.08,5.53161E+12,0.156870985,0.399508362,-9374.685547,0.015910191,178.4550934,-52.31851196,-57.19124603,0,0,0,0.029774529,0.369733833
22,-2.5999861,-60.19966674,2017,4,100,299.4768066,1.489266847,0.510902312,0.007660094,1.64E-05,-0.052499191,-0.00367298,1.86E-05,-0.08000577,16668483.88,5.45734E+12,0.170062772,0.396933396,-9374.685547,0.015910191,178.4550934,-52.31851196,-57.19124603,0,0,0,0.026051504,0.370881892
22,-2.5999861,-60.19966674,2018,4,100,299.5543569,1.614193882,0.571509823,0.007554688,1.56E-05,-0.029632985,-0.003545567,1.79E-05,-0.069714832,16745136.21,5.60211E+12,0.198367215,0.409953082,-9374.685547,0.015910191,178.4550934,-52.31851196,-57.19124603,0,0,0,0.025354763,0.384598318
22,-2.5999861,-60.19966674,2019,4,100,299.3562317,0.680814884,0.653606647,0.007853546,1.24E-05,0.058655623,-0.0037949,1.51E-05,0.016001498,16482878.42,4.80707E+12,0.246337435,0.45614063,-9374.685547,0.015910191,178.4550934,-52.31851196,-57.19124603,0,0,0,0.050676374,0.405464257
22,-2.5999861,-60.19966674,2020,4,100,299.3622487,0.66400718,0.571086129,0.007898661,1.77E-05,0.129201719,-0.003851491,2.08E-05,0.098289005,16653728.35,5.32726E+12,0.225422848,0.451001122,-9374.685547,0.015910191,178.4550934,-52.31851196,-57.19124603,0,0,0,0.033353561,0.417647561
22,-2.5999861,-60.19966674,2021,4,100,299.2581838,0.657801362,0.504847675,0.007952522,1.50E-05,0.211646053,-0.003910292,1.80E-05,0.187508557,16596281.38,5.54062E+12,0.202750846,0.45720066,-9374.685547,0.015910191,178.4550934,-52.31851196,-57.19124603,0,0,0,0.010446248,0.446754412
22,-2.5999861,-60.19966674,2022,4,100,299.2708842,0.658055534,0.463241347,0.007677767,1.99E-05,0.269910554,-0.003905664,2.08E-05,0.247191879,15642859.16,1.19715E+13,0.190614456,0.449909484,-9374.685547,0.015910191,178.4550934,-52.31851196,-57.19124603,0,0,0,-0.007521572,0.457431056
22,-2.5999861,-60.19966674,2023,4,100,299.5087229,1.509586364,0.463378146,0.006499764,2.36E-05,0.341985734,-0.003412969,2.11E-05,0.284937077,13148450.14,2.64923E+13,0.328330123,0.402258063,-9374.685547,0.015910191,178.4550934,-52.31851196,-57.19124603,0,0,0,0.013350848,0.388907215
22,-2.5999861,-60.19966674,2024,4,100,299.8031209,2.111733819,0.587845695,0.005772167,1.90E-05,0.440560151,-0.002874197,1.60E-05,0.325912083,12921868.3,3.00224E+13,0.507681682,0.324360346,-9374.685547,0.015910191,178.4550934,-52.31851196,-57.19124603,0,0,0,-0.001380496,0.325740842
23,-2.59967807,-60.20000998,2000,4,100,298.1274211,0.342439743,NaN,0.008460859,1.23E-05,NaN,-0.004710543,1.52E-05,NaN,15374940.33,5.21441E+12,NaN,NaN,-7348.770508,0.013164335,199.4594574,-130.2318573,-58.18347549,0,0,0,NaN,NaN
23,-2.59967807,-60.20000998,2001,4,100,298.3284709,0.713562592,NaN,0.008280939,1.09E-05,NaN,-0.004455027,1.37E-05,NaN,15628070.54,5.88763E+12,NaN,NaN,-7348.770508,0.013164335,199.4594574,-130.2318573,-58.18347549,0,0,0,NaN,NaN
23,-2.59967807,-60.20000998,2002,4,100,298.4873318,0.679581539,NaN,0.00820487,9.84E-06,NaN,-0.004320754,1.24E-05,NaN,15836288.89,5.2418E+12,NaN,NaN,-7348.770508,0.013164335,199.4594574,-130.2318573,-58.18347549,0,0,0,NaN,NaN
23,-2.59967807,-60.20000998,2003,4,100,298.5533498,0.592730923,NaN,0.008176046,8.96E-06,NaN,-0.004266677,1.14E-05,NaN,15925703.77,4.85348E+12,NaN,NaN,-7348.770508,0.013164335,199.4594574,-130.2318573,-58.18347549,0,0,0,NaN,NaN
23,-2.59967807,-60.20000998,2004,4,100,298.7059733,0.526709687,0.504290404,0.008141949,8.66E-06,0.25940791,-0.004165558,1.09E-05,0.274832496,16169019.58,4.52819E+12,0.356399829,0.128084377,-7348.770508,0.013164335,199.4594574,-130.2318573,-58.18347549,0,0,0,0,0.128084377
23,-2.59967807,-60.20000998,2005,4,100,298.8099314,0.335881284,0.529852582,0.0082069,1.01E-05,0.315382812,-0.00422682,1.25E-05,0.329973783,16210655.9,4.08582E+12,0.373112545,0.047742869,-7348.770508,0.013164335,199.4594574,-130.2318573,-58.18347549,0,0,0,-0.009629712,0.057372581
23,-2.59967807,-60.20000998,2006,4,100,298.8010406,0.348006326,0.55977158,0.008496166,1.29E-05,0.318543779,-0.004528672,1.58E-05,0.330989643,16149555.9,4.50492E+12,0.373853358,-0.036953417,-7348.770508,0.013164335,199.4594574,-130.2318573,-58.18347549,0,0,0,0.016264425,-0.053217842
23,-2.59967807,-60.20000998,2007,4,100,298.7865397,0.341100491,0.541235726,0.008666247,1.66E-05,0.248286104,-0.004712811,1.98E-05,0.257604057,16124707.71,4.67919E+12,0.320251617,-0.058489616,-7348.770508,0.013164335,199.4594574,-130.2318573,-58.18347549,0,0,0,0.000518388,-0.059008005
23,-2.59967807,-60.20000998,2008,4,100,298.7000834,0.376895144,0.547984996,0.009015693,1.81E-05,0.176061296,-0.005103443,2.18E-05,0.181549853,15938889.92,5.12941E+12,0.247512354,-0.091414439,-7348.770508,0.013164335,199.4594574,-130.2318573,-58.18347549,0,0,0,-0.004529803,-0.086884636
23,-2.59967807,-60.20000998,2009,4,100,298.7725525,0.839553741,0.536705855,0.009025383,1.86E-05,0.073462719,-0.005097808,2.28E-05,0.076012733,16024800,6.09524E+12,0.15027142,-0.145407105,-7348.770508,0.013164335,199.4594574,-130.2318573,-58.18347549,0,0,0,-0.012725942,-0.132681163
23,-2.59967807,-60.20000998,2010,4,100,298.9541372,0.960750516,0.528720902,0.008654991,1.86E-05,-0.034230674,-0.004705036,2.27E-05,-0.028502575,16190640.33,6.39528E+12,0.082475725,-0.047511875,-7348.770508,0.013164335,199.4594574,-130.2318573,-58.18347549,0,0,0,0.002291272,-0.049803147
23,-2.59967807,-60.20000998,2011,4,100,298.9888255,0.966916016,0.57598694,0.00865531,1.84E-05,-0.052953666,-0.004694473,2.24E-05,-0.039989399,16227606.21,6.3714E+12,0.106718969,0.405759597,-7348.770508,0.013164335,199.4594574,-130.2318573,-58.18347549,0,0,0,0.006448467,0.399311129
23,-2.59967807,-60.20000998,2012,4,100,299.1114705,1.027275278,0.60904884,0.008138337,1.69E-05,-0.037293678,-0.004154625,2.07E-05,-0.019973617,16432925.25,6.50045E+12,0.141124835,0.412869904,-7348.770508,0.013164335,199.4594574,-130.2318573,-58.18347549,0,0,0,0.022251086,0.390618818
23,-2.59967807,-60.20000998,2013,4,100,299.0276133,0.648723078,0.630418464,0.007981104,1.58E-05,-0.045370952,-0.003996775,1.90E-05,-0.025571405,16388980.67,5.38573E+12,0.17814453,0.428368174,-7348.770508,0.013164335,199.4594574,-130.2318573,-58.18347549,0,0,0,0.040990945,0.387377228
23,-2.59967807,-60.20000998,2014,4,100,298.8855642,0.518355891,0.588824685,0.00803156,1.44E-05,-0.023651508,-0.004063049,1.73E-05,-0.007340982,16282506.54,4.95825E+12,0.184045336,0.419234121,-7348.770508,0.013164335,199.4594574,-130.2318573,-58.18347549,0,0,0,0.019921749,0.399312372
23,-2.59967807,-60.20000998,2015,4,100,299.1986186,1.601051237,0.497237537,0.007510741,1.40E-05,-0.053218417,-0.003564406,1.64E-05,-0.049649105,16576886.92,5.88553E+12,0.144101147,0.345085164,-7348.770508,0.013164335,199.4594574,-130.2318573,-58.18347549,0,0,0,-0.008913732,0.353998896
23,-2.59967807,-60.20000998,2016,4,100,299.3780975,1.527085099,0.495187449,0.007566408,1.47E-05,-0.076915163,-0.003589853,1.69E-05,-0.089443846,16583399.08,5.53161E+12,0.156870985,0.328379607,-7348.770508,0.013164335,199.4594574,-130.2318573,-58.18347549,0,0,0,-0.001867523,0.33024713
23,-2.59967807,-60.20000998,2017,4,100,299.4768066,1.489266847,0.510902312,0.007660094,1.64E-05,-0.052499191,-0.00367298,1.86E-05,-0.08000577,16668483.88,5.45734E+12,0.170062772,0.314048502,-7348.770508,0.013164335,199.4594574,-130.2318573,-58.18347549,0,0,0,-0.003724046,0.317772549
23,-2.59967807,-60.20000998,2018,4,100,299.5543569,1.614193882,0.571509823,0.007554688,1.56E-05,-0.029632985,-0.003545567,1.79E-05,-0.069714832,16745136.21,5.60211E+12,0.198367215,0.330314182,-7348.770508,0.013164335,199.4594574,-130.2318573,-58.18347549,0,0,0,0.001651875,0.328662306
23,-2.59967807,-60.20000998,2019,4,100,299.3562317,0.680814884,0.653606647,0.007853546,1.24E-05,0.058655623,-0.0037949,1.51E-05,0.016001498,16482878.42,4.80707E+12,0.246337435,0.364319891,-7348.770508,0.013164335,199.4594574,-130.2318573,-58.18347549,0,0,0,0.010498984,0.353820908
23,-2.59967807,-60.20000998,2020,4,100,299.3622487,0.66400718,0.571086129,0.007898661,1.77E-05,0.129201719,-0.003851491,2.08E-05,0.098289005,16653728.35,5.32726E+12,0.225422848,0.351666486,-7348.770508,0.013164335,199.4594574,-130.2318573,-58.18347549,0,0,0,0.022308588,0.329357898
23,-2.59967807,-60.20000998,2021,4,100,299.2581838,0.657801362,0.504847675,0.007952522,1.50E-05,0.211646053,-0.003910292,1.80E-05,0.187508557,16596281.38,5.54062E+12,0.202750846,0.31082102,-7348.770508,0.013164335,199.4594574,-130.2318573,-58.18347549,0,0,0,-0.018248627,0.329069647
23,-2.59967807,-60.20000998,2022,4,100,299.2708842,0.658055534,0.463241347,0.007677767,1.99E-05,0.269910554,-0.003905664,2.08E-05,0.247191879,15642859.16,1.19715E+13,0.190614456,0.245104382,-7348.770508,0.013164335,199.4594574,-130.2318573,-58.18347549,0,0,0,-0.02512487,0.270229252
23,-2.59967807,-60.20000998,2023,4,100,299.5087229,1.509586364,0.463378146,0.006499764,2.36E-05,0.341985734,-0.003412969,2.11E-05,0.284937077,13148450.14,2.64923E+13,0.328330123,0.238027762,-7348.770508,0.013164335,199.4594574,-130.2318573,-58.18347549,0,0,0,-0.0024979,0.240525662
23,-2.59967807,-60.20000998,2024,4,100,299.8031209,2.111733819,0.587845695,0.005772167,1.90E-05,0.440560151,-0.002874197,1.60E-05,0.325912083,12921868.3,3.00224E+13,0.507681682,0.220549218,-7348.770508,0.013164335,199.4594574,-130.2318573,-58.18347549,0,0,0,0.016796268,0.20375295
24,-2.60030734,-60.19998358,2000,4,100,298.1274211,0.342439743,NaN,0.008460859,1.23E-05,NaN,-0.004710543,1.52E-05,NaN,15374940.33,5.21441E+12,NaN,NaN,-19777.96484,0.030137952,91.22657776,-78.27101898,-44.13769913,0,7.810503006,0,NaN,NaN
24,-2.60030734,-60.19998358,2001,4,100,298.3284709,0.713562592,NaN,0.008280939,1.09E-05,NaN,-0.004455027,1.37E-05,NaN,15628070.54,5.88763E+12,NaN,NaN,-19777.96484,0.030137952,91.22657776,-78.27101898,-44.13769913,0,7.810503006,0,NaN,NaN
24,-2.60030734,-60.19998358,2002,4,100,298.4873318,0.679581539,NaN,0.00820487,9.84E-06,NaN,-0.004320754,1.24E-05,NaN,15836288.89,5.2418E+12,NaN,NaN,-19777.96484,0.030137952,91.22657776,-78.27101898,-44.13769913,0,7.810503006,0,NaN,NaN
24,-2.60030734,-60.19998358,2003,4,100,298.5533498,0.592730923,NaN,0.008176046,8.96E-06,NaN,-0.004266677,1.14E-05,NaN,15925703.77,4.85348E+12,NaN,NaN,-19777.96484,0.030137952,91.22657776,-78.27101898,-44.13769913,0,7.810503006,0,NaN,NaN
24,-2.60030734,-60.19998358,2004,4,100,298.7059733,0.526709687,0.504290404,0.008141949,8.66E-06,0.25940791,-0.004165558,1.09E-05,0.274832496,16169019.58,4.52819E+12,0.356399829,0.167390275,-19777.96484,0.030137952,91.22657776,-78.27101898,-44.13769913,0,7.810503006,0,0,0.167390275
24,-2.60030734,-60.19998358,2005,4,100,298.8099314,0.335881284,0.529852582,0.0082069,1.01E-05,0.315382812,-0.00422682,1.25E-05,0.329973783,16210655.9,4.08582E+12,0.373112545,0.122778642,-19777.96484,0.030137952,91.22657776,-78.27101898,-44.13769913,0,7.810503006,0,0.024193875,0.098584767
24,-2.60030734,-60.19998358,2006,4,100,298.8010406,0.348006326,0.55977158,0.008496166,1.29E-05,0.318543779,-0.004528672,1.58E-05,0.330989643,16149555.9,4.50492E+12,0.373853358,0.122920907,-19777.96484,0.030137952,91.22657776,-78.27101898,-44.13769913,0,7.810503006,0,0.030762134,0.092158773
24,-2.60030734,-60.19998358,2007,4,100,298.7865397,0.341100491,0.541235726,0.008666247,1.66E-05,0.248286104,-0.004712811,1.98E-05,0.257604057,16124707.71,4.67919E+12,0.320251617,0.110352272,-19777.96484,0.030137952,91.22657776,-78.27101898,-44.13769913,0,7.810503006,0,-0.005718671,0.116070943
24,-2.60030734,-60.19998358,2008,4,100,298.7000834,0.376895144,0.547984996,0.009015693,1.81E-05,0.176061296,-0.005103443,2.18E-05,0.181549853,15938889.92,5.12941E+12,0.247512354,0.100286741,-19777.96484,0.030137952,91.22657776,-78.27101898,-44.13769913,0,7.810503006,0,-0.008026628,0.108313369
24,-2.60030734,-60.19998358,2009,4,100,298.7725525,0.839553741,0.536705855,0.009025383,1.86E-05,0.073462719,-0.005097808,2.28E-05,0.076012733,16024800,6.09524E+12,0.15027142,0.100185241,-19777.96484,0.030137952,91.22657776,-78.27101898,-44.13769913,0,7.810503006,0,0.013380798,0.086804444
24,-2.60030734,-60.19998358,2010,4,100,298.9541372,0.960750516,0.528720902,0.008654991,1.86E-05,-0.034230674,-0.004705036,2.27E-05,-0.028502575,16190640.33,6.39528E+12,0.082475725,0.072646366,-19777.96484,0.030137952,91.22657776,-78.27101898,-44.13769913,0,7.810503006,0,0.048447963,0.024198402
24,-2.60030734,-60.19998358,2011,4,100,298.9888255,0.966916016,0.57598694,0.00865531,1.84E-05,-0.052953666,-0.004694473,2.24E-05,-0.039989399,16227606.21,6.3714E+12,0.106718969,0.448520901,-19777.96484,0.030137952,91.22657776,-78.27101898,-44.13769913,0,7.810503006,0,0.039969797,0.408551104
24,-2.60030734,-60.19998358,2012,4,100,299.1114705,1.027275278,0.60904884,0.008138337,1.69E-05,-0.037293678,-0.004154625,2.07E-05,-0.019973617,16432925.25,6.50045E+12,0.141124835,0.458378566,-19777.96484,0.030137952,91.22657776,-78.27101898,-44.13769913,0,7.810503006,0,0.045835171,0.412543395
24,-2.60030734,-60.19998358,2013,4,100,299.0276133,0.648723078,0.630418464,0.007981104,1.58E-05,-0.045370952,-0.003996775,1.90E-05,-0.025571405,16388980.67,5.38573E+12,0.17814453,0.469643366,-19777.96484,0.030137952,91.22657776,-78.27101898,-44.13769913,0,7.810503006,0,0.015257254,0.454386113
24,-2.60030734,-60.19998358,2014,4,100,298.8855642,0.518355891,0.588824685,0.00803156,1.44E-05,-0.023651508,-0.004063049,1.73E-05,-0.007340982,16282506.54,4.95825E+12,0.184045336,0.463882929,-19777.96484,0.030137952,91.22657776,-78.27101898,-44.13769913,0,7.810503006,0,0.022671289,0.44121164
24,-2.60030734,-60.19998358,2015,4,100,299.1986186,1.601051237,0.497237537,0.007510741,1.40E-05,-0.053218417,-0.003564406,1.64E-05,-0.049649105,16576886.92,5.88553E+12,0.144101147,0.403583491,-19777.96484,0.030137952,91.22657776,-78.27101898,-44.13769913,0,7.810503006,0,0.023290565,0.380292926
24,-2.60030734,-60.19998358,2016,4,100,299.3780975,1.527085099,0.495187449,0.007566408,1.47E-05,-0.076915163,-0.003589853,1.69E-05,-0.089443846,16583399.08,5.53161E+12,0.156870985,0.337301709,-19777.96484,0.030137952,91.22657776,-78.27101898,-44.13769913,0,7.810503006,0,0.0020292,0.335272509
24,-2.60030734,-60.19998358,2017,4,100,299.4768066,1.489266847,0.510902312,0.007660094,1.64E-05,-0.052499191,-0.00367298,1.86E-05,-0.08000577,16668483.88,5.45734E+12,0.170062772,0.241055634,-19777.96484,0.030137952,91.22657776,-78.27101898,-44.13769913,0,7.810503006,0,0.008995273,0.232060361
24,-2.60030734,-60.19998358,2018,4,100,299.5543569,1.614193882,0.571509823,0.007554688,1.56E-05,-0.029632985,-0.003545567,1.79E-05,-0.069714832,16745136.21,5.60211E+12,0.198367215,0.193822286,-19777.96484,0.030137952,91.22657776,-78.27101898,-44.13769913,0,7.810503006,0,0.014389906,0.17943238
24,-2.60030734,-60.19998358,2019,4,100,299.3562317,0.680814884,0.653606647,0.007853546,1.24E-05,0.058655623,-0.0037949,1.51E-05,0.016001498,16482878.42,4.80707E+12,0.246337435,0.185914623,-19777.96484,0.030137952,91.22657776,-78.27101898,-44.13769913,0,7.810503006,0,0.018654969,0.167259654
24,-2.60030734,-60.19998358,2020,4,100,299.3622487,0.66400718,0.571086129,0.007898661,1.77E-05,0.129201719,-0.003851491,2.08E-05,0.098289005,16653728.35,5.32726E+12,0.225422848,0.203634382,-19777.96484,0.030137952,91.22657776,-78.27101898,-44.13769913,0,7.810503006,0,0.025427401,0.17820698
24,-2.60030734,-60.19998358,2021,4,100,299.2581838,0.657801362,0.504847675,0.007952522,1.50E-05,0.211646053,-0.003910292,1.80E-05,0.187508557,16596281.38,5.54062E+12,0.202750846,0.249866625,-19777.96484,0.030137952,91.22657776,-78.27101898,-44.13769913,0,7.810503006,0,0.013223388,0.236643237
24,-2.60030734,-60.19998358,2022,4,100,299.2708842,0.658055534,0.463241347,0.007677767,1.99E-05,0.269910554,-0.003905664,2.08E-05,0.247191879,15642859.16,1.19715E+13,0.190614456,0.24415575,-19777.96484,0.030137952,91.22657776,-78.27101898,-44.13769913,0,7.810503006,0,0.003199037,0.240956713
24,-2.60030734,-60.19998358,2023,4,100,299.5087229,1.509586364,0.463378146,0.006499764,2.36E-05,0.341985734,-0.003412969,2.11E-05,0.284937077,13148450.14,2.64923E+13,0.328330123,0.262363115,-19777.96484,0.030137952,91.22657776,-78.27101898,-44.13769913,0,7.810503006,0,0.006061594,0.256301521
24,-2.60030734,-60.19998358,2024,4,100,299.8031209,2.111733819,0.587845695,0.005772167,1.90E-05,0.440560151,-0.002874197,1.60E-05,0.325912083,12921868.3,3.00224E+13,0.507681682,0.194833586,-19777.96484,0.030137952,91.22657776,-78.27101898,-44.13769913,0,7.810503006,0,0.046934116,0.14789947
25,-2.59999931,-60.20032242,2000,4,100,298.1274211,0.342439743,NaN,0.008460859,1.23E-05,NaN,-0.004710543,1.52E-05,NaN,15374940.33,5.21441E+12,NaN,NaN,-11161.78906,0.018323416,155.6592255,-153.2098846,-44.83897018,0,0,0,NaN,NaN
25,-2.59999931,-60.20032242,2001,4,100,298.3284709,0.713562592,NaN,0.008280939,1.09E-05,NaN,-0.004455027,1.37E-05,NaN,15628070.54,5.88763E+12,NaN,NaN,-11161.78906,0.018323416,155.6592255,-153.2098846,-44.83897018,0,0,0,NaN,NaN
25,-2.59999931,-60.20032242,2002,4,100,298.4873318,0.679581539,NaN,0.00820487,9.84E-06,NaN,-0.004320754,1.24E-05,NaN,15836288.89,5.2418E+12,NaN,NaN,-11161.78906,0.018323416,155.6592255,-153.2098846,-44.83897018,0,0,0,NaN,NaN
25,-2.59999931,-60.20032242,2003,4,100,298.5533498,0.592730923,NaN,0.008176046,8.96E-06,NaN,-0.004266677,1.14E-05,NaN,15925703.77,4.85348E+12,NaN,NaN,-11161.78906,0.018323416,155.6592255,-153.2098846,-44.83897018,0,0,0,NaN,NaN
25,-2.59999931,-60.20032242,2004,4,100,298.7059733,0.526709687,0.504290404,0.008141949,8.66E-06,0.25940791,-0.004165558,1.09E-05,0.274832496,16169019.58,4.52819E+12,0.356399829,0.321748735,-11161.78906,0.018323416,155.6592255,-153.2098846,-44.83897018,0,0,0,0,0.321748735
25,-2.59999931,-60.20032242,2005,4,100,298.8099314,0.335881284,0.529852582,0.0082069,1.01E-05,0.315382812,-0.00422682,1.25E-05,0.329973783,16210655.9,4.08582E+12,0.373112545,0.327975266,-11161.78906,0.018323416,155.6592255,-153.2098846,-44.83897018,0,0,0,0.007362325,0.320612941
25,-2.59999931,-60.20032242,2006,4,100,298.8010406,0.348006326,0.55977158,0.008496166,1.29E-05,0.318543779,-0.004528672,1.58E-05,0.330989643,16149555.9,4.50492E+12,0.373853358,0.318630771,-11161.78906,0.018323416,155.6592255,-153.2098846,-44.83897018,0,0,0,0.016423228,0.302207543
25,-2.59999931,-60.20032242,2007,4,100,298.7865397,0.341100491,0.541235726,0.008666247,1.66E-05,0.248286104,-0.004712811,1.98E-05,0.257604057,16124707.71,4.67919E+12,0.320251617,0.337709726,-11161.78906,0.018323416,155.6592255,-153.2098846,-44.83897018,0,0,0,-0.003178752,0.340888478
25,-2.59999931,-60.20032242,2008,4,100,298.7000834,0.376895144,0.547984996,0.009015693,1.81E-05,0.176061296,-0.005103443,2.18E-05,0.181549853,15938889.92,5.12941E+12,0.247512354,0.340526372,-11161.78906,0.018323416,155.6592255,-153.2098846,-44.83897018,0,0,0,-0.020808811,0.361335183
25,-2.59999931,-60.20032242,2009,4,100,298.7725525,0.839553741,0.536705855,0.009025383,1.86E-05,0.073462719,-0.005097808,2.28E-05,0.076012733,16024800,6.09524E+12,0.15027142,0.345674284,-11161.78906,0.018323416,155.6592255,-153.2098846,-44.83897018,0,0,0,0.007601468,0.338072817
25,-2.59999931,-60.20032242,2010,4,100,298.9541372,0.960750516,0.528720902,0.008654991,1.86E-05,-0.034230674,-0.004705036,2.27E-05,-0.028502575,16190640.33,6.39528E+12,0.082475725,0.390914625,-11161.78906,0.018323416,155.6592255,-153.2098846,-44.83897018,0,0,0,0.056410997,0.334503627
25,-2.59999931,-60.20032242,2011,4,100,298.9888255,0.966916016,0.57598694,0.00865531,1.84E-05,-0.052953666,-0.004694473,2.24E-05,-0.039989399,16227606.21,6.3714E+12,0.106718969,0.432677442,-11161.78906,0.018323416,155.6592255,-153.2098846,-44.83897018,0,0,0,0.058654759,0.374022683
25,-2.59999931,-60.20032242,2012,4,100,299.1114705,1.027275278,0.60904884,0.008138337,1.69E-05,-0.037293678,-0.004154625,2.07E-05,-0.019973617,16432925.25,6.50045E+12,0.141124835,0.44025005,-11161.78906,0.018323416,155.6592255,-153.2098846,-44.83897018,0,0,0,0.099087571,0.341162479
25,-2.59999931,-60.20032242,2013,4,100,299.0276133,0.648723078,0.630418464,0.007981104,1.58E-05,-0.045370952,-0.003996775,1.90E-05,-0.025571405,16388980.67,5.38573E+12,0.17814453,0.453449446,-11161.78906,0.018323416,155.6592255,-153.2098846,-44.83897018,0,0,0,0.082814891,0.370634555
25,-2.59999931,-60.20032242,2014,4,100,298.8855642,0.518355891,0.588824685,0.00803156,1.44E-05,-0.023651508,-0.004063049,1.73E-05,-0.007340982,16282506.54,4.95825E+12,0.184045336,0.447750823,-11161.78906,0.018323416,155.6592255,-153.2098846,-44.83897018,0,0,0,0.056626479,0.391124344
25,-2.59999931,-60.20032242,2015,4,100,299.1986186,1.601051237,0.497237537,0.007510741,1.40E-05,-0.053218417,-0.003564406,1.64E-05,-0.049649105,16576886.92,5.88553E+12,0.144101147,0.377170168,-11161.78906,0.018323416,155.6592255,-153.2098846,-44.83897018,0,0,0,0.006084357,0.371085811
25,-2.59999931,-60.20032242,2016,4,100,299.3780975,1.527085099,0.495187449,0.007566408,1.47E-05,-0.076915163,-0.003589853,1.69E-05,-0.089443846,16583399.08,5.53161E+12,0.156870985,0.31193138,-11161.78906,0.018323416,155.6592255,-153.2098846,-44.83897018,0,0,0,0.022608938,0.289322442
25,-2.59999931,-60.20032242,2017,4,100,299.4768066,1.489266847,0.510902312,0.007660094,1.64E-05,-0.052499191,-0.00367298,1.86E-05,-0.08000577,16668483.88,5.45734E+12,0.170062772,0.19601543,-11161.78906,0.018323416,155.6592255,-153.2098846,-44.83897018,0,0,0,0.033995092,0.162020338
25,-2.59999931,-60.20032242,2018,4,100,299.5543569,1.614193882,0.571509823,0.007554688,1.56E-05,-0.029632985,-0.003545567,1.79E-05,-0.069714832,16745136.21,5.60211E+12,0.198367215,0.164895273,-11161.78906,0.018323416,155.6592255,-153.2098846,-44.83897018,0,0,0,0.015957472,0.148937801
25,-2.59999931,-60.20032242,2019,4,100,299.3562317,0.680814884,0.653606647,0.007853546,1.24E-05,0.058655623,-0.0037949,1.51E-05,0.016001498,16482878.42,4.80707E+12,0.246337435,0.226489696,-11161.78906,0.018323416,155.6592255,-153.2098846,-44.83897018,0,0,0,0.022433149,0.204056547
25,-2.59999931,-60.20032242,2020,4,100,299.3622487,0.66400718,0.571086129,0.007898661,1.77E-05,0.129201719,-0.003851491,2.08E-05,0.098289005,16653728.35,5.32726E+12,0.225422848,0.269526196,-11161.78906,0.018323416,155.6592255,-153.2098846,-44.83897018,0,0,0,0.020365679,0.249160516
25,-2.59999931,-60.20032242,2021,4,100,299.2581838,0.657801362,0.504847675,0.007952522,1.50E-05,0.211646053,-0.003910292,1.80E-05,0.187508557,16596281.38,5.54062E+12,0.202750846,0.358419075,-11161.78906,0.018323416,155.6592255,-153.2098846,-44.83897018,0,0,0,-0.008158262,0.366577336
25,-2.59999931,-60.20032242,2022,4,100,299.2708842,0.658055534,0.463241347,0.007677767,1.99E-05,0.269910554,-0.003905664,2.08E-05,0.247191879,15642859.16,1.19715E+13,0.190614456,0.33834922,-11161.78906,0.018323416,155.6592255,-153.2098846,-44.83897018,0,0,0,-0.016951457,0.355300677
25,-2.59999931,-60.20032242,2023,4,100,299.5087229,1.509586364,0.463378146,0.006499764,2.36E-05,0.341985734,-0.003412969,2.11E-05,0.284937077,13148450.14,2.64923E+13,0.328330123,0.25905554,-11161.78906,0.018323416,155.6592255,-153.2098846,-44.83897018,0,0,0,-0.000887769,0.259943309
25,-2.59999931,-60.20032242,2024,4,100,299.8031209,2.111733819,0.587845695,0.005772167,1.90E-05,0.440560151,-0.002874197,1.60E-05,0.325912083,12921868.3,3.00224E+13,0.507681682,0.133194752,-11161.78906,0.018323416,155.6592255,-153.2098846,-44.83897018,0,0,0,0.023084549,0.110110203
26,-12.79999537,-69.30000205,2000,4,100,297.2914836,1.682856391,NaN,0.006582934,1.74E-05,NaN,-0.002844479,1.55E-05,NaN,16433231.17,4.63895E+12,NaN,NaN,-20144.48242,0.030980291,326.8111572,-8.568867683,0,-51.08049393,-40.82021713,0,NaN,NaN
26,-12.79999537,-69.30000205,2001,4,100,297.4196981,1.377731105,NaN,0.006596117,1.82E-05,NaN,-0.00287708,1.60E-05,NaN,16488110.17,3.67194E+12,NaN,NaN,-20144.48242,0.030980291,326.8111572,-8.568867683,0,-51.08049393,-40.82021713,0,NaN,NaN
26,-12.79999537,-69.30000205,2002,4,100,297.5537381,1.199705321,NaN,0.007025917,2.09E-05,NaN,-0.003252298,1.89E-05,NaN,16524167.33,3.81785E+12,NaN,NaN,-20144.48242,0.030980291,326.8111572,-8.568867683,0,-51.08049393,-40.82021713,0,NaN,NaN
26,-12.79999537,-69.30000205,2003,4,100,297.5972137,0.995660436,NaN,0.007221731,2.39E-05,NaN,-0.00343475,2.18E-05,NaN,16618973.58,3.48508E+12,NaN,NaN,-20144.48242,0.030980291,326.8111572,-8.568867683,0,-51.08049393,-40.82021713,0,NaN,NaN
26,-12.79999537,-69.30000205,2004,4,100,297.6498617,1.012515102,0.206153548,0.007397812,2.53E-05,-0.082916054,-0.003615594,2.32E-05,-0.120596626,16596359.15,3.46311E+12,-0.029249759,0.280845396,-20144.48242,0.030980291,326.8111572,-8.568867683,0,-51.08049393,-40.82021713,0,0,0.280845396
26,-12.79999537,-69.30000205,2005,4,100,297.7052358,0.916460733,0.231401127,0.007536853,2.71E-05,-0.113221922,-0.003735868,2.51E-05,-0.142848666,16670548.48,3.44817E+12,0.017667428,0.247298739,-20144.48242,0.030980291,326.8111572,-8.568867683,0,-51.08049393,-40.82021713,0,-0.00489813,0.252196869
26,-12.79999537,-69.30000205,2006,4,100,297.7474925,0.881406636,0.249897473,0.007538172,2.74E-05,-0.14388986,-0.003782148,2.50E-05,-0.171870729,16749102.23,3.03301E+12,-0.010305808,0.244331212,-20144.48242,0.030980291,326.8111572,-8.568867683,0,-51.08049393,-40.82021713,0,-0.022582433,0.266913645
26,-12.79999537,-69.30000205,2007,4,100,297.7759196,1.150994205,0.252930272,0.007604193,2.76E-05,-0.160577809,-0.003878235,2.50E-05,-0.189075776,16653028.98,3.30082E+12,-0.043445053,0.260999675,-20144.48242,0.030980291,326.8111572,-8.568867683,0,-51.08049393,-40.82021713,0,-0.008237455,0.26923713
26,-12.79999537,-69.30000205,2008,4,100,297.8138529,0.959068887,0.236155181,0.007651366,2.98E-05,-0.172769594,-0.003918255,2.69E-05,-0.204977234,16778616.56,3.21832E+12,-0.091748317,0.29029122,-20144.48242,0.030980291,326.8111572,-8.568867683,0,-51.08049393,-40.82021713,0,-0.001631207,0.291922427
26,-12.79999537,-69.30000205,2009,4,100,297.7834574,1.120147312,0.201282814,0.007950834,3.19E-05,-0.206202201,-0.004209797,2.91E-05,-0.243873058,16667201.31,3.74788E+12,-0.192847914,0.335278487,-20144.48242,0.030980291,326.8111572,-8.568867683,0,-51.08049393,-40.82021713,0,0.017239722,0.318038765
26,-12.79999537,-69.30000205,2010,4,100,297.8843943,1.288917511,0.17007733,0.007644088,3.28E-05,-0.208735483,-0.003879895,2.97E-05,-0.244354294,16785651.48,4.29164E+12,-0.229715241,0.377020648,-20144.48242,0.030980291,326.8111572,-8.568867683,0,-51.08049393,-40.82021713,0,0.040561695,0.336458953
26,-12.79999537,-69.30000205,2011,4,100,297.9413808,1.030265332,0.152261646,0.007657248,3.77E-05,-0.134169081,-0.003905864,3.50E-05,-0.166153768,16843872.15,4.38937E+12,-0.230050013,0.384273257,-20144.48242,0.030980291,326.8111572,-8.568867683,0,-51.08049393,-40.82021713,0,0.023007794,0.361265463
26,-12.79999537,-69.30000205,2012,4,100,297.9627889,1.080809471,0.190027662,0.007940672,4.01E-05,-0.081270869,-0.004189452,3.77E-05,-0.101446333,16818605.25,4.42143E+12,-0.202856447,0.368954631,-20144.48242,0.030980291,326.8111572,-8.568867683,0,-51.08049393,-40.82021713,0,0.020610418,0.348344213
26,-12.79999537,-69.30000205,2013,4,100,297.9799245,0.978954983,0.248268304,0.007820537,3.87E-05,-0.004425695,-0.004048487,3.64E-05,-0.014208391,16994245.5,4.24259E+12,-0.141491099,0.369470591,-20144.48242,0.030980291,326.8111572,-8.568867683,0,-51.08049393,-40.82021713,0,0.038358411,0.331112181
26,-12.79999537,-69.30000205,2014,4,100,297.8159027,1.061353948,0.317818819,0.008320118,4.25E-05,0.056607213,-0.004541535,4.14E-05,0.050954688,16797254.94,4.78173E+12,-0.127895658,0.398880302,-20144.48242,0.030980291,326.8111572,-8.568867683,0,-51.08049393,-40.82021713,0,0.016863095,0.382017207
26,-12.79999537,-69.30000205,2015,4,100,297.8531189,1.282321374,0.373157823,0.008265922,3.68E-05,0.008503534,-0.004449419,3.58E-05,0.010758286,16781158.15,5.0834E+12,-0.109833459,0.438298194,-20144.48242,0.030980291,326.8111572,-8.568867683,0,-51.08049393,-40.82021713,0,0.026393006,0.411905187
26,-12.79999537,-69.30000205,2016,4,100,298.0070852,1.299039581,0.408879939,0.007818732,3.38E-05,-0.032326013,-0.003967217,3.26E-05,-0.018469916,16940964.69,4.98403E+12,-0.057531064,0.483821944,-20144.48242,0.030980291,326.8111572,-8.568867683,0,-51.08049393,-40.82021713,0,-0.006936925,0.490758869
26,-12.79999537,-69.30000205,2017,4,100,298.105957,1.234248998,0.425675447,0.007786411,3.15E-05,-0.002364115,-0.003929843,2.98E-05,0.025853824,16840453.56,4.98194E+12,0.054988625,0.477079633,-20144.48242,0.030980291,326.8111572,-8.568867683,0,-51.08049393,-40.82021713,0,-0.003857004,0.480936637
26,-12.79999537,-69.30000205,2018,4,100,298.0825958,1.293348795,0.376276475,0.007741543,2.85E-05,0.020872077,-0.003870118,2.61E-05,0.062438027,16857916.27,4.20128E+12,0.207136471,0.434401381,-20144.48242,0.030980291,326.8111572,-8.568867683,0,-51.08049393,-40.82021713,0,0.029855989,0.404545392
26,-12.79999537,-69.30000205,2019,4,100,298.0796611,1.243924618,0.3251625,0.007713942,2.98E-05,0.058839657,-0.003869923,2.71E-05,0.100419216,16872666.4,3.7207E+12,0.298342914,0.388242464,-20144.48242,0.030980291,326.8111572,-8.568867683,0,-51.08049393,-40.82021713,0,0.004413762,0.383828702
26,-12.79999537,-69.30000205,2020,4,100,298.184962,1.685218853,0.233985059,0.007595376,2.91E-05,0.082643267,-0.003767707,2.66E-05,0.11342538,16973942.9,4.61547E+12,0.337895049,0.24529081,-20144.48242,0.030980291,326.8111572,-8.568867683,0,-51.08049393,-40.82021713,0,-0.025968123,0.271258934
26,-12.79999537,-69.30000205,2021,4,100,298.2273407,2.056049313,0.193403289,0.007434557,3.22E-05,0.013247213,-0.003657737,2.96E-05,0.021749315,17121358,4.54938E+12,0.303189069,0.137104042,-20144.48242,0.030980291,326.8111572,-8.568867683,0,-51.08049393,-40.82021713,0,-0.004223384,0.141327426
26,-12.79999537,-69.30000205,2022,4,100,298.3847758,1.759661053,0.18712788,0.006527672,2.75E-05,-0.039969096,-0.002967921,2.46E-05,-0.053294288,16366564.93,1.26635E+13,0.255958546,-0.017988586,-20144.48242,0.030980291,326.8111572,-8.568867683,0,-51.08049393,-40.82021713,0,0.013803754,-0.03179234
26,-12.79999537,-69.30000205,2023,4,100,298.6183828,2.439349464,0.185305104,0.005324458,2.14E-05,0.028387336,-0.002365938,1.73E-05,-0.049988104,13663018.49,3.22963E+13,0.39824146,-0.13377875,-20144.48242,0.030980291,326.8111572,-8.568867683,0,-51.08049393,-40.82021713,0,-0.014856217,-0.118922533
26,-12.79999537,-69.30000205,2024,4,100,298.7782186,2.573861768,0.271953264,0.00510235,1.99E-05,0.140850691,-0.002287117,1.61E-05,-0.005390147,13233290.32,3.43807E+13,0.553844155,-0.13158173,-20144.48242,0.030980291,326.8111572,-8.568867683,0,-51.08049393,-40.82021713,0,-0.009610724,-0.121971006
27,-12.7999929,-69.29968769,2000,4,100,297.2914836,1.682856391,NaN,0.006582934,1.74E-05,NaN,-0.002844479,1.55E-05,NaN,16433231.17,4.63895E+12,NaN,NaN,-29747.62305,0.043962725,210.8759613,15.20421505,0.868197262,-98.80039215,-43.49962997,0,NaN,NaN
27,-12.7999929,-69.29968769,2001,4,100,297.4196981,1.377731105,NaN,0.006596117,1.82E-05,NaN,-0.00287708,1.60E-05,NaN,16488110.17,3.67194E+12,NaN,NaN,-29747.62305,0.043962725,210.8759613,15.20421505,0.868197262,-98.80039215,-43.49962997,0,NaN,NaN
27,-12.7999929,-69.29968769,2002,4,100,297.5537381,1.199705321,NaN,0.007025917,2.09E-05,NaN,-0.003252298,1.89E-05,NaN,16524167.33,3.81785E+12,NaN,NaN,-29747.62305,0.043962725,210.8759613,15.20421505,0.868197262,-98.80039215,-43.49962997,0,NaN,NaN
27,-12.7999929,-69.29968769,2003,4,100,297.5972137,0.995660436,NaN,0.007221731,2.39E-05,NaN,-0.00343475,2.18E-05,NaN,16618973.58,3.48508E+12,NaN,NaN,-29747.62305,0.043962725,210.8759613,15.20421505,0.868197262,-98.80039215,-43.49962997,0,NaN,NaN
27,-12.7999929,-69.29968769,2004,4,100,297.6498617,1.012515102,0.206153548,0.007397812,2.53E-05,-0.082916054,-0.003615594,2.32E-05,-0.120596626,16596359.15,3.46311E+12,-0.029249759,0.295574105,-29747.62305,0.043962725,210.8759613,15.20421505,0.868197262,-98.80039215,-43.49962997,0,0,0.295574105
27,-12.7999929,-69.29968769,2005,4,100,297.7052358,0.916460733,0.231401127,0.007536853,2.71E-05,-0.113221922,-0.003735868,2.51E-05,-0.142848666,16670548.48,3.44817E+12,0.017667428,0.255745057,-29747.62305,0.043962725,210.8759613,15.20421505,0.868197262,-98.80039215,-43.49962997,0,-0.001816442,0.257561499
27,-12.7999929,-69.29968769,2006,4,100,297.7474925,0.881406636,0.249897473,0.007538172,2.74E-05,-0.14388986,-0.003782148,2.50E-05,-0.171870729,16749102.23,3.03301E+12,-0.010305808,0.199106117,-29747.62305,0.043962725,210.8759613,15.20421505,0.868197262,-98.80039215,-43.49962997,0,-0.007239766,0.206345883
27,-12.7999929,-69.29968769,2007,4,100,297.7759196,1.150994205,0.252930272,0.007604193,2.76E-05,-0.160577809,-0.003878235,2.50E-05,-0.189075776,16653028.98,3.30082E+12,-0.043445053,0.234472659,-29747.62305,0.043962725,210.8759613,15.20421505,0.868197262,-98.80039215,-43.49962997,0,9.22E-05,0.234380504
27,-12.7999929,-69.29968769,2008,4,100,297.8138529,0.959068887,0.236155181,0.007651366,2.98E-05,-0.172769594,-0.003918255,2.69E-05,-0.204977234,16778616.56,3.21832E+12,-0.091748317,0.264070825,-29747.62305,0.043962725,210.8759613,15.20421505,0.868197262,-98.80039215,-43.49962997,0,0.000684963,0.263385862
27,-12.7999929,-69.29968769,2009,4,100,297.7834574,1.120147312,0.201282814,0.007950834,3.19E-05,-0.206202201,-0.004209797,2.91E-05,-0.243873058,16667201.31,3.74788E+12,-0.192847914,0.356574362,-29747.62305,0.043962725,210.8759613,15.20421505,0.868197262,-98.80039215,-43.49962997,0,0.019250238,0.337324124
27,-12.7999929,-69.29968769,2010,4,100,297.8843943,1.288917511,0.17007733,0.007644088,3.28E-05,-0.208735483,-0.003879895,2.97E-05,-0.244354294,16785651.48,4.29164E+12,-0.229715241,0.475188794,-29747.62305,0.043962725,210.8759613,15.20421505,0.868197262,-98.80039215,-43.49962997,0,0.031587005,0.44360179
27,-12.7999929,-69.29968769,2011,4,100,297.9413808,1.030265332,0.152261646,0.007657248,3.77E-05,-0.134169081,-0.003905864,3.50E-05,-0.166153768,16843872.15,4.38937E+12,-0.230050013,0.456408879,-29747.62305,0.043962725,210.8759613,15.20421505,0.868197262,-98.80039215,-43.49962997,0,0.020494086,0.435914793
27,-12.7999929,-69.29968769,2012,4,100,297.9627889,1.080809471,0.190027662,0.007940672,4.01E-05,-0.081270869,-0.004189452,3.77E-05,-0.101446333,16818605.25,4.42143E+12,-0.202856447,0.406427207,-29747.62305,0.043962725,210.8759613,15.20421505,0.868197262,-98.80039215,-43.49962997,0,0.022078568,0.384348638
27,-12.7999929,-69.29968769,2013,4,100,297.9799245,0.978954983,0.248268304,0.007820537,3.87E-05,-0.004425695,-0.004048487,3.64E-05,-0.014208391,16994245.5,4.24259E+12,-0.141491099,0.343922482,-29747.62305,0.043962725,210.8759613,15.20421505,0.868197262,-98.80039215,-43.49962997,0,0.045325944,0.298596539
27,-12.7999929,-69.29968769,2014,4,100,297.8159027,1.061353948,0.317818819,0.008320118,4.25E-05,0.056607213,-0.004541535,4.14E-05,0.050954688,16797254.94,4.78173E+12,-0.127895658,0.28623288,-29747.62305,0.043962725,210.8759613,15.20421505,0.868197262,-98.80039215,-43.49962997,0,0.015139765,0.271093114
27,-12.7999929,-69.29968769,2015,4,100,297.8531189,1.282321374,0.373157823,0.008265922,3.68E-05,0.008503534,-0.004449419,3.58E-05,0.010758286,16781158.15,5.0834E+12,-0.109833459,0.292307997,-29747.62305,0.043962725,210.8759613,15.20421505,0.868197262,-98.80039215,-43.49962997,0,0.000412242,0.291895755
27,-12.7999929,-69.29968769,2016,4,100,298.0070852,1.299039581,0.408879939,0.007818732,3.38E-05,-0.032326013,-0.003967217,3.26E-05,-0.018469916,16940964.69,4.98403E+12,-0.057531064,0.325788168,-29747.62305,0.043962725,210.8759613,15.20421505,0.868197262,-98.80039215,-43.49962997,0,-0.01728572,0.343073888
27,-12.7999929,-69.29968769,2017,4,100,298.105957,1.234248998,0.425675447,0.007786411,3.15E-05,-0.002364115,-0.003929843,2.98E-05,0.025853824,16840453.56,4.98194E+12,0.054988625,0.324788057,-29747.62305,0.043962725,210.8759613,15.20421505,0.868197262,-98.80039215,-43.49962997,0,-0.035175967,0.359964023
27,-12.7999929,-69.29968769,2018,4,100,298.0825958,1.293348795,0.376276475,0.007741543,2.85E-05,0.020872077,-0.003870118,2.61E-05,0.062438027,16857916.27,4.20128E+12,0.207136471,0.357072254,-29747.62305,0.043962725,210.8759613,15.20421505,0.868197262,-98.80039215,-43.49962997,0,0.013477627,0.343594627
27,-12.7999929,-69.29968769,2019,4,100,298.0796611,1.243924618,0.3251625,0.007713942,2.98E-05,0.058839657,-0.003869923,2.71E-05,0.100419216,16872666.4,3.7207E+12,0.298342914,0.411045119,-29747.62305,0.043962725,210.8759613,15.20421505,0.868197262,-98.80039215,-43.49962997,0,0.021056543,0.389988576
27,-12.7999929,-69.29968769,2020,4,100,298.184962,1.685218853,0.233985059,0.007595376,2.91E-05,0.082643267,-0.003767707,2.66E-05,0.11342538,16973942.9,4.61547E+12,0.337895049,0.417174075,-29747.62305,0.043962725,210.8759613,15.20421505,0.868197262,-98.80039215,-43.49962997,0,0.004402318,0.412771757
27,-12.7999929,-69.29968769,2021,4,100,298.2273407,2.056049313,0.193403289,0.007434557,3.22E-05,0.013247213,-0.003657737,2.96E-05,0.021749315,17121358,4.54938E+12,0.303189069,0.421538775,-29747.62305,0.043962725,210.8759613,15.20421505,0.868197262,-98.80039215,-43.49962997,0,0.004175249,0.417363526
27,-12.7999929,-69.29968769,2022,4,100,298.3847758,1.759661053,0.18712788,0.006527672,2.75E-05,-0.039969096,-0.002967921,2.46E-05,-0.053294288,16366564.93,1.26635E+13,0.255958546,0.36313117,-29747.62305,0.043962725,210.8759613,15.20421505,0.868197262,-98.80039215,-43.49962997,0,0.017479799,0.34565137
27,-12.7999929,-69.29968769,2023,4,100,298.6183828,2.439349464,0.185305104,0.005324458,2.14E-05,0.028387336,-0.002365938,1.73E-05,-0.049988104,13663018.49,3.22963E+13,0.39824146,0.338779764,-29747.62305,0.043962725,210.8759613,15.20421505,0.868197262,-98.80039215,-43.49962997,0,0.008347771,0.330431993
27,-12.7999929,-69.29968769,2024,4,100,298.7782186,2.573861768,0.271953264,0.00510235,1.99E-05,0.140850691,-0.002287117,1.61E-05,-0.005390147,13233290.32,3.43807E+13,0.553844155,0.308201492,-29747.62305,0.043962725,210.8759613,15.20421505,0.868197262,-98.80039215,-43.49962997,0,-0.021968034,0.330169527
28,-12.79970577,-69.29999462,2000,4,100,297.2914836,1.682856391,NaN,0.006582934,1.74E-05,NaN,-0.002844479,1.55E-05,NaN,16433231.17,4.63895E+12,NaN,NaN,1930.615356,0.000786086,350.7422485,0,0,-93.15650177,-70.02490234,0,NaN,NaN
28,-12.79970577,-69.29999462,2001,4,100,297.4196981,1.377731105,NaN,0.006596117,1.82E-05,NaN,-0.00287708,1.60E-05,NaN,16488110.17,3.67194E+12,NaN,NaN,1930.615356,0.000786086,350.7422485,0,0,-93.15650177,-70.02490234,0,NaN,NaN
28,-12.79970577,-69.29999462,2002,4,100,297.5537381,1.199705321,NaN,0.007025917,2.09E-05,NaN,-0.003252298,1.89E-05,NaN,16524167.33,3.81785E+12,NaN,NaN,1930.615356,0.000786086,350.7422485,0,0,-93.15650177,-70.02490234,0,NaN,NaN
28,-12.79970577,-69.29999462,2003,4,100,297.5972137,0.995660436,NaN,0.007221731,2.39E-05,NaN,-0.00343475,2.18E-05,NaN,16618973.58,3.48508E+12,NaN,NaN,1930.615356,0.000786086,350.7422485,0,0,-93.15650177,-70.02490234,0,NaN,NaN
28,-12.79970577,-69.29999462,2004,4,100,297.6498617,1.012515102,0.206153548,0.007397812,2.53E-05,-0.082916054,-0.003615594,2.32E-05,-0.120596626,16596359.15,3.46311E+12,-0.029249759,0.346372154,1930.615356,0.000786086,350.7422485,0,0,-93.15650177,-70.02490234,0,0,0.346372154
28,-12.79970577,-69.29999462,2005,4,100,297.7052358,0.916460733,0.231401127,0.007536853,2.71E-05,-0.113221922,-0.003735868,2.51E-05,-0.142848666,16670548.48,3.44817E+12,0.017667428,0.361560445,1930.615356,0.000786086,350.7422485,0,0,-93.15650177,-70.02490234,0,-0.000474357,0.362034802
28,-12.79970577,-69.29999462,2006,4,100,297.7474925,0.881406636,0.249897473,0.007538172,2.74E-05,-0.14388986,-0.003782148,2.50E-05,-0.171870729,16749102.23,3.03301E+12,-0.010305808,0.447342506,1930.615356,0.000786086,350.7422485,0,0,-93.15650177,-70.02490234,0,-0.015885951,0.463228456
28,-12.79970577,-69.29999462,2007,4,100,297.7759196,1.150994205,0.252930272,0.007604193,2.76E-05,-0.160577809,-0.003878235,2.50E-05,-0.189075776,16653028.98,3.30082E+12,-0.043445053,0.487639706,1930.615356,0.000786086,350.7422485,0,0,-93.15650177,-70.02490234,0,-0.024831666,0.512471372
28,-12.79970577,-69.29999462,2008,4,100,297.8138529,0.959068887,0.236155181,0.007651366,2.98E-05,-0.172769594,-0.003918255,2.69E-05,-0.204977234,16778616.56,3.21832E+12,-0.091748317,0.545487158,1930.615356,0.000786086,350.7422485,0,0,-93.15650177,-70.02490234,0,-0.017931764,0.563418922
28,-12.79970577,-69.29999462,2009,4,100,297.7834574,1.120147312,0.201282814,0.007950834,3.19E-05,-0.206202201,-0.004209797,2.91E-05,-0.243873058,16667201.31,3.74788E+12,-0.192847914,0.609621899,1930.615356,0.000786086,350.7422485,0,0,-93.15650177,-70.02490234,0,0.040338942,0.569282957
28,-12.79970577,-69.29999462,2010,4,100,297.8843943,1.288917511,0.17007733,0.007644088,3.28E-05,-0.208735483,-0.003879895,2.97E-05,-0.244354294,16785651.48,4.29164E+12,-0.229715241,0.574987997,1930.615356,0.000786086,350.7422485,0,0,-93.15650177,-70.02490234,0,0.044324047,0.53066395
28,-12.79970577,-69.29999462,2011,4,100,297.9413808,1.030265332,0.152261646,0.007657248,3.77E-05,-0.134169081,-0.003905864,3.50E-05,-0.166153768,16843872.15,4.38937E+12,-0.230050013,0.465428708,1930.615356,0.000786086,350.7422485,0,0,-93.15650177,-70.02490234,0,0.038676576,0.426752133
28,-12.79970577,-69.29999462,2012,4,100,297.9627889,1.080809471,0.190027662,0.007940672,4.01E-05,-0.081270869,-0.004189452,3.77E-05,-0.101446333,16818605.25,4.42143E+12,-0.202856447,0.410376739,1930.615356,0.000786086,350.7422485,0,0,-93.15650177,-70.02490234,0,0.027854178,0.382522561
28,-12.79970577,-69.29999462,2013,4,100,297.9799245,0.978954983,0.248268304,0.007820537,3.87E-05,-0.004425695,-0.004048487,3.64E-05,-0.014208391,16994245.5,4.24259E+12,-0.141491099,0.364004968,1930.615356,0.000786086,350.7422485,0,0,-93.15650177,-70.02490234,0,0.024077728,0.33992724
28,-12.79970577,-69.29999462,2014,4,100,297.8159027,1.061353948,0.317818819,0.008320118,4.25E-05,0.056607213,-0.004541535,4.14E-05,0.050954688,16797254.94,4.78173E+12,-0.127895658,0.339820438,1930.615356,0.000786086,350.7422485,0,0,-93.15650177,-70.02490234,0,0.020961446,0.318858992
28,-12.79970577,-69.29999462,2015,4,100,297.8531189,1.282321374,0.373157823,0.008265922,3.68E-05,0.008503534,-0.004449419,3.58E-05,0.010758286,16781158.15,5.0834E+12,-0.109833459,0.397448575,1930.615356,0.000786086,350.7422485,0,0,-93.15650177,-70.02490234,0,0.007746395,0.38970218
28,-12.79970577,-69.29999462,2016,4,100,298.0070852,1.299039581,0.408879939,0.007818732,3.38E-05,-0.032326013,-0.003967217,3.26E-05,-0.018469916,16940964.69,4.98403E+12,-0.057531064,0.409338436,1930.615356,0.000786086,350.7422485,0,0,-93.15650177,-70.02490234,0,-0.021615544,0.430953981
28,-12.79970577,-69.29999462,2017,4,100,298.105957,1.234248998,0.425675447,0.007786411,3.15E-05,-0.002364115,-0.003929843,2.98E-05,0.025853824,16840453.56,4.98194E+12,0.054988625,0.389269918,1930.615356,0.000786086,350.7422485,0,0,-93.15650177,-70.02490234,0,-0.029018001,0.418287919
28,-12.79970577,-69.29999462,2018,4,100,298.0825958,1.293348795,0.376276475,0.007741543,2.85E-05,0.020872077,-0.003870118,2.61E-05,0.062438027,16857916.27,4.20128E+12,0.207136471,0.420443117,1930.615356,0.000786086,350.7422485,0,0,-93.15650177,-70.02490234,0,-0.008712364,0.429155481
28,-12.79970577,-69.29999462,2019,4,100,298.0796611,1.243924618,0.3251625,0.007713942,2.98E-05,0.058839657,-0.003869923,2.71E-05,0.100419216,16872666.4,3.7207E+12,0.298342914,0.442715148,1930.615356,0.000786086,350.7422485,0,0,-93.15650177,-70.02490234,0,0.005449302,0.437265847
28,-12.79970577,-69.29999462,2020,4,100,298.184962,1.685218853,0.233985059,0.007595376,2.91E-05,0.082643267,-0.003767707,2.66E-05,0.11342538,16973942.9,4.61547E+12,0.337895049,0.440780764,1930.615356,0.000786086,350.7422485,0,0,-93.15650177,-70.02490234,0,-0.02787499,0.468655754
28,-12.79970577,-69.29999462,2021,4,100,298.2273407,2.056049313,0.193403289,0.007434557,3.22E-05,0.013247213,-0.003657737,2.96E-05,0.021749315,17121358,4.54938E+12,0.303189069,0.454038312,1930.615356,0.000786086,350.7422485,0,0,-93.15650177,-70.02490234,0,-0.010223577,0.464261889
28,-12.79970577,-69.29999462,2022,4,100,298.3847758,1.759661053,0.18712788,0.006527672,2.75E-05,-0.039969096,-0.002967921,2.46E-05,-0.053294288,16366564.93,1.26635E+13,0.255958546,0.41320654,1930.615356,0.000786086,350.7422485,0,0,-93.15650177,-70.02490234,0,0.010357145,0.402849395
28,-12.79970577,-69.29999462,2023,4,100,298.6183828,2.439349464,0.185305104,0.005324458,2.14E-05,0.028387336,-0.002365938,1.73E-05,-0.049988104,13663018.49,3.22963E+13,0.39824146,0.360656018,1930.615356,0.000786086,350.7422485,0,0,-93.15650177,-70.02490234,0,-0.014166863,0.374822881
28,-12.79970577,-69.29999462,2024,4,100,298.7782186,2.573861768,0.271953264,0.00510235,1.99E-05,0.140850691,-0.002287117,1.61E-05,-0.005390147,13233290.32,3.43807E+13,0.553844155,0.263763113,1930.615356,0.000786086,350.7422485,0,0,-93.15650177,-70.02490234,0,0.005486544,0.258276569
29,-12.80028127,-69.29998905,2000,4,100,297.2914836,1.682856391,NaN,0.006582934,1.74E-05,NaN,-0.002844479,1.55E-05,NaN,16433231.17,4.63895E+12,NaN,NaN,-4730.938477,0.010153988,145.896225,36.09124756,6.826467991,-110.7125244,-39.41463852,0,NaN,NaN
29,-12.80028127,-69.29998905,2001,4,100,297.4196981,1.377731105,NaN,0.006596117,1.82E-05,NaN,-0.00287708,1.60E-05,NaN,16488110.17,3.67194E+12,NaN,NaN,-4730.938477,0.010153988,145.896225,36.09124756,6.826467991,-110.7125244,-39.41463852,0,NaN,NaN
29,-12.80028127,-69.29998905,2002,4,100,297.5537381,1.199705321,NaN,0.007025917,2.09E-05,NaN,-0.003252298,1.89E-05,NaN,16524167.33,3.81785E+12,NaN,NaN,-4730.938477,0.010153988,145.896225,36.09124756,6.826467991,-110.7125244,-39.41463852,0,NaN,NaN
29,-12.80028127,-69.29998905,2003,4,100,297.5972137,0.995660436,NaN,0.007221731,2.39E-05,NaN,-0.00343475,2.18E-05,NaN,16618973.58,3.48508E+12,NaN,NaN,-4730.938477,0.010153988,145.896225,36.09124756,6.826467991,-110.7125244,-39.41463852,0,NaN,NaN
29,-12.80028127,-69.29998905,2004,4,100,297.6498617,1.012515102,0.206153548,0.007397812,2.53E-05,-0.082916054,-0.003615594,2.32E-05,-0.120596626,16596359.15,3.46311E+12,-0.029249759,0.16634768,-4730.938477,0.010153988,145.896225,36.09124756,6.826467991,-110.7125244,-39.41463852,0,0,0.16634768
29,-12.80028127,-69.29998905,2005,4,100,297.7052358,0.916460733,0.231401127,0.007536853,2.71E-05,-0.113221922,-0.003735868,2.51E-05,-0.142848666,16670548.48,3.44817E+12,0.017667428,0.012682866,-4730.938477,0.010153988,145.896225,36.09124756,6.826467991,-110.7125244,-39.41463852,0,0.002645498,0.010037369
29,-12.80028127,-69.29998905,2006,4,100,297.7474925,0.881406636,0.249897473,0.007538172,2.74E-05,-0.14388986,-0.003782148,2.50E-05,-0.171870729,16749102.23,3.03301E+12,-0.010305808,0.027918092,-4730.938477,0.010153988,145.896225,36.09124756,6.826467991,-110.7125244,-39.41463852,0,-0.002616868,0.03053496
29,-12.80028127,-69.29998905,2007,4,100,297.7759196,1.150994205,0.252930272,0.007604193,2.76E-05,-0.160577809,-0.003878235,2.50E-05,-0.189075776,16653028.98,3.30082E+12,-0.043445053,0.051852673,-4730.938477,0.010153988,145.896225,36.09124756,6.826467991,-110.7125244,-39.41463852,0,-0.002827306,0.054679979
29,-12.80028127,-69.29998905,2008,4,100,297.8138529,0.959068887,0.236155181,0.007651366,2.98E-05,-0.172769594,-0.003918255,2.69E-05,-0.204977234,16778616.56,3.21832E+12,-0.091748317,0.004481973,-4730.938477,0.010153988,145.896225,36.09124756,6.826467991,-110.7125244,-39.41463852,0,-0.004184556,0.008666529
29,-12.80028127,-69.29998905,2009,4,100,297.7834574,1.120147312,0.201282814,0.007950834,3.19E-05,-0.206202201,-0.004209797,2.91E-05,-0.243873058,16667201.31,3.74788E+12,-0.192847914,0.1053594,-4730.938477,0.010153988,145.896225,36.09124756,6.826467991,-110.7125244,-39.41463852,0,0.004615127,0.100744273
29,-12.80028127,-69.29998905,2010,4,100,297.8843943,1.288917511,0.17007733,0.007644088,3.28E-05,-0.208735483,-0.003879895,2.97E-05,-0.244354294,16785651.48,4.29164E+12,-0.229715241,0.170789941,-4730.938477,0.010153988,145.896225,36.09124756,6.826467991,-110.7125244,-39.41463852,0,0.009497577,0.161292364
29,-12.80028127,-69.29998905,2011,4,100,297.9413808,1.030265332,0.152261646,0.007657248,3.77E-05,-0.134169081,-0.003905864,3.50E-05,-0.166153768,16843872.15,4.38937E+12,-0.230050013,0.185434278,-4730.938477,0.010153988,145.896225,36.09124756,6.826467991,-110.7125244,-39.41463852,0,-0.000694017,0.186128295
29,-12.80028127,-69.29998905,2012,4,100,297.9627889,1.080809471,0.190027662,0.007940672,4.01E-05,-0.081270869,-0.004189452,3.77E-05,-0.101446333,16818605.25,4.42143E+12,-0.202856447,0.282228056,-4730.938477,0.010153988,145.896225,36.09124756,6.826467991,-110.7125244,-39.41463852,0,-0.007949887,0.290177942
29,-12.80028127,-69.29998905,2013,4,100,297.9799245,0.978954983,0.248268304,0.007820537,3.87E-05,-0.004425695,-0.004048487,3.64E-05,-0.014208391,16994245.5,4.24259E+12,-0.141491099,0.306707146,-4730.938477,0.010153988,145.896225,36.09124756,6.826467991,-110.7125244,-39.41463852,0,0.029426256,0.27728089
29,-12.80028127,-69.29998905,2014,4,100,297.8159027,1.061353948,0.317818819,0.008320118,4.25E-05,0.056607213,-0.004541535,4.14E-05,0.050954688,16797254.94,4.78173E+12,-0.127895658,0.366114539,-4730.938477,0.010153988,145.896225,36.09124756,6.826467991,-110.7125244,-39.41463852,0,0.034955754,0.331158785
29,-12.80028127,-69.29998905,2015,4,100,297.8531189,1.282321374,0.373157823,0.008265922,3.68E-05,0.008503534,-0.004449419,3.58E-05,0.010758286,16781158.15,5.0834E+12,-0.109833459,0.470028807,-4730.938477,0.010153988,145.896225,36.09124756,6.826467991,-110.7125244,-39.41463852,0,0.032282741,0.437746067
29,-12.80028127,-69.29998905,2016,4,100,298.0070852,1.299039581,0.408879939,0.007818732,3.38E-05,-0.032326013,-0.003967217,3.26E-05,-0.018469916,16940964.69,4.98403E+12,-0.057531064,0.519296036,-4730.938477,0.010153988,145.896225,36.09124756,6.826467991,-110.7125244,-39.41463852,0,0.016231767,0.503064269
29,-12.80028127,-69.29998905,2017,4,100,298.105957,1.234248998,0.425675447,0.007786411,3.15E-05,-0.002364115,-0.003929843,2.98E-05,0.025853824,16840453.56,4.98194E+12,0.054988625,0.544724034,-4730.938477,0.010153988,145.896225,36.09124756,6.826467991,-110.7125244,-39.41463852,0,0.002534192,0.542189842
29,-12.80028127,-69.29998905,2018,4,100,298.0825958,1.293348795,0.376276475,0.007741543,2.85E-05,0.020872077,-0.003870118,2.61E-05,0.062438027,16857916.27,4.20128E+12,0.207136471,0.508667379,-4730.938477,0.010153988,145.896225,36.09124756,6.826467991,-110.7125244,-39.41463852,0,0.006420659,0.50224672
29,-12.80028127,-69.29998905,2019,4,100,298.0796611,1.243924618,0.3251625,0.007713942,2.98E-05,0.058839657,-0.003869923,2.71E-05,0.100419216,16872666.4,3.7207E+12,0.298342914,0.471764418,-4730.938477,0.010153988,145.896225,36.09124756,6.826467991,-110.7125244,-39.41463852,0,0.028365528,0.44339889
29,-12.80028127,-69.29998905,2020,4,100,298.184962,1.685218853,0.233985059,0.007595376,2.91E-05,0.082643267,-0.003767707,2.66E-05,0.11342538,16973942.9,4.61547E+12,0.337895049,0.396666019,-4730.938477,0.010153988,145.896225,36.09124756,6.826467991,-110.7125244,-39.41463852,0,0.001487195,0.395178824
29,-12.80028127,-69.29998905,2021,4,100,298.2273407,2.056049313,0.193403289,0.007434557,3.22E-05,0.013247213,-0.003657737,2.96E-05,0.021749315,17121358,4.54938E+12,0.303189069,0.311147656,-4730.938477,0.010153988,145.896225,36.09124756,6.826467991,-110.7125244,-39.41463852,0,0.027209621,0.283938035
29,-12.80028127,-69.29998905,2022,4,100,298.3847758,1.759661053,0.18712788,0.006527672,2.75E-05,-0.039969096,-0.002967921,2.46E-05,-0.053294288,16366564.93,1.26635E+13,0.255958546,0.242057557,-4730.938477,0.010153988,145.896225,36.09124756,6.826467991,-110.7125244,-39.41463852,0,0.019752172,0.222305385
29,-12.80028127,-69.29998905,2023,4,100,298.6183828,2.439349464,0.185305104,0.005324458,2.14E-05,0.028387336,-0.002365938,1.73E-05,-0.049988104,13663018.49,3.22963E+13,0.39824146,0.19480694,-4730.938477,0.010153988,145.896225,36.09124756,6.826467991,-110.7125244,-39.41463852,0,-0.01030378,0.20511072
29,-12.80028127,-69.29998905,2024,4,100,298.7782186,2.573861768,0.271953264,0.00510235,1.99E-05,0.140850691,-0.002287117,1.61E-05,-0.005390147,13233290.32,3.43807E+13,0.553844155,0.173245407,-4730.938477,0.010153988,145.896225,36.09124756,6.826467991,-110.7125244,-39.41463852,0,-0.006116069,0.179361476
30,-12.79999507,-69.30035648,2000,4,100,297.2914836,1.682856391,NaN,0.006582934,1.74E-05,NaN,-0.002844479,1.55E-05,NaN,16433231.17,4.63895E+12,NaN,NaN,2480.989014,0,296.0874329,0,0,-64.25452423,-27.50208282,0,NaN,NaN
30,-12.79999507,-69.30035648,2001,4,100,297.4196981,1.377731105,NaN,0.006596117,1.82E-05,NaN,-0.00287708,1.60E-05,NaN,16488110.17,3.67194E+12,NaN,NaN,2480.989014,0,296.0874329,0,0,-64.25452423,-27.50208282,0,NaN,NaN
30,-12.79999507,-69.30035648,2002,4,100,297.5537381,1.199705321,NaN,0.007025917,2.09E-05,NaN,-0.003252298,1.89E-05,NaN,16524167.33,3.81785E+12,NaN,NaN,2480.989014,0,296.0874329,0,0,-64.25452423,-27.50208282,0,NaN,NaN
30,-12.79999507,-69.30035648,2003,4,100,297.5972137,0.995660436,NaN,0.007221731,2.39E-05,NaN,-0.00343475,2.18E-05,NaN,16618973.58,3.48508E+12,NaN,NaN,2480.989014,0,296.0874329,0,0,-64.25452423,-27.50208282,0,NaN,NaN
30,-12.79999507,-69.30035648,2004,4,100,297.6498617,1.012515102,0.206153548,0.007397812,2.53E-05,-0.082916054,-0.003615594,2.32E-05,-0.120596626,16596359.15,3.46311E+12,-0.029249759,0.178443405,2480.989014,0,296.0874329,0,0,-64.25452423,-27.50208282,0,0,0.178443405
30,-12.79999507,-69.30035648,2005,4,100,297.7052358,0.916460733,0.231401127,0.007536853,2.71E-05,-0.113221922,-0.003735868,2.51E-05,-0.142848666,16670548.48,3.44817E+12,0.017667428,0.044613284,2480.989014,0,296.0874329,0,0,-64.25452423,-27.50208282,0,-0.002937603,0.047550887
30,-12.79999507,-69.30035648,2006,4,100,297.7474925,0.881406636,0.249897473,0.007538172,2.74E-05,-0.14388986,-0.003782148,2.50E-05,-0.171870729,16749102.23,3.03301E+12,-0.010305808,-0.080993729,2480.989014,0,296.0874329,0,0,-64.25452423,-27.50208282,0,-0.014696918,-0.066296812
30,-12.79999507,-69.30035648,2007,4,100,297.7759196,1.150994205,0.252930272,0.007604193,2.76E-05,-0.160577809,-0.003878235,2.50E-05,-0.189075776,16653028.98,3.30082E+12,-0.043445053,-0.07807653,2480.989014,0,296.0874329,0,0,-64.25452423,-27.50208282,0,-0.017402949,-0.060673581
30,-12.79999507,-69.30035648,2008,4,100,297.8138529,0.959068887,0.236155181,0.007651366,2.98E-05,-0.172769594,-0.003918255,2.69E-05,-0.204977234,16778616.56,3.21832E+12,-0.091748317,-0.116517794,2480.989014,0,296.0874329,0,0,-64.25452423,-27.50208282,0,-0.020039087,-0.096478706
30,-12.79999507,-69.30035648,2009,4,100,297.7834574,1.120147312,0.201282814,0.007950834,3.19E-05,-0.206202201,-0.004209797,2.91E-05,-0.243873058,16667201.31,3.74788E+12,-0.192847914,-0.05902928,2480.989014,0,296.0874329,0,0,-64.25452423,-27.50208282,0,0.028017203,-0.087046483
30,-12.79999507,-69.30035648,2010,4,100,297.8843943,1.288917511,0.17007733,0.007644088,3.28E-05,-0.208735483,-0.003879895,2.97E-05,-0.244354294,16785651.48,4.29164E+12,-0.229715241,0.092137164,2480.989014,0,296.0874329,0,0,-64.25452423,-27.50208282,0,0.023796096,0.068341069
30,-12.79999507,-69.30035648,2011,4,100,297.9413808,1.030265332,0.152261646,0.007657248,3.77E-05,-0.134169081,-0.003905864,3.50E-05,-0.166153768,16843872.15,4.38937E+12,-0.230050013,0.172843178,2480.989014,0,296.0874329,0,0,-64.25452423,-27.50208282,0,0.025730679,0.147112499
30,-12.79999507,-69.30035648,2012,4,100,297.9627889,1.080809471,0.190027662,0.007940672,4.01E-05,-0.081270869,-0.004189452,3.77E-05,-0.101446333,16818605.25,4.42143E+12,-0.202856447,0.251317623,2480.989014,0,296.0874329,0,0,-64.25452423,-27.50208282,0,0.019932206,0.231385417
30,-12.79999507,-69.30035648,2013,4,100,297.9799245,0.978954983,0.248268304,0.007820537,3.87E-05,-0.004425695,-0.004048487,3.64E-05,-0.014208391,16994245.5,4.24259E+12,-0.141491099,0.271401634,2480.989014,0,296.0874329,0,0,-64.25452423,-27.50208282,0,0.012812038,0.258589596
30,-12.79999507,-69.30035648,2014,4,100,297.8159027,1.061353948,0.317818819,0.008320118,4.25E-05,0.056607213,-0.004541535,4.14E-05,0.050954688,16797254.94,4.78173E+12,-0.127895658,0.288405208,2480.989014,0,296.0874329,0,0,-64.25452423,-27.50208282,0,0.00712973,0.281275477
30,-12.79999507,-69.30035648,2015,4,100,297.8531189,1.282321374,0.373157823,0.008265922,3.68E-05,0.008503534,-0.004449419,3.58E-05,0.010758286,16781158.15,5.0834E+12,-0.109833459,0.327702238,2480.989014,0,296.0874329,0,0,-64.25452423,-27.50208282,0,0.016048062,0.311654176
30,-12.79999507,-69.30035648,2016,4,100,298.0070852,1.299039581,0.408879939,0.007818732,3.38E-05,-0.032326013,-0.003967217,3.26E-05,-0.018469916,16940964.69,4.98403E+12,-0.057531064,0.362476569,2480.989014,0,296.0874329,0,0,-64.25452423,-27.50208282,0,-0.029490212,0.391966781
30,-12.79999507,-69.30035648,2017,4,100,298.105957,1.234248998,0.425675447,0.007786411,3.15E-05,-0.002364115,-0.003929843,2.98E-05,0.025853824,16840453.56,4.98194E+12,0.054988625,0.400457634,2480.989014,0,296.0874329,0,0,-64.25452423,-27.50208282,0,-0.025101962,0.425559596
30,-12.79999507,-69.30035648,2018,4,100,298.0825958,1.293348795,0.376276475,0.007741543,2.85E-05,0.020872077,-0.003870118,2.61E-05,0.062438027,16857916.27,4.20128E+12,0.207136471,0.332700035,2480.989014,0,296.0874329,0,0,-64.25452423,-27.50208282,0,-0.010770485,0.34347052
30,-12.79999507,-69.30035648,2019,4,100,298.0796611,1.243924618,0.3251625,0.007713942,2.98E-05,0.058839657,-0.003869923,2.71E-05,0.100419216,16872666.4,3.7207E+12,0.298342914,0.260775535,2480.989014,0,296.0874329,0,0,-64.25452423,-27.50208282,0,0.001270804,0.25950473
30,-12.79999507,-69.30035648,2020,4,100,298.184962,1.685218853,0.233985059,0.007595376,2.91E-05,0.082643267,-0.003767707,2.66E-05,0.11342538,16973942.9,4.61547E+12,0.337895049,0.142945758,2480.989014,0,296.0874329,0,0,-64.25452423,-27.50208282,0,-0.029926452,0.17287221
30,-12.79999507,-69.30035648,2021,4,100,298.2273407,2.056049313,0.193403289,0.007434557,3.22E-05,0.013247213,-0.003657737,2.96E-05,0.021749315,17121358,4.54938E+12,0.303189069,0.032557266,2480.989014,0,296.0874329,0,0,-64.25452423,-27.50208282,0,0.000844206,0.031713061
30,-12.79999507,-69.30035648,2022,4,100,298.3847758,1.759661053,0.18712788,0.006527672,2.75E-05,-0.039969096,-0.002967921,2.46E-05,-0.053294288,16366564.93,1.26635E+13,0.255958546,-0.026587258,2480.989014,0,296.0874329,0,0,-64.25452423,-27.50208282,0,0.015467153,-0.042054411
30,-12.79999507,-69.30035648,2023,4,100,298.6183828,2.439349464,0.185305104,0.005324458,2.14E-05,0.028387336,-0.002365938,1.73E-05,-0.049988104,13663018.49,3.22963E+13,0.39824146,-0.080757413,2480.989014,0,296.0874329,0,0,-64.25452423,-27.50208282,0,0.003042239,-0.083799653
30,-12.79999507,-69.30035648,2024,4,100,298.7782186,2.573861768,0.271953264,0.00510235,1.99E-05,0.140850691,-0.002287117,1.61E-05,-0.005390147,13233290.32,3.43807E+13,0.553844155,-0.083243496,2480.989014,0,296.0874329,0,0,-64.25452423,-27.50208282,0,0.021409303,-0.104652799
31,-14.83300007,-52.16799773,2000,4,93,299.0032349,1.267964982,NaN,0.004172116,1.57E-05,NaN,-0.00120111,8.74E-06,NaN,18920890.5,2.27682E+12,NaN,NaN,2172.727783,0,384.1369629,112.1555862,34.4017334,-43.16896439,0,0,NaN,NaN
31,-14.83300007,-52.16799773,2001,4,93,299.0983276,1.035540152,NaN,0.004207486,1.57E-05,NaN,-0.001175722,9.24E-06,NaN,19037661.83,2.61462E+12,NaN,NaN,2172.727783,0,384.1369629,112.1555862,34.4017334,-43.16896439,0,0,NaN,NaN
31,-14.83300007,-52.16799773,2002,4,93,299.3506131,1.201699399,NaN,0.004224324,1.83E-05,NaN,-0.001253531,1.12E-05,NaN,19135941.17,2.89312E+12,NaN,NaN,2172.727783,0,384.1369629,112.1555862,34.4017334,-43.16896439,0,0,NaN,NaN
31,-14.83300007,-52.16799773,2003,4,93,299.3559214,1.254493521,NaN,0.004049163,1.67E-05,NaN,-0.00109757,9.99E-06,NaN,19180440.33,2.9491E+12,NaN,NaN,2172.727783,0,384.1369629,112.1555862,34.4017334,-43.16896439,0,0,NaN,NaN
31,-14.83300007,-52.16799773,2004,4,93,299.4136149,1.406358874,0.227360399,0.004190809,2.19E-05,0.24495561,-0.001290074,1.49E-05,0.230849923,19192112.46,4.04032E+12,0.231344477,0.105268335,2172.727783,0,384.1369629,112.1555862,34.4017334,-43.16896439,0,0,0,0.105268335
31,-14.83300007,-52.16799773,2005,4,93,299.4924672,1.650959799,0.247078688,0.004162453,2.24E-05,0.238023968,-0.001332353,1.52E-05,0.217958944,19090793.29,4.54368E+12,0.173954094,0.225515414,2172.727783,0,384.1369629,112.1555862,34.4017334,-43.16896439,0,0,0.007327174,0.21818824
31,-14.83300007,-52.16799773,2006,4,93,299.3015696,1.583884318,0.19183487,0.004169524,1.98E-05,0.162759941,-0.001289945,1.31E-05,0.149732218,18985689.58,4.17663E+12,0.105789973,0.352298645,2172.727783,0,384.1369629,112.1555862,34.4017334,-43.16896439,0,0,0.007059812,0.345238833
31,-14.83300007,-52.16799773,2007,4,93,299.4423014,1.82896815,0.175615708,0.004162104,2.10E-05,0.118743258,-0.001344279,1.38E-05,0.104891676,19092534.5,4.61493E+12,0.061044371,0.413327857,2172.727783,0,384.1369629,112.1555862,34.4017334,-43.16896439,0,0,0.012208855,0.401119003
31,-14.83300007,-52.16799773,2008,4,93,299.4646505,1.993023532,0.179784308,0.004141704,1.81E-05,0.081690654,-0.001320569,1.05E-05,0.049301306,19108252.92,4.03186E+12,-0.009808947,0.535972452,2172.727783,0,384.1369629,112.1555862,34.4017334,-43.16896439,0,0,0.047448645,0.488523807
31,-14.83300007,-52.16799773,2009,4,93,299.4031677,1.701382895,0.173754205,0.00425748,1.77E-05,0.030835482,-0.001349772,1.00E-05,-0.019020554,19065385.04,3.35064E+12,-0.024101783,0.602144727,2172.727783,0,384.1369629,112.1555862,34.4017334,-43.16896439,0,0,0.0193578,0.582786928
31,-14.83300007,-52.16799773,2010,4,93,299.6247101,1.853490468,0.235837064,0.004018357,1.73E-05,0.058427638,-0.001150616,9.70E-06,-0.016156656,19288306.08,3.70279E+12,0.047284348,0.616198693,2172.727783,0,384.1369629,112.1555862,34.4017334,-43.16896439,0,0,0.037567756,0.578630938
31,-14.83300007,-52.16799773,2011,4,93,299.4235586,1.82008041,0.299778362,0.004350417,1.84E-05,0.120807861,-0.001436632,1.05E-05,0.030802327,18995474.83,3.4487E+12,0.156722219,0.640212774,2172.727783,0,384.1369629,112.1555862,34.4017334,-43.16896439,0,0,0.019223309,0.620989465
31,-14.83300007,-52.16799773,2012,4,93,299.5470988,1.691929999,0.338888724,0.003968659,1.51E-05,0.136331482,-0.001012671,8.29E-06,0.053795871,19192751.33,3.82915E+12,0.252417706,0.662973688,2172.727783,0,384.1369629,112.1555862,34.4017334,-43.16896439,0,0,0.004133477,0.658840211
31,-14.83300007,-52.16799773,2013,4,93,299.5859222,1.746353511,0.358970412,0.004142616,2.03E-05,0.059248147,-0.001231595,1.29E-05,-0.01310804,19218917.96,4.14677E+12,0.211867144,0.681268735,2172.727783,0,384.1369629,112.1555862,34.4017334,-43.16896439,0,0,0.031968721,0.649300014
31,-14.83300007,-52.16799773,2014,4,93,299.4811859,1.777042834,0.351460814,0.004356703,2.15E-05,-0.051392535,-0.001437534,1.38E-05,-0.114068645,19068111.42,4.14111E+12,0.089560013,0.688277684,2172.727783,0,384.1369629,112.1555862,34.4017334,-43.16896439,0,0,0.043781246,0.644496438
31,-14.83300007,-52.16799773,2015,4,93,299.7279154,2.006730452,0.312464706,0.003923714,1.81E-05,-0.190148407,-0.00093384,1.18E-05,-0.247081952,19422248.08,5.19469E+12,-0.054986732,0.631986417,2172.727783,0,384.1369629,112.1555862,34.4017334,-43.16896439,0,0,0.053327894,0.578658523
31,-14.83300007,-52.16799773,2016,4,93,299.8683319,1.908778838,0.279870071,0.004049859,2.02E-05,-0.316762284,-0.001074138,1.37E-05,-0.372639207,19333439.08,5.22366E+12,-0.212425782,0.547941137,2172.727783,0,384.1369629,112.1555862,34.4017334,-43.16896439,0,0,0.020618053,0.527323084
31,-14.83300007,-52.16799773,2017,4,93,299.9981689,2.22603736,0.291315834,0.003607362,1.43E-05,-0.307949917,-0.000638482,8.51E-06,-0.367690121,19597489.75,5.33489E+12,-0.237880487,0.407985381,2172.727783,0,384.1369629,112.1555862,34.4017334,-43.16896439,0,0,0.024741319,0.383244062
31,-14.83300007,-52.16799773,2018,4,93,300.0225779,2.083010301,0.277336135,0.003399273,1.23E-05,-0.297636196,-0.00041625,6.98E-06,-0.356976624,19662363.71,4.98399E+12,-0.231941047,0.222162885,2172.727783,0,384.1369629,112.1555862,34.4017334,-43.16896439,0,0,-0.002638441,0.224801326
31,-14.83300007,-52.16799773,2019,4,93,300.1297913,1.950087179,0.291160064,0.003285729,1.22E-05,-0.282710626,-0.000363171,6.63E-06,-0.338134823,19780119.04,4.52493E+12,-0.208956972,0.12414878,2172.727783,0,384.1369629,112.1555862,34.4017334,-43.16896439,0,0,-0.014946587,0.139095367
31,-14.83300007,-52.16799773,2020,4,93,300.0110524,2.160894089,0.298712489,0.003295173,1.09E-05,-0.197964063,-0.000384909,5.50E-06,-0.251776947,19895088.25,3.90817E+12,-0.063504984,0.088331012,2172.727783,0,384.1369629,112.1555862,34.4017334,-43.16896439,0,0,0.014997406,0.073333606
31,-14.83300007,-52.16799773,2021,4,93,299.9017792,2.181856333,0.296820027,0.003432222,1.22E-05,-0.157900669,-0.000553891,6.36E-06,-0.200284597,19895212.33,3.59438E+12,0.087579169,0.044055541,2172.727783,0,384.1369629,112.1555862,34.4017334,-43.16896439,0,0,-0.008956565,0.053012106
31,-14.83300007,-52.16799773,2022,4,93,299.8926697,2.277836352,0.354267252,0.003269912,1.32E-05,-0.073299333,-0.00061345,7.01E-06,-0.12166409,19002375.58,1.44751E+13,0.254816812,0.09284937,2172.727783,0,384.1369629,112.1555862,34.4017334,-43.16896439,0,0,0.002980127,0.089869243
31,-14.83300007,-52.16799773,2023,4,93,299.8846181,2.782974002,0.400882793,0.002947086,1.31E-05,0.066406063,-0.00076055,6.82E-06,-0.052729294,15824830.3,3.4888E+13,0.508090088,0.096156433,2172.727783,0,384.1369629,112.1555862,34.4017334,-43.16896439,0,0,-0.025822453,0.121978886
31,-14.83300007,-52.16799773,2024,4,93,299.9677938,2.82893354,0.478287856,0.002804091,1.18E-05,0.185061117,-0.000728688,5.93E-06,-0.026583706,15238471.47,3.59656E+13,0.664631164,0.023476929,2172.727783,0,384.1369629,112.1555862,34.4017334,-43.16896439,0,0,0.019414421,0.004062508
32,-14.83300474,-52.16778299,2000,4,93,299.0032349,1.267964982,NaN,0.004172116,1.57E-05,NaN,-0.00120111,8.74E-06,NaN,18920890.5,2.27682E+12,NaN,NaN,7277.466797,-0.007060608,374.6867676,64.22383118,0,-42.13872528,-6.928301334,0,NaN,NaN
32,-14.83300474,-52.16778299,2001,4,93,299.0983276,1.035540152,NaN,0.004207486,1.57E-05,NaN,-0.001175722,9.24E-06,NaN,19037661.83,2.61462E+12,NaN,NaN,7277.466797,-0.007060608,374.6867676,64.22383118,0,-42.13872528,-6.928301334,0,NaN,NaN
32,-14.83300474,-52.16778299,2002,4,93,299.3506131,1.201699399,NaN,0.004224324,1.83E-05,NaN,-0.001253531,1.12E-05,NaN,19135941.17,2.89312E+12,NaN,NaN,7277.466797,-0.007060608,374.6867676,64.22383118,0,-42.13872528,-6.928301334,0,NaN,NaN
32,-14.83300474,-52.16778299,2003,4,93,299.3559214,1.254493521,NaN,0.004049163,1.67E-05,NaN,-0.00109757,9.99E-06,NaN,19180440.33,2.9491E+12,NaN,NaN,7277.466797,-0.007060608,374.6867676,64.22383118,0,-42.13872528,-6.928301334,0,NaN,NaN
32,-14.83300474,-52.16778299,2004,4,93,299.4136149,1.406358874,0.227360399,0.004190809,2.19E-05,0.24495561,-0.001290074,1.49E-05,0.230849923,19192112.46,4.04032E+12,0.231344477,-0.139565938,7277.466797,-0.007060608,374.6867676,64.22383118,0,-42.13872528,-6.928301334,0,0,-0.139565938
32,-14.83300474,-52.16778299,2005,4,93,299.4924672,1.650959799,0.247078688,0.004162453,2.24E-05,0.238023968,-0.001332353,1.52E-05,0.217958944,19090793.29,4.54368E+12,0.173954094,0.03723455,7277.466797,-0.007060608,374.6867676,64.22383118,0,-42.13872528,-6.928301334,0,0.00710035,0.0301342
32,-14.83300474,-52.16778299,2006,4,93,299.3015696,1.583884318,0.19183487,0.004169524,1.98E-05,0.162759941,-0.001289945,1.31E-05,0.149732218,18985689.58,4.17663E+12,0.105789973,0.249153396,7277.466797,-0.007060608,374.6867676,64.22383118,0,-42.13872528,-6.928301334,0,0.004750308,0.244403088
32,-14.83300474,-52.16778299,2007,4,93,299.4423014,1.82896815,0.175615708,0.004162104,2.10E-05,0.118743258,-0.001344279,1.38E-05,0.104891676,19092534.5,4.61493E+12,0.061044371,0.346069918,7277.466797,-0.007060608,374.6867676,64.22383118,0,-42.13872528,-6.928301334,0,-0.003387446,0.349457364
32,-14.83300474,-52.16778299,2008,4,93,299.4646505,1.993023532,0.179784308,0.004141704,1.81E-05,0.081690654,-0.001320569,1.05E-05,0.049301306,19108252.92,4.03186E+12,-0.009808947,0.533929348,7277.466797,-0.007060608,374.6867676,64.22383118,0,-42.13872528,-6.928301334,0,0.009145501,0.524783847
32,-14.83300474,-52.16778299,2009,4,93,299.4031677,1.701382895,0.173754205,0.00425748,1.77E-05,0.030835482,-0.001349772,1.00E-05,-0.019020554,19065385.04,3.35064E+12,-0.024101783,0.637650383,7277.466797,-0.007060608,374.6867676,64.22383118,0,-42.13872528,-6.928301334,0,0.003724369,0.633926014
32,-14.83300474,-52.16778299,2010,4,93,299.6247101,1.853490468,0.235837064,0.004018357,1.73E-05,0.058427638,-0.001150616,9.70E-06,-0.016156656,19288306.08,3.70279E+12,0.047284348,0.624335618,7277.466797,-0.007060608,374.6867676,64.22383118,0,-42.13872528,-6.928301334,0,0.013095364,0.611240254
32,-14.83300474,-52.16778299,2011,4,93,299.4235586,1.82008041,0.299778362,0.004350417,1.84E-05,0.120807861,-0.001436632,1.05E-05,0.030802327,18995474.83,3.4487E+12,0.156722219,0.603893111,7277.466797,-0.007060608,374.6867676,64.22383118,0,-42.13872528,-6.928301334,0,0.01332925,0.590563861
32,-14.83300474,-52.16778299,2012,4,93,299.5470988,1.691929999,0.338888724,0.003968659,1.51E-05,0.136331482,-0.001012671,8.29E-06,0.053795871,19192751.33,3.82915E+12,0.252417706,0.590850894,7277.466797,-0.007060608,374.6867676,64.22383118,0,-42.13872528,-6.928301334,0,0.033250854,0.55760004
32,-14.83300474,-52.16778299,2013,4,93,299.5859222,1.746353511,0.358970412,0.004142616,2.03E-05,0.059248147,-0.001231595,1.29E-05,-0.01310804,19218917.96,4.14677E+12,0.211867144,0.578398417,7277.466797,-0.007060608,374.6867676,64.22383118,0,-42.13872528,-6.928301334,0,0.030736665,0.547661752
32,-14.83300474,-52.16778299,2014,4,93,299.4811859,1.777042834,0.351460814,0.004356703,2.15E-05,-0.051392535,-0.001437534,1.38E-05,-0.114068645,19068111.42,4.14111E+12,0.089560013,0.588494321,7277.466797,-0.007060608,374.6867676,64.22383118,0,-42.13872528,-6.928301334,0,0.024070893,0.564423428
32,-14.83300474,-52.16778299,2015,4,93,299.7279154,2.006730452,0.312464706,0.003923714,1.81E-05,-0.190148407,-0.00093384,1.18E-05,-0.247081952,19422248.08,5.19469E+12,-0.054986732,0.58277185,7277.466797,-0.007060608,374.6867676,64.22383118,0,-42.13872528,-6.928301334,0,0.050870451,0.531901399
32,-14.83300474,-52.16778299,2016,4,93,299.8683319,1.908778838,0.279870071,0.004049859,2.02E-05,-0.316762284,-0.001074138,1.37E-05,-0.372639207,19333439.08,5.22366E+12,-0.212425782,0.564674543,7277.466797,-0.007060608,374.6867676,64.22383118,0,-42.13872528,-6.928301334,0,0.02322473,0.541449813
32,-14.83300474,-52.16778299,2017,4,93,299.9981689,2.22603736,0.291315834,0.003607362,1.43E-05,-0.307949917,-0.000638482,8.51E-06,-0.367690121,19597489.75,5.33489E+12,-0.237880487,0.476778655,7277.466797,-0.007060608,374.6867676,64.22383118,0,-42.13872528,-6.928301334,0,0.025061175,0.45171748
32,-14.83300474,-52.16778299,2018,4,93,300.0225779,2.083010301,0.277336135,0.003399273,1.23E-05,-0.297636196,-0.00041625,6.98E-06,-0.356976624,19662363.71,4.98399E+12,-0.231941047,0.345928053,7277.466797,-0.007060608,374.6867676,64.22383118,0,-42.13872528,-6.928301334,0,-0.002546057,0.34847411
32,-14.83300474,-52.16778299,2019,4,93,300.1297913,1.950087179,0.291160064,0.003285729,1.22E-05,-0.282710626,-0.000363171,6.63E-06,-0.338134823,19780119.04,4.52493E+12,-0.208956972,0.265471186,7277.466797,-0.007060608,374.6867676,64.22383118,0,-42.13872528,-6.928301334,0,-0.00824725,0.273718436
32,-14.83300474,-52.16778299,2020,4,93,300.0110524,2.160894089,0.298712489,0.003295173,1.09E-05,-0.197964063,-0.000384909,5.50E-06,-0.251776947,19895088.25,3.90817E+12,-0.063504984,0.204366094,7277.466797,-0.007060608,374.6867676,64.22383118,0,-42.13872528,-6.928301334,0,0.005424218,0.198941876
32,-14.83300474,-52.16778299,2021,4,93,299.9017792,2.181856333,0.296820027,0.003432222,1.22E-05,-0.157900669,-0.000553891,6.36E-06,-0.200284597,19895212.33,3.59438E+12,0.087579169,0.148348653,7277.466797,-0.007060608,374.6867676,64.22383118,0,-42.13872528,-6.928301334,0,-0.016101443,0.164450097
32,-14.83300474,-52.16778299,2022,4,93,299.8926697,2.277836352,0.354267252,0.003269912,1.32E-05,-0.073299333,-0.00061345,7.01E-06,-0.12166409,19002375.58,1.44751E+13,0.254816812,0.115987541,7277.466797,-0.007060608,374.6867676,64.22383118,0,-42.13872528,-6.928301334,0,-0.003057493,0.119045034
32,-14.83300474,-52.16778299,2023,4,93,299.8846181,2.782974002,0.400882793,0.002947086,1.31E-05,0.066406063,-0.00076055,6.82E-06,-0.052729294,15824830.3,3.4888E+13,0.508090088,0.028664275,7277.466797,-0.007060608,374.6867676,64.22383118,0,-42.13872528,-6.928301334,0,-0.035132064,0.063796339
32,-14.83300474,-52.16778299,2024,4,93,299.9677938,2.82893354,0.478287856,0.002804091,1.18E-05,0.185061117,-0.000728688,5.93E-06,-0.026583706,15238471.47,3.59656E+13,0.664631164,-0.081438633,7277.466797,-0.007060608,374.6867676,64.22383118,0,-42.13872528,-6.928301334,0,0.014011567,-0.095450199
33,-14.83281335,-52.16799773,2000,4,95,299.0032349,1.267964982,NaN,0.004172116,1.57E-05,NaN,-0.00120111,8.74E-06,NaN,18920890.5,2.27682E+12,NaN,NaN,2172.728271,0,384.1364746,112.1559448,34.40154648,-43.16891861,0,0,NaN,NaN
33,-14.83281335,-52.16799773,2001,4,95,299.0983276,1.035540152,NaN,0.004207486,1.57E-05,NaN,-0.001175722,9.24E-06,NaN,19037661.83,2.61462E+12,NaN,NaN,2172.728271,0,384.1364746,112.1559448,34.40154648,-43.16891861,0,0,NaN,NaN
33,-14.83281335,-52.16799773,2002,4,95,299.3506131,1.201699399,NaN,0.004224324,1.83E-05,NaN,-0.001253531,1.12E-05,NaN,19135941.17,2.89312E+12,NaN,NaN,2172.728271,0,384.1364746,112.1559448,34.40154648,-43.16891861,0,0,NaN,NaN
33,-14.83281335,-52.16799773,2003,4,95,299.3559214,1.254493521,NaN,0.004049163,1.67E-05,NaN,-0.00109757,9.99E-06,NaN,19180440.33,2.9491E+12,NaN,NaN,2172.728271,0,384.1364746,112.1559448,34.40154648,-43.16891861,0,0,NaN,NaN
33,-14.83281335,-52.16799773,2004,4,95,299.4136149,1.406358874,0.227360399,0.004190809,2.19E-05,0.24495561,-0.001290074,1.49E-05,0.230849923,19192112.46,4.04032E+12,0.231344477,0.105268132,2172.728271,0,384.1364746,112.1559448,34.40154648,-43.16891861,0,0,0,0.105268132
33,-14.83281335,-52.16799773,2005,4,95,299.4924672,1.650959799,0.247078688,0.004162453,2.24E-05,0.238023968,-0.001332353,1.52E-05,0.217958944,19090793.29,4.54368E+12,0.173954094,0.225515276,2172.728271,0,384.1364746,112.1559448,34.40154648,-43.16891861,0,0,0.007327174,0.218188102
33,-14.83281335,-52.16799773,2006,4,95,299.3015696,1.583884318,0.19183487,0.004169524,1.98E-05,0.162759941,-0.001289945,1.31E-05,0.149732218,18985689.58,4.17663E+12,0.105789973,0.352298515,2172.728271,0,384.1364746,112.1559448,34.40154648,-43.16891861,0,0,0.005882089,0.346416426
33,-14.83281335,-52.16799773,2007,4,95,299.4423014,1.82896815,0.175615708,0.004162104,2.10E-05,0.118743258,-0.001344279,1.38E-05,0.104891676,19092534.5,4.61493E+12,0.061044371,0.413327735,2172.728271,0,384.1364746,112.1559448,34.40154648,-43.16891861,0,0,0.014209421,0.399118314
33,-14.83281335,-52.16799773,2008,4,95,299.4646505,1.993023532,0.179784308,0.004141704,1.81E-05,0.081690654,-0.001320569,1.05E-05,0.049301306,19108252.92,4.03186E+12,-0.009808947,0.535972367,2172.728271,0,384.1364746,112.1559448,34.40154648,-43.16891861,0,0,0.049449211,0.486523156
33,-14.83281335,-52.16799773,2009,4,95,299.4031677,1.701382895,0.173754205,0.00425748,1.77E-05,0.030835482,-0.001349772,1.00E-05,-0.019020554,19065385.04,3.35064E+12,-0.024101783,0.602144639,2172.728271,0,384.1364746,112.1559448,34.40154648,-43.16891861,0,0,0.020656282,0.581488357
33,-14.83281335,-52.16799773,2010,4,95,299.6247101,1.853490468,0.235837064,0.004018357,1.73E-05,0.058427638,-0.001150616,9.70E-06,-0.016156656,19288306.08,3.70279E+12,0.047284348,0.616198618,2172.728271,0,384.1364746,112.1559448,34.40154648,-43.16891861,0,0,0.039529948,0.57666867
33,-14.83281335,-52.16799773,2011,4,95,299.4235586,1.82008041,0.299778362,0.004350417,1.84E-05,0.120807861,-0.001436632,1.05E-05,0.030802327,18995474.83,3.4487E+12,0.156722219,0.640212711,2172.728271,0,384.1364746,112.1559448,34.40154648,-43.16891861,0,0,0.020465264,0.619747447
33,-14.83281335,-52.16799773,2012,4,95,299.5470988,1.691929999,0.338888724,0.003968659,1.51E-05,0.136331482,-0.001012671,8.29E-06,0.053795871,19192751.33,3.82915E+12,0.252417706,0.662973623,2172.728271,0,384.1364746,112.1559448,34.40154648,-43.16891861,0,0,0.005406406,0.657567217
33,-14.83281335,-52.16799773,2013,4,95,299.5859222,1.746353511,0.358970412,0.004142616,2.03E-05,0.059248147,-0.001231595,1.29E-05,-0.01310804,19218917.96,4.14677E+12,0.211867144,0.68126869,2172.728271,0,384.1364746,112.1559448,34.40154648,-43.16891861,0,0,0.03513241,0.646136279
33,-14.83281335,-52.16799773,2014,4,95,299.4811859,1.777042834,0.351460814,0.004356703,2.15E-05,-0.051392535,-0.001437534,1.38E-05,-0.114068645,19068111.42,4.14111E+12,0.089560013,0.688277641,2172.728271,0,384.1364746,112.1559448,34.40154648,-43.16891861,0,0,0.047144377,0.641133263
33,-14.83281335,-52.16799773,2015,4,95,299.7279154,2.006730452,0.312464706,0.003923714,1.81E-05,-0.190148407,-0.00093384,1.18E-05,-0.247081952,19422248.08,5.19469E+12,-0.054986732,0.631986358,2172.728271,0,384.1364746,112.1559448,34.40154648,-43.16891861,0,0,0.05815077,0.573835588
33,-14.83281335,-52.16799773,2016,4,95,299.8683319,1.908778838,0.279870071,0.004049859,2.02E-05,-0.316762284,-0.001074138,1.37E-05,-0.372639207,19333439.08,5.22366E+12,-0.212425782,0.54794107,2172.728271,0,384.1364746,112.1559448,34.40154648,-43.16891861,0,0,0.02503286,0.52290821
33,-14.83281335,-52.16799773,2017,4,95,299.9981689,2.22603736,0.291315834,0.003607362,1.43E-05,-0.307949917,-0.000638482,8.51E-06,-0.367690121,19597489.75,5.33489E+12,-0.237880487,0.407985297,2172.728271,0,384.1364746,112.1559448,34.40154648,-43.16891861,0,0,0.027374496,0.3806108
33,-14.83281335,-52.16799773,2018,4,95,300.0225779,2.083010301,0.277336135,0.003399273,1.23E-05,-0.297636196,-0.00041625,6.98E-06,-0.356976624,19662363.71,4.98399E+12,-0.231941047,0.222162818,2172.728271,0,384.1364746,112.1559448,34.40154648,-43.16891861,0,0,-0.006618375,0.228781193
33,-14.83281335,-52.16799773,2019,4,95,300.1297913,1.950087179,0.291160064,0.003285729,1.22E-05,-0.282710626,-0.000363171,6.63E-06,-0.338134823,19780119.04,4.52493E+12,-0.208956972,0.124148761,2172.728271,0,384.1364746,112.1559448,34.40154648,-43.16891861,0,0,-0.018149494,0.142298255
33,-14.83281335,-52.16799773,2020,4,95,300.0110524,2.160894089,0.298712489,0.003295173,1.09E-05,-0.197964063,-0.000384909,5.50E-06,-0.251776947,19895088.25,3.90817E+12,-0.063504984,0.088331053,2172.728271,0,384.1364746,112.1559448,34.40154648,-43.16891861,0,0,0.013646843,0.07468421
33,-14.83281335,-52.16799773,2021,4,95,299.9017792,2.181856333,0.296820027,0.003432222,1.22E-05,-0.157900669,-0.000553891,6.36E-06,-0.200284597,19895212.33,3.59438E+12,0.087579169,0.044055628,2172.728271,0,384.1364746,112.1559448,34.40154648,-43.16891861,0,0,-0.011547935,0.055603564
33,-14.83281335,-52.16799773,2022,4,95,299.8926697,2.277836352,0.354267252,0.003269912,1.32E-05,-0.073299333,-0.00061345,7.01E-06,-0.12166409,19002375.58,1.44751E+13,0.254816812,0.092849478,2172.728271,0,384.1364746,112.1559448,34.40154648,-43.16891861,0,0,0.000340732,0.092508746
33,-14.83281335,-52.16799773,2023,4,95,299.8846181,2.782974002,0.400882793,0.002947086,1.31E-05,0.066406063,-0.00076055,6.82E-06,-0.052729294,15824830.3,3.4888E+13,0.508090088,0.09615655,2172.728271,0,384.1364746,112.1559448,34.40154648,-43.16891861,0,0,-0.021669532,0.117826082
33,-14.83281335,-52.16799773,2024,4,95,299.9677938,2.82893354,0.478287856,0.002804091,1.18E-05,0.185061117,-0.000728688,5.93E-06,-0.026583706,15238471.47,3.59656E+13,0.664631164,0.023477019,2172.728271,0,384.1364746,112.1559448,34.40154648,-43.16891861,0,0,0.023004958,0.000472061
34,-14.83322881,-52.16799306,2000,4,93,299.0032349,1.267964982,NaN,0.004172116,1.57E-05,NaN,-0.00120111,8.74E-06,NaN,18920890.5,2.27682E+12,NaN,NaN,2891.164551,-0.001114526,346.7693481,49.79812622,3.436142683,-36.60195923,-9.754320145,0,NaN,NaN
34,-14.83322881,-52.16799306,2001,4,93,299.0983276,1.035540152,NaN,0.004207486,1.57E-05,NaN,-0.001175722,9.24E-06,NaN,19037661.83,2.61462E+12,NaN,NaN,2891.164551,-0.001114526,346.7693481,49.79812622,3.436142683,-36.60195923,-9.754320145,0,NaN,NaN
34,-14.83322881,-52.16799306,2002,4,93,299.3506131,1.201699399,NaN,0.004224324,1.83E-05,NaN,-0.001253531,1.12E-05,NaN,19135941.17,2.89312E+12,NaN,NaN,2891.164551,-0.001114526,346.7693481,49.79812622,3.436142683,-36.60195923,-9.754320145,0,NaN,NaN
34,-14.83322881,-52.16799306,2003,4,93,299.3559214,1.254493521,NaN,0.004049163,1.67E-05,NaN,-0.00109757,9.99E-06,NaN,19180440.33,2.9491E+12,NaN,NaN,2891.164551,-0.001114526,346.7693481,49.79812622,3.436142683,-36.60195923,-9.754320145,0,NaN,NaN
34,-14.83322881,-52.16799306,2004,4,93,299.4136149,1.406358874,0.227360399,0.004190809,2.19E-05,0.24495561,-0.001290074,1.49E-05,0.230849923,19192112.46,4.04032E+12,0.231344477,-0.053040186,2891.164551,-0.001114526,346.7693481,49.79812622,3.436142683,-36.60195923,-9.754320145,0,0,-0.053040186
34,-14.83322881,-52.16799306,2005,4,93,299.4924672,1.650959799,0.247078688,0.004162453,2.24E-05,0.238023968,-0.001332353,1.52E-05,0.217958944,19090793.29,4.54368E+12,0.173954094,0.072796978,2891.164551,-0.001114526,346.7693481,49.79812622,3.436142683,-36.60195923,-9.754320145,0,0.006832821,0.065964157
34,-14.83322881,-52.16799306,2006,4,93,299.3015696,1.583884318,0.19183487,0.004169524,1.98E-05,0.162759941,-0.001289945,1.31E-05,0.149732218,18985689.58,4.17663E+12,0.105789973,0.214148512,2891.164551,-0.001114526,346.7693481,49.79812622,3.436142683,-36.60195923,-9.754320145,0,-0.008415302,0.222563813
34,-14.83322881,-52.16799306,2007,4,93,299.4423014,1.82896815,0.175615708,0.004162104,2.10E-05,0.118743258,-0.001344279,1.38E-05,0.104891676,19092534.5,4.61493E+12,0.061044371,0.297319543,2891.164551,-0.001114526,346.7693481,49.79812622,3.436142683,-36.60195923,-9.754320145,0,-0.013671967,0.31099151
34,-14.83322881,-52.16799306,2008,4,93,299.4646505,1.993023532,0.179784308,0.004141704,1.81E-05,0.081690654,-0.001320569,1.05E-05,0.049301306,19108252.92,4.03186E+12,-0.009808947,0.436198979,2891.164551,-0.001114526,346.7693481,49.79812622,3.436142683,-36.60195923,-9.754320145,0,0.0107192,0.42547978
34,-14.83322881,-52.16799306,2009,4,93,299.4031677,1.701382895,0.173754205,0.00425748,1.77E-05,0.030835482,-0.001349772,1.00E-05,-0.019020554,19065385.04,3.35064E+12,-0.024101783,0.532724544,2891.164551,-0.001114526,346.7693481,49.79812622,3.436142683,-36.60195923,-9.754320145,0,0.008573336,0.524151208
34,-14.83322881,-52.16799306,2010,4,93,299.6247101,1.853490468,0.235837064,0.004018357,1.73E-05,0.058427638,-0.001150616,9.70E-06,-0.016156656,19288306.08,3.70279E+12,0.047284348,0.562470989,2891.164551,-0.001114526,346.7693481,49.79812622,3.436142683,-36.60195923,-9.754320145,0,0.035008957,0.527462033
34,-14.83322881,-52.16799306,2011,4,93,299.4235586,1.82008041,0.299778362,0.004350417,1.84E-05,0.120807861,-0.001436632,1.05E-05,0.030802327,18995474.83,3.4487E+12,0.156722219,0.580456127,2891.164551,-0.001114526,346.7693481,49.79812622,3.436142683,-36.60195923,-9.754320145,0,0.009089068,0.57136706
34,-14.83322881,-52.16799306,2012,4,93,299.5470988,1.691929999,0.338888724,0.003968659,1.51E-05,0.136331482,-0.001012671,8.29E-06,0.053795871,19192751.33,3.82915E+12,0.252417706,0.601742719,2891.164551,-0.001114526,346.7693481,49.79812622,3.436142683,-36.60195923,-9.754320145,0,0.019348503,0.582394216
34,-14.83322881,-52.16799306,2013,4,93,299.5859222,1.746353511,0.358970412,0.004142616,2.03E-05,0.059248147,-0.001231595,1.29E-05,-0.01310804,19218917.96,4.14677E+12,0.211867144,0.622238636,2891.164551,-0.001114526,346.7693481,49.79812622,3.436142683,-36.60195923,-9.754320145,0,0.032484465,0.58975417
34,-14.83322881,-52.16799306,2014,4,93,299.4811859,1.777042834,0.351460814,0.004356703,2.15E-05,-0.051392535,-0.001437534,1.38E-05,-0.114068645,19068111.42,4.14111E+12,0.089560013,0.639351258,2891.164551,-0.001114526,346.7693481,49.79812622,3.436142683,-36.60195923,-9.754320145,0,0.0214379,0.617913357
34,-14.83322881,-52.16799306,2015,4,93,299.7279154,2.006730452,0.312464706,0.003923714,1.81E-05,-0.190148407,-0.00093384,1.18E-05,-0.247081952,19422248.08,5.19469E+12,-0.054986732,0.599165378,2891.164551,-0.001114526,346.7693481,49.79812622,3.436142683,-36.60195923,-9.754320145,0,0.046090484,0.553074895
34,-14.83322881,-52.16799306,2016,4,93,299.8683319,1.908778838,0.279870071,0.004049859,2.02E-05,-0.316762284,-0.001074138,1.37E-05,-0.372639207,19333439.08,5.22366E+12,-0.212425782,0.540192366,2891.164551,-0.001114526,346.7693481,49.79812622,3.436142683,-36.60195923,-9.754320145,0,0.017213877,0.522978489
34,-14.83322881,-52.16799306,2017,4,93,299.9981689,2.22603736,0.291315834,0.003607362,1.43E-05,-0.307949917,-0.000638482,8.51E-06,-0.367690121,19597489.75,5.33489E+12,-0.237880487,0.392937696,2891.164551,-0.001114526,346.7693481,49.79812622,3.436142683,-36.60195923,-9.754320145,0,0.026706094,0.366231603
34,-14.83322881,-52.16799306,2018,4,93,300.0225779,2.083010301,0.277336135,0.003399273,1.23E-05,-0.297636196,-0.00041625,6.98E-06,-0.356976624,19662363.71,4.98399E+12,-0.231941047,0.225845006,2891.164551,-0.001114526,346.7693481,49.79812622,3.436142683,-36.60195923,-9.754320145,0,-0.003659199,0.229504205
34,-14.83322881,-52.16799306,2019,4,93,300.1297913,1.950087179,0.291160064,0.003285729,1.22E-05,-0.282710626,-0.000363171,6.63E-06,-0.338134823,19780119.04,4.52493E+12,-0.208956972,0.148067697,2891.164551,-0.001114526,346.7693481,49.79812622,3.436142683,-36.60195923,-9.754320145,0,-0.010952814,0.159020511
34,-14.83322881,-52.16799306,2020,4,93,300.0110524,2.160894089,0.298712489,0.003295173,1.09E-05,-0.197964063,-0.000384909,5.50E-06,-0.251776947,19895088.25,3.90817E+12,-0.063504984,0.130496603,2891.164551,-0.001114526,346.7693481,49.79812622,3.436142683,-36.60195923,-9.754320145,0,-0.000455801,0.130952404
34,-14.83322881,-52.16799306,2021,4,93,299.9017792,2.181856333,0.296820027,0.003432222,1.22E-05,-0.157900669,-0.000553891,6.36E-06,-0.200284597,19895212.33,3.59438E+12,0.087579169,0.117769513,2891.164551,-0.001114526,346.7693481,49.79812622,3.436142683,-36.60195923,-9.754320145,0,-0.022698499,0.140468012
34,-14.83322881,-52.16799306,2022,4,93,299.8926697,2.277836352,0.354267252,0.003269912,1.32E-05,-0.073299333,-0.00061345,7.01E-06,-0.12166409,19002375.58,1.44751E+13,0.254816812,0.151240565,2891.164551,-0.001114526,346.7693481,49.79812622,3.436142683,-36.60195923,-9.754320145,0,0.016901883,0.134338682
34,-14.83322881,-52.16799306,2023,4,93,299.8846181,2.782974002,0.400882793,0.002947086,1.31E-05,0.066406063,-0.00076055,6.82E-06,-0.052729294,15824830.3,3.4888E+13,0.508090088,0.146642683,2891.164551,-0.001114526,346.7693481,49.79812622,3.436142683,-36.60195923,-9.754320145,0,-0.016915153,0.163557836
34,-14.83322881,-52.16799306,2024,4,93,299.9677938,2.82893354,0.478287856,0.002804091,1.18E-05,0.185061117,-0.000728688,5.93E-06,-0.026583706,15238471.47,3.59656E+13,0.664631164,0.074820709,2891.164551,-0.001114526,346.7693481,49.79812622,3.436142683,-36.60195923,-9.754320145,0,0.022466333,0.052354376
35,-14.83300474,-52.16824048,2000,4,95,299.0032349,1.267964982,NaN,0.004172116,1.57E-05,NaN,-0.00120111,8.74E-06,NaN,18920890.5,2.27682E+12,NaN,NaN,4090.295898,-0.002594482,409.1714783,88.88153076,31.64155579,-36.96037674,-0.304337651,0,NaN,NaN
35,-14.83300474,-52.16824048,2001,4,95,299.0983276,1.035540152,NaN,0.004207486,1.57E-05,NaN,-0.001175722,9.24E-06,NaN,19037661.83,2.61462E+12,NaN,NaN,4090.295898,-0.002594482,409.1714783,88.88153076,31.64155579,-36.96037674,-0.304337651,0,NaN,NaN
35,-14.83300474,-52.16824048,2002,4,95,299.3506131,1.201699399,NaN,0.004224324,1.83E-05,NaN,-0.001253531,1.12E-05,NaN,19135941.17,2.89312E+12,NaN,NaN,4090.295898,-0.002594482,409.1714783,88.88153076,31.64155579,-36.96037674,-0.304337651,0,NaN,NaN
35,-14.83300474,-52.16824048,2003,4,95,299.3559214,1.254493521,NaN,0.004049163,1.67E-05,NaN,-0.00109757,9.99E-06,NaN,19180440.33,2.9491E+12,NaN,NaN,4090.295898,-0.002594482,409.1714783,88.88153076,31.64155579,-36.96037674,-0.304337651,0,NaN,NaN
35,-14.83300474,-52.16824048,2004,4,95,299.4136149,1.406358874,0.227360399,0.004190809,2.19E-05,0.24495561,-0.001290074,1.49E-05,0.230849923,19192112.46,4.04032E+12,0.231344477,-0.073370734,4090.295898,-0.002594482,409.1714783,88.88153076,31.64155579,-36.96037674,-0.304337651,0,0,-0.073370734
35,-14.83300474,-52.16824048,2005,4,95,299.4924672,1.650959799,0.247078688,0.004162453,2.24E-05,0.238023968,-0.001332353,1.52E-05,0.217958944,19090793.29,4.54368E+12,0.173954094,0.055546629,4090.295898,-0.002594482,409.1714783,88.88153076,31.64155579,-36.96037674,-0.304337651,0,0.003204084,0.052342545
35,-14.83300474,-52.16824048,2006,4,95,299.3015696,1.583884318,0.19183487,0.004169524,1.98E-05,0.162759941,-0.001289945,1.31E-05,0.149732218,18985689.58,4.17663E+12,0.105789973,0.228123191,4090.295898,-0.002594482,409.1714783,88.88153076,31.64155579,-36.96037674,-0.304337651,0,-0.008174832,0.236298023
35,-14.83300474,-52.16824048,2007,4,95,299.4423014,1.82896815,0.175615708,0.004162104,2.10E-05,0.118743258,-0.001344279,1.38E-05,0.104891676,19092534.5,4.61493E+12,0.061044371,0.320787662,4090.295898,-0.002594482,409.1714783,88.88153076,31.64155579,-36.96037674,-0.304337651,0,-0.004240518,0.32502818
35,-14.83300474,-52.16824048,2008,4,95,299.4646505,1.993023532,0.179784308,0.004141704,1.81E-05,0.081690654,-0.001320569,1.05E-05,0.049301306,19108252.92,4.03186E+12,-0.009808947,0.49624031,4090.295898,-0.002594482,409.1714783,88.88153076,31.64155579,-36.96037674,-0.304337651,0,0.029416444,0.466823866
35,-14.83300474,-52.16824048,2009,4,95,299.4031677,1.701382895,0.173754205,0.00425748,1.77E-05,0.030835482,-0.001349772,1.00E-05,-0.019020554,19065385.04,3.35064E+12,-0.024101783,0.602580612,4090.295898,-0.002594482,409.1714783,88.88153076,31.64155579,-36.96037674,-0.304337651,0,0.008511261,0.594069352
35,-14.83300474,-52.16824048,2010,4,95,299.6247101,1.853490468,0.235837064,0.004018357,1.73E-05,0.058427638,-0.001150616,9.70E-06,-0.016156656,19288306.08,3.70279E+12,0.047284348,0.61656546,4090.295898,-0.002594482,409.1714783,88.88153076,31.64155579,-36.96037674,-0.304337651,0,0.020115647,0.596449814
35,-14.83300474,-52.16824048,2011,4,95,299.4235586,1.82008041,0.299778362,0.004350417,1.84E-05,0.120807861,-0.001436632,1.05E-05,0.030802327,18995474.83,3.4487E+12,0.156722219,0.624419517,4090.295898,-0.002594482,409.1714783,88.88153076,31.64155579,-36.96037674,-0.304337651,0,0.016716293,0.607703224
35,-14.83300474,-52.16824048,2012,4,95,299.5470988,1.691929999,0.338888724,0.003968659,1.51E-05,0.136331482,-0.001012671,8.29E-06,0.053795871,19192751.33,3.82915E+12,0.252417706,0.627073592,4090.295898,-0.002594482,409.1714783,88.88153076,31.64155579,-36.96037674,-0.304337651,0,0.034865354,0.592208238
35,-14.83300474,-52.16824048,2013,4,95,299.5859222,1.746353511,0.358970412,0.004142616,2.03E-05,0.059248147,-0.001231595,1.29E-05,-0.01310804,19218917.96,4.14677E+12,0.211867144,0.657609012,4090.295898,-0.002594482,409.1714783,88.88153076,31.64155579,-36.96037674,-0.304337651,0,0.033483508,0.624125504
35,-14.83300474,-52.16824048,2014,4,95,299.4811859,1.777042834,0.351460814,0.004356703,2.15E-05,-0.051392535,-0.001437534,1.38E-05,-0.114068645,19068111.42,4.14111E+12,0.089560013,0.684382931,4090.295898,-0.002594482,409.1714783,88.88153076,31.64155579,-36.96037674,-0.304337651,0,0.034778037,0.649604894
35,-14.83300474,-52.16824048,2015,4,95,299.7279154,2.006730452,0.312464706,0.003923714,1.81E-05,-0.190148407,-0.00093384,1.18E-05,-0.247081952,19422248.08,5.19469E+12,-0.054986732,0.66962532,4090.295898,-0.002594482,409.1714783,88.88153076,31.64155579,-36.96037674,-0.304337651,0,0.048692964,0.620932355
35,-14.83300474,-52.16824048,2016,4,95,299.8683319,1.908778838,0.279870071,0.004049859,2.02E-05,-0.316762284,-0.001074138,1.37E-05,-0.372639207,19333439.08,5.22366E+12,-0.212425782,0.635722449,4090.295898,-0.002594482,409.1714783,88.88153076,31.64155579,-36.96037674,-0.304337651,0,0.012090483,0.623631966
35,-14.83300474,-52.16824048,2017,4,95,299.9981689,2.22603736,0.291315834,0.003607362,1.43E-05,-0.307949917,-0.000638482,8.51E-06,-0.367690121,19597489.75,5.33489E+12,-0.237880487,0.521701971,4090.295898,-0.002594482,409.1714783,88.88153076,31.64155579,-36.96037674,-0.304337651,0,0.014515681,0.50718629
35,-14.83300474,-52.16824048,2018,4,95,300.0225779,2.083010301,0.277336135,0.003399273,1.23E-05,-0.297636196,-0.00041625,6.98E-06,-0.356976624,19662363.71,4.98399E+12,-0.231941047,0.361626365,4090.295898,-0.002594482,409.1714783,88.88153076,31.64155579,-36.96037674,-0.304337651,0,-0.01807402,0.379700385
35,-14.83300474,-52.16824048,2019,4,95,300.1297913,1.950087179,0.291160064,0.003285729,1.22E-05,-0.282710626,-0.000363171,6.63E-06,-0.338134823,19780119.04,4.52493E+12,-0.208956972,0.276114328,4090.295898,-0.002594482,409.1714783,88.88153076,31.64155579,-36.96037674,-0.304337651,0,-0.021670842,0.297785169
35,-14.83300474,-52.16824048,2020,4,95,300.0110524,2.160894089,0.298712489,0.003295173,1.09E-05,-0.197964063,-0.000384909,5.50E-06,-0.251776947,19895088.25,3.90817E+12,-0.063504984,0.221931607,4090.295898,-0.002594482,409.1714783,88.88153076,31.64155579,-36.96037674,-0.304337651,0,0.00305922,0.218872387
35,-14.83300474,-52.16824048,2021,4,95,299.9017792,2.181856333,0.296820027,0.003432222,1.22E-05,-0.157900669,-0.000553891,6.36E-06,-0.200284597,19895212.33,3.59438E+12,0.087579169,0.154619464,4090.295898,-0.002594482,409.1714783,88.88153076,31.64155579,-36.96037674,-0.304337651,0,-0.022151558,0.176771023
35,-14.83300474,-52.16824048,2022,4,95,299.8926697,2.277836352,0.354267252,0.003269912,1.32E-05,-0.073299333,-0.00061345,7.01E-06,-0.12166409,19002375.58,1.44751E+13,0.254816812,0.154632437,4090.295898,-0.002594482,409.1714783,88.88153076,31.64155579,-36.96037674,-0.304337651,0,0.014492737,0.140139701
35,-14.83300474,-52.16824048,2023,4,95,299.8846181,2.782974002,0.400882793,0.002947086,1.31E-05,0.066406063,-0.00076055,6.82E-06,-0.052729294,15824830.3,3.4888E+13,0.508090088,0.109321078,4090.295898,-0.002594482,409.1714783,88.88153076,31.64155579,-36.96037674,-0.304337651,0,-0.041208487,0.150529565
35,-14.83300474,-52.16824048,2024,4,95,299.9677938,2.82893354,0.478287856,0.002804091,1.18E-05,0.185061117,-0.000728688,5.93E-06,-0.026583706,15238471.47,3.59656E+13,0.664631164,0.005354454,4090.295898,-0.002594482,409.1714783,88.88153076,31.64155579,-36.96037674,-0.304337651,0,0.025068362,-0.019713908
36,-3.29999504,-72.89999976,2000,4,98,297.9968872,0.484189978,NaN,0.008789928,3.81E-06,NaN,-0.005034993,4.74E-06,NaN,16009111.17,4.14178E+12,NaN,NaN,-2612.908936,0.007366981,42.37241745,-0.040469926,-110.8254242,-85.49573517,-47.76988602,-29.93418694,NaN,NaN
36,-3.29999504,-72.89999976,2001,4,98,298.052592,0.48396436,NaN,0.008461012,3.46E-06,NaN,-0.004716872,4.08E-06,NaN,16109959,3.55302E+12,NaN,NaN,-2612.908936,0.007366981,42.37241745,-0.040469926,-110.8254242,-85.49573517,-47.76988602,-29.93418694,NaN,NaN
36,-3.29999504,-72.89999976,2002,4,98,298.1588813,0.441866763,NaN,0.008401782,3.68E-06,NaN,-0.004663544,4.25E-06,NaN,16096794.5,3.44672E+12,NaN,NaN,-2612.908936,0.007366981,42.37241745,-0.040469926,-110.8254242,-85.49573517,-47.76988602,-29.93418694,NaN,NaN
36,-3.29999504,-72.89999976,2003,4,98,298.2058563,0.448229675,NaN,0.00830621,3.81E-06,NaN,-0.004578492,4.41E-06,NaN,16072295.65,3.35178E+12,NaN,NaN,-2612.908936,0.007366981,42.37241745,-0.040469926,-110.8254242,-85.49573517,-47.76988602,-29.93418694,NaN,NaN
36,-3.29999504,-72.89999976,2004,4,98,298.3306071,0.523617393,0.425347192,0.008047275,3.59E-06,0.122578172,-0.004309457,4.20E-06,0.162038236,16178039.08,3.28529E+12,0.401524694,NaN,-2612.908936,0.007366981,42.37241745,-0.040469926,-110.8254242,-85.49573517,-47.76988602,-29.93418694,0,NaN
36,-3.29999504,-72.89999976,2005,4,98,298.4815623,0.456356827,0.436071616,0.007948934,3.50E-06,0.135299373,-0.004183177,4.17E-06,0.171470032,16248002.96,3.36562E+12,0.372233155,NaN,-2612.908936,0.007366981,42.37241745,-0.040469926,-110.8254242,-85.49573517,-47.76988602,-29.93418694,0.009011562,NaN
36,-3.29999504,-72.89999976,2006,4,98,298.5263418,0.437819717,0.431697532,0.007781124,3.36E-06,0.167936164,-0.003975765,3.95E-06,0.201034405,16409764.31,3.22018E+12,0.378124277,NaN,-2612.908936,0.007366981,42.37241745,-0.040469926,-110.8254242,-85.49573517,-47.76988602,-29.93418694,1.43E-05,NaN
36,-3.29999504,-72.89999976,2007,4,98,298.575236,0.453226095,0.404553569,0.007597254,3.25E-06,0.203451915,-0.003752865,3.87E-06,0.228661517,16559292.17,3.30426E+12,0.371398572,0.388783106,-2612.908936,0.007366981,42.37241745,-0.040469926,-110.8254242,-85.49573517,-47.76988602,-29.93418694,0.016593558,0.372189548
36,-3.29999504,-72.89999976,2008,4,98,298.5547384,0.348114582,0.3854754,0.007594873,3.46E-06,0.254851618,-0.003748978,4.07E-06,0.267821742,16572429.6,3.04875E+12,0.334523436,0.264430208,-2612.908936,0.007366981,42.37241745,-0.040469926,-110.8254242,-85.49573517,-47.76988602,-29.93418694,0.005823132,0.258607076
36,-3.29999504,-72.89999976,2009,4,98,298.504364,0.370323857,0.33999446,0.007866176,4.59E-06,0.28546985,-0.004047767,5.41E-06,0.284869757,16466668.69,2.97941E+12,0.276173346,0.088447518,-2612.908936,0.007366981,42.37241745,-0.040469926,-110.8254242,-85.49573517,-47.76988602,-29.93418694,-0.019985667,0.108433185
36,-3.29999504,-72.89999976,2010,4,98,298.6173452,0.450373308,0.33379433,0.00782698,5.10E-06,0.293176657,-0.003999138,6.12E-06,0.282068358,16464682.83,3.17931E+12,0.209965389,0.190004612,-2612.908936,0.007366981,42.37241745,-0.040469926,-110.8254242,-85.49573517,-47.76988602,-29.93418694,-0.013167182,0.203171795
36,-3.29999504,-72.89999976,2011,4,98,298.5923411,0.378471327,0.387585831,0.008047841,5.82E-06,0.267251434,-0.004245801,6.93E-06,0.260414105,16340781.54,3.26564E+12,0.205474469,0.267260456,-2612.908936,0.007366981,42.37241745,-0.040469926,-110.8254242,-85.49573517,-47.76988602,-29.93418694,-0.00952628,0.276786736
36,-3.29999504,-72.89999976,2012,4,98,298.5870972,0.359563418,0.457419937,0.008234569,7.09E-06,0.230313547,-0.004436922,8.22E-06,0.231391313,16281927.06,3.14722E+12,0.230557993,0.414011248,-2612.908936,0.007366981,42.37241745,-0.040469926,-110.8254242,-85.49573517,-47.76988602,-29.93418694,0.025380806,0.388630442
36,-3.29999504,-72.89999976,2013,4,98,298.5754649,0.368779703,0.567364583,0.008185195,6.26E-06,0.226626483,-0.004382462,7.27E-06,0.241217965,16287990.31,3.15609E+12,0.309267171,0.543150193,-2612.908936,0.007366981,42.37241745,-0.040469926,-110.8254242,-85.49573517,-47.76988602,-29.93418694,0.050379986,0.492770207
36,-3.29999504,-72.89999976,2014,4,98,298.4288177,0.27197746,0.596252838,0.008535628,6.10E-06,0.222774079,-0.00479489,7.07E-06,0.249157989,16016549.88,2.95317E+12,0.369811464,0.412683166,-2612.908936,0.007366981,42.37241745,-0.040469926,-110.8254242,-85.49573517,-47.76988602,-29.93418694,0.037527057,0.375156109
36,-3.29999504,-72.89999976,2015,4,98,298.4801127,0.354367969,0.533047074,0.008753894,6.53E-06,0.219287587,-0.005030077,7.87E-06,0.244023636,15910087.71,3.39844E+12,0.299240786,0.34151238,-2612.908936,0.007366981,42.37241745,-0.040469926,-110.8254242,-85.49573517,-47.76988602,-29.93418694,0.014424539,0.327087841
36,-3.29999504,-72.89999976,2016,4,98,298.6158091,0.462071889,0.468366556,0.008852784,6.32E-06,0.173148857,-0.005135988,7.52E-06,0.201782126,15814057.25,3.7908E+12,0.231085488,0.264250527,-2612.908936,0.007366981,42.37241745,-0.040469926,-110.8254242,-85.49573517,-47.76988602,-29.93418694,-0.010166593,0.27441712
36,-3.29999504,-72.89999976,2017,4,98,298.7100016,0.397965658,0.385003916,0.008647583,7.06E-06,0.109671664,-0.004910821,8.27E-06,0.138718056,15881786.08,3.46286E+12,0.161656651,0.329270554,-2612.908936,0.007366981,42.37241745,-0.040469926,-110.8254242,-85.49573517,-47.76988602,-29.93418694,0.025774237,0.303496317
36,-3.29999504,-72.89999976,2018,4,98,298.733963,0.421034149,0.338887905,0.008571528,7.26E-06,0.035599315,-0.004829585,8.60E-06,0.065002078,15902851.85,3.56467E+12,0.112750641,0.441779062,-2612.908936,0.007366981,42.37241745,-0.040469926,-110.8254242,-85.49573517,-47.76988602,-29.93418694,0.06435732,0.377421742
36,-3.29999504,-72.89999976,2019,4,98,298.749705,0.354618293,0.350784029,0.008593833,6.68E-06,-0.015695099,-0.004840885,7.64E-06,0.017680962,15914915.23,2.85189E+12,0.148749247,0.34703668,-2612.908936,0.007366981,42.37241745,-0.040469926,-110.8254242,-85.49573517,-47.76988602,-29.93418694,0.079239297,0.267797384
36,-3.29999504,-72.89999976,2020,4,98,298.7841237,0.303203738,0.339752861,0.008184006,6.45E-06,0.008623296,-0.004399652,7.53E-06,0.039888518,16098352.42,3.01144E+12,0.17623724,0.16936581,-2612.908936,0.007366981,42.37241745,-0.040469926,-110.8254242,-85.49573517,-47.76988602,-29.93418694,0.072288542,0.097077267
36,-3.29999504,-72.89999976,2021,4,98,298.7458547,0.362379093,0.333485012,0.008389023,7.37E-06,0.027137207,-0.004589621,8.53E-06,0.054362187,16138046.4,3.75893E+12,0.229605176,0.06346323,-2612.908936,0.007366981,42.37241745,-0.040469926,-110.8254242,-85.49573517,-47.76988602,-29.93418694,0.060121634,0.003341596
36,-3.29999504,-72.89999976,2022,4,98,298.7908223,0.368466651,0.334302426,0.007882623,9.74E-06,0.081911087,-0.00426475,8.99E-06,0.099574648,15351787.78,1.1048E+13,0.302788364,0.141866975,-2612.908936,0.007366981,42.37241745,-0.040469926,-110.8254242,-85.49573517,-47.76988602,-29.93418694,0.045914965,0.09595201
36,-3.29999504,-72.89999976,2023,4,98,298.9406484,0.610110918,0.352180879,0.006405815,1.19E-05,0.217958623,-0.003384277,8.35E-06,0.159255605,12766011.97,2.90074E+13,0.477701168,0.323576409,-2612.908936,0.007366981,42.37241745,-0.040469926,-110.8254242,-85.49573517,-47.76988602,-29.93418694,0.02074979,0.30282662
36,-3.29999504,-72.89999976,2024,4,98,299.1216838,0.804575369,0.43893931,0.006378316,1.33E-05,0.349958158,-0.003426191,9.80E-06,0.201787332,12466150.76,3.24491E+13,0.654969171,0.525471934,-2612.908936,0.007366981,42.37241745,-0.040469926,-110.8254242,-85.49573517,-47.76988602,-29.93418694,0.022028813,0.503443121
37,-3.29999504,-72.89968466,2000,4,98,297.9968872,0.484189978,NaN,0.008789928,3.81E-06,NaN,-0.005034993,4.74E-06,NaN,16009111.17,4.14178E+12,NaN,NaN,-5870.45166,0.011673896,42.65468597,0,-91.97380829,-83.56484985,-24.0847187,-3.306806803,NaN,NaN
37,-3.29999504,-72.89968466,2001,4,98,298.052592,0.48396436,NaN,0.008461012,3.46E-06,NaN,-0.004716872,4.08E-06,NaN,16109959,3.55302E+12,NaN,NaN,-5870.45166,0.011673896,42.65468597,0,-91.97380829,-83.56484985,-24.0847187,-3.306806803,NaN,NaN
37,-3.29999504,-72.89968466,2002,4,98,298.1588813,0.441866763,NaN,0.008401782,3.68E-06,NaN,-0.004663544,4.25E-06,NaN,16096794.5,3.44672E+12,NaN,NaN,-5870.45166,0.011673896,42.65468597,0,-91.97380829,-83.56484985,-24.0847187,-3.306806803,NaN,NaN
37,-3.29999504,-72.89968466,2003,4,98,298.2058563,0.448229675,NaN,0.00830621,3.81E-06,NaN,-0.004578492,4.41E-06,NaN,16072295.65,3.35178E+12,NaN,NaN,-5870.45166,0.011673896,42.65468597,0,-91.97380829,-83.56484985,-24.0847187,-3.306806803,NaN,NaN
37,-3.29999504,-72.89968466,2004,4,98,298.3306071,0.523617393,0.425347192,0.008047275,3.59E-06,0.122578172,-0.004309457,4.20E-06,0.162038236,16178039.08,3.28529E+12,0.401524694,NaN,-5870.45166,0.011673896,42.65468597,0,-91.97380829,-83.56484985,-24.0847187,-3.306806803,0,NaN
37,-3.29999504,-72.89968466,2005,4,98,298.4815623,0.456356827,0.436071616,0.007948934,3.50E-06,0.135299373,-0.004183177,4.17E-06,0.171470032,16248002.96,3.36562E+12,0.372233155,NaN,-5870.45166,0.011673896,42.65468597,0,-91.97380829,-83.56484985,-24.0847187,-3.306806803,0.007670104,NaN
37,-3.29999504,-72.89968466,2006,4,98,298.5263418,0.437819717,0.431697532,0.007781124,3.36E-06,0.167936164,-0.003975765,3.95E-06,0.201034405,16409764.31,3.22018E+12,0.378124277,NaN,-5870.45166,0.011673896,42.65468597,0,-91.97380829,-83.56484985,-24.0847187,-3.306806803,-0.00694246,NaN
37,-3.29999504,-72.89968466,2007,4,98,298.575236,0.453226095,0.404553569,0.007597254,3.25E-06,0.203451915,-0.003752865,3.87E-06,0.228661517,16559292.17,3.30426E+12,0.371398572,NaN,-5870.45166,0.011673896,42.65468597,0,-91.97380829,-83.56484985,-24.0847187,-3.306806803,0.014502045,NaN
37,-3.29999504,-72.89968466,2008,4,98,298.5547384,0.348114582,0.3854754,0.007594873,3.46E-06,0.254851618,-0.003748978,4.07E-06,0.267821742,16572429.6,3.04875E+12,0.334523436,NaN,-5870.45166,0.011673896,42.65468597,0,-91.97380829,-83.56484985,-24.0847187,-3.306806803,0.005233796,NaN
37,-3.29999504,-72.89968466,2009,4,98,298.504364,0.370323857,0.33999446,0.007866176,4.59E-06,0.28546985,-0.004047767,5.41E-06,0.284869757,16466668.69,2.97941E+12,0.276173346,0.313362534,-5870.45166,0.011673896,42.65468597,0,-91.97380829,-83.56484985,-24.0847187,-3.306806803,-0.006803912,0.320166446
37,-3.29999504,-72.89968466,2010,4,98,298.6173452,0.450373308,0.33379433,0.00782698,5.10E-06,0.293176657,-0.003999138,6.12E-06,0.282068358,16464682.83,3.17931E+12,0.209965389,0.287639718,-5870.45166,0.011673896,42.65468597,0,-91.97380829,-83.56484985,-24.0847187,-3.306806803,-0.009610264,0.297249982
37,-3.29999504,-72.89968466,2011,4,98,298.5923411,0.378471327,0.387585831,0.008047841,5.82E-06,0.267251434,-0.004245801,6.93E-06,0.260414105,16340781.54,3.26564E+12,0.205474469,0.279938435,-5870.45166,0.011673896,42.65468597,0,-91.97380829,-83.56484985,-24.0847187,-3.306806803,-0.020699774,0.300638209
37,-3.29999504,-72.89968466,2012,4,98,298.5870972,0.359563418,0.457419937,0.008234569,7.09E-06,0.230313547,-0.004436922,8.22E-06,0.231391313,16281927.06,3.14722E+12,0.230557993,0.310958475,-5870.45166,0.011673896,42.65468597,0,-91.97380829,-83.56484985,-24.0847187,-3.306806803,-0.002355893,0.313314368
37,-3.29999504,-72.89968466,2013,4,98,298.5754649,0.368779703,0.567364583,0.008185195,6.26E-06,0.226626483,-0.004382462,7.27E-06,0.241217965,16287990.31,3.15609E+12,0.309267171,0.274354062,-5870.45166,0.011673896,42.65468597,0,-91.97380829,-83.56484985,-24.0847187,-3.306806803,0.042877342,0.23147672
37,-3.29999504,-72.89968466,2014,4,98,298.4288177,0.27197746,0.596252838,0.008535628,6.10E-06,0.222774079,-0.00479489,7.07E-06,0.249157989,16016549.88,2.95317E+12,0.369811464,0.246082177,-5870.45166,0.011673896,42.65468597,0,-91.97380829,-83.56484985,-24.0847187,-3.306806803,0.045721334,0.200360843
37,-3.29999504,-72.89968466,2015,4,98,298.4801127,0.354367969,0.533047074,0.008753894,6.53E-06,0.219287587,-0.005030077,7.87E-06,0.244023636,15910087.71,3.39844E+12,0.299240786,0.271923292,-5870.45166,0.011673896,42.65468597,0,-91.97380829,-83.56484985,-24.0847187,-3.306806803,0.005259562,0.26666373
37,-3.29999504,-72.89968466,2016,4,98,298.6158091,0.462071889,0.468366556,0.008852784,6.32E-06,0.173148857,-0.005135988,7.52E-06,0.201782126,15814057.25,3.7908E+12,0.231085488,0.276226833,-5870.45166,0.011673896,42.65468597,0,-91.97380829,-83.56484985,-24.0847187,-3.306806803,-0.014288388,0.290515221
37,-3.29999504,-72.89968466,2017,4,98,298.7100016,0.397965658,0.385003916,0.008647583,7.06E-06,0.109671664,-0.004910821,8.27E-06,0.138718056,15881786.08,3.46286E+12,0.161656651,0.351699372,-5870.45166,0.011673896,42.65468597,0,-91.97380829,-83.56484985,-24.0847187,-3.306806803,0.02697413,0.324725242
37,-3.29999504,-72.89968466,2018,4,98,298.733963,0.421034149,0.338887905,0.008571528,7.26E-06,0.035599315,-0.004829585,8.60E-06,0.065002078,15902851.85,3.56467E+12,0.112750641,0.376881258,-5870.45166,0.011673896,42.65468597,0,-91.97380829,-83.56484985,-24.0847187,-3.306806803,0.065502113,0.311379144
37,-3.29999504,-72.89968466,2019,4,98,298.749705,0.354618293,0.350784029,0.008593833,6.68E-06,-0.015695099,-0.004840885,7.64E-06,0.017680962,15914915.23,2.85189E+12,0.148749247,0.279069795,-5870.45166,0.011673896,42.65468597,0,-91.97380829,-83.56484985,-24.0847187,-3.306806803,0.076669781,0.202400014
37,-3.29999504,-72.89968466,2020,4,98,298.7841237,0.303203738,0.339752861,0.008184006,6.45E-06,0.008623296,-0.004399652,7.53E-06,0.039888518,16098352.42,3.01144E+12,0.17623724,0.205030715,-5870.45166,0.011673896,42.65468597,0,-91.97380829,-83.56484985,-24.0847187,-3.306806803,0.076574744,0.128455971
37,-3.29999504,-72.89968466,2021,4,98,298.7458547,0.362379093,0.333485012,0.008389023,7.37E-06,0.027137207,-0.004589621,8.53E-06,0.054362187,16138046.4,3.75893E+12,0.229605176,0.159230336,-5870.45166,0.011673896,42.65468597,0,-91.97380829,-83.56484985,-24.0847187,-3.306806803,0.068666464,0.090563872
37,-3.29999504,-72.89968466,2022,4,98,298.7908223,0.368466651,0.334302426,0.007882623,9.74E-06,0.081911087,-0.00426475,8.99E-06,0.099574648,15351787.78,1.1048E+13,0.302788364,0.233585696,-5870.45166,0.011673896,42.65468597,0,-91.97380829,-83.56484985,-24.0847187,-3.306806803,0.052719183,0.180866514
37,-3.29999504,-72.89968466,2023,4,98,298.9406484,0.610110918,0.352180879,0.006405815,1.19E-05,0.217958623,-0.003384277,8.35E-06,0.159255605,12766011.97,2.90074E+13,0.477701168,0.43124703,-5870.45166,0.011673896,42.65468597,0,-91.97380829,-83.56484985,-24.0847187,-3.306806803,0.018211387,0.413035643
37,-3.29999504,-72.89968466,2024,4,98,299.1216838,0.804575369,0.43893931,0.006378316,1.33E-05,0.349958158,-0.003426191,9.80E-06,0.201787332,12466150.76,3.24491E+13,0.654969171,0.55115135,-5870.45166,0.011673896,42.65468597,0,-91.97380829,-83.56484985,-24.0847187,-3.306806803,0.01314828,0.53800307
38,-3.2997272,-72.89999713,2000,4,93,297.9968872,0.484189978,NaN,0.008789928,3.81E-06,NaN,-0.005034993,4.74E-06,NaN,16009111.17,4.14178E+12,NaN,NaN,2974.946289,0,35.97148514,-26.7050209,-124.4382095,0,-66.74165344,-48.45042419,NaN,NaN
38,-3.2997272,-72.89999713,2001,4,93,298.052592,0.48396436,NaN,0.008461012,3.46E-06,NaN,-0.004716872,4.08E-06,NaN,16109959,3.55302E+12,NaN,NaN,2974.946289,0,35.97148514,-26.7050209,-124.4382095,0,-66.74165344,-48.45042419,NaN,NaN
38,-3.2997272,-72.89999713,2002,4,93,298.1588813,0.441866763,NaN,0.008401782,3.68E-06,NaN,-0.004663544,4.25E-06,NaN,16096794.5,3.44672E+12,NaN,NaN,2974.946289,0,35.97148514,-26.7050209,-124.4382095,0,-66.74165344,-48.45042419,NaN,NaN
38,-3.2997272,-72.89999713,2003,4,93,298.2058563,0.448229675,NaN,0.00830621,3.81E-06,NaN,-0.004578492,4.41E-06,NaN,16072295.65,3.35178E+12,NaN,NaN,2974.946289,0,35.97148514,-26.7050209,-124.4382095,0,-66.74165344,-48.45042419,NaN,NaN
38,-3.2997272,-72.89999713,2004,4,93,298.3306071,0.523617393,0.425347192,0.008047275,3.59E-06,0.122578172,-0.004309457,4.20E-06,0.162038236,16178039.08,3.28529E+12,0.401524694,NaN,2974.946289,0,35.97148514,-26.7050209,-124.4382095,0,-66.74165344,-48.45042419,0,NaN
38,-3.2997272,-72.89999713,2005,4,93,298.4815623,0.456356827,0.436071616,0.007948934,3.50E-06,0.135299373,-0.004183177,4.17E-06,0.171470032,16248002.96,3.36562E+12,0.372233155,0.101372746,2974.946289,0,35.97148514,-26.7050209,-124.4382095,0,-66.74165344,-48.45042419,0.004659154,0.096713591
38,-3.2997272,-72.89999713,2006,4,93,298.5263418,0.437819717,0.431697532,0.007781124,3.36E-06,0.167936164,-0.003975765,3.95E-06,0.201034405,16409764.31,3.22018E+12,0.378124277,0.101372746,2974.946289,0,35.97148514,-26.7050209,-124.4382095,0,-66.74165344,-48.45042419,0.003489852,0.097882893
38,-3.2997272,-72.89999713,2007,4,93,298.575236,0.453226095,0.404553569,0.007597254,3.25E-06,0.203451915,-0.003752865,3.87E-06,0.228661517,16559292.17,3.30426E+12,0.371398572,0.349002693,2974.946289,0,35.97148514,-26.7050209,-124.4382095,0,-66.74165344,-48.45042419,0.01360348,0.335399213
38,-3.2997272,-72.89999713,2008,4,93,298.5547384,0.348114582,0.3854754,0.007594873,3.46E-06,0.254851618,-0.003748978,4.07E-06,0.267821742,16572429.6,3.04875E+12,0.334523436,0.258632705,2974.946289,0,35.97148514,-26.7050209,-124.4382095,0,-66.74165344,-48.45042419,0.028970187,0.229662518
38,-3.2997272,-72.89999713,2009,4,93,298.504364,0.370323857,0.33999446,0.007866176,4.59E-06,0.28546985,-0.004047767,5.41E-06,0.284869757,16466668.69,2.97941E+12,0.276173346,0.118442581,2974.946289,0,35.97148514,-26.7050209,-124.4382095,0,-66.74165344,-48.45042419,-0.004308358,0.122750939
38,-3.2997272,-72.89999713,2010,4,93,298.6173452,0.450373308,0.33379433,0.00782698,5.10E-06,0.293176657,-0.003999138,6.12E-06,0.282068358,16464682.83,3.17931E+12,0.209965389,0.203939887,2974.946289,0,35.97148514,-26.7050209,-124.4382095,0,-66.74165344,-48.45042419,0.009736368,0.194203519
38,-3.2997272,-72.89999713,2011,4,93,298.5923411,0.378471327,0.387585831,0.008047841,5.82E-06,0.267251434,-0.004245801,6.93E-06,0.260414105,16340781.54,3.26564E+12,0.205474469,0.263587645,2974.946289,0,35.97148514,-26.7050209,-124.4382095,0,-66.74165344,-48.45042419,-0.010956197,0.274543842
38,-3.2997272,-72.89999713,2012,4,93,298.5870972,0.359563418,0.457419937,0.008234569,7.09E-06,0.230313547,-0.004436922,8.22E-06,0.231391313,16281927.06,3.14722E+12,0.230557993,0.394818982,2974.946289,0,35.97148514,-26.7050209,-124.4382095,0,-66.74165344,-48.45042419,0.010628822,0.38419016
38,-3.2997272,-72.89999713,2013,4,93,298.5754649,0.368779703,0.567364583,0.008185195,6.26E-06,0.226626483,-0.004382462,7.27E-06,0.241217965,16287990.31,3.15609E+12,0.309267171,0.533681278,2974.946289,0,35.97148514,-26.7050209,-124.4382095,0,-66.74165344,-48.45042419,-0.013627376,0.547308654
38,-3.2997272,-72.89999713,2014,4,93,298.4288177,0.27197746,0.596252838,0.008535628,6.10E-06,0.222774079,-0.00479489,7.07E-06,0.249157989,16016549.88,2.95317E+12,0.369811464,0.511760121,2974.946289,0,35.97148514,-26.7050209,-124.4382095,0,-66.74165344,-48.45042419,-0.021528091,0.533288212
38,-3.2997272,-72.89999713,2015,4,93,298.4801127,0.354367969,0.533047074,0.008753894,6.53E-06,0.219287587,-0.005030077,7.87E-06,0.244023636,15910087.71,3.39844E+12,0.299240786,0.505873682,2974.946289,0,35.97148514,-26.7050209,-124.4382095,0,-66.74165344,-48.45042419,-0.01577538,0.521649063
38,-3.2997272,-72.89999713,2016,4,93,298.6158091,0.462071889,0.468366556,0.008852784,6.32E-06,0.173148857,-0.005135988,7.52E-06,0.201782126,15814057.25,3.7908E+12,0.231085488,0.511994769,2974.946289,0,35.97148514,-26.7050209,-124.4382095,0,-66.74165344,-48.45042419,-0.031179484,0.543174253
38,-3.2997272,-72.89999713,2017,4,93,298.7100016,0.397965658,0.385003916,0.008647583,7.06E-06,0.109671664,-0.004910821,8.27E-06,0.138718056,15881786.08,3.46286E+12,0.161656651,0.586121048,2974.946289,0,35.97148514,-26.7050209,-124.4382095,0,-66.74165344,-48.45042419,-0.010158743,0.596279791
38,-3.2997272,-72.89999713,2018,4,93,298.733963,0.421034149,0.338887905,0.008571528,7.26E-06,0.035599315,-0.004829585,8.60E-06,0.065002078,15902851.85,3.56467E+12,0.112750641,0.622345004,2974.946289,0,35.97148514,-26.7050209,-124.4382095,0,-66.74165344,-48.45042419,0.019678184,0.60266682
38,-3.2997272,-72.89999713,2019,4,93,298.749705,0.354618293,0.350784029,0.008593833,6.68E-06,-0.015695099,-0.004840885,7.64E-06,0.017680962,15914915.23,2.85189E+12,0.148749247,0.521588509,2974.946289,0,35.97148514,-26.7050209,-124.4382095,0,-66.74165344,-48.45042419,-0.007309043,0.528897552
38,-3.2997272,-72.89999713,2020,4,93,298.7841237,0.303203738,0.339752861,0.008184006,6.45E-06,0.008623296,-0.004399652,7.53E-06,0.039888518,16098352.42,3.01144E+12,0.17623724,0.255557515,2974.946289,0,35.97148514,-26.7050209,-124.4382095,0,-66.74165344,-48.45042419,0.009306045,0.24625147
38,-3.2997272,-72.89999713,2021,4,93,298.7458547,0.362379093,0.333485012,0.008389023,7.37E-06,0.027137207,-0.004589621,8.53E-06,0.054362187,16138046.4,3.75893E+12,0.229605176,0.09697567,2974.946289,0,35.97148514,-26.7050209,-124.4382095,0,-66.74165344,-48.45042419,0.033441502,0.063534168
38,-3.2997272,-72.89999713,2022,4,93,298.7908223,0.368466651,0.334302426,0.007882623,9.74E-06,0.081911087,-0.00426475,8.99E-06,0.099574648,15351787.78,1.1048E+13,0.302788364,0.108235488,2974.946289,0,35.97148514,-26.7050209,-124.4382095,0,-66.74165344,-48.45042419,-0.001027066,0.109262553
38,-3.2997272,-72.89999713,2023,4,93,298.9406484,0.610110918,0.352180879,0.006405815,1.19E-05,0.217958623,-0.003384277,8.35E-06,0.159255605,12766011.97,2.90074E+13,0.477701168,0.212939389,2974.946289,0,35.97148514,-26.7050209,-124.4382095,0,-66.74165344,-48.45042419,-0.008384924,0.221324313
38,-3.2997272,-72.89999713,2024,4,93,299.1216838,0.804575369,0.43893931,0.006378316,1.33E-05,0.349958158,-0.003426191,9.80E-06,0.201787332,12466150.76,3.24491E+13,0.654969171,0.377142041,2974.946289,0,35.97148514,-26.7050209,-124.4382095,0,-66.74165344,-48.45042419,-0.013611069,0.39075311
39,-3.30025976,-72.8999909,2000,4,97,297.9968872,0.484189978,NaN,0.008789928,3.81E-06,NaN,-0.005034993,4.74E-06,NaN,16009111.17,4.14178E+12,NaN,NaN,NaN,NaN,NaN,NaN,NaN,NaN,NaN,NaN,NaN,NaN
39,-3.30025976,-72.8999909,2001,4,97,298.052592,0.48396436,NaN,0.008461012,3.46E-06,NaN,-0.004716872,4.08E-06,NaN,16109959,3.55302E+12,NaN,NaN,NaN,NaN,NaN,NaN,NaN,NaN,NaN,NaN,NaN,NaN
39,-3.30025976,-72.8999909,2002,4,97,298.1588813,0.441866763,NaN,0.008401782,3.68E-06,NaN,-0.004663544,4.25E-06,NaN,16096794.5,3.44672E+12,NaN,NaN,NaN,NaN,NaN,NaN,NaN,NaN,NaN,NaN,NaN,NaN
39,-3.30025976,-72.8999909,2003,4,97,298.2058563,0.448229675,NaN,0.00830621,3.81E-06,NaN,-0.004578492,4.41E-06,NaN,16072295.65,3.35178E+12,NaN,NaN,NaN,NaN,NaN,NaN,NaN,NaN,NaN,NaN,NaN,NaN
39,-3.30025976,-72.8999909,2004,4,97,298.3306071,0.523617393,0.425347192,0.008047275,3.59E-06,0.122578172,-0.004309457,4.20E-06,0.162038236,16178039.08,3.28529E+12,0.401524694,NaN,NaN,NaN,NaN,NaN,NaN,NaN,NaN,NaN,NaN,NaN
39,-3.30025976,-72.8999909,2005,4,97,298.4815623,0.456356827,0.436071616,0.007948934,3.50E-06,0.135299373,-0.004183177,4.17E-06,0.171470032,16248002.96,3.36562E+12,0.372233155,NaN,NaN,NaN,NaN,NaN,NaN,NaN,NaN,NaN,NaN,NaN
39,-3.30025976,-72.8999909,2006,4,97,298.5263418,0.437819717,0.431697532,0.007781124,3.36E-06,0.167936164,-0.003975765,3.95E-06,0.201034405,16409764.31,3.22018E+12,0.378124277,NaN,NaN,NaN,NaN,NaN,NaN,NaN,NaN,NaN,NaN,NaN
39,-3.30025976,-72.8999909,2007,4,97,298.575236,0.453226095,0.404553569,0.007597254,3.25E-06,0.203451915,-0.003752865,3.87E-06,0.228661517,16559292.17,3.30426E+12,0.371398572,NaN,NaN,NaN,NaN,NaN,NaN,NaN,NaN,NaN,NaN,NaN
39,-3.30025976,-72.8999909,2008,4,97,298.5547384,0.348114582,0.3854754,0.007594873,3.46E-06,0.254851618,-0.003748978,4.07E-06,0.267821742,16572429.6,3.04875E+12,0.334523436,NaN,NaN,NaN,NaN,NaN,NaN,NaN,NaN,NaN,NaN,NaN
39,-3.30025976,-72.8999909,2009,4,97,298.504364,0.370323857,0.33999446,0.007866176,4.59E-06,0.28546985,-0.004047767,5.41E-06,0.284869757,16466668.69,2.97941E+12,0.276173346,0.029153321,NaN,NaN,NaN,NaN,NaN,NaN,NaN,NaN,NaN,NaN
39,-3.30025976,-72.8999909,2010,4,97,298.6173452,0.450373308,0.33379433,0.00782698,5.10E-06,0.293176657,-0.003999138,6.12E-06,0.282068358,16464682.83,3.17931E+12,0.209965389,0.299662572,NaN,NaN,NaN,NaN,NaN,NaN,NaN,NaN,NaN,NaN
39,-3.30025976,-72.8999909,2011,4,97,298.5923411,0.378471327,0.387585831,0.008047841,5.82E-06,0.267251434,-0.004245801,6.93E-06,0.260414105,16340781.54,3.26564E+12,0.205474469,0.380191435,NaN,NaN,NaN,NaN,NaN,NaN,NaN,NaN,NaN,NaN
39,-3.30025976,-72.8999909,2012,4,97,298.5870972,0.359563418,0.457419937,0.008234569,7.09E-06,0.230313547,-0.004436922,8.22E-06,0.231391313,16281927.06,3.14722E+12,0.230557993,0.421847496,NaN,NaN,NaN,NaN,NaN,NaN,NaN,NaN,NaN,NaN
39,-3.30025976,-72.8999909,2013,4,97,298.5754649,0.368779703,0.567364583,0.008185195,6.26E-06,0.226626483,-0.004382462,7.27E-06,0.241217965,16287990.31,3.15609E+12,0.309267171,0.50158433,NaN,NaN,NaN,NaN,NaN,NaN,NaN,NaN,NaN,NaN
39,-3.30025976,-72.8999909,2014,4,97,298.4288177,0.27197746,0.596252838,0.008535628,6.10E-06,0.222774079,-0.00479489,7.07E-06,0.249157989,16016549.88,2.95317E+12,0.369811464,0.347274764,NaN,NaN,NaN,NaN,NaN,NaN,NaN,NaN,NaN,NaN
39,-3.30025976,-72.8999909,2015,4,97,298.4801127,0.354367969,0.533047074,0.008753894,6.53E-06,0.219287587,-0.005030077,7.87E-06,0.244023636,15910087.71,3.39844E+12,0.299240786,0.214602428,NaN,NaN,NaN,NaN,NaN,NaN,NaN,NaN,NaN,NaN
39,-3.30025976,-72.8999909,2016,4,97,298.6158091,0.462071889,0.468366556,0.008852784,6.32E-06,0.173148857,-0.005135988,7.52E-06,0.201782126,15814057.25,3.7908E+12,0.231085488,0.052063992,NaN,NaN,NaN,NaN,NaN,NaN,NaN,NaN,NaN,NaN
39,-3.30025976,-72.8999909,2017,4,97,298.7100016,0.397965658,0.385003916,0.008647583,7.06E-06,0.109671664,-0.004910821,8.27E-06,0.138718056,15881786.08,3.46286E+12,0.161656651,-0.055391981,NaN,NaN,NaN,NaN,NaN,NaN,NaN,NaN,NaN,NaN
39,-3.30025976,-72.8999909,2018,4,97,298.733963,0.421034149,0.338887905,0.008571528,7.26E-06,0.035599315,-0.004829585,8.60E-06,0.065002078,15902851.85,3.56467E+12,0.112750641,-0.133895244,NaN,NaN,NaN,NaN,NaN,NaN,NaN,NaN,NaN,NaN
39,-3.30025976,-72.8999909,2019,4,97,298.749705,0.354618293,0.350784029,0.008593833,6.68E-06,-0.015695099,-0.004840885,7.64E-06,0.017680962,15914915.23,2.85189E+12,0.148749247,-0.283647977,NaN,NaN,NaN,NaN,NaN,NaN,NaN,NaN,NaN,NaN
39,-3.30025976,-72.8999909,2020,4,97,298.7841237,0.303203738,0.339752861,0.008184006,6.45E-06,0.008623296,-0.004399652,7.53E-06,0.039888518,16098352.42,3.01144E+12,0.17623724,-0.382471095,NaN,NaN,NaN,NaN,NaN,NaN,NaN,NaN,NaN,NaN
39,-3.30025976,-72.8999909,2021,4,97,298.7458547,0.362379093,0.333485012,0.008389023,7.37E-06,0.027137207,-0.004589621,8.53E-06,0.054362187,16138046.4,3.75893E+12,0.229605176,-0.390400136,NaN,NaN,NaN,NaN,NaN,NaN,NaN,NaN,NaN,NaN
39,-3.30025976,-72.8999909,2022,4,97,298.7908223,0.368466651,0.334302426,0.007882623,9.74E-06,0.081911087,-0.00426475,8.99E-06,0.099574648,15351787.78,1.1048E+13,0.302788364,-0.157699682,NaN,NaN,NaN,NaN,NaN,NaN,NaN,NaN,NaN,NaN
39,-3.30025976,-72.8999909,2023,4,97,298.9406484,0.610110918,0.352180879,0.006405815,1.19E-05,0.217958623,-0.003384277,8.35E-06,0.159255605,12766011.97,2.90074E+13,0.477701168,0.151539806,NaN,NaN,NaN,NaN,NaN,NaN,NaN,NaN,NaN,NaN
39,-3.30025976,-72.8999909,2024,4,97,299.1216838,0.804575369,0.43893931,0.006378316,1.33E-05,0.349958158,-0.003426191,9.80E-06,0.201787332,12466150.76,3.24491E+13,0.654969171,0.435209664,NaN,NaN,NaN,NaN,NaN,NaN,NaN,NaN,NaN,NaN
40,-3.29999717,-72.90032733,2000,4,98,297.9968872,0.484189978,NaN,0.008789928,3.81E-06,NaN,-0.005034993,4.74E-06,NaN,16009111.17,4.14178E+12,NaN,NaN,2864.898926,0,101.6444016,-5.368609905,-75.72890472,-75.39191437,-43.2522583,0,NaN,NaN
40,-3.29999717,-72.90032733,2001,4,98,298.052592,0.48396436,NaN,0.008461012,3.46E-06,NaN,-0.004716872,4.08E-06,NaN,16109959,3.55302E+12,NaN,NaN,2864.898926,0,101.6444016,-5.368609905,-75.72890472,-75.39191437,-43.2522583,0,NaN,NaN
40,-3.29999717,-72.90032733,2002,4,98,298.1588813,0.441866763,NaN,0.008401782,3.68E-06,NaN,-0.004663544,4.25E-06,NaN,16096794.5,3.44672E+12,NaN,NaN,2864.898926,0,101.6444016,-5.368609905,-75.72890472,-75.39191437,-43.2522583,0,NaN,NaN
40,-3.29999717,-72.90032733,2003,4,98,298.2058563,0.448229675,NaN,0.00830621,3.81E-06,NaN,-0.004578492,4.41E-06,NaN,16072295.65,3.35178E+12,NaN,NaN,2864.898926,0,101.6444016,-5.368609905,-75.72890472,-75.39191437,-43.2522583,0,NaN,NaN
40,-3.29999717,-72.90032733,2004,4,98,298.3306071,0.523617393,0.425347192,0.008047275,3.59E-06,0.122578172,-0.004309457,4.20E-06,0.162038236,16178039.08,3.28529E+12,0.401524694,NaN,2864.898926,0,101.6444016,-5.368609905,-75.72890472,-75.39191437,-43.2522583,0,0,NaN
40,-3.29999717,-72.90032733,2005,4,98,298.4815623,0.456356827,0.436071616,0.007948934,3.50E-06,0.135299373,-0.004183177,4.17E-06,0.171470032,16248002.96,3.36562E+12,0.372233155,0.78392015,2864.898926,0,101.6444016,-5.368609905,-75.72890472,-75.39191437,-43.2522583,0,0.011768867,0.772151283
40,-3.29999717,-72.90032733,2006,4,98,298.5263418,0.437819717,0.431697532,0.007781124,3.36E-06,0.167936164,-0.003975765,3.95E-06,0.201034405,16409764.31,3.22018E+12,0.378124277,0.78392015,2864.898926,0,101.6444016,-5.368609905,-75.72890472,-75.39191437,-43.2522583,0,0.001149842,0.782770308
40,-3.29999717,-72.90032733,2007,4,98,298.575236,0.453226095,0.404553569,0.007597254,3.25E-06,0.203451915,-0.003752865,3.87E-06,0.228661517,16559292.17,3.30426E+12,0.371398572,0.588018641,2864.898926,0,101.6444016,-5.368609905,-75.72890472,-75.39191437,-43.2522583,0,0.011746324,0.576272316
40,-3.29999717,-72.90032733,2008,4,98,298.5547384,0.348114582,0.3854754,0.007594873,3.46E-06,0.254851618,-0.003748978,4.07E-06,0.267821742,16572429.6,3.04875E+12,0.334523436,0.647832222,2864.898926,0,101.6444016,-5.368609905,-75.72890472,-75.39191437,-43.2522583,0,0.007447019,0.640385203
40,-3.29999717,-72.90032733,2009,4,98,298.504364,0.370323857,0.33999446,0.007866176,4.59E-06,0.28546985,-0.004047767,5.41E-06,0.284869757,16466668.69,2.97941E+12,0.276173346,0.681891403,2864.898926,0,101.6444016,-5.368609905,-75.72890472,-75.39191437,-43.2522583,0,-0.006267358,0.688158761
40,-3.29999717,-72.90032733,2010,4,98,298.6173452,0.450373308,0.33379433,0.00782698,5.10E-06,0.293176657,-0.003999138,6.12E-06,0.282068358,16464682.83,3.17931E+12,0.209965389,0.709973222,2864.898926,0,101.6444016,-5.368609905,-75.72890472,-75.39191437,-43.2522583,0,-0.008115975,0.718089197
40,-3.29999717,-72.90032733,2011,4,98,298.5923411,0.378471327,0.387585831,0.008047841,5.82E-06,0.267251434,-0.004245801,6.93E-06,0.260414105,16340781.54,3.26564E+12,0.205474469,0.776028006,2864.898926,0,101.6444016,-5.368609905,-75.72890472,-75.39191437,-43.2522583,0,0.006232846,0.76979516
40,-3.29999717,-72.90032733,2012,4,98,298.5870972,0.359563418,0.457419937,0.008234569,7.09E-06,0.230313547,-0.004436922,8.22E-06,0.231391313,16281927.06,3.14722E+12,0.230557993,0.793538355,2864.898926,0,101.6444016,-5.368609905,-75.72890472,-75.39191437,-43.2522583,0,0.019351679,0.774186676
40,-3.29999717,-72.90032733,2013,4,98,298.5754649,0.368779703,0.567364583,0.008185195,6.26E-06,0.226626483,-0.004382462,7.27E-06,0.241217965,16287990.31,3.15609E+12,0.309267171,0.708601993,2864.898926,0,101.6444016,-5.368609905,-75.72890472,-75.39191437,-43.2522583,0,0.047734637,0.660867357
40,-3.29999717,-72.90032733,2014,4,98,298.4288177,0.27197746,0.596252838,0.008535628,6.10E-06,0.222774079,-0.00479489,7.07E-06,0.249157989,16016549.88,2.95317E+12,0.369811464,0.609117264,2864.898926,0,101.6444016,-5.368609905,-75.72890472,-75.39191437,-43.2522583,0,0.047465212,0.561652052
40,-3.29999717,-72.90032733,2015,4,98,298.4801127,0.354367969,0.533047074,0.008753894,6.53E-06,0.219287587,-0.005030077,7.87E-06,0.244023636,15910087.71,3.39844E+12,0.299240786,0.517477695,2864.898926,0,101.6444016,-5.368609905,-75.72890472,-75.39191437,-43.2522583,0,0.042214322,0.475263373
40,-3.29999717,-72.90032733,2016,4,98,298.6158091,0.462071889,0.468366556,0.008852784,6.32E-06,0.173148857,-0.005135988,7.52E-06,0.201782126,15814057.25,3.7908E+12,0.231085488,0.424090376,2864.898926,0,101.6444016,-5.368609905,-75.72890472,-75.39191437,-43.2522583,0,0.033452949,0.390637427
40,-3.29999717,-72.90032733,2017,4,98,298.7100016,0.397965658,0.385003916,0.008647583,7.06E-06,0.109671664,-0.004910821,8.27E-06,0.138718056,15881786.08,3.46286E+12,0.161656651,0.440248177,2864.898926,0,101.6444016,-5.368609905,-75.72890472,-75.39191437,-43.2522583,0,0.007892213,0.432355964
40,-3.29999717,-72.90032733,2018,4,98,298.733963,0.421034149,0.338887905,0.008571528,7.26E-06,0.035599315,-0.004829585,8.60E-06,0.065002078,15902851.85,3.56467E+12,0.112750641,0.483441347,2864.898926,0,101.6444016,-5.368609905,-75.72890472,-75.39191437,-43.2522583,0,0.035950964,0.447490383
40,-3.29999717,-72.90032733,2019,4,98,298.749705,0.354618293,0.350784029,0.008593833,6.68E-06,-0.015695099,-0.004840885,7.64E-06,0.017680962,15914915.23,2.85189E+12,0.148749247,0.457685497,2864.898926,0,101.6444016,-5.368609905,-75.72890472,-75.39191437,-43.2522583,0,0.0386894,0.418996097
40,-3.29999717,-72.90032733,2020,4,98,298.7841237,0.303203738,0.339752861,0.008184006,6.45E-06,0.008623296,-0.004399652,7.53E-06,0.039888518,16098352.42,3.01144E+12,0.17623724,0.406614396,2864.898926,0,101.6444016,-5.368609905,-75.72890472,-75.39191437,-43.2522583,0,0.034123981,0.372490415
40,-3.29999717,-72.90032733,2021,4,98,298.7458547,0.362379093,0.333485012,0.008389023,7.37E-06,0.027137207,-0.004589621,8.53E-06,0.054362187,16138046.4,3.75893E+12,0.229605176,0.388367438,2864.898926,0,101.6444016,-5.368609905,-75.72890472,-75.39191437,-43.2522583,0,0.048925826,0.339441612
40,-3.29999717,-72.90032733,2022,4,98,298.7908223,0.368466651,0.334302426,0.007882623,9.74E-06,0.081911087,-0.00426475,8.99E-06,0.099574648,15351787.78,1.1048E+13,0.302788364,0.412659935,2864.898926,0,101.6444016,-5.368609905,-75.72890472,-75.39191437,-43.2522583,0,0.041777832,0.370882102
40,-3.29999717,-72.90032733,2023,4,98,298.9406484,0.610110918,0.352180879,0.006405815,1.19E-05,0.217958623,-0.003384277,8.35E-06,0.159255605,12766011.97,2.90074E+13,0.477701168,0.480606007,2864.898926,0,101.6444016,-5.368609905,-75.72890472,-75.39191437,-43.2522583,0,-0.008014248,0.488620255
40,-3.29999717,-72.90032733,2024,4,98,299.1216838,0.804575369,0.43893931,0.006378316,1.33E-05,0.349958158,-0.003426191,9.80E-06,0.201787332,12466150.76,3.24491E+13,0.654969171,0.554197802,2864.898926,0,101.6444016,-5.368609905,-75.72890472,-75.39191437,-43.2522583,0,0.004150889,0.550046913
41,-16.0199992,-62.72999797,2000,4,100,295.9846802,3.683121303,NaN,0.004415518,6.78E-06,NaN,-0.000742546,4.77E-06,NaN,17270407.67,5.18219E+12,NaN,NaN,NaN,NaN,NaN,NaN,NaN,NaN,NaN,NaN,NaN,NaN
41,-16.0199992,-62.72999797,2001,4,100,296.1445516,3.093628178,NaN,0.004474345,7.07E-06,NaN,-0.000802234,4.59E-06,NaN,17426869.08,5.21608E+12,NaN,NaN,NaN,NaN,NaN,NaN,NaN,NaN,NaN,NaN,NaN,NaN
41,-16.0199992,-62.72999797,2002,4,100,296.3719889,2.942458425,NaN,0.004407586,7.04E-06,NaN,-0.000714493,4.74E-06,NaN,17602653.44,5.87617E+12,NaN,NaN,NaN,NaN,NaN,NaN,NaN,NaN,NaN,NaN,NaN,NaN
41,-16.0199992,-62.72999797,2003,4,100,296.4068654,2.538821256,NaN,0.004304221,6.84E-06,NaN,-0.000638057,4.46E-06,NaN,17682601.77,5.66371E+12,NaN,NaN,NaN,NaN,NaN,NaN,NaN,NaN,NaN,NaN,NaN,NaN
41,-16.0199992,-62.72999797,2004,4,100,296.5167643,2.699719113,0.078172447,0.004208407,6.96E-06,-0.203033219,-0.000582832,4.56E-06,-0.244155824,17706204.15,6.24293E+12,0.192073762,0.146925691,NaN,NaN,NaN,NaN,NaN,NaN,NaN,NaN,NaN,NaN
41,-16.0199992,-62.72999797,2005,4,100,296.5161896,2.472414879,0.101601164,0.00420561,7.16E-06,-0.169126964,-0.000593059,4.77E-06,-0.209644152,17696353.85,5.77823E+12,0.203586881,0.069922852,NaN,NaN,NaN,NaN,NaN,NaN,NaN,NaN,NaN,NaN
41,-16.0199992,-62.72999797,2006,4,100,296.4388987,2.280707861,0.13057608,0.004318332,8.55E-06,-0.038866456,-0.000764963,5.73E-06,-0.088716508,17573983.31,5.05244E+12,0.196163403,0.060156904,NaN,NaN,NaN,NaN,NaN,NaN,NaN,NaN,NaN,NaN
41,-16.0199992,-62.72999797,2007,4,100,296.43514,2.613259357,0.132321832,0.004553419,1.09E-05,0.02723121,-0.001041796,7.56E-06,-0.02617648,17527299.17,4.80812E+12,0.165455428,0.040958602,NaN,NaN,NaN,NaN,NaN,NaN,NaN,NaN,NaN,NaN
41,-16.0199992,-62.72999797,2008,4,100,296.4096375,2.139249854,0.126707168,0.00482752,1.36E-05,0.158615517,-0.001342474,9.88E-06,0.103262739,17558395.56,4.56997E+12,0.114772884,-0.066577751,NaN,NaN,NaN,NaN,NaN,NaN,NaN,NaN,NaN,NaN
41,-16.0199992,-62.72999797,2009,4,100,296.4742126,2.454232844,0.106055542,0.004938562,1.41E-05,0.230942709,-0.001436491,1.07E-05,0.172767531,17510846.19,5.35614E+12,0.045583905,-0.085752435,NaN,NaN,NaN,NaN,NaN,NaN,NaN,NaN,NaN,NaN
41,-16.0199992,-62.72999797,2010,4,100,296.591507,2.780704137,0.05595406,0.004734713,1.47E-05,0.223851415,-0.001297207,1.10E-05,0.170270158,17697496.98,5.88494E+12,-0.017579669,-0.099376289,NaN,NaN,NaN,NaN,NaN,NaN,NaN,NaN,NaN,NaN
41,-16.0199992,-62.72999797,2011,4,100,296.6409658,2.518868765,0.011897632,0.004566226,1.38E-05,0.206728416,-0.00111447,1.03E-05,0.157402859,17708603.31,6.22838E+12,-0.028547111,-0.106824333,NaN,NaN,NaN,NaN,NaN,NaN,NaN,NaN,NaN,NaN
41,-16.0199992,-62.72999797,2012,4,100,296.7066854,2.546816044,-0.011166076,0.004513216,1.19E-05,0.119302797,-0.001001916,8.59E-06,0.069680227,17775655.58,6.15869E+12,-0.016034521,-0.038097643,NaN,NaN,NaN,NaN,NaN,NaN,NaN,NaN,NaN,NaN
41,-16.0199992,-62.72999797,2013,4,100,296.6431732,2.398978233,-0.011849281,0.004318462,1.07E-05,0.078709976,-0.000813771,7.44E-06,0.023274186,17847818,5.97406E+12,-0.001931165,-0.016141818,NaN,NaN,NaN,NaN,NaN,NaN,NaN,NaN,NaN,NaN
41,-16.0199992,-62.72999797,2014,4,100,296.4985199,2.409863767,0.065576231,0.004553802,9.73E-06,-0.00898107,-0.000965832,7.17E-06,-0.0652495,17487962.65,6.78587E+12,0.022492955,0.017363742,NaN,NaN,NaN,NaN,NaN,NaN,NaN,NaN,NaN,NaN
41,-16.0199992,-62.72999797,2015,4,100,296.5641785,2.647681758,0.160560518,0.00474824,9.28E-06,-0.098640721,-0.001055563,7.29E-06,-0.145464714,17454809.56,7.56954E+12,0.039385849,0.088329582,NaN,NaN,NaN,NaN,NaN,NaN,NaN,NaN,NaN,NaN
41,-16.0199992,-62.72999797,2016,4,100,296.5832977,2.636115766,0.243136434,0.004624173,9.74E-06,-0.142491597,-0.000950777,7.55E-06,-0.176902778,17448930.56,7.45175E+12,0.067866864,0.15117945,NaN,NaN,NaN,NaN,NaN,NaN,NaN,NaN,NaN,NaN
41,-16.0199992,-62.72999797,2017,4,100,296.711141,2.479124093,0.276969224,0.004844682,1.06E-05,-0.157119397,-0.001166257,8.14E-06,-0.170754536,17458464.1,7.75282E+12,0.146379705,0.193385309,NaN,NaN,NaN,NaN,NaN,NaN,NaN,NaN,NaN,NaN
41,-16.0199992,-62.72999797,2018,4,100,296.7012482,2.42718237,0.202534474,0.004776435,1.05E-05,-0.117375779,-0.001099988,7.55E-06,-0.117495976,17692973.75,6.08052E+12,0.21055425,0.202133465,NaN,NaN,NaN,NaN,NaN,NaN,NaN,NaN,NaN,NaN
41,-16.0199992,-62.72999797,2019,4,100,296.7154439,2.429331254,0.104341245,0.004459542,9.75E-06,-0.022343689,-0.000893384,6.32E-06,-0.023302404,17814542.88,5.37086E+12,0.241911228,0.180692352,NaN,NaN,NaN,NaN,NaN,NaN,NaN,NaN,NaN,NaN
41,-16.0199992,-62.72999797,2020,4,100,296.9629161,2.816845088,0.013716774,0.004210064,8.88E-06,0.095001426,-0.00072093,5.29E-06,0.08925699,18129544.46,6.08686E+12,0.273328834,0.137521627,NaN,NaN,NaN,NaN,NaN,NaN,NaN,NaN,NaN,NaN
41,-16.0199992,-62.72999797,2021,4,100,296.9783986,3.320676563,0.00614686,0.004026351,1.04E-05,0.200251452,-0.000671939,6.41E-06,0.176734179,18196062.33,5.51884E+12,0.27911543,0.110035697,NaN,NaN,NaN,NaN,NaN,NaN,NaN,NaN,NaN,NaN
41,-16.0199992,-62.72999797,2022,4,100,297.0930278,3.034858057,0.04175564,0.003545813,9.24E-06,0.254098956,-0.000396097,5.48E-06,0.221007539,17425835.66,1.44121E+13,0.290119569,0.049360544,NaN,NaN,NaN,NaN,NaN,NaN,NaN,NaN,NaN,NaN
41,-16.0199992,-62.72999797,2023,4,100,297.2960765,3.658104777,0.097676148,0.002968431,8.73E-06,0.307892962,-0.000386926,4.94E-06,0.227317361,14541802.76,3.45792E+13,0.451893951,0.021894931,NaN,NaN,NaN,NaN,NaN,NaN,NaN,NaN,NaN,NaN
41,-16.0199992,-62.72999797,2024,4,100,297.3728638,3.765672069,0.21510786,0.002786811,8.10E-06,0.363363901,-0.000385633,4.31E-06,0.238329305,13919368.05,3.41648E+13,0.603121268,0.041808411,NaN,NaN,NaN,NaN,NaN,NaN,NaN,NaN,NaN,NaN
42,-16.02000151,-62.72965871,2000,4,100,295.9846802,3.683121303,NaN,0.004415518,6.78E-06,NaN,-0.000742546,4.77E-06,NaN,17270407.67,5.18219E+12,NaN,NaN,2530.451172,0,478.1368103,-128.8052063,-101.0533676,-148.4305573,-33.05470276,42.8167305,NaN,NaN
42,-16.02000151,-62.72965871,2001,4,100,296.1445516,3.093628178,NaN,0.004474345,7.07E-06,NaN,-0.000802234,4.59E-06,NaN,17426869.08,5.21608E+12,NaN,NaN,2530.451172,0,478.1368103,-128.8052063,-101.0533676,-148.4305573,-33.05470276,42.8167305,NaN,NaN
42,-16.02000151,-62.72965871,2002,4,100,296.3719889,2.942458425,NaN,0.004407586,7.04E-06,NaN,-0.000714493,4.74E-06,NaN,17602653.44,5.87617E+12,NaN,NaN,2530.451172,0,478.1368103,-128.8052063,-101.0533676,-148.4305573,-33.05470276,42.8167305,NaN,NaN
42,-16.02000151,-62.72965871,2003,4,100,296.4068654,2.538821256,NaN,0.004304221,6.84E-06,NaN,-0.000638057,4.46E-06,NaN,17682601.77,5.66371E+12,NaN,NaN,2530.451172,0,478.1368103,-128.8052063,-101.0533676,-148.4305573,-33.05470276,42.8167305,NaN,NaN
42,-16.02000151,-62.72965871,2004,4,100,296.5167643,2.699719113,0.078172447,0.004208407,6.96E-06,-0.203033219,-0.000582832,4.56E-06,-0.244155824,17706204.15,6.24293E+12,0.192073762,-0.129642498,2530.451172,0,478.1368103,-128.8052063,-101.0533676,-148.4305573,-33.05470276,42.8167305,0,-0.129642498
42,-16.02000151,-62.72965871,2005,4,100,296.5161896,2.472414879,0.101601164,0.00420561,7.16E-06,-0.169126964,-0.000593059,4.77E-06,-0.209644152,17696353.85,5.77823E+12,0.203586881,-0.023500281,2530.451172,0,478.1368103,-128.8052063,-101.0533676,-148.4305573,-33.05470276,42.8167305,0.004728751,-0.028229032
42,-16.02000151,-62.72965871,2006,4,100,296.4388987,2.280707861,0.13057608,0.004318332,8.55E-06,-0.038866456,-0.000764963,5.73E-06,-0.088716508,17573983.31,5.05244E+12,0.196163403,0.032181439,2530.451172,0,478.1368103,-128.8052063,-101.0533676,-148.4305573,-33.05470276,42.8167305,-0.022504809,0.054686248
42,-16.02000151,-62.72965871,2007,4,100,296.43514,2.613259357,0.132321832,0.004553419,1.09E-05,0.02723121,-0.001041796,7.56E-06,-0.02617648,17527299.17,4.80812E+12,0.165455428,0.042730952,2530.451172,0,478.1368103,-128.8052063,-101.0533676,-148.4305573,-33.05470276,42.8167305,-0.006343691,0.049074643
42,-16.02000151,-62.72965871,2008,4,100,296.4096375,2.139249854,0.126707168,0.00482752,1.36E-05,0.158615517,-0.001342474,9.88E-06,0.103262739,17558395.56,4.56997E+12,0.114772884,0.065749643,2530.451172,0,478.1368103,-128.8052063,-101.0533676,-148.4305573,-33.05470276,42.8167305,0.010301867,0.055447776
42,-16.02000151,-62.72965871,2009,4,100,296.4742126,2.454232844,0.106055542,0.004938562,1.41E-05,0.230942709,-0.001436491,1.07E-05,0.172767531,17510846.19,5.35614E+12,0.045583905,0.003222042,2530.451172,0,478.1368103,-128.8052063,-101.0533676,-148.4305573,-33.05470276,42.8167305,0.018547002,-0.01532496
42,-16.02000151,-62.72965871,2010,4,100,296.591507,2.780704137,0.05595406,0.004734713,1.47E-05,0.223851415,-0.001297207,1.10E-05,0.170270158,17697496.98,5.88494E+12,-0.017579669,-0.052529048,2530.451172,0,478.1368103,-128.8052063,-101.0533676,-148.4305573,-33.05470276,42.8167305,0.011705347,-0.064234395
42,-16.02000151,-62.72965871,2011,4,100,296.6409658,2.518868765,0.011897632,0.004566226,1.38E-05,0.206728416,-0.00111447,1.03E-05,0.157402859,17708603.31,6.22838E+12,-0.028547111,-0.034179163,2530.451172,0,478.1368103,-128.8052063,-101.0533676,-148.4305573,-33.05470276,42.8167305,-0.003911659,-0.030267503
42,-16.02000151,-62.72965871,2012,4,100,296.7066854,2.546816044,-0.011166076,0.004513216,1.19E-05,0.119302797,-0.001001916,8.59E-06,0.069680227,17775655.58,6.15869E+12,-0.016034521,0.012444708,2530.451172,0,478.1368103,-128.8052063,-101.0533676,-148.4305573,-33.05470276,42.8167305,-0.01199656,0.024441268
42,-16.02000151,-62.72965871,2013,4,100,296.6431732,2.398978233,-0.011849281,0.004318462,1.07E-05,0.078709976,-0.000813771,7.44E-06,0.023274186,17847818,5.97406E+12,-0.001931165,0.089676237,2530.451172,0,478.1368103,-128.8052063,-101.0533676,-148.4305573,-33.05470276,42.8167305,-0.00108605,0.090762286
42,-16.02000151,-62.72965871,2014,4,100,296.4985199,2.409863767,0.065576231,0.004553802,9.73E-06,-0.00898107,-0.000965832,7.17E-06,-0.0652495,17487962.65,6.78587E+12,0.022492955,0.170855284,2530.451172,0,478.1368103,-128.8052063,-101.0533676,-148.4305573,-33.05470276,42.8167305,-0.003599596,0.17445488
42,-16.02000151,-62.72965871,2015,4,100,296.5641785,2.647681758,0.160560518,0.00474824,9.28E-06,-0.098640721,-0.001055563,7.29E-06,-0.145464714,17454809.56,7.56954E+12,0.039385849,0.181468536,2530.451172,0,478.1368103,-128.8052063,-101.0533676,-148.4305573,-33.05470276,42.8167305,0.009705831,0.171762705
42,-16.02000151,-62.72965871,2016,4,100,296.5832977,2.636115766,0.243136434,0.004624173,9.74E-06,-0.142491597,-0.000950777,7.55E-06,-0.176902778,17448930.56,7.45175E+12,0.067866864,0.189552228,2530.451172,0,478.1368103,-128.8052063,-101.0533676,-148.4305573,-33.05470276,42.8167305,0.007742464,0.181809764
42,-16.02000151,-62.72965871,2017,4,100,296.711141,2.479124093,0.276969224,0.004844682,1.06E-05,-0.157119397,-0.001166257,8.14E-06,-0.170754536,17458464.1,7.75282E+12,0.146379705,0.177873625,2530.451172,0,478.1368103,-128.8052063,-101.0533676,-148.4305573,-33.05470276,42.8167305,-8.31E-05,0.17795673
42,-16.02000151,-62.72965871,2018,4,100,296.7012482,2.42718237,0.202534474,0.004776435,1.05E-05,-0.117375779,-0.001099988,7.55E-06,-0.117495976,17692973.75,6.08052E+12,0.21055425,0.141703363,2530.451172,0,478.1368103,-128.8052063,-101.0533676,-148.4305573,-33.05470276,42.8167305,-0.018357472,0.160060835
42,-16.02000151,-62.72965871,2019,4,100,296.7154439,2.429331254,0.104341245,0.004459542,9.75E-06,-0.022343689,-0.000893384,6.32E-06,-0.023302404,17814542.88,5.37086E+12,0.241911228,0.128937916,2530.451172,0,478.1368103,-128.8052063,-101.0533676,-148.4305573,-33.05470276,42.8167305,-0.029316973,0.15825489
42,-16.02000151,-62.72965871,2020,4,100,296.9629161,2.816845088,0.013716774,0.004210064,8.88E-06,0.095001426,-0.00072093,5.29E-06,0.08925699,18129544.46,6.08686E+12,0.273328834,0.128155929,2530.451172,0,478.1368103,-128.8052063,-101.0533676,-148.4305573,-33.05470276,42.8167305,-0.037717662,0.165873591
42,-16.02000151,-62.72965871,2021,4,100,296.9783986,3.320676563,0.00614686,0.004026351,1.04E-05,0.200251452,-0.000671939,6.41E-06,0.176734179,18196062.33,5.51884E+12,0.27911543,0.150463159,2530.451172,0,478.1368103,-128.8052063,-101.0533676,-148.4305573,-33.05470276,42.8167305,-0.014796473,0.165259633
42,-16.02000151,-62.72965871,2022,4,100,297.0930278,3.034858057,0.04175564,0.003545813,9.24E-06,0.254098956,-0.000396097,5.48E-06,0.221007539,17425835.66,1.44121E+13,0.290119569,0.117663483,2530.451172,0,478.1368103,-128.8052063,-101.0533676,-148.4305573,-33.05470276,42.8167305,-0.010549755,0.128213239
42,-16.02000151,-62.72965871,2023,4,100,297.2960765,3.658104777,0.097676148,0.002968431,8.73E-06,0.307892962,-0.000386926,4.94E-06,0.227317361,14541802.76,3.45792E+13,0.451893951,0.093471339,2530.451172,0,478.1368103,-128.8052063,-101.0533676,-148.4305573,-33.05470276,42.8167305,-0.001070249,0.094541587
42,-16.02000151,-62.72965871,2024,4,100,297.3728638,3.765672069,0.21510786,0.002786811,8.10E-06,0.363363901,-0.000385633,4.31E-06,0.238329305,13919368.05,3.41648E+13,0.603121268,0.073529233,2530.451172,0,478.1368103,-128.8052063,-101.0533676,-148.4305573,-33.05470276,42.8167305,-0.007657764,0.081186997
43,-16.01974534,-62.72999797,2000,4,100,295.9846802,3.683121303,NaN,0.004415518,6.78E-06,NaN,-0.000742546,4.77E-06,NaN,17270407.67,5.18219E+12,NaN,NaN,-2869.238281,0.007487184,688.5957031,-201.3174744,-74.72120667,-144.6022949,-44.37599945,27.13466263,NaN,NaN
43,-16.01974534,-62.72999797,2001,4,100,296.1445516,3.093628178,NaN,0.004474345,7.07E-06,NaN,-0.000802234,4.59E-06,NaN,17426869.08,5.21608E+12,NaN,NaN,-2869.238281,0.007487184,688.5957031,-201.3174744,-74.72120667,-144.6022949,-44.37599945,27.13466263,NaN,NaN
43,-16.01974534,-62.72999797,2002,4,100,296.3719889,2.942458425,NaN,0.004407586,7.04E-06,NaN,-0.000714493,4.74E-06,NaN,17602653.44,5.87617E+12,NaN,NaN,-2869.238281,0.007487184,688.5957031,-201.3174744,-74.72120667,-144.6022949,-44.37599945,27.13466263,NaN,NaN
43,-16.01974534,-62.72999797,2003,4,100,296.4068654,2.538821256,NaN,0.004304221,6.84E-06,NaN,-0.000638057,4.46E-06,NaN,17682601.77,5.66371E+12,NaN,NaN,-2869.238281,0.007487184,688.5957031,-201.3174744,-74.72120667,-144.6022949,-44.37599945,27.13466263,NaN,NaN
43,-16.01974534,-62.72999797,2004,4,100,296.5167643,2.699719113,0.078172447,0.004208407,6.96E-06,-0.203033219,-0.000582832,4.56E-06,-0.244155824,17706204.15,6.24293E+12,0.192073762,-0.068007281,-2869.238281,0.007487184,688.5957031,-201.3174744,-74.72120667,-144.6022949,-44.37599945,27.13466263,0,-0.068007281
43,-16.01974534,-62.72999797,2005,4,100,296.5161896,2.472414879,0.101601164,0.00420561,7.16E-06,-0.169126964,-0.000593059,4.77E-06,-0.209644152,17696353.85,5.77823E+12,0.203586881,0.077330604,-2869.238281,0.007487184,688.5957031,-201.3174744,-74.72120667,-144.6022949,-44.37599945,27.13466263,0.005752829,0.071577775
43,-16.01974534,-62.72999797,2006,4,100,296.4388987,2.280707861,0.13057608,0.004318332,8.55E-06,-0.038866456,-0.000764963,5.73E-06,-0.088716508,17573983.31,5.05244E+12,0.196163403,0.126095221,-2869.238281,0.007487184,688.5957031,-201.3174744,-74.72120667,-144.6022949,-44.37599945,27.13466263,0.004575134,0.121520087
43,-16.01974534,-62.72999797,2007,4,100,296.43514,2.613259357,0.132321832,0.004553419,1.09E-05,0.02723121,-0.001041796,7.56E-06,-0.02617648,17527299.17,4.80812E+12,0.165455428,0.138585756,-2869.238281,0.007487184,688.5957031,-201.3174744,-74.72120667,-144.6022949,-44.37599945,27.13466263,0.008172573,0.130413182
43,-16.01974534,-62.72999797,2008,4,100,296.4096375,2.139249854,0.126707168,0.00482752,1.36E-05,0.158615517,-0.001342474,9.88E-06,0.103262739,17558395.56,4.56997E+12,0.114772884,0.178836403,-2869.238281,0.007487184,688.5957031,-201.3174744,-74.72120667,-144.6022949,-44.37599945,27.13466263,0.029495159,0.149341244
43,-16.01974534,-62.72999797,2009,4,100,296.4742126,2.454232844,0.106055542,0.004938562,1.41E-05,0.230942709,-0.001436491,1.07E-05,0.172767531,17510846.19,5.35614E+12,0.045583905,0.086804044,-2869.238281,0.007487184,688.5957031,-201.3174744,-74.72120667,-144.6022949,-44.37599945,27.13466263,0.002977127,0.083826916
43,-16.01974534,-62.72999797,2010,4,100,296.591507,2.780704137,0.05595406,0.004734713,1.47E-05,0.223851415,-0.001297207,1.10E-05,0.170270158,17697496.98,5.88494E+12,-0.017579669,0.027267916,-2869.238281,0.007487184,688.5957031,-201.3174744,-74.72120667,-144.6022949,-44.37599945,27.13466263,0.02761636,-0.000348444
43,-16.01974534,-62.72999797,2011,4,100,296.6409658,2.518868765,0.011897632,0.004566226,1.38E-05,0.206728416,-0.00111447,1.03E-05,0.157402859,17708603.31,6.22838E+12,-0.028547111,0.015960355,-2869.238281,0.007487184,688.5957031,-201.3174744,-74.72120667,-144.6022949,-44.37599945,27.13466263,0.021402539,-0.005442183
43,-16.01974534,-62.72999797,2012,4,100,296.7066854,2.546816044,-0.011166076,0.004513216,1.19E-05,0.119302797,-0.001001916,8.59E-06,0.069680227,17775655.58,6.15869E+12,-0.016034521,0.032525561,-2869.238281,0.007487184,688.5957031,-201.3174744,-74.72120667,-144.6022949,-44.37599945,27.13466263,0.017081856,0.015443705
43,-16.01974534,-62.72999797,2013,4,100,296.6431732,2.398978233,-0.011849281,0.004318462,1.07E-05,0.078709976,-0.000813771,7.44E-06,0.023274186,17847818,5.97406E+12,-0.001931165,0.104911725,-2869.238281,0.007487184,688.5957031,-201.3174744,-74.72120667,-144.6022949,-44.37599945,27.13466263,0.006524549,0.098387176
43,-16.01974534,-62.72999797,2014,4,100,296.4985199,2.409863767,0.065576231,0.004553802,9.73E-06,-0.00898107,-0.000965832,7.17E-06,-0.0652495,17487962.65,6.78587E+12,0.022492955,0.187020772,-2869.238281,0.007487184,688.5957031,-201.3174744,-74.72120667,-144.6022949,-44.37599945,27.13466263,-0.017653972,0.204674744
43,-16.01974534,-62.72999797,2015,4,100,296.5641785,2.647681758,0.160560518,0.00474824,9.28E-06,-0.098640721,-0.001055563,7.29E-06,-0.145464714,17454809.56,7.56954E+12,0.039385849,0.253682992,-2869.238281,0.007487184,688.5957031,-201.3174744,-74.72120667,-144.6022949,-44.37599945,27.13466263,-0.01841987,0.272102861
43,-16.01974534,-62.72999797,2016,4,100,296.5832977,2.636115766,0.243136434,0.004624173,9.74E-06,-0.142491597,-0.000950777,7.55E-06,-0.176902778,17448930.56,7.45175E+12,0.067866864,0.311973836,-2869.238281,0.007487184,688.5957031,-201.3174744,-74.72120667,-144.6022949,-44.37599945,27.13466263,-0.009958953,0.32193279
43,-16.01974534,-62.72999797,2017,4,100,296.711141,2.479124093,0.276969224,0.004844682,1.06E-05,-0.157119397,-0.001166257,8.14E-06,-0.170754536,17458464.1,7.75282E+12,0.146379705,0.348800968,-2869.238281,0.007487184,688.5957031,-201.3174744,-74.72120667,-144.6022949,-44.37599945,27.13466263,0.006606672,0.342194296
43,-16.01974534,-62.72999797,2018,4,100,296.7012482,2.42718237,0.202534474,0.004776435,1.05E-05,-0.117375779,-0.001099988,7.55E-06,-0.117495976,17692973.75,6.08052E+12,0.21055425,0.321656805,-2869.238281,0.007487184,688.5957031,-201.3174744,-74.72120667,-144.6022949,-44.37599945,27.13466263,-0.01940402,0.341060825
43,-16.01974534,-62.72999797,2019,4,100,296.7154439,2.429331254,0.104341245,0.004459542,9.75E-06,-0.022343689,-0.000893384,6.32E-06,-0.023302404,17814542.88,5.37086E+12,0.241911228,0.197772611,-2869.238281,0.007487184,688.5957031,-201.3174744,-74.72120667,-144.6022949,-44.37599945,27.13466263,-0.001100659,0.19887327
43,-16.01974534,-62.72999797,2020,4,100,296.9629161,2.816845088,0.013716774,0.004210064,8.88E-06,0.095001426,-0.00072093,5.29E-06,0.08925699,18129544.46,6.08686E+12,0.273328834,0.059932314,-2869.238281,0.007487184,688.5957031,-201.3174744,-74.72120667,-144.6022949,-44.37599945,27.13466263,-0.005358965,0.065291279
43,-16.01974534,-62.72999797,2021,4,100,296.9783986,3.320676563,0.00614686,0.004026351,1.04E-05,0.200251452,-0.000671939,6.41E-06,0.176734179,18196062.33,5.51884E+12,0.27911543,-0.06223972,-2869.238281,0.007487184,688.5957031,-201.3174744,-74.72120667,-144.6022949,-44.37599945,27.13466263,0.005080675,-0.067320395
43,-16.01974534,-62.72999797,2022,4,100,297.0930278,3.034858057,0.04175564,0.003545813,9.24E-06,0.254098956,-0.000396097,5.48E-06,0.221007539,17425835.66,1.44121E+13,0.290119569,-0.155674674,-2869.238281,0.007487184,688.5957031,-201.3174744,-74.72120667,-144.6022949,-44.37599945,27.13466263,0.04806966,-0.203744333
43,-16.01974534,-62.72999797,2023,4,100,297.2960765,3.658104777,0.097676148,0.002968431,8.73E-06,0.307892962,-0.000386926,4.94E-06,0.227317361,14541802.76,3.45792E+13,0.451893951,-0.115584407,-2869.238281,0.007487184,688.5957031,-201.3174744,-74.72120667,-144.6022949,-44.37599945,27.13466263,0.047851441,-0.163435848
43,-16.01974534,-62.72999797,2024,4,100,297.3728638,3.765672069,0.21510786,0.002786811,8.10E-06,0.363363901,-0.000385633,4.31E-06,0.238329305,13919368.05,3.41648E+13,0.603121268,-0.045905708,-2869.238281,0.007487184,688.5957031,-201.3174744,-74.72120667,-144.6022949,-44.37599945,27.13466263,0.035224346,-0.081130053
44,-16.02024788,-62.72998037,2000,4,100,295.9846802,3.683121303,NaN,0.004415518,6.78E-06,NaN,-0.000742546,4.77E-06,NaN,17270407.67,5.18219E+12,NaN,NaN,NaN,NaN,NaN,NaN,NaN,NaN,NaN,NaN,NaN,NaN
44,-16.02024788,-62.72998037,2001,4,100,296.1445516,3.093628178,NaN,0.004474345,7.07E-06,NaN,-0.000802234,4.59E-06,NaN,17426869.08,5.21608E+12,NaN,NaN,NaN,NaN,NaN,NaN,NaN,NaN,NaN,NaN,NaN,NaN
44,-16.02024788,-62.72998037,2002,4,100,296.3719889,2.942458425,NaN,0.004407586,7.04E-06,NaN,-0.000714493,4.74E-06,NaN,17602653.44,5.87617E+12,NaN,NaN,NaN,NaN,NaN,NaN,NaN,NaN,NaN,NaN,NaN,NaN
44,-16.02024788,-62.72998037,2003,4,100,296.4068654,2.538821256,NaN,0.004304221,6.84E-06,NaN,-0.000638057,4.46E-06,NaN,17682601.77,5.66371E+12,NaN,NaN,NaN,NaN,NaN,NaN,NaN,NaN,NaN,NaN,NaN,NaN
44,-16.02024788,-62.72998037,2004,4,100,296.5167643,2.699719113,0.078172447,0.004208407,6.96E-06,-0.203033219,-0.000582832,4.56E-06,-0.244155824,17706204.15,6.24293E+12,0.192073762,0.11514518,NaN,NaN,NaN,NaN,NaN,NaN,NaN,NaN,NaN,NaN
44,-16.02024788,-62.72998037,2005,4,100,296.5161896,2.472414879,0.101601164,0.00420561,7.16E-06,-0.169126964,-0.000593059,4.77E-06,-0.209644152,17696353.85,5.77823E+12,0.203586881,0.128089336,NaN,NaN,NaN,NaN,NaN,NaN,NaN,NaN,NaN,NaN
44,-16.02024788,-62.72998037,2006,4,100,296.4388987,2.280707861,0.13057608,0.004318332,8.55E-06,-0.038866456,-0.000764963,5.73E-06,-0.088716508,17573983.31,5.05244E+12,0.196163403,0.167331388,NaN,NaN,NaN,NaN,NaN,NaN,NaN,NaN,NaN,NaN
44,-16.02024788,-62.72998037,2007,4,100,296.43514,2.613259357,0.132321832,0.004553419,1.09E-05,0.02723121,-0.001041796,7.56E-06,-0.02617648,17527299.17,4.80812E+12,0.165455428,0.16298021,NaN,NaN,NaN,NaN,NaN,NaN,NaN,NaN,NaN,NaN
44,-16.02024788,-62.72998037,2008,4,100,296.4096375,2.139249854,0.126707168,0.00482752,1.36E-05,0.158615517,-0.001342474,9.88E-06,0.103262739,17558395.56,4.56997E+12,0.114772884,0.094102461,NaN,NaN,NaN,NaN,NaN,NaN,NaN,NaN,NaN,NaN
44,-16.02024788,-62.72998037,2009,4,100,296.4742126,2.454232844,0.106055542,0.004938562,1.41E-05,0.230942709,-0.001436491,1.07E-05,0.172767531,17510846.19,5.35614E+12,0.045583905,0.017201264,NaN,NaN,NaN,NaN,NaN,NaN,NaN,NaN,NaN,NaN
44,-16.02024788,-62.72998037,2010,4,100,296.591507,2.780704137,0.05595406,0.004734713,1.47E-05,0.223851415,-0.001297207,1.10E-05,0.170270158,17697496.98,5.88494E+12,-0.017579669,0.003079726,NaN,NaN,NaN,NaN,NaN,NaN,NaN,NaN,NaN,NaN
44,-16.02024788,-62.72998037,2011,4,100,296.6409658,2.518868765,0.011897632,0.004566226,1.38E-05,0.206728416,-0.00111447,1.03E-05,0.157402859,17708603.31,6.22838E+12,-0.028547111,0.067160197,NaN,NaN,NaN,NaN,NaN,NaN,NaN,NaN,NaN,NaN
44,-16.02024788,-62.72998037,2012,4,100,296.7066854,2.546816044,-0.011166076,0.004513216,1.19E-05,0.119302797,-0.001001916,8.59E-06,0.069680227,17775655.58,6.15869E+12,-0.016034521,0.194445454,NaN,NaN,NaN,NaN,NaN,NaN,NaN,NaN,NaN,NaN
44,-16.02024788,-62.72998037,2013,4,100,296.6431732,2.398978233,-0.011849281,0.004318462,1.07E-05,0.078709976,-0.000813771,7.44E-06,0.023274186,17847818,5.97406E+12,-0.001931165,0.304693234,NaN,NaN,NaN,NaN,NaN,NaN,NaN,NaN,NaN,NaN
44,-16.02024788,-62.72998037,2014,4,100,296.4985199,2.409863767,0.065576231,0.004553802,9.73E-06,-0.00898107,-0.000965832,7.17E-06,-0.0652495,17487962.65,6.78587E+12,0.022492955,0.334576586,NaN,NaN,NaN,NaN,NaN,NaN,NaN,NaN,NaN,NaN
44,-16.02024788,-62.72998037,2015,4,100,296.5641785,2.647681758,0.160560518,0.00474824,9.28E-06,-0.098640721,-0.001055563,7.29E-06,-0.145464714,17454809.56,7.56954E+12,0.039385849,0.26202748,NaN,NaN,NaN,NaN,NaN,NaN,NaN,NaN,NaN,NaN
44,-16.02024788,-62.72998037,2016,4,100,296.5832977,2.636115766,0.243136434,0.004624173,9.74E-06,-0.142491597,-0.000950777,7.55E-06,-0.176902778,17448930.56,7.45175E+12,0.067866864,0.189543439,NaN,NaN,NaN,NaN,NaN,NaN,NaN,NaN,NaN,NaN
44,-16.02024788,-62.72998037,2017,4,100,296.711141,2.479124093,0.276969224,0.004844682,1.06E-05,-0.157119397,-0.001166257,8.14E-06,-0.170754536,17458464.1,7.75282E+12,0.146379705,0.128829731,NaN,NaN,NaN,NaN,NaN,NaN,NaN,NaN,NaN,NaN
44,-16.02024788,-62.72998037,2018,4,100,296.7012482,2.42718237,0.202534474,0.004776435,1.05E-05,-0.117375779,-0.001099988,7.55E-06,-0.117495976,17692973.75,6.08052E+12,0.21055425,0.044285842,NaN,NaN,NaN,NaN,NaN,NaN,NaN,NaN,NaN,NaN
44,-16.02024788,-62.72998037,2019,4,100,296.7154439,2.429331254,0.104341245,0.004459542,9.75E-06,-0.022343689,-0.000893384,6.32E-06,-0.023302404,17814542.88,5.37086E+12,0.241911228,-0.020932983,NaN,NaN,NaN,NaN,NaN,NaN,NaN,NaN,NaN,NaN
44,-16.02024788,-62.72998037,2020,4,100,296.9629161,2.816845088,0.013716774,0.004210064,8.88E-06,0.095001426,-0.00072093,5.29E-06,0.08925699,18129544.46,6.08686E+12,0.273328834,-0.060058271,NaN,NaN,NaN,NaN,NaN,NaN,NaN,NaN,NaN,NaN
44,-16.02024788,-62.72998037,2021,4,100,296.9783986,3.320676563,0.00614686,0.004026351,1.04E-05,0.200251452,-0.000671939,6.41E-06,0.176734179,18196062.33,5.51884E+12,0.27911543,-0.084816687,NaN,NaN,NaN,NaN,NaN,NaN,NaN,NaN,NaN,NaN
44,-16.02024788,-62.72998037,2022,4,100,297.0930278,3.034858057,0.04175564,0.003545813,9.24E-06,0.254098956,-0.000396097,5.48E-06,0.221007539,17425835.66,1.44121E+13,0.290119569,-0.082682913,NaN,NaN,NaN,NaN,NaN,NaN,NaN,NaN,NaN,NaN
44,-16.02024788,-62.72998037,2023,4,100,297.2960765,3.658104777,0.097676148,0.002968431,8.73E-06,0.307892962,-0.000386926,4.94E-06,0.227317361,14541802.76,3.45792E+13,0.451893951,-0.013826044,NaN,NaN,NaN,NaN,NaN,NaN,NaN,NaN,NaN,NaN
44,-16.02024788,-62.72998037,2024,4,100,297.3728638,3.765672069,0.21510786,0.002786811,8.10E-06,0.363363901,-0.000385633,4.31E-06,0.238329305,13919368.05,3.41648E+13,0.603121268,0.044026004,NaN,NaN,NaN,NaN,NaN,NaN,NaN,NaN,NaN,NaN
45,-16.02002069,-62.73030131,2000,4,100,295.9846802,3.683121303,NaN,0.004415518,6.78E-06,NaN,-0.000742546,4.77E-06,NaN,17270407.67,5.18219E+12,NaN,NaN,2690.815186,0,655.0818481,-137.2407227,-90.97706604,-151.1135406,-50.65481949,14.8161478,NaN,NaN
45,-16.02002069,-62.73030131,2001,4,100,296.1445516,3.093628178,NaN,0.004474345,7.07E-06,NaN,-0.000802234,4.59E-06,NaN,17426869.08,5.21608E+12,NaN,NaN,2690.815186,0,655.0818481,-137.2407227,-90.97706604,-151.1135406,-50.65481949,14.8161478,NaN,NaN
45,-16.02002069,-62.73030131,2002,4,100,296.3719889,2.942458425,NaN,0.004407586,7.04E-06,NaN,-0.000714493,4.74E-06,NaN,17602653.44,5.87617E+12,NaN,NaN,2690.815186,0,655.0818481,-137.2407227,-90.97706604,-151.1135406,-50.65481949,14.8161478,NaN,NaN
45,-16.02002069,-62.73030131,2003,4,100,296.4068654,2.538821256,NaN,0.004304221,6.84E-06,NaN,-0.000638057,4.46E-06,NaN,17682601.77,5.66371E+12,NaN,NaN,2690.815186,0,655.0818481,-137.2407227,-90.97706604,-151.1135406,-50.65481949,14.8161478,NaN,NaN
45,-16.02002069,-62.73030131,2004,4,100,296.5167643,2.699719113,0.078172447,0.004208407,6.96E-06,-0.203033219,-0.000582832,4.56E-06,-0.244155824,17706204.15,6.24293E+12,0.192073762,-0.080938514,2690.815186,0,655.0818481,-137.2407227,-90.97706604,-151.1135406,-50.65481949,14.8161478,0,-0.080938514
45,-16.02002069,-62.73030131,2005,4,100,296.5161896,2.472414879,0.101601164,0.00420561,7.16E-06,-0.169126964,-0.000593059,4.77E-06,-0.209644152,17696353.85,5.77823E+12,0.203586881,-0.189837856,2690.815186,0,655.0818481,-137.2407227,-90.97706604,-151.1135406,-50.65481949,14.8161478,-0.002328297,-0.187509559
45,-16.02002069,-62.73030131,2006,4,100,296.4388987,2.280707861,0.13057608,0.004318332,8.55E-06,-0.038866456,-0.000764963,5.73E-06,-0.088716508,17573983.31,5.05244E+12,0.196163403,-0.179567472,2690.815186,0,655.0818481,-137.2407227,-90.97706604,-151.1135406,-50.65481949,14.8161478,-0.023303869,-0.156263603
45,-16.02002069,-62.73030131,2007,4,100,296.43514,2.613259357,0.132321832,0.004553419,1.09E-05,0.02723121,-0.001041796,7.56E-06,-0.02617648,17527299.17,4.80812E+12,0.165455428,-0.183111527,2690.815186,0,655.0818481,-137.2407227,-90.97706604,-151.1135406,-50.65481949,14.8161478,-0.014965177,-0.168146349
45,-16.02002069,-62.73030131,2008,4,100,296.4096375,2.139249854,0.126707168,0.00482752,1.36E-05,0.158615517,-0.001342474,9.88E-06,0.103262739,17558395.56,4.56997E+12,0.114772884,-0.230907415,2690.815186,0,655.0818481,-137.2407227,-90.97706604,-151.1135406,-50.65481949,14.8161478,-0.012397361,-0.218510055
45,-16.02002069,-62.73030131,2009,4,100,296.4742126,2.454232844,0.106055542,0.004938562,1.41E-05,0.230942709,-0.001436491,1.07E-05,0.172767531,17510846.19,5.35614E+12,0.045583905,-0.204345158,2690.815186,0,655.0818481,-137.2407227,-90.97706604,-151.1135406,-50.65481949,14.8161478,-0.010632699,-0.193712459
45,-16.02002069,-62.73030131,2010,4,100,296.591507,2.780704137,0.05595406,0.004734713,1.47E-05,0.223851415,-0.001297207,1.10E-05,0.170270158,17697496.98,5.88494E+12,-0.017579669,-0.164624374,2690.815186,0,655.0818481,-137.2407227,-90.97706604,-151.1135406,-50.65481949,14.8161478,-0.000153365,-0.164471008
45,-16.02002069,-62.73030131,2011,4,100,296.6409658,2.518868765,0.011897632,0.004566226,1.38E-05,0.206728416,-0.00111447,1.03E-05,0.157402859,17708603.31,6.22838E+12,-0.028547111,-0.102528631,2690.815186,0,655.0818481,-137.2407227,-90.97706604,-151.1135406,-50.65481949,14.8161478,-0.024440923,-0.078087708
45,-16.02002069,-62.73030131,2012,4,100,296.7066854,2.546816044,-0.011166076,0.004513216,1.19E-05,0.119302797,-0.001001916,8.59E-06,0.069680227,17775655.58,6.15869E+12,-0.016034521,0.00680114,2690.815186,0,655.0818481,-137.2407227,-90.97706604,-151.1135406,-50.65481949,14.8161478,0.004779381,0.002021759
45,-16.02002069,-62.73030131,2013,4,100,296.6431732,2.398978233,-0.011849281,0.004318462,1.07E-05,0.078709976,-0.000813771,7.44E-06,0.023274186,17847818,5.97406E+12,-0.001931165,0.105012842,2690.815186,0,655.0818481,-137.2407227,-90.97706604,-151.1135406,-50.65481949,14.8161478,0.004709402,0.100303439
45,-16.02002069,-62.73030131,2014,4,100,296.4985199,2.409863767,0.065576231,0.004553802,9.73E-06,-0.00898107,-0.000965832,7.17E-06,-0.0652495,17487962.65,6.78587E+12,0.022492955,0.18054552,2690.815186,0,655.0818481,-137.2407227,-90.97706604,-151.1135406,-50.65481949,14.8161478,0.004773487,0.175772033
45,-16.02002069,-62.73030131,2015,4,100,296.5641785,2.647681758,0.160560518,0.00474824,9.28E-06,-0.098640721,-0.001055563,7.29E-06,-0.145464714,17454809.56,7.56954E+12,0.039385849,0.231354698,2690.815186,0,655.0818481,-137.2407227,-90.97706604,-151.1135406,-50.65481949,14.8161478,0.005199262,0.226155436
45,-16.02002069,-62.73030131,2016,4,100,296.5832977,2.636115766,0.243136434,0.004624173,9.74E-06,-0.142491597,-0.000950777,7.55E-06,-0.176902778,17448930.56,7.45175E+12,0.067866864,0.230476144,2690.815186,0,655.0818481,-137.2407227,-90.97706604,-151.1135406,-50.65481949,14.8161478,0.005454413,0.225021731
45,-16.02002069,-62.73030131,2017,4,100,296.711141,2.479124093,0.276969224,0.004844682,1.06E-05,-0.157119397,-0.001166257,8.14E-06,-0.170754536,17458464.1,7.75282E+12,0.146379705,0.187433766,2690.815186,0,655.0818481,-137.2407227,-90.97706604,-151.1135406,-50.65481949,14.8161478,-0.003699476,0.191133242
45,-16.02002069,-62.73030131,2018,4,100,296.7012482,2.42718237,0.202534474,0.004776435,1.05E-05,-0.117375779,-0.001099988,7.55E-06,-0.117495976,17692973.75,6.08052E+12,0.21055425,0.098811771,2690.815186,0,655.0818481,-137.2407227,-90.97706604,-151.1135406,-50.65481949,14.8161478,-0.027691527,0.126503297
45,-16.02002069,-62.73030131,2019,4,100,296.7154439,2.429331254,0.104341245,0.004459542,9.75E-06,-0.022343689,-0.000893384,6.32E-06,-0.023302404,17814542.88,5.37086E+12,0.241911228,0.051411908,2690.815186,0,655.0818481,-137.2407227,-90.97706604,-151.1135406,-50.65481949,14.8161478,-0.025079864,0.076491772
45,-16.02002069,-62.73030131,2020,4,100,296.9629161,2.816845088,0.013716774,0.004210064,8.88E-06,0.095001426,-0.00072093,5.29E-06,0.08925699,18129544.46,6.08686E+12,0.273328834,0.047063142,2690.815186,0,655.0818481,-137.2407227,-90.97706604,-151.1135406,-50.65481949,14.8161478,-0.034265136,0.081328277
45,-16.02002069,-62.73030131,2021,4,100,296.9783986,3.320676563,0.00614686,0.004026351,1.04E-05,0.200251452,-0.000671939,6.41E-06,0.176734179,18196062.33,5.51884E+12,0.27911543,0.051652241,2690.815186,0,655.0818481,-137.2407227,-90.97706604,-151.1135406,-50.65481949,14.8161478,-0.041120678,0.092772919
45,-16.02002069,-62.73030131,2022,4,100,297.0930278,3.034858057,0.04175564,0.003545813,9.24E-06,0.254098956,-0.000396097,5.48E-06,0.221007539,17425835.66,1.44121E+13,0.290119569,0.084823848,2690.815186,0,655.0818481,-137.2407227,-90.97706604,-151.1135406,-50.65481949,14.8161478,-0.001041394,0.085865242
45,-16.02002069,-62.73030131,2023,4,100,297.2960765,3.658104777,0.097676148,0.002968431,8.73E-06,0.307892962,-0.000386926,4.94E-06,0.227317361,14541802.76,3.45792E+13,0.451893951,0.131367739,2690.815186,0,655.0818481,-137.2407227,-90.97706604,-151.1135406,-50.65481949,14.8161478,0.008577921,0.122789818
45,-16.02002069,-62.73030131,2024,4,100,297.3728638,3.765672069,0.21510786,0.002786811,8.10E-06,0.363363901,-0.000385633,4.31E-06,0.238329305,13919368.05,3.41648E+13,0.603121268,0.141586441,2690.815186,0,655.0818481,-137.2407227,-90.97706604,-151.1135406,-50.65481949,14.8161478,0.008503674,0.133082767
,,,,,,,,,,,,,,,,,,,,,,,,,,,,
,,,,,,,,,,,,,,,,,,,,,,,,,,,,
,,,,,,,,,,,,,,,,,,,,,,,,,,,,
,,,,,,,,,,,,,,,,,,,,,,,,,,,,
,,,,,,,,,,,,,,,,,,,,,,,,,,,,
,,,,,,,,,,,,,,,,,,,,,,,,,,,,
,,,,,,,,,,,,,,,,,,,,,,,,,,,,
,,,,,,,,,,,,,,,,,,,,,,,,,,,,
,,,,,,,,,,,,,,,,,,,,,,,,,,,,
,,,,,,,,,,,,,,,,,,,,,,,,,,,,
,,,,,,,,,,,,,,,,,,,,,,,,,,,,
,,,,,,,,,,,,,,,,,,,,,,,,,,,,
,,,,,,,,,,,,,,,,,,,,,,,,,,,,
,,,,,,,,,,,,,,,,,,,,,,,,,,,,
,,,,,,,,,,,,,,,,,,,,,,,,,,,,
,,,,,,,,,,,,,,,,,,,,,,,,,,,,
,,,,,,,,,,,,,,,,,,,,,,,,,,,,
,,,,,,,,,,,,,,,,,,,,,,,,,,,,
,,,,,,,,,,,,,,,,,,,,,,,,,,,,
,,,,,,,,,,,,,,,,,,,,,,,,,,,,
,,,,,,,,,,,,,,,,,,,,,,,,,,,,
,,,,,,,,,,,,,,,,,,,,,,,,,,,,
,,,,,,,,,,,,,,,,,,,,,,,,,,,,
,,,,,,,,,,,,,,,,,,,,,,,,,,,,
,,,,,,,,,,,,,,,,,,,,,,,,,,,,
,,,,,,,,,,,,,,,,,,,,,,,,,,,,
,,,,,,,,,,,,,,,,,,,,,,,,,,,,
,,,,,,,,,,,,,,,,,,,,,,,,,,,,
,,,,,,,,,,,,,,,,,,,,,,,,,,,,
,,,,,,,,,,,,,,,,,,,,,,,,,,,,
,,,,,,,,,,,,,,,,,,,,,,,,,,,,
,,,,,,,,,,,,,,,,,,,,,,,,,,,,
,,,,,,,,,,,,,,,,,,,,,,,,,,,,
,,,,,,,,,,,,,,,,,,,,,,,,,,,,
,,,,,,,,,,,,,,,,,,,,,,,,,,,,
,,,,,,,,,,,,,,,,,,,,,,,,,,,,
,,,,,,,,,,,,,,,,,,,,,,,,,,,,
,,,,,,,,,,,,,,,,,,,,,,,,,,,,
,,,,,,,,,,,,,,,,,,,,,,,,,,,,
,,,,,,,,,,,,,,,,,,,,,,,,,,,,
,,,,,,,,,,,,,,,,,,,,,,,,,,,,
,,,,,,,,,,,,,,,,,,,,,,,,,,,,
,,,,,,,,,,,,,,,,,,,,,,,,,,,,
,,,,,,,,,,,,,,,,,,,,,,,,,,,,
,,,,,,,,,,,,,,,,,,,,,,,,,,,,
,,,,,,,,,,,,,,,,,,,,,,,,,,,,
,,,,,,,,,,,,,,,,,,,,,,,,,,,,
,,,,,,,,,,,,,,,,,,,,,,,,,,,,
,,,,,,,,,,,,,,,,,,,,,,,,,,,,
,,,,,,,,,,,,,,,,,,,,,,,,,,,,
,,,,,,,,,,,,,,,,,,,,,,,,,,,,
,,,,,,,,,,,,,,,,,,,,,,,,,,,,
,,,,,,,,,,,,,,,,,,,,,,,,,,,,
,,,,,,,,,,,,,,,,,,,,,,,,,,,,
,,,,,,,,,,,,,,,,,,,,,,,,,,,,
,,,,,,,,,,,,,,,,,,,,,,,,,,,,
,,,,,,,,,,,,,,,,,,,,,,,,,,,,
,,,,,,,,,,,,,,,,,,,,,,,,,,,,
,,,,,,,,,,,,,,,,,,,,,,,,,,,,
,,,,,,,,,,,,,,,,,,,,,,,,,,,,
,,,,,,,,,,,,,,,,,,,,,,,,,,,,
,,,,,,,,,,,,,,,,,,,,,,,,,,,,
,,,,,,,,,,,,,,,,,,,,,,,,,,,,
,,,,,,,,,,,,,,,,,,,,,,,,,,,,
,,,,,,,,,,,,,,,,,,,,,,,,,,,,
,,,,,,,,,,,,,,,,,,,,,,,,,,,,
,,,,,,,,,,,,,,,,,,,,,,,,,,,,
,,,,,,,,,,,,,,,,,,,,,,,,,,,,
,,,,,,,,,,,,,,,,,,,,,,,,,,,,
,,,,,,,,,,,,,,,,,,,,,,,,,,,,
,,,,,,,,,,,,,,,,,,,,,,,,,,,,
,,,,,,,,,,,,,,,,,,,,,,,,,,,,
,,,,,,,,,,,,,,,,,,,,,,,,,,,,
,,,,,,,,,,,,,,,,,,,,,,,,,,,,
,,,,,,,,,,,,,,,,,,,,,,,,,,,,
,,,,,,,,,,,,,,,,,,,,,,,,,,,,
,,,,,,,,,,,,,,,,,,,,,,,,,,,,
,,,,,,,,,,,,,,,,,,,,,,,,,,,,
,,,,,,,,,,,,,,,,,,,,,,,,,,,,
,,,,,,,,,,,,,,,,,,,,,,,,,,,,
,,,,,,,,,,,,,,,,,,,,,,,,,,,,
,,,,,,,,,,,,,,,,,,,,,,,,,,,,
,,,,,,,,,,,,,,,,,,,,,,,,,,,,
,,,,,,,,,,,,,,,,,,,,,,,,,,,,
,,,,,,,,,,,,,,,,,,,,,,,,,,,,
,,,,,,,,,,,,,,,,,,,,,,,,,,,,
,,,,,,,,,,,,,,,,,,,,,,,,,,,,
,,,,,,,,,,,,,,,,,,,,,,,,,,,,
,,,,,,,,,,,,,,,,,,,,,,,,,,,,
,,,,,,,,,,,,,,,,,,,,,,,,,,,,
,,,,,,,,,,,,,,,,,,,,,,,,,,,,
,,,,,,,,,,,,,,,,,,,,,,,,,,,,
,,,,,,,,,,,,,,,,,,,,,,,,,,,,
,,,,,,,,,,,,,,,,,,,,,,,,,,,,
,,,,,,,,,,,,,,,,,,,,,,,,,,,,
,,,,,,,,,,,,,,,,,,,,,,,,,,,,
,,,,,,,,,,,,,,,,,,,,,,,,,,,,
,,,,,,,,,,,,,,,,,,,,,,,,,,,,
,,,,,,,,,,,,,,,,,,,,,,,,,,,,
,,,,,,,,,,,,,,,,,,,,,,,,,,,,
,,,,,,,,,,,,,,,,,,,,,,,,,,,,
,,,,,,,,,,,,,,,,,,,,,,,,,,,,
,,,,,,,,,,,,,,,,,,,,,,,,,,,,
,,,,,,,,,,,,,,,,,,,,,,,,,,,,
,,,,,,,,,,,,,,,,,,,,,,,,,,,,
,,,,,,,,,,,,,,,,,,,,,,,,,,,,
,,,,,,,,,,,,,,,,,,,,,,,,,,,,
,,,,,,,,,,,,,,,,,,,,,,,,,,,,
,,,,,,,,,,,,,,,,,,,,,,,,,,,,
,,,,,,,,,,,,,,,,,,,,,,,,,,,,
,,,,,,,,,,,,,,,,,,,,,,,,,,,,
,,,,,,,,,,,,,,,,,,,,,,,,,,,,
,,,,,,,,,,,,,,,,,,,,,,,,,,,,
,,,,,,,,,,,,,,,,,,,,,,,,,,,,
,,,,,,,,,,,,,,,,,,,,,,,,,,,,
,,,,,,,,,,,,,,,,,,,,,,,,,,,,
,,,,,,,,,,,,,,,,,,,,,,,,,,,,
,,,,,,,,,,,,,,,,,,,,,,,,,,,,
,,,,,,,,,,,,,,,,,,,,,,,,,,,,
,,,,,,,,,,,,,,,,,,,,,,,,,,,,
,,,,,,,,,,,,,,,,,,,,,,,,,,,,
,,,,,,,,,,,,,,,,,,,,,,,,,,,,
,,,,,,,,,,,,,,,,,,,,,,,,,,,,
,,,,,,,,,,,,,,,,,,,,,,,,,,,,
,,,,,,,,,,,,,,,,,,,,,,,,,,,,
,,,,,,,,,,,,,,,,,,,,,,,,,,,,
,,,,,,,,,,,,,,,,,,,,,,,,,,,,
,,,,,,,,,,,,,,,,,,,,,,,,,,,,
,,,,,,,,,,,,,,,,,,,,,,,,,,,,
,,,,,,,,,,,,,,,,,,,,,,,,,,,,
,,,,,,,,,,,,,,,,,,,,,,,,,,,,
,,,,,,,,,,,,,,,,,,,,,,,,,,,,
,,,,,,,,,,,,,,,,,,,,,,,,,,,,
,,,,,,,,,,,,,,,,,,,,,,,,,,,,
,,,,,,,,,,,,,,,,,,,,,,,,,,,,
,,,,,,,,,,,,,,,,,,,,,,,,,,,,
,,,,,,,,,,,,,,,,,,,,,,,,,,,,
,,,,,,,,,,,,,,,,,,,,,,,,,,,,
,,,,,,,,,,,,,,,,,,,,,,,,,,,,
,,,,,,,,,,,,,,,,,,,,,,,,,,,,
,,,,,,,,,,,,,,,,,,,,,,,,,,,,
,,,,,,,,,,,,,,,,,,,,,,,,,,,,
,,,,,,,,,,,,,,,,,,,,,,,,,,,,
,,,,,,,,,,,,,,,,,,,,,,,,,,,,
,,,,,,,,,,,,,,,,,,,,,,,,,,,,
,,,,,,,,,,,,,,,,,,,,,,,,,,,,
,,,,,,,,,,,,,,,,,,,,,,,,,,,,
,,,,,,,,,,,,,,,,,,,,,,,,,,,,
,,,,,,,,,,,,,,,,,,,,,,,,,,,,
,,,,,,,,,,,,,,,,,,,,,,,,,,,,
,,,,,,,,,,,,,,,,,,,,,,,,,,,,
,,,,,,,,,,,,,,,,,,,,,,,,,,,,
,,,,,,,,,,,,,,,,,,,,,,,,,,,,
,,,,,,,,,,,,,,,,,,,,,,,,,,,,
,,,,,,,,,,,,,,,,,,,,,,,,,,,,
,,,,,,,,,,,,,,,,,,,,,,,,,,,,
,,,,,,,,,,,,,,,,,,,,,,,,,,,,
,,,,,,,,,,,,,,,,,,,,,,,,,,,,
,,,,,,,,,,,,,,,,,,,,,,,,,,,,
,,,,,,,,,,,,,,,,,,,,,,,,,,,,
,,,,,,,,,,,,,,,,,,,,,,,,,,,,
,,,,,,,,,,,,,,,,,,,,,,,,,,,,
,,,,,,,,,,,,,,,,,,,,,,,,,,,,
,,,,,,,,,,,,,,,,,,,,,,,,,,,,
,,,,,,,,,,,,,,,,,,,,,,,,,,,,
,,,,,,,,,,,,,,,,,,,,,,,,,,,,
,,,,,,,,,,,,,,,,,,,,,,,,,,,,
,,,,,,,,,,,,,,,,,,,,,,,,,,,,
,,,,,,,,,,,,,,,,,,,,,,,,,,,,
,,,,,,,,,,,,,,,,,,,,,,,,,,,,
,,,,,,,,,,,,,,,,,,,,,,,,,,,,
,,,,,,,,,,,,,,,,,,,,,,,,,,,,
,,,,,,,,,,,,,,,,,,,,,,,,,,,,
,,,,,,,,,,,,,,,,,,,,,,,,,,,,
,,,,,,,,,,,,,,,,,,,,,,,,,,,,
,,,,,,,,,,,,,,,,,,,,,,,,,,,,
,,,,,,,,,,,,,,,,,,,,,,,,,,,,
,,,,,,,,,,,,,,,,,,,,,,,,,,,,
,,,,,,,,,,,,,,,,,,,,,,,,,,,,
,,,,,,,,,,,,,,,,,,,,,,,,,,,,
,,,,,,,,,,,,,,,,,,,,,,,,,,,,
,,,,,,,,,,,,,,,,,,,,,,,,,,,,
,,,,,,,,,,,,,,,,,,,,,,,,,,,,
,,,,,,,,,,,,,,,,,,,,,,,,,,,,
,,,,,,,,,,,,,,,,,,,,,,,,,,,,
,,,,,,,,,,,,,,,,,,,,,,,,,,,,
,,,,,,,,,,,,,,,,,,,,,,,,,,,,
,,,,,,,,,,,,,,,,,,,,,,,,,,,,
,,,,,,,,,,,,,,,,,,,,,,,,,,,,
,,,,,,,,,,,,,,,,,,,,,,,,,,,,
,,,,,,,,,,,,,,,,,,,,,,,,,,,,
,,,,,,,,,,,,,,,,,,,,,,,,,,,,
,,,,,,,,,,,,,,,,,,,,,,,,,,,,
,,,,,,,,,,,,,,,,,,,,,,,,,,,,
,,,,,,,,,,,,,,,,,,,,,,,,,,,,
,,,,,,,,,,,,,,,,,,,,,,,,,,,,
,,,,,,,,,,,,,,,,,,,,,,,,,,,,
,,,,,,,,,,,,,,,,,,,,,,,,,,,,
,,,,,,,,,,,,,,,,,,,,,,,,,,,,
,,,,,,,,,,,,,,,,,,,,,,,,,,,,
