Loading matlab/R2023b
  Loading requirement: pre-module post-module openjdk/11.0.2
Loading matlab/R2023b
  Loading requirement: pre-module post-module openjdk/11.0.2
Loading matlab/R2023b
  Loading requirement: pre-module post-module openjdk/11.0.2
Loading matlab/R2023b
  Loading requirement: pre-module post-module openjdk/11.0.2
Loading matlab/R2023b
  Loading requirement: pre-module post-module openjdk/11.0.2
Loading matlab/R2023b
  Loading requirement: pre-module post-module openjdk/11.0.2
Loading matlab/R2023b
  Loading requirement: pre-module post-module openjdk/11.0.2
Loading matlab/R2023b
  Loading requirement: pre-module post-module openjdk/11.0.2
Loading matlab/R2023b
  Loading requirement: pre-module post-module openjdk/11.0.2
Loading matlab/R2023b
  Loading requirement: pre-module post-module openjdk/11.0.2
Loading matlab/R2023b
  Loading requirement: pre-module post-module openjdk/11.0.2
Loading matlab/R2023b
  Loading requirement: pre-module post-module openjdk/11.0.2
Loading matlab/R2023b
  Loading requirement: pre-module post-module openjdk/11.0.2
Loading matlab/R2023b
  Loading requirement: pre-module post-module openjdk/11.0.2
Loading matlab/R2023b
  Loading requirement: pre-module post-module openjdk/11.0.2
Loading matlab/R2023b
  Loading requirement: pre-module post-module openjdk/11.0.2
Loading matlab/R2023b
  Loading requirement: pre-module post-module openjdk/11.0.2
Loading matlab/R2023b
  Loading requirement: pre-module post-module openjdk/11.0.2
Loading matlab/R2023b
  Loading requirement: pre-module post-module openjdk/11.0.2
Loading matlab/R2023b
  Loading requirement: pre-module post-module openjdk/11.0.2
Loading matlab/R2023b
  Loading requirement: pre-module post-module openjdk/11.0.2
Loading matlab/R2023b
  Loading requirement: pre-module post-module openjdk/11.0.2
Loading matlab/R2023b
  Loading requirement: pre-module post-module openjdk/11.0.2
Loading matlab/R2023b
  Loading requirement: pre-module post-module openjdk/11.0.2
Loading matlab/R2023b
  Loading requirement: pre-module post-module openjdk/11.0.2
oading matlab/R2023b
  Loading requirement: pre-module post-module openjdk/11.0.2
Loading matlab/R2023b
  Loading requirement: pre-module post-module openjdk/11.0.2Loading matlab/R2023b
  Loading requirement: pre-module post-module openjdk/11.0.2
Loading matlab/R2023b
  Loading requirement: pre-module post-module openjdk/11.0.2
Loading matlab/R2023b
  Loading requirement: pre-module post-module openjdk/11.0.2
Loading matlab/R2023b
  Loading requirement: pre-module post-module openjdk/11.0.2
Loading matlab/R2023b
  Loading requirement: pre-module post-module openjdk/11.0.2
Loading matlab/R2023b
  Loading requirement: pre-module post-module openjdk/11.0.2
Loading matlab/R2023b
  Loading requirement: pre-module post-module openjdk/11.0.2
Loading matlab/R2023b
  Loading requirement: pre-module post-module openjdk/11.0.2
Loading matlab/R2023b
  Loading requirement: pre-module post-module openjdk/11.0.2
Loading matlab/R2023b
  Loading requirement: pre-module post-module openjdk/11.0.2
Loading matlab/R2023b
  Loading requirement: pre-module post-module openjdk/11.0.2
Loading matlab/R2023b
  Loading requirement: pre-module post-module openjdk/11.0.2

Loading matlab/R2023b
  Loading requirement: pre-module post-module openjdk/11.0.2
Loading matlab/R2023b
  Loading requirement: pre-module post-module openjdk/11.0.2
Loading matlab/R2023b
  Loading requirement: pre-module post-module openjdk/11.0.2Loading matlab/R2023b
  Loading requirement: pre-module post-module openjdk/11.0.2
Loading matlab/R2023b
  Loading requirement: pre-module post-module openjdk/11.0.2
Loading matlab/R2023b
  Loading requirement: pre-module post-module openjdk/11.0.2
Loading matlab/R2023b
  Loading requirement: pre-module post-module openjdk/11.0.2
Loading matlab/R2023b
  Loading requirement: pre-module post-module openjdk/11.0.2
Loading matlab/R2023b
  Loading requirement: pre-module post-module openjdk/11.0.2

Loading matlab/R2023b
  Loading requirement: pre-module post-module openjdk/11.0.2

                            < M A T L A B (R) >
                  Copyright 1984-2023 The MathWorks, Inc.
             R2023b Update 1 (23.2.0.2380103) 64-bit (glnxa64)
                             September 11, 2023


                            < M A T L A B (R) >
                  Copyright 1984-2023 The MathWorks, Inc.
             R2023b Update 1 (23.2.0.2380103) 64-bit (glnxa64)
                             September 11, 2023


                            < M A T L A B (R) >
                  Copyright 1984-2023 The MathWorks, Inc.
             R2023b Update 1 (23.2.0.2380103) 64-bit (glnxa64)
                             September 11, 2023


                            < M A T L A B (R) >
                  Copyright 1984-2023 The MathWorks, Inc.
             R2023b Update 1 (23.2.0.2380103) 64-bit (glnxa64)
                             September 11, 2023


                            < M A T L A B (R) >
                  Copyright 1984-2023 The MathWorks, Inc.
             R2023b Update 1 (23.2.0.2380103) 64-bit (glnxa64)
                             September 11, 2023


                            < M A T L A B (R) >
                  Copyright 1984-2023 The MathWorks, Inc.
             R2023b Update 1 (23.2.0.2380103) 64-bit (glnxa64)
                             September 11, 2023


                            < M A T L A B (R) >
                  Copyright 1984-2023 The MathWorks, Inc.
             R2023b Update 1 (23.2.0.2380103) 64-bit (glnxa64)
                             September 11, 2023


                            < M A T L A B (R) >
                  Copyright 1984-2023 The MathWorks, Inc.
             R2023b Update 1 (23.2.0.2380103) 64-bit (glnxa64)
                             September 11, 2023


                            < M A T L A B (R) >
                  Copyright 1984-2023 The MathWorks, Inc.
             R2023b Update 1 (23.2.0.2380103) 64-bit (glnxa64)
                             September 11, 2023


                            < M A T L A B (R) >
                  Copyright 1984-2023 The MathWorks, Inc.
             R2023b Update 1 (23.2.0.2380103) 64-bit (glnxa64)
                             September 11, 2023


                            < M A T L A B (R) >
                  Copyright 1984-2023 The MathWorks, Inc.
             R2023b Update 1 (23.2.0.2380103) 64-bit (glnxa64)
                             September 11, 2023


                            < M A T L A B (R) >
                  Copyright 1984-2023 The MathWorks, Inc.
             R2023b Update 1 (23.2.0.2380103) 64-bit (glnxa64)
                             September 11, 2023


                            < M A T L A B (R) >
                  Copyright 1984-2023 The MathWorks, Inc.
             R2023b Update 1 (23.2.0.2380103) 64-bit (glnxa64)
                             September 11, 2023


                            < M A T L A B (R) >
                  Copyright 1984-2023 The MathWorks, Inc.
             R2023b Update 1 (23.2.0.2380103) 64-bit (glnxa64)
                             September 11, 2023


                            < M A T L A B (R) >
                  Copyright 1984-2023 The MathWorks, Inc.
             R2023b Update 1 (23.2.0.2380103) 64-bit (glnxa64)
                             September 11, 2023


                            < M A T L A B (R) >
                  Copyright 1984-2023 The MathWorks, Inc.
             R2023b Update 1 (23.2.0.2380103) 64-bit (glnxa64)
                             September 11, 2023


                            < M A T L A B (R) >
                  Copyright 1984-2023 The MathWorks, Inc.
             R2023b Update 1 (23.2.0.2380103) 64-bit (glnxa64)
                             September 11, 2023


                            < M A T L A B (R) >
                  Copyright 1984-2023 The MathWorks, Inc.
             R2023b Update 1 (23.2.0.2380103) 64-bit (glnxa64)
                             September 11, 2023


                            < M A T L A B (R) >
                  Copyright 1984-2023 The MathWorks, Inc.
             R2023b Update 1 (23.2.0.2380103) 64-bit (glnxa64)
                             September 11, 2023


                            < M A T L A B (R) >
                  Copyright 1984-2023 The MathWorks, Inc.
             R2023b Update 1 (23.2.0.2380103) 64-bit (glnxa64)
                             September 11, 2023


                            < M A T L A B (R) >
                  Copyright 1984-2023 The MathWorks, Inc.
             R2023b Update 1 (23.2.0.2380103) 64-bit (glnxa64)
                             September 11, 2023


                            < M A T L A B (R) >
                  Copyright 1984-2023 The MathWorks, Inc.
             R2023b Update 1 (23.2.0.2380103) 64-bit (glnxa64)
                             September 11, 2023


                            < M A T L A B (R) >
                  Copyright 1984-2023 The MathWorks, Inc.
             R2023b Update 1 (23.2.0.2380103) 64-bit (glnxa64)
                             September 11, 2023


                            < M A T L A B (R) >
                  Copyright 1984-2023 The MathWorks, Inc.
             R2023b Update 1 (23.2.0.2380103) 64-bit (glnxa64)
                             September 11, 2023


                            < M A T L A B (R) >
                  Copyright 1984-2023 The MathWorks, Inc.
             R2023b Update 1 (23.2.0.2380103) 64-bit (glnxa64)
                             September 11, 2023


                            < M A T L A B (R) >
                  Copyright 1984-2023 The MathWorks, Inc.
             R2023b Update 1 (23.2.0.2380103) 64-bit (glnxa64)
                             September 11, 2023


                            < M A T L A B (R) >
                  Copyright 1984-2023 The MathWorks, Inc.
             R2023b Update 1 (23.2.0.2380103) 64-bit (glnxa64)
                             September 11, 2023


                            < M A T L A B (R) >
                  Copyright 1984-2023 The MathWorks, Inc.
             R2023b Update 1 (23.2.0.2380103) 64-bit (glnxa64)
                             September 11, 2023


                            < M A T L A B (R) >
                  Copyright 1984-2023 The MathWorks, Inc.
             R2023b Update 1 (23.2.0.2380103) 64-bit (glnxa64)
                             September 11, 2023


                            < M A T L A B (R) >
                  Copyright 1984-2023 The MathWorks, Inc.
             R2023b Update 1 (23.2.0.2380103) 64-bit (glnxa64)
                             September 11, 2023


                            < M A T L A B (R) >
                  Copyright 1984-2023 The MathWorks, Inc.
             R2023b Update 1 (23.2.0.2380103) 64-bit (glnxa64)
                             September 11, 2023


                            < M A T L A B (R) >
                  Copyright 1984-2023 The MathWorks, Inc.
             R2023b Update 1 (23.2.0.2380103) 64-bit (glnxa64)
                             September 11, 2023


                            < M A T L A B (R) >
                  Copyright 1984-2023 The MathWorks, Inc.
             R2023b Update 1 (23.2.0.2380103) 64-bit (glnxa64)
                             September 11, 2023


                            < M A T L A B (R) >
                  Copyright 1984-2023 The MathWorks, Inc.
             R2023b Update 1 (23.2.0.2380103) 64-bit (glnxa64)
                             September 11, 2023


                            < M A T L A B (R) >
                  Copyright 1984-2023 The MathWorks, Inc.
             R2023b Update 1 (23.2.0.2380103) 64-bit (glnxa64)
                             September 11, 2023


                            < M A T L A B (R) >
                  Copyright 1984-2023 The MathWorks, Inc.
             R2023b Update 1 (23.2.0.2380103) 64-bit (glnxa64)
                             September 11, 2023


                            < M A T L A B (R) >
                  Copyright 1984-2023 The MathWorks, Inc.
             R2023b Update 1 (23.2.0.2380103) 64-bit (glnxa64)
                             September 11, 2023


                            < M A T L A B (R) >
                  Copyright 1984-2023 The MathWorks, Inc.
             R2023b Update 1 (23.2.0.2380103) 64-bit (glnxa64)
                             September 11, 2023


                            < M A T L A B (R) >
                  Copyright 1984-2023 The MathWorks, Inc.
             R2023b Update 1 (23.2.0.2380103) 64-bit (glnxa64)
                             September 11, 2023


                            < M A T L A B (R) >
                  Copyright 1984-2023 The MathWorks, Inc.
             R2023b Update 1 (23.2.0.2380103) 64-bit (glnxa64)
                             September 11, 2023


                            < M A T L A B (R) >
                  Copyright 1984-2023 The MathWorks, Inc.
             R2023b Update 1 (23.2.0.2380103) 64-bit (glnxa64)
                             September 11, 2023


                            < M A T L A B (R) >
                  Copyright 1984-2023 The MathWorks, Inc.
             R2023b Update 1 (23.2.0.2380103) 64-bit (glnxa64)
                             September 11, 2023


                            < M A T L A B (R) >
                  Copyright 1984-2023 The MathWorks, Inc.
             R2023b Update 1 (23.2.0.2380103) 64-bit (glnxa64)
                             September 11, 2023


                            < M A T L A B (R) >
                  Copyright 1984-2023 The MathWorks, Inc.
             R2023b Update 1 (23.2.0.2380103) 64-bit (glnxa64)
                             September 11, 2023


                            < M A T L A B (R) >
                  Copyright 1984-2023 The MathWorks, Inc.
             R2023b Update 1 (23.2.0.2380103) 64-bit (glnxa64)
                             September 11, 2023


                            < M A T L A B (R) >
                  Copyright 1984-2023 The MathWorks, Inc.
             R2023b Update 1 (23.2.0.2380103) 64-bit (glnxa64)
                             September 11, 2023


                            < M A T L A B (R) >
                  Copyright 1984-2023 The MathWorks, Inc.
             R2023b Update 1 (23.2.0.2380103) 64-bit (glnxa64)
                             September 11, 2023


                            < M A T L A B (R) >
                  Copyright 1984-2023 The MathWorks, Inc.
             R2023b Update 1 (23.2.0.2380103) 64-bit (glnxa64)
                             September 11, 2023


                            < M A T L A B (R) >
                  Copyright 1984-2023 The MathWorks, Inc.
             R2023b Update 1 (23.2.0.2380103) 64-bit (glnxa64)
                             September 11, 2023


                            < M A T L A B (R) >
                  Copyright 1984-2023 The MathWorks, Inc.
             R2023b Update 1 (23.2.0.2380103) 64-bit (glnxa64)
                             September 11, 2023


                            < M A T L A B (R) >
                  Copyright 1984-2023 The MathWorks, Inc.
             R2023b Update 1 (23.2.0.2380103) 64-bit (glnxa64)
                             September 11, 2023


                            < M A T L A B (R) >
                  Copyright 1984-2023 The MathWorks, Inc.
             R2023b Update 1 (23.2.0.2380103) 64-bit (glnxa64)
                             September 11, 2023


                            < M A T L A B (R) >
                  Copyright 1984-2023 The MathWorks, Inc.
             R2023b Update 1 (23.2.0.2380103) 64-bit (glnxa64)
                             September 11, 2023


                            < M A T L A B (R) >
                  Copyright 1984-2023 The MathWorks, Inc.
             R2023b Update 1 (23.2.0.2380103) 64-bit (glnxa64)
                             September 11, 2023


                            < M A T L A B (R) >
                  Copyright 1984-2023 The MathWorks, Inc.
             R2023b Update 1 (23.2.0.2380103) 64-bit (glnxa64)
                             September 11, 2023


                            < M A T L A B (R) >
                  Copyright 1984-2023 The MathWorks, Inc.
             R2023b Update 1 (23.2.0.2380103) 64-bit (glnxa64)
                             September 11, 2023


                            < M A T L A B (R) >
                  Copyright 1984-2023 The MathWorks, Inc.
             R2023b Update 1 (23.2.0.2380103) 64-bit (glnxa64)
                             September 11, 2023


                            < M A T L A B (R) >
                  Copyright 1984-2023 The MathWorks, Inc.
             R2023b Update 1 (23.2.0.2380103) 64-bit (glnxa64)
                             September 11, 2023


                            < M A T L A B (R) >
                  Copyright 1984-2023 The MathWorks, Inc.
             R2023b Update 1 (23.2.0.2380103) 64-bit (glnxa64)
                             September 11, 2023


                            < M A T L A B (R) >
                  Copyright 1984-2023 The MathWorks, Inc.
             R2023b Update 1 (23.2.0.2380103) 64-bit (glnxa64)
                             September 11, 2023


                            < M A T L A B (R) >
                  Copyright 1984-2023 The MathWorks, Inc.
             R2023b Update 1 (23.2.0.2380103) 64-bit (glnxa64)
                             September 11, 2023


                            < M A T L A B (R) >
                  Copyright 1984-2023 The MathWorks, Inc.
             R2023b Update 1 (23.2.0.2380103) 64-bit (glnxa64)
                             September 11, 2023


                            < M A T L A B (R) >
                  Copyright 1984-2023 The MathWorks, Inc.
             R2023b Update 1 (23.2.0.2380103) 64-bit (glnxa64)
                             September 11, 2023


                            < M A T L A B (R) >
                  Copyright 1984-2023 The MathWorks, Inc.
             R2023b Update 1 (23.2.0.2380103) 64-bit (glnxa64)
                             September 11, 2023


                            < M A T L A B (R) >
                  Copyright 1984-2023 The MathWorks, Inc.
             R2023b Update 1 (23.2.0.2380103) 64-bit (glnxa64)
                             September 11, 2023


                            < M A T L A B (R) >
                  Copyright 1984-2023 The MathWorks, Inc.
             R2023b Update 1 (23.2.0.2380103) 64-bit (glnxa64)
                             September 11, 2023


                            < M A T L A B (R) >
                  Copyright 1984-2023 The MathWorks, Inc.
             R2023b Update 1 (23.2.0.2380103) 64-bit (glnxa64)
                             September 11, 2023


                            < M A T L A B (R) >
                  Copyright 1984-2023 The MathWorks, Inc.
             R2023b Update 1 (23.2.0.2380103) 64-bit (glnxa64)
                             September 11, 2023


                            < M A T L A B (R) >
                  Copyright 1984-2023 The MathWorks, Inc.
             R2023b Update 1 (23.2.0.2380103) 64-bit (glnxa64)
                             September 11, 2023


                            < M A T L A B (R) >
                  Copyright 1984-2023 The MathWorks, Inc.
             R2023b Update 1 (23.2.0.2380103) 64-bit (glnxa64)
                             September 11, 2023


                            < M A T L A B (R) >
                  Copyright 1984-2023 The MathWorks, Inc.
             R2023b Update 1 (23.2.0.2380103) 64-bit (glnxa64)
                             September 11, 2023


                            < M A T L A B (R) >
                  Copyright 1984-2023 The MathWorks, Inc.
             R2023b Update 1 (23.2.0.2380103) 64-bit (glnxa64)
                             September 11, 2023


                            < M A T L A B (R) >
                  Copyright 1984-2023 The MathWorks, Inc.
             R2023b Update 1 (23.2.0.2380103) 64-bit (glnxa64)
                             September 11, 2023


                            < M A T L A B (R) >
                  Copyright 1984-2023 The MathWorks, Inc.
             R2023b Update 1 (23.2.0.2380103) 64-bit (glnxa64)
                             September 11, 2023


                            < M A T L A B (R) >
                  Copyright 1984-2023 The MathWorks, Inc.
             R2023b Update 1 (23.2.0.2380103) 64-bit (glnxa64)
                             September 11, 2023

 
 
 
 
 
 
 
 
 
 

                            < M A T L A B (R) >
                  Copyright 1984-2023 The MathWorks, Inc.
             R2023b Update 1 (23.2.0.2380103) 64-bit (glnxa64)
                             September 11, 2023


                            < M A T L A B (R) >
                  Copyright 1984-2023 The MathWorks, Inc.
             R2023b Update 1 (23.2.0.2380103) 64-bit (glnxa64)
                             September 11, 2023


                            < M A T L A B (R) >
                  Copyright 1984-2023 The MathWorks, Inc.
             R2023b Update 1 (23.2.0.2380103) 64-bit (glnxa64)
                             September 11, 2023


                            < M A T L A B (R) >
                  Copyright 1984-2023 The MathWorks, Inc.
             R2023b Update 1 (23.2.0.2380103) 64-bit (glnxa64)
                             September 11, 2023


                            < M A T L A B (R) >
                  Copyright 1984-2023 The MathWorks, Inc.
             R2023b Update 1 (23.2.0.2380103) 64-bit (glnxa64)
                             September 11, 2023


                            < M A T L A B (R) >
                  Copyright 1984-2023 The MathWorks, Inc.
             R2023b Update 1 (23.2.0.2380103) 64-bit (glnxa64)
                             September 11, 2023


                            < M A T L A B (R) >
                  Copyright 1984-2023 The MathWorks, Inc.
             R2023b Update 1 (23.2.0.2380103) 64-bit (glnxa64)
                             September 11, 2023


                            < M A T L A B (R) >
                  Copyright 1984-2023 The MathWorks, Inc.
             R2023b Update 1 (23.2.0.2380103) 64-bit (glnxa64)
                             September 11, 2023


                            < M A T L A B (R) >
                  Copyright 1984-2023 The MathWorks, Inc.
             R2023b Update 1 (23.2.0.2380103) 64-bit (glnxa64)
                             September 11, 2023


                            < M A T L A B (R) >
                  Copyright 1984-2023 The MathWorks, Inc.
             R2023b Update 1 (23.2.0.2380103) 64-bit (glnxa64)
                             September 11, 2023


                            < M A T L A B (R) >
                  Copyright 1984-2023 The MathWorks, Inc.
             R2023b Update 1 (23.2.0.2380103) 64-bit (glnxa64)
                             September 11, 2023


                            < M A T L A B (R) >
                  Copyright 1984-2023 The MathWorks, Inc.
             R2023b Update 1 (23.2.0.2380103) 64-bit (glnxa64)
                             September 11, 2023


                            < M A T L A B (R) >
                  Copyright 1984-2023 The MathWorks, Inc.
             R2023b Update 1 (23.2.0.2380103) 64-bit (glnxa64)
                             September 11, 2023

 
 
To get started, type doc.
To get started, type doc.
To get started, type doc.
To get started, type doc.
To get started, type doc.
To get started, type doc.
To get started, type doc.
To get started, type doc.
To get started, type doc.
To get started, type doc.
To get started, type doc.
For product information, visit www.mathworks.com.
For product information, visit www.mathworks.com.
To get started, type doc.
For product information, visit www.mathworks.com.
For product information, visit www.mathworks.com.
 
For product information, visit www.mathworks.com.
To get started, type doc.
To get started, type doc.
For product information, visit www.mathworks.com.
To get started, type doc.
To get started, type doc.
To get started, type doc.
To get started, type doc.
For product information, visit www.mathworks.com.
For product information, visit www.mathworks.com.
For product information, visit www.mathworks.com.
For product information, visit www.mathworks.com.
For product information, visit www.mathworks.com.
 
To get started, type doc.
To get started, type doc.
To get started, type doc.
To get started, type doc.
To get started, type doc.
To get started, type doc.
 
For product information, visit www.mathworks.com.
 
 
 
For product information, visit www.mathworks.com.
For product information, visit www.mathworks.com.
 
For product information, visit www.mathworks.com.
For product information, visit www.mathworks.com.
For product information, visit www.mathworks.com.
For product information, visit www.mathworks.com.
 
 
 
 
 
For product information, visit www.mathworks.com.
To get started, type doc.
For product information, visit www.mathworks.com.
For product information, visit www.mathworks.com.
For product information, visit www.mathworks.com.
For product information, visit www.mathworks.com.
 
r product information, visit www.mathworks.com.
 
 
 
 
 
 
 
 
 
r product information, visit www.mathworks.com.
 
 
 
 
 
 
 
 
 
 
 
 
 
 
 
To get started, type doc.
To get started, type doc.
To get started, type doc.
To get started, type doc.
To get started, type doc.
To get started, type doc.
To get started, type doc.
To get started, type doc.
To get started, type doc.
To get started, type doc.
To get started, type doc.
To get started, type doc.
To get started, type doc.
To get started, type doc.
For product information, visit www.mathworks.com.
To get started, type doc.
To get started, type doc.
To get started, type doc.
For product information, visit www.mathworks.com.
To get started, type doc.
For product information, visit www.mathworks.com.
For product information, visit www.mathworks.com.
To get started, type doc.
To get started, type doc.
For product information, visit www.mathworks.com.
To get started, type doc.
For product information, visit www.mathworks.com.
For product information, visit www.mathworks.com.
For product information, visit www.mathworks.com.
To get started, type doc.
To get started, type doc.
To get started, type doc.
To get started, type doc.
For product information, visit www.mathworks.com.
For product information, visit www.mathworks.com.
For product information, visit www.mathworks.com.
For product information, visit www.mathworks.com.
For product information, visit www.mathworks.com.
For product information, visit www.mathworks.com.
 
For product information, visit www.mathworks.com.
For product information, visit www.mathworks.com.
For product information, visit www.mathworks.com.
 
For product information, visit www.mathworks.com.
 
 
For product information, visit www.mathworks.com.
For product information, visit www.mathworks.com.
 
For product information, visit www.mathworks.com.
 
 
 
For product information, visit www.mathworks.com.
For product information, visit www.mathworks.com.
For product information, visit www.mathworks.com.
For product information, visit www.mathworks.com.
 
 
 
 
 
 
 
 
 
 
 
 
 
 
 
 
 
 
 
 
 
 
 
 
 
 
 
 
 
 
 
 
 
 
 
 
 
 
To get started, type doc.
To get started, type doc.
To get started, type doc.
To get started, type doc.
To get started, type doc.
To get started, type doc.
To get started, type doc.
To get started, type doc.
To get started, type doc.
To get started, type doc.
To get started, type doc.
For product information, visit www.mathworks.com.
For product information, visit www.mathworks.com.
For product information, visit www.mathworks.com.
For product information, visit www.mathworks.com.
To get started, type doc.
To get started, type doc.
To get started, type doc.
To get started, type doc.
To get started, type doc.
To get started, type doc.
To get started, type doc.
To get started, type doc.
To get started, type doc.
For product information, visit www.mathworks.com.
For product information, visit www.mathworks.com.
To get started, type doc.
To get started, type doc.
For product information, visit www.mathworks.com.
For product information, visit www.mathworks.com.
For product information, visit www.mathworks.com.
To get started, type doc.
To get started, type doc.
To get started, type doc.
For product information, visit www.mathworks.com.
For product information, visit www.mathworks.com.
 
 
 
 
For product information, visit www.mathworks.com.
For product information, visit www.mathworks.com.
For product information, visit www.mathworks.com.
For product information, visit www.mathworks.com.
For product information, visit www.mathworks.com.
For product information, visit www.mathworks.com.
For product information, visit www.mathworks.com.
For product information, visit www.mathworks.com.
For product information, visit www.mathworks.com.
 
 
For product information, visit www.mathworks.com.
For product information, visit www.mathworks.com.
 
 
 
For product information, visit www.mathworks.com.
For product information, visit www.mathworks.com.
For product information, visit www.mathworks.com.
 
 
 
 
 
 
 
 
 
 
 
 
 
 
 
 
 
 
 
 
 
 
 
 
 
 
 
 
 

                            < M A T L A B (R) >
                  Copyright 1984-2023 The MathWorks, Inc.
             R2023b Update 1 (23.2.0.2380103) 64-bit (glnxa64)
                             September 11, 2023


                            < M A T L A B (R) >
                  Copyright 1984-2023 The MathWorks, Inc.
             R2023b Update 1 (23.2.0.2380103) 64-bit (glnxa64)
                             September 11, 2023


                            < M A T L A B (R) >
                  Copyright 1984-2023 The MathWorks, Inc.
             R2023b Update 1 (23.2.0.2380103) 64-bit (glnxa64)
                             September 11, 2023


                            < M A T L A B (R) >
                  Copyright 1984-2023 The MathWorks, Inc.
             R2023b Update 1 (23.2.0.2380103) 64-bit (glnxa64)
                             September 11, 2023


                            < M A T L A B (R) >
                  Copyright 1984-2023 The MathWorks, Inc.
             R2023b Update 1 (23.2.0.2380103) 64-bit (glnxa64)
                             September 11, 2023


                            < M A T L A B (R) >
                  Copyright 1984-2023 The MathWorks, Inc.
             R2023b Update 1 (23.2.0.2380103) 64-bit (glnxa64)
                             September 11, 2023


                            < M A T L A B (R) >
                  Copyright 1984-2023 The MathWorks, Inc.
             R2023b Update 1 (23.2.0.2380103) 64-bit (glnxa64)
                             September 11, 2023


                            < M A T L A B (R) >
                  Copyright 1984-2023 The MathWorks, Inc.
             R2023b Update 1 (23.2.0.2380103) 64-bit (glnxa64)
                             September 11, 2023


                            < M A T L A B (R) >
                  Copyright 1984-2023 The MathWorks, Inc.
             R2023b Update 1 (23.2.0.2380103) 64-bit (glnxa64)
                             September 11, 2023


                            < M A T L A B (R) >
                  Copyright 1984-2023 The MathWorks, Inc.
             R2023b Update 1 (23.2.0.2380103) 64-bit (glnxa64)
                             September 11, 2023


                            < M A T L A B (R) >
                  Copyright 1984-2023 The MathWorks, Inc.
             R2023b Update 1 (23.2.0.2380103) 64-bit (glnxa64)
                             September 11, 2023

To get started, type doc.
To get started, type doc.
To get started, type doc.
To get started, type doc.
To get started, type doc.
To get started, type doc.
For product information, visit www.mathworks.com.
For product information, visit www.mathworks.com.
For product information, visit www.mathworks.com.
For product information, visit www.mathworks.com.
For product information, visit www.mathworks.com.
For product information, visit www.mathworks.com.
For product information, visit www.mathworks.com.
For product information, visit www.mathworks.com.
For product information, visit www.mathworks.com.
For product information, visit www.mathworks.com.
For product information, visit www.mathworks.com.
For product information, visit www.mathworks.com.
For product information, visit www.mathworks.com.
 
 
 
 
 
 
 
 
 
 
 
 
 

                            < M A T L A B (R) >
                  Copyright 1984-2023 The MathWorks, Inc.
             R2023b Update 1 (23.2.0.2380103) 64-bit (glnxa64)
                             September 11, 2023

 
 
 
 
 
 
 
 
 
 
 
To get started, type doc.
To get started, type doc.
To get started, type doc.
To get started, type doc.
To get started, type doc.
To get started, type doc.
To get started, type doc.
To get started, type doc.
To get started, type doc.
To get started, type doc.
To get started, type doc.
For product information, visit www.mathworks.com.
For product information, visit www.mathworks.com.
For product information, visit www.mathworks.com.
For product information, visit www.mathworks.com.
For product information, visit www.mathworks.com.
For product information, visit www.mathworks.com.
For product information, visit www.mathworks.com.
For product information, visit www.mathworks.com.
For product information, visit www.mathworks.com.
For product information, visit www.mathworks.com.
For product information, visit www.mathworks.com.
 
 
 
 
 
 
 
 
 
 
 
Start to stack ARD Tile 18TYN
Start to stack ARD Tile 18TYN
Start to stack ARD Tile 18TYN
Start to stack ARD Tile 18TYN
Start to stack ARD Tile 18TYN
Start to stack ARD Tile 18TYN
Start to stack ARD Tile 18TYN
Start to stack ARD Tile 18TYN
Start to stack ARD Tile 18TYN
Start to stack ARD Tile 18TYN
Start to stack ARD Tile 18TYN
Start to stack ARD Tile 18TYN
Start to stack ARD Tile 18TYN
Start to stack ARD Tile 18TYN
Start to stack ARD Tile 18TYN
Start to stack ARD Tile 18TYN
Start to stack ARD Tile 18TYN
Start to stack ARD Tile 18TYN
Start to stack ARD Tile 18TYN
Start to stack ARD Tile 18TYN
Start to stack ARD Tile 18TYN
Start to stack ARD Tile 18TYN
Start to stack ARD Tile 18TYN
Start to stack ARD Tile 18TYN
Start to stack ARD Tile 18TYN
To get started, type doc.
For product information, visit www.mathworks.com.
 
Start to stack ARD Tile 18TYN
Start to stack ARD Tile 18TYN
Start to stack ARD Tile 18TYN
Start to stack ARD Tile 18TYN
Start to stack ARD Tile 18TYN
Start to stack ARD Tile 18TYN
Start to stack ARD Tile 18TYN
Start to stack ARD Tile 18TYN
Start to stack ARD Tile 18TYN
Start to stack ARD Tile 18TYN
Start to stack ARD Tile 18TYN
Start to stack ARD Tile 18TYN
Start to stack ARD Tile 18TYN
Start to stack ARD Tile 18TYN
Start to stack ARD Tile 18TYN
Start to stack ARD Tile 18TYN
Start to stack ARD Tile 18TYN
Start to stack ARD Tile 18TYN
Start to stack ARD Tile 18TYN
Start to stack ARD Tile 18TYN
Start to stack ARD Tile 18TYN
Start to stack ARD Tile 18TYN
Start to stack ARD Tile 18TYN
Start to stack ARD Tile 18TYN
Start to stack ARD Tile 18TYN
Start to stack ARD Tile 18TYN
Start to stack ARD Tile 18TYN
Start to stack ARD Tile 18TYN
Start to stack ARD Tile 18TYN
Start to stack ARD Tile 18TYN
Start to stack ARD Tile 18TYN
Start to stack ARD Tile 18TYN
A total of 0632 Sentinel-2 images at /gpfs/sharedfs1/zhulab/Kexin/Sentinel-2/T18TYN/ARDBRDF_HLSAngle
A total of 0632 Sentinel-2 images at /gpfs/sharedfs1/zhulab/Kexin/Sentinel-2/T18TYN/ARDBRDF_HLSAngle
Start to stack ARD Tile 18TYN
ges at /gpfs/sharedfs1/zhulab/Kexin/Sentinel-2/T18TYN/ARDBRDF_HLSAngle
Start to stack ARD Tile 18TYN
ges at /gpfs/sharedfs1/zhulab/Kexin/Sentinel-2/T18TYN/ARDBRDF_HLSAngle
Start to stack ARD Tile 18TYN
ges at /gpfs/sharedfs1/zhulab/Kexin/Sentinel-2/T18TYN/ARDBRDF_HLSAngle
Start to stack ARD Tile 18TYN
ges at /gpfs/sharedfs1/zhulab/Kexin/Sentinel-2/T18TYN/ARDBRDF_HLSAngle
Start to stack ARD Tile 18TYN
ges at /gpfs/sharedfs1/zhulab/Kexin/Sentinel-2/T18TYN/ARDBRDF_HLSAngle
Start to stack ARD Tile 18TYN
ges at /gpfs/sharedfs1/zhulab/Kexin/Sentinel-2/T18TYN/ARDBRDF_HLSAngle
Start to stack ARD Tile 18TYN
ges at /gpfs/sharedfs1/zhulab/Kexin/Sentinel-2/T18TYN/ARDBRDF_HLSAngle
Start to stack ARD Tile 18TYN
ges at /gpfs/sharedfs1/zhulab/Kexin/Sentinel-2/T18TYN/ARDBRDF_HLSAngle
Start to stack ARD Tile 18TYN
ges at /gpfs/sharedfs1/zhulab/Kexin/Sentinel-2/T18TYN/ARDBRDF_HLSAngle
Start to stack ARD Tile 18TYN
ges at /gpfs/sharedfs1/zhulab/Kexin/Sentinel-2/T18TYN/ARDBRDF_HLSAngle
Start to stack ARD Tile 18TYN
ges at /gpfs/sharedfs1/zhulab/Kexin/Sentinel-2/T18TYN/ARDBRDF_HLSAngle
Start to stack ARD Tile 18TYN
ges at /gpfs/sharedfs1/zhulab/Kexin/Sentinel-2/T18TYN/ARDBRDF_HLSAngle
Start to stack ARD Tile 18TYN
ges at /gpfs/sharedfs1/zhulab/Kexin/Sentinel-2/T18TYN/ARDBRDF_HLSAngle
Start to stack ARD Tile 18TYN
ges at /gpfs/sharedfs1/zhulab/Kexin/Sentinel-2/T18TYN/ARDBRDF_HLSAngle
Start to stack ARD Tile 18TYN
ges at /gpfs/sharedfs1/zhulab/Kexin/Sentinel-2/T18TYN/ARDBRDF_HLSAngle
Start to stack ARD Tile 18TYN
ges at /gpfs/sharedfs1/zhulab/Kexin/Sentinel-2/T18TYN/ARDBRDF_HLSAngle
A total of 0632 Sentinel-2 images at /gpfs/sharedfs1/zhulab/Kexin/Sentinel-2/T18TYN/ARDBRDF_HLSAngle
A total of 0632 Sentinel-2 images at /gpfs/sharedfs1/zhulab/Kexin/Sentinel-2/T18TYN/ARDBRDF_HLSAngle
A total of 0632 Sentinel-2 images at /gpfs/sharedfs1/zhulab/Kexin/Sentinel-2/T18TYN/ARDBRDF_HLSAngle
A total of 0632 Sentinel-2 images at /gpfs/sharedfs1/zhulab/Kexin/Sentinel-2/T18TYN/ARDBRDF_HLSAngle
A total of 0632 Sentinel-2 images at /gpfs/sharedfs1/zhulab/Kexin/Sentinel-2/T18TYN/ARDBRDF_HLSAngle
A total of 0632 Sentinel-2 images at /gpfs/sharedfs1/zhulab/Kexin/Sentinel-2/T18TYN/ARDBRDF_HLSAngle
At task# 24/100 to process 7 images
At task# 23/100 to process 7 images
At task# 25/100 to process 7 images
A total of 0632 Sentinel-2 images at /gpfs/sharedfs1/zhulab/Kexin/Sentinel-2/T18TYN/ARDBRDF_HLSAngle
At task# 4/100 to process 7 images
At task# 3/100 to process 7 images
At task# 6/100 to process 7 images
At task# 2/100 to process 7 images
At task# 18/100 to process 7 images
At task# 17/100 to process 7 images
At task# 15/100 to process 7 images
At task# 8/100 to process 7 images
At task# 7/100 to process 7 images
At task# 16/100 to process 7 images
At task# 9/100 to process 7 images
At task# 14/100 to process 7 images
At task# 1/100 to process 7 images
At task# 11/100 to process 7 images
At task# 13/100 to process 7 images
At task# 10/100 to process 7 images
At task# 12/100 to process 7 images
At task# 20/100 to process 7 images
At task# 21/100 to process 7 images
At task# 22/100 to process 7 images
 /gpfs/sharedfs1/zhulab/Kexin/Sentinel-2/T18TYN/ARDBRDF_HLSAngle
At task# 19/100 to process 7 images
 /gpfs/sharedfs1/zhulab/Kexin/Sentinel-2/T18TYN/ARDBRDF_HLSAngle
At task# 5/100 to process 7 images
t /gpfs/sharedfs1/zhulab/Kexin/Sentinel-2/T18TYN/ARDBRDF_HLSAngle
A total of 0632 Sentinel-2 images at /gpfs/sharedfs1/zhulab/Kexin/Sentinel-2/T18TYN/ARDBRDF_HLSAngle
A total of 0632 Sentinel-2 images at /gpfs/sharedfs1/zhulab/Kexin/Sentinel-2/T18TYN/ARDBRDF_HLSAngle
At task# 74/100 to process 7 images
At task# 73/100 to process 7 images
At task# 75/100 to process 7 images
A total of 0632 Sentinel-2 images at /gpfs/sharedfs1/zhulab/Kexin/Sentinel-2/T18TYN/ARDBRDF_HLSAngle
At task# 51/100 to process 7 images
At task# 52/100 to process 7 images
At task# 55/100 to process 7 images
A total of 0632 Sentinel-2 images at /gpfs/sharedfs1/zhulab/Kexin/Sentinel-2/T18TYN/ARDBRDF_HLSAngle
A total of 0632 Sentinel-2 images at /gpfs/sharedfs1/zhulab/Kexin/Sentinel-2/T18TYN/ARDBRDF_HLSAngle
A total of 0632 Sentinel-2 images at /gpfs/sharedfs1/zhulab/Kexin/Sentinel-2/T18TYN/ARDBRDF_HLSAngle
A total of 0632 Sentinel-2 images at /gpfs/sharedfs1/zhulab/Kexin/Sentinel-2/T18TYN/ARDBRDF_HLSAngle
A total of 0632 Sentinel-2 images at /gpfs/sharedfs1/zhulab/Kexin/Sentinel-2/T18TYN/ARDBRDF_HLSAngle
A total of 0632 Sentinel-2 images at /gpfs/sharedfs1/zhulab/Kexin/Sentinel-2/T18TYN/ARDBRDF_HLSAngle
A total of 0632 Sentinel-2 images at /gpfs/sharedfs1/zhulab/Kexin/Sentinel-2/T18TYN/ARDBRDF_HLSAngle
A total of 0632 Sentinel-2 images at /gpfs/sharedfs1/zhulab/Kexin/Sentinel-2/T18TYN/ARDBRDF_HLSAngle
A total of 0632 Sentinel-2 images at /gpfs/sharedfs1/zhulab/Kexin/Sentinel-2/T18TYN/ARDBRDF_HLSAngle
At task# 54/100 to process 7 images
At task# 56/100 to process 7 images
At task# 53/100 to process 7 images
At task# 70/100 to process 7 images
At task# 63/100 to process 7 images
At task# 62/100 to process 7 images
At task# 64/100 to process 7 images
At task# 61/100 to process 7 images
At task# 71/100 to process 7 images
A total of 0632 Sentinel-2 images at /gpfs/sharedfs1/zhulab/Kexin/Sentinel-2/T18TYN/ARDBRDF_HLSAngle
A total of 0632 Sentinel-2 images at /gpfs/sharedfs1/zhulab/Kexin/Sentinel-2/T18TYN/ARDBRDF_HLSAngle
At task# 67/100 to process 7 images
A total of 0632 Sentinel-2 images at /gpfs/sharedfs1/zhulab/Kexin/Sentinel-2/T18TYN/ARDBRDF_HLSAngle
At task# 66/100 to process 7 images
A total of 0632 Sentinel-2 images at /gpfs/sharedfs1/zhulab/Kexin/Sentinel-2/T18TYN/ARDBRDF_HLSAngle
A total of 0632 Sentinel-2 images at /gpfs/sharedfs1/zhulab/Kexin/Sentinel-2/T18TYN/ARDBRDF_HLSAngle
A total of 0632 Sentinel-2 images at /gpfs/sharedfs1/zhulab/Kexin/Sentinel-2/T18TYN/ARDBRDF_HLSAngle
A total of 0632 Sentinel-2 images at /gpfs/sharedfs1/zhulab/Kexin/Sentinel-2/T18TYN/ARDBRDF_HLSAngle
A total of 0632 Sentinel-2 images at /gpfs/sharedfs1/zhulab/Kexin/Sentinel-2/T18TYN/ARDBRDF_HLSAngle
A total of 0632 Sentinel-2 images at /gpfs/sharedfs1/zhulab/Kexin/Sentinel-2/T18TYN/ARDBRDF_HLSAngle
At task# 65/100 to process 7 images
A total of 0632 Sentinel-2 images at /gpfs/sharedfs1/zhulab/Kexin/Sentinel-2/T18TYN/ARDBRDF_HLSAngle
At task# 68/100 to process 7 images
At task# 60/100 to process 7 images
At task# 58/100 to process 7 images
At task# 57/100 to process 7 images
At task# 59/100 to process 7 images
At task# 72/100 to process 7 images
At task# 69/100 to process 7 images
A total of 0632 Sentinel-2 images at /gpfs/sharedfs1/zhulab/Kexin/Sentinel-2/T18TYN/ARDBRDF_HLSAngle
A total of 0632 Sentinel-2 images at /gpfs/sharedfs1/zhulab/Kexin/Sentinel-2/T18TYN/ARDBRDF_HLSAngle
A total of 0632 Sentinel-2 images at /gpfs/sharedfs1/zhulab/Kexin/Sentinel-2/T18TYN/ARDBRDF_HLSAngle
A total of 0632 Sentinel-2 images at /gpfs/sharedfs1/zhulab/Kexin/Sentinel-2/T18TYN/ARDBRDF_HLSAngle
A total of 0632 Sentinel-2 images at /gpfs/sharedfs1/zhulab/Kexin/Sentinel-2/T18TYN/ARDBRDF_HLSAngle
A total of 0632 Sentinel-2 images at /gpfs/sharedfs1/zhulab/Kexin/Sentinel-2/T18TYN/ARDBRDF_HLSAngle
A total of 0632 Sentinel-2 images at /gpfs/sharedfs1/zhulab/Kexin/Sentinel-2/T18TYN/ARDBRDF_HLSAngle
A total of 0632 Sentinel-2 images at /gpfs/sharedfs1/zhulab/Kexin/Sentinel-2/T18TYN/ARDBRDF_HLSAngle
A total of 0632 Sentinel-2 images at /gpfs/sharedfs1/zhulab/Kexin/Sentinel-2/T18TYN/ARDBRDF_HLSAngle
A total of 0632 Sentinel-2 images at /gpfs/sharedfs1/zhulab/Kexin/Sentinel-2/T18TYN/ARDBRDF_HLSAngle
A total of 0632 Sentinel-2 images at /gpfs/sharedfs1/zhulab/Kexin/Sentinel-2/T18TYN/ARDBRDF_HLSAngle
A total of 0632 Sentinel-2 images at /gpfs/sharedfs1/zhulab/Kexin/Sentinel-2/T18TYN/ARDBRDF_HLSAngle
A total of 0632 Sentinel-2 images at /gpfs/sharedfs1/zhulab/Kexin/Sentinel-2/T18TYN/ARDBRDF_HLSAngle
A total of 0632 Sentinel-2 images at /gpfs/sharedfs1/zhulab/Kexin/Sentinel-2/T18TYN/ARDBRDF_HLSAngle
A total of 0632 Sentinel-2 images at /gpfs/sharedfs1/zhulab/Kexin/Sentinel-2/T18TYN/ARDBRDF_HLSAngle
A total of 0632 Sentinel-2 images at /gpfs/sharedfs1/zhulab/Kexin/Sentinel-2/T18TYN/ARDBRDF_HLSAngle
A total of 0632 Sentinel-2 images at /gpfs/sharedfs1/zhulab/Kexin/Sentinel-2/T18TYN/ARDBRDF_HLSAngle
A total of 0632 Sentinel-2 images at /gpfs/sharedfs1/zhulab/Kexin/Sentinel-2/T18TYN/ARDBRDF_HLSAngle
A total of 0632 Sentinel-2 images at /gpfs/sharedfs1/zhulab/Kexin/Sentinel-2/T18TYN/ARDBRDF_HLSAngle
A total of 0632 Sentinel-2 images at /gpfs/sharedfs1/zhulab/Kexin/Sentinel-2/T18TYN/ARDBRDF_HLSAngle
A total of 0632 Sentinel-2 images at /gpfs/sharedfs1/zhulab/Kexin/Sentinel-2/T18TYN/ARDBRDF_HLSAngle
A total of 0632 Sentinel-2 images at /gpfs/sharedfs1/zhulab/Kexin/Sentinel-2/T18TYN/ARDBRDF_HLSAngle
At task# 48/100 to process 7 images
At task# 50/100 to process 7 images
At task# 49/100 to process 7 images
At task# 43/100 to process 7 images
At task# 41/100 to process 7 images
At task# 32/100 to process 7 images
At task# 36/100 to process 7 images
At task# 38/100 to process 7 images
At task# 29/100 to process 7 images
At task# 31/100 to process 7 images
At task# 30/100 to process 7 images
At task# 28/100 to process 7 images
At task# 26/100 to process 7 images
A total of 0632 Sentinel-2 images at /gpfs/sharedfs1/zhulab/Kexin/Sentinel-2/T18TYN/ARDBRDF_HLSAngle
A total of 0632 Sentinel-2 images at /gpfs/sharedfs1/zhulab/Kexin/Sentinel-2/T18TYN/ARDBRDF_HLSAngle
At task# 27/100 to process 7 images
A total of 0632 Sentinel-2 images at /gpfs/sharedfs1/zhulab/Kexin/Sentinel-2/T18TYN/ARDBRDF_HLSAngle
At task# 46/100 to process 7 images
At task# 44/100 to process 7 images
At task# 45/100 to process 7 images
At task# 47/100 to process 7 images
At task# 37/100 to process 7 images
At task# 39/100 to process 7 images
At task# 40/100 to process 7 images
At task# 42/100 to process 7 images
At task# 34/100 to process 7 images
At task# 33/100 to process 7 images
At task# 35/100 to process 7 images

Already exist the 1th image (T18TYN_S2A_2015221_20150809T154106)

Processing the 92th image (T18TYN_S2A_2018045_20180214T153551)

Processing the 106th image (T18TYN_S2B_2018083_20180324T153909)

Processing the 155th image (T18TYN_S2B_2018223_20180811T153809)

Processing the 148th image (T18TYN_S2A_2018205_20180724T153601)

Processing the 162th image (T18TYN_S2B_2018240_20180828T153549)

Processing the 64th image (T18TYN_S2A_2017223_20170811T153911)

Processing the 134th image (T18TYN_S2A_2018168_20180617T153911)

Processing the 127th image (T18TYN_S2A_2018145_20180525T153601)

Processing the 85th image (T18TYN_S2B_2018010_20180110T153609)

Processing the 78th image (T18TYN_S2B_2017348_20171214T154639)

Processing the 414th image (T18TYN_S2B_2021027_20210127T154519)
Processing the 57th image (T18TYN_S2A_2017143_20170523T153911)

Processing the 120th image (T18TYN_S2A_2018128_20180508T153911)

Processing the 113th image (T18TYN_S2B_2018103_20180413T153909)

Processing the 169th image (T18TYN_S2B_2018263_20180920T153919)

Processing the 71th image (T18TYN_S2A_2017303_20171030T154351)

Processing the 22th image (T18TYN_S2A_2016209_20160727T153912)

Processing the 141th image (T18TYN_S2A_2018185_20180704T153601)

Already exist the 2th image (T18TYN_S2A_2015261_20150918T154106)

Processing the 372th image (T18TYN_S2A_2020265_20200921T153601)
ing: No SR for T18TYN_S2A_2016316_20161111T224511] 
[Warning: No SR for T18TYN_S2A_2016098_20160407T172521] 
[Warning: No SR for T18TYN_S2A_2016349_20161214T214216] 
[Warning: No SR for T18TYN_S2A_2017039_20170208T135737] 
[Warning: No SR for T18TYN_S2A_2015354_20151220T205850] 
[> In stackS2ARD2Linev2 (line 441)
In batchStackS2ARD2Line (line 61)] 
[> In stackS2ARD2Linev2 (line 441)
In batchStackS2ARD2Line (line 61)] 
[> In stackS2ARD2Linev2 (line 441)
In batchStackS2ARD2Line (line 61)] 

Processing the 3th image (T18TYN_S2A_2015271_20150928T154106)
[> In stackS2ARD2Linev2 (line 441)
In batchStackS2ARD2Line (line 61)] 

Processing the 379th image (T18TYN_S2B_2020283_20201009T154059)
 61)] 
[> In stackS2ARD2Linev2 (line 441)
In batchStackS2ARD2Line (line 61)] 
[Warning: No SR for T18TYN_S2A_2016265_20160921T182504] 
[Warning: No SR for T18TYN_S2A_2016320_20161115T100354] 
[Warning: No SR for T18TYN_S2A_2016110_20160419T175754] 

Processing the 365th image (T18TYN_S2A_2020248_20200904T153911)[> In stackS2ARD2Linev2 (line 441)
In batchStackS2ARD2Line (line 61)] 

Processing the 51th image (T18TYN_S2A_2017063_20170304T154121)

Processing the 498th image (T18TYN_S2B_2021264_20210921T153559)
 61)] 

Processing the 484th image (T18TYN_S2B_2021227_20210815T153809)
 61)] 

Processing the 9th image (T18TYN_S2A_2016006_20160106T153632)

Processing the 491th image (T18TYN_S2B_2021244_20210901T153559)
[Warning: No SR for T18TYN_S2
Processing the 519th image (Start to stack ARD Tile 18TYN
4531)

Processing the 505th image (T18TYN_S2B_2021284_20211011T15Start [> In stackS2ARD2Linev2 (line 441)
In batchStackS2ARD2Line (line 61)] 
Start to stack ARD Tile 18TYN
18TYN_S2A_2020225_20200812T153601)

Processing the 463th image (T18TYN_S2A_2021169_20210618T153601)
 61)] 

Processing the 407th image (T18TYN_S2A_2021009_20210109T153621)
 61)] 
[Warning: No SR for T18TYN_S2A_2016291_20161017T021402] 

Processing the 435th image (T18TYN_S2A_2021089_20210330T15[Warning: No SR for T18TYN_S2A_2016137_20160516T065556] 

Processing the 421th image (T18TYN_S2B_2021044_20210213T153559)
 61)] 

Processing the 477th image (T18TYN_S2B_2021207_20210726T153809)
 61)] 
[> In stackS2ARD2Linev2 (line 441)
In batchStackS2ARD2Line (line 61)] 

Processing the 351th image (T18TYN_S2A_2020205_20200723T153601)

Processing the 386th image (T18TYN_S2B_2020300_20201026T153559)

Processing the 470th image (T18TYN_S2B_2021187_20210706T153809)

Processing the 449th image (T18TYN_S2A_2021129_20210509T153601)

Processing the 456th image (T18TYN_S2A_2021152_20210601T153911)
[Warning: No SR for T18TYN_S2A_2016150_20160529T011914] 
Start to stack ARD Tile 18TYN
18TYN_S2B_2021107_20210417T153809)

Processing the 428th image (T18TYN_S2B_2021067_20210308T154009)
 61)] 
[> In stackS2ARD2Linev2 (line
Processing the 512th image (T18TYN_S2A_202[> In stackS2ARD2Line
Processing the 393th image (T18TYN_S2A_2020325_20201120T153601)

Processing the 400th image (T18TYN_S2B_2020353_20201218T154649)
[Warning: No SR for T18TYN_S2A_2016297_20161023T125608] 
[Warning: No SR for T18TYN_S2A_2016170_20160618T105746] 
[> In stackS2ARD2Linev2 (line 441)
In batchStackS2ARD2Line (line 61)] 
[> In stackS2ARD2Linev2 (line 441)
In batchStackS2ARD2Line (line 61)] 
[> In stackS2ARD2Linev2 (line 441)
In batchStackS2ARD2Line (line 61)] 
[Warning: No SR for T18TYN_S2A_2016310_20161105T014148] 
[Warning: No SR for T18TYN_S2A_2016176_20160624T213745] 
[> In stackS2ARD2Linev2 (line 441)
In batchStackS2ARD2Line (line 61)] 
[> In stackS2ARD2Linev2 (line 441)
In batchStackS2ARD2Line (line 61)] 

Processing the 42th image (T18TYN_S2A_2016349_20161214T154642)
Start to stack ARD Tile 18TYN
Start to stack ARD Tile 18TYN

Processing the 330th image (T18TYN_S2B_2020110_20200419T153549)

Processing the 337th image (T18TYN_S2A_2020138_20200517T153911)

Processing the 204th image (T18TYN_S2B_2018353_20181219T154649)

Processing the 176th image (T18TYN_S2B_2018280_20181007T153549)

Processing the 183th image (T18TYN_S2A_2018298_20181025T154321)

Processing the 281th image (T18TYN_S2A_2019293_20191020T154301)

Processing the 232th image (T18TYN_S2A_2019073_20190314T154021)

Processing the 211th image (T18TYN_S2A_2019010_20190110T153621)

Processing the 344th image (T18TYN_S2B_2020170_20200618T153559)

Processing the 288th image (T18TYN_S2B_2019325_20191121T153559)

Processing the 267th image (T18TYN_S2A_2019230_20190818T153601)

Processing the 246th image (T18TYN_S2A_2019113_20190423T153911)

Processing the 302th image (T18TYN_S2A_2020015_20200115T153601)

Processing the 190th image (T18TYN_S2A_2018318_20181114T154511)

Processing the 218th image (T18TYN_S2A_2019030_20190130T153551)

Processing the 316th image (T18TYN_S2A_2020058_20200227T154211)

Processing the 253th image (T18TYN_S2A_2019143_20190523T153911)

Processing the 239th image (T18TYN_S2A_2019090_20190331T153601)

Processing the 274th image (T18TYN_S2B_2019265_20190922T153559)

Processing the 225th image (T18TYN_S2A_2019050_20190219T153551)

Processing the 295th image (T18TYN_S2A_2019353_20191219T154641)

Processing the 197th image (T18TYN_S2A_2018335_20181201T153611)
A total of 0632 Sentinel-2 images at /gpfs/sharedfs1/zhulab/Kexin/Sentinel-2/T18TYN/ARDBRDF_HLSAngle
A total of 0632 Sentinel-2 images at /gpfs/sharedfs1/zhulab/Kexin/Sentinel-2/T18TYN/ARDBRDF_HLSAngle
A total of 0632 Sentinel-2 images at /gpfs/sharedfs1/zhulab/Kexin/Sentinel-2/T18TYN/ARDBRDF_HLSAngle
A total of 0632 Sentinel-2 images at /gpfs/sharedfs1/zhulab/Kexin/Sentinel-2/T18TYN/ARDBRDF_HLSAngle
At task# 86/100 to process 7 images
At task# 89/100 to process 7 images
At task# 88/100 to process 7 images
At task# 87/100 to process 7 images
A total of 0632 Sentinel-2 images at /gpfs/sharedfs1/zhulab/Kexin/Sentinel-2/T18TYN/ARDBRDF_HLSAngle
At task# 77/100 to process 7 images
A total of 0632 Sentinel-2 images at /gpfs/sharedfs1/zhulab/Kexin/Sentinel-2/T18TYN/ARDBRDF_HLSAngle
A total of 0632 Sentinel-2 images at /gpfs/sharedfs1/zhulab/Kexin/Sentinel-2/T18TYN/ARDBRDF_HLSAngle
A total of 0632 Sentinel-2 images at /gpfs/sharedfs1/zhulab/Kexin/Sentinel-2/T18TYN/ARDBRDF_HLSAngle
A total of 0632 Sentinel-2 images at /gpfs/sharedfs1/zhulab/Kexin/Sentinel-2/T18TYN/ARDBRDF_HLSAngle
At task# 83/100 to process 7 images
At task# 82/100 to process 7 images
At task# 84/100 to process 7 images
At task# 85/100 to process 7 images
A total of 0632 Sentinel-2 images at /gpfs/sharedfs1/zhulab/Kexin/Sentinel-2/T18TYN/ARDBRDF_HLSAngle
A total of 0632 Sentinel-2 images at /gpfs/sharedfs1/zhulab/Kexin/Sentinel-2/T18TYN/ARDBRDF_HLSAngle
At task# 81/100 to process 7 images
At task# 80/100 to process 7 images
A total of 0632 Sentinel-2 images at /gpfs/sharedfs1/zhulab/Kexin/Sentinel-2/T18TYN/ARDBRDF_HLSAngle
A total of 0632 Sentinel-2 images at /gpfs/sharedfs1/zhulab/Kexin/Sentinel-2/T18TYN/ARDBRDF_HLSAngle
At task# 79/100 to process 7 images
At task# 78/100 to process 7 images

Processing the 610th image (T18TYN_S2B_2022219_20220807T153559)

Processing the 603th image (T18TYN_S2A_2022194_20220713T153611)

Processing the 582th image (T18TYN_S2B_2022139_20220519T153559)

Processing the 533th image (T18TYN_S2B_2021364_20211230T153639)

Processing the 575th image (T18TYN_S2A_2022117_20220427T153821)

Processing the 561th image (T18TYN_S2A_2022077_20220318T154001)

Processing the 554th image (T18TYN_S2A_2022057_20220226T154221)

Processing the 589th image (T18TYN_S2B_2022159_20220608T153559)

Processing the 596th image (T18TYN_S2A_2022177_20220626T153821)

Processing the 547th image (T18TYN_S2B_2022039_20220208T153549)

Processing the 617th image (T18TYN_S2A_2022247_20220904T153821)

Processing the 568th image (T18TYN_S2A_2022094_20220404T153601)

Processing the 540th image (T18TYN_S2B_2022019_20220119T153549)
Start to stack ARD Tile 18TYN
Start to stack ARD Tile 18TYN
Start to stack ARD Tile 18TYN
Start to stack ARD Tile 18TYN
Start to stack ARD Tile 18TYN
Start to stack ARD Tile 18TYN
Start to stack ARD Tile 18TYN
Start to stack ARD Tile 18TYN
Start to stack ARD Tile 18TYN
Start to stack ARD Tile 18TYN
Start to stack ARD Tile 18TYN
A total of 0632 Sentinel-2 images at /gpfs/sharedfs1/zhulab/Kexin/Sentinel-2/T18TYN/ARDBRDF_HLSAngle
A total of 0632 Sentinel-2 images at /gpfs/sharedfs1/zhulab/Kexin/Sentinel-2/T18TYN/ARDBRDF_HLSAngle
A total of 0632 Sentinel-2 images at /gpfs/sharedfs1/zhulab/Kexin/Sentinel-2/T18TYN/ARDBRDF_HLSAngle
A total of 0632 Sentinel-2 images at /gpfs/sharedfs1/zhulab/Kexin/Sentinel-2/T18TYN/ARDBRDF_HLSAngle
A total of 0632 Sentinel-2 images at /gpfs/sharedfs1/zhulab/Kexin/Sentinel-2/T18TYN/ARDBRDF_HLSAngle
A total of 0632 Sentinel-2 images at /gpfs/sharedfs1/zhulab/Kexin/Sentinel-2/T18TYN/ARDBRDF_HLSAngle
A total of 0632 Sentinel-2 images at /gpfs/sharedfs1/zhulab/Kexin/Sentinel-2/T18TYN/ARDBRDF_HLSAngle
A total of 0632 Sentinel-2 images at /gpfs/sharedfs1/zhulab/Kexin/Sentinel-2/T18TYN/ARDBRDF_HLSAngle
A total of 0632 Sentinel-2 images at /gpfs/sharedfs1/zhulab/Kexin/Sentinel-2/T18TYN/ARDBRDF_HLSAngle
A total of 0632 Sentinel-2 images at /gpfs/sharedfs1/zhulab/Kexin/Sentinel-2/T18TYN/ARDBRDF_HLSAngle
A total of 0632 Sentinel-2 images at /gpfs/sharedfs1/zhulab/Kexin/Sentinel-2/T18TYN/ARDBRDF_HLSAngle
At task# 97/100 to process -40 images
At task# 91/100 to process 2 images
At task# 90/100 to process 7 images
At task# 98/100 to process -47 images
At task# 96/100 to process -33 images
At task# 99/100 to process -54 images
At task# 100/100 to process -61 images
At task# 94/100 to process -19 images
At task# 92/100 to process -5 images
At task# 93/100 to process -12 images
At task# 95/100 to process -26 images
Start to stack ARD Tile 18TYN
A total of 0632 Sentinel-2 images at /gpfs/sharedfs1/zhulab/Kexin/Sentinel-2/T18TYN/ARDBRDF_HLSAngle
At task# 76/100 to process 7 images

Processing the 624th image (T18TYN_S2A_2022267_20220924T154001)

Processing the 631th image (T18TYN_S2A_2022287_20221014T154221)

Processing the 526th image (T18TYN_S2A_2021339_20211205T153621)
Finished 14.29 percent at task# 86/100 with total 0.88 mins
Finished 14.29 percent at task# 89/100 with total 0.89 mins

Processing the 597th image (T18TYN_S2B_2022179_20220628T153559)

Processing the 618th image (T18TYN_S2B_2022252_20220909T153809)
Finished 14.29 percent at task# 84/100 with total 0.89 mins

Processing the 583th image (T18TYN_S2B_2022142_20220522T153809)
Finished 14.29 percent at task# 85/100 with total 0.89 mins

Processing the 590th image (T18TYN_S2B_2022162_20220611T153819)
Finished 14.29 percent at task# 87/100 with total 0.89 mins

Processing the 604th image (T18TYN_S2A_2022197_20220716T153951)
Finished 14.29 percent at task# 88/100 with total 0.90 mins

Processing the 611th image (T18TYN_S2B_2022222_20220810T153819)
Finished 14.29 percent at task# 80/100 with total 0.91 mins

Processing the 555th image (T18TYN_S2B_2022059_20220228T153559)
Finished 14.29 percent at task# 83/100 with total 0.92 mins

Processing the 576th image (T18TYN_S2B_2022119_20220429T153549)
Finished 14.29 percent at task# 77/100 with total 0.92 mins

Processing the 534th image (T18TYN_S2B_2022002_20220102T154639)
Finished 14.29 percent at task# 81/100 with total 1.01 mins

Processing the 562th image (T18TYN_S2B_2022079_20220320T153559)
Finished 14.29 percent at task# 90/100 with total 0.98 mins
Finished 50.00 percent at task# 91/100 with total 0.98 mins

Processing the 625th image (T18TYN_S2B_2022269_20220926T153559)

Processing the 632th image (T18TYN_S2B_2022289_20221016T153559)
Finished 14.29 percent at task# 78/100 with total 1.07 mins

Processing the 541th image (T18TYN_S2B_2022022_20220122T154539)
Finished 14.29 percent at task# 82/100 with total 1.07 mins

Processing the 569th image (T18TYN_S2B_2022099_20220409T153559)
Finished 14.29 percent at task# 79/100 with total 1.07 mins

Processing the 548th image (T18TYN_S2B_2022042_20220211T154259)
Finished 14.29 percent at task# 76/100 with total 1.02 mins

Processing the 527th image (T18TYN_S2A_2021342_20211208T154641)
Finished 14.29 percent at task# 58/100 with total 1.19 mins
Finished 14.29 percent at task# 57/100 with total 1.19 mins

Processing the 394th image (T18TYN_S2B_2020333_20201128T154609)

Processing the 401th image (T18TYN_S2A_2020358_20201223T154651)
Finished 14.29 percent at task# 67/100 with total 1.19 mins

Processing the 464th image (T18TYN_S2A_2021172_20210621T153911)
Finished 14.29 percent at task# 60/100 with total 1.19 mins

Processing the 415th image (T18TYN_S2A_2021029_20210129T153601)
Finished 14.29 percent at task# 70/100 with total 1.19 mins

Processing the 485th image (T18TYN_S2A_2021229_20210817T153601)
Finished 14.29 percent at task# 53/100 with total 1.19 mins

Processing the 366th image (T18TYN_S2B_2020250_20200906T153559)
Finished 14.29 percent at task# 55/100 with total 1.19 mins

Processing the 380th image (T18TYN_S2A_2020285_20201011T153601)
[Warning: No SR for T18TYN_S2B_2022042_20220211T154259] 
[> In stackS2ARD2Linev2 (line 441)
In batchStackS2ARD2Line (line 61)] 

Processing the 549th image (T18TYN_S2A_2022044_20220213T153
Processing the 457th image (T18TYN_S2B_2021154_20210603T153559)
Finished 14.29 percent at task# 74/100 with total 1.20 mins

Processing the 513th image (T18TYN_S2B_2021304_20211031T153559)
Finished 14.29 percent at task# 4/100 with total 1.21 mins

Already exist the 23th image (T18TYN_S2A_2016209_20160727T223603)

Processing the 24th image (T18TYN_S2A_2016216_20160803T153602)
Finished 14.29 percent at task# 24/100 with total 1.21 mins
Finished 14.29 percent at task# 23/100 with total 1.21 mins

Processing the 163th image (T18TYN_S2B_2018243_20180831T153759)

Processing the 156th image (T18TYN_S2A_2018225_20180813T153601)
Finished 100.00 percent at task# 6/100 with total 1.21 mins
Finished 28.57 percent at task# 2/100 with total 1.21 mins
[Warning: No SR for T18TYN_S2A_2016007_20160107T014224] 
[> In stackS2ARD2Linev2 (line 441)
In batchStackS2ARD2Line (line 61)] 
[Warning: No SR for T18TYN_S2A_2016019_20160119T230435] 
[> In stackS2ARD2Linev2 (line 441)
In batchStackS2ARD2Line (line 61)] 
[Warning: No SR for T18TYN_S2A_2016053_20160222T125257] 
[> In stackS2ARD2Linev2 (line 441)
In batchStackS2ARD2Line (line 61)] 
[Warning: No SR for T18TYN_S2A_2016068_20160308T094450] 
[> In stackS2ARD2Linev2 (line 441)
In batchStackS2ARD2Line (line 61)] 
[Warning: No SR for T18TYN_S2A_2016080_20160320T022344] 

Finished 14.29 percent at task# 65/100 with total 1.21 mins
Finished 14.29 percent at task# 59/100 with total 1.21 mins
(line 61)] 

Processing the 450th image (T18TYN_S2B_2021134_20210514T153559)

Processing the 387th image (T18TYN_S2A_2020305_20201031T153601)

Processing the 408th image (T18TYN_S2A_2021012_20210112T154621)
Finished 14.29 percent at task# 64/100 with total 1.21 mins

Processing the 443th image (T18TYN_S2A_2021109_20210419T153551)
Finished 14.29 percent at task# 73/100 with total 1.21 mins

Processing the 506th image (T18TYN_S2B_2021287_20211014T154129)
Finished 14.29 percent at task# 52/100 with total 1.21 mins
Finished 14.29 percent at task# 69/100 with total 1.21 mins

Processing the 359th image (T18TYN_S2A_2020228_20200815T153911)

Processing the 478th image (T18TYN_S2A_2021209_20210728T153601)
Finished 14.29 percent at task# 54/100 with total 1.21 mins

Processing the 373th image (T18TYN_S2A_2020268_20200924T154001)
Finished 14.29 percent at task# 17/100 with total 1.22 mins

Processing the 114th image (T18TYN_S2A_2018108_20180418T153911)
Finished 14.29 percent at task# 68/100 with total 1.21 mins

Processing the 471th image (T18TYN_S2A_2021189_20210708T153601)
Finished 14.29 percent at task# 71/100 with total 1.22 mins

Processing the 492th image (T18TYN_S2B_2021247_20210904T153809)
Finished 14.29 percent at task# 62/100 with total 1.22 mins

Processing the 429th image (T18TYN_S2A_2021069_20210310T153601)
Finished 14.29 percent at task# 26/100 with total 1.22 mins
Finished 14.29 percent at task# 27/100 with total 1.22 mins
Finished 14.29 percent at task# 29/100 with total 1.22 mins

Processing the 177th image (T18TYN_S2B_2018283_20181010T154249)

Processing the 184th image (T18TYN_S2B_2018300_20181027T153559)

Processing the 198th image (T18TYN_S2A_2018338_20181204T154621)
Finished 14.29 percent at task# 48/100 with total 1.22 mins
Finished 14.29 percent at task# 61/100 with total 1.22 mins
601)
Finished 14.29 percent at task# 49/100 with total 1.22 mins

Processing the 422th image (T18TYN_S2B_2021047_20210216T154219)

Processing the 338th image (T18TYN_S2B_2020140_20200519T153559)
Finished 14.29 percent at task# 31/100 with total 1.22 mins
Finished 14.29 percent at task# 30/100 with total 1.22 mins
Finished 14.29 percent at task# 50/100 with total 1.22 mins

Processing the 205th image (T18TYN_S2A_2018355_20181221T153641)

Processing the 212th image (T18TYN_S2A_2019013_20190113T154611)

Processing the 345th image (T18TYN_S2B_2020173_20200621T153819)
Finished 14.29 percent at task# 45/100 with total 1.22 mins

Processing the 310th image (T18TYN_S2B_2020043_20200212T154249)
Finished 14.29 percent at task# 10/100 with total 1.23 mins

Processing the 65th image (T18TYN_S2A_2017243_20170831T153911)
Finished 14.29 percent at task# 12/100 with total 1.23 mins
Finished 14.29 percent at task# 37/100 with total 1.22 mins

Processing the 254th image (T18TYN_S2B_2019158_20190607T153819)
Finished 14.29 percent at task# 34/100 with total 1.22 mins

Processing the 233th image (T18TYN_S2B_2019075_20190316T153559)
Finished 14.29 percent at task# 42/100 with total 1.22 mins

Processing the 289th image (T18TYN_S2B_2019328_20191124T154549)
Finished 14.29 percent at task# 33/100 with total 1.22 mins

Processing the 226th image (T18TYN_S2A_2019053_20190222T154241)
Finished 14.29 percent at task# 20/100 with total 1.23 mins

Processing the 135th image (T18TYN_S2B_2018170_20180619T153559)
Finished 14.29 percent at task# 28/100 with total 1.23 mins

Processing the 191th image (T18TYN_S2B_2018320_20181116T153559)
Finished 14.29 percent at task# 15/100 with total 1.24 mins

Processing the 100th image (T18TYN_S2A_2018065_20180306T153551)
Finished 14.29 percent at task# 25/100 with total 1.24 mins

Processing the 170th image (T18TYN_S2A_2018265_20180922T153551)
Finished 14.29 percent at task# 47/100 with total 1.23 mins

Processing the 324th image (T18TYN_S2B_2020083_20200323T153809)
Finished 14.29 percent at task# 51/100 with total 1.24 mins
Finished 14.29 percent at task# 13/100 with total 1.24 mins

Processing the 352th image (T18TYN_S2A_2020208_20200726T153911)

Processing the 86th image (T18TYN_S2B_2018013_20180113T154609)
Finished 14.29 percent at task# 19/100 with total 1.24 mins

Processing the 128th image (T18TYN_S2A_2018148_20180528T153911)
Finished 14.29 percent at task# 16/100 with total 1.24 mins
Finished 14.29 percent at task# 75/100 with total 1.24 mins

Processing the 107th image (T18TYN_S2A_2018085_20180326T153601)

Processing the 520th image (T18TYN_S2B_2021324_20211120T153559)
Finished 28.57 percent at task# 7/100 with total 1.24 mins
[Warning: No SR for T18TYN_S2A_2016366_20161231T011503] 
[> In stackS2ARD2Linev2 (line 441)
In batchStackS2ARD2Line (line 61)] 

Processing the 46th image (T18TYN_S2A_2016366_20161231T153632)
Finished 14.29 percent at task# 22/100 with total 1.24 mins

Processing the 149th image (T18TYN_S2A_2018208_20180727T153911)
Finished 14.29 percent at task# 43/100 with total 1.24 mins
Finished 14.29 percent at task# 40/100 with total 1.24 mins
Finished 14.29 percent at task# 9/100 with total 1.25 mins
3641)
Finished 28.57 percent at task# 8/100 with total 1.25 mins

Finished 14.29 percent at task# 63/100 with total 1.25 mins
959)

Processing the 282th image (T18TYN_S2B_2019295_20191022T153559)

Processing the 52th image (T18TYN_S2A_2017070_20170311T153551)
[> In stackS2ARD2Linev2 (line 441)
In batchStackS2ARD2Line (line 61)] 

Processing the 59th image (T18TYN_S2A_2017163_20170612T153911)
Finished 14.29 percent at task# 32/100 with total 1.25 mins
Finished 14.29 percent at task# 38/100 with total 1.25 mins
Finished 14.29 percent at task# 21/100 with total 1.25 mins
901)
Finished 14.29 percent at task# 14/100 with total 1.25 mins
911)
Finished 14.29 percent at task# 44/100 with total 1.25 mins
911)
Finished 14.29 percent at task# 46/100 with total 1.25 mins
11)

Processing the 303th image (T18TYN_S2A_2020018_20200118T154601)

Processing the 317th image (T18TYN_S2B_2020060_20200229T153559)
Finished 14.29 percent at task# 39/100 with total 1.25 mins

Processing the 268th image (T18TYN_S2B_2019235_20190823T153559)
Finished 14.29 percent at task# 11/100 with total 1.26 mins
Finished 14.29 percent at task# 35/100 with total 1.25 mins

Processing the 72th image (T18TYN_S2B_2017318_20171114T154459)

Finished 14.29 percent at task# 36/100 with total 1.26 mins

Processing the 247th image (T18TYN_S2A_2019123_20190503T153911)
Finished 14.29 percent at task# 72/100 with total 1.30 mins

Processing the 499th image (T18TYN_S2B_2021267_20210924T153859)
Finished 42.86 percent at task# 1/100 with total 1.55 mins

Processing the 4th image (T18TYN_S2A_2015294_20151021T155022)
Finished 28.57 percent at task# 88/100 with total 1.78 mins

Processing the 612th image (T18TYN_S2A_2022224_20220812T153611)
Finished 28.57 percent at task# 89/100 with total 1.78 mins

Processing the 619th image (T18TYN_S2A_2022254_20220911T153611)
Finished 28.57 percent at task# 84/100 with total 1.78 mins

Processing the 584th image (T18TYN_S2A_2022144_20220524T153601)
Finished 28.57 percent at task# 86/100 with total 1.78 mins

Processing the 598th image (T18TYN_S2B_2022182_20220701T153819)
Finished 28.57 percent at task# 87/100 with total 1.78 mins

Processing the 605th image (T18TYN_S2B_2022202_20220721T153819)
Finished 28.57 percent at task# 85/100 with total 1.78 mins

Processing the 591th image (T18TYN_S2A_2022164_20220613T153611)
Finished 100.00 percent at task# 91/100 with total 1.76 mins
Finished 28.57 percent at task# 90/100 with total 1.76 mins

Processing the 626th image (T18TYN_S2B_2022272_20220929T153939)
Finished 28.57 percent at task# 77/100 with total 1.88 mins

Processing the 535th image (T18TYN_S2A_2022004_20220104T153641)
Finished 28.57 percent at task# 83/100 with total 1.88 mins

Processing the 577th image (T18TYN_S2B_2022122_20220502T153809)
Finished 28.57 percent at task# 80/100 with total 1.89 mins

Processing the 556th image (T18TYN_S2A_2022064_20220305T153601)
Finished 28.57 percent at task# 82/100 with total 1.95 mins

Processing the 570th image (T18TYN_S2B_2022102_20220412T153809)
Finished 28.57 percent at task# 78/100 with total 1.95 mins

Processing the 542th image (T18TYN_S2A_2022024_20220124T153601)
Finished 28.57 percent at task# 81/100 with total 1.95 mins

Processing the 563th image (T18TYN_S2B_2022082_20220323T153809)
Finished 28.57 percent at task# 76/100 with total 2.00 mins

Processing the 528th image (T18TYN_S2B_2021344_20211210T153629)
Finished 42.86 percent at task# 79/100 with total 2.08 mins

Processing the 550th image (T18TYN_S2A_2022047_20220216T154321)
Finished 28.57 percent at task# 70/100 with total 2.24 mins

Processing the 486th image (T18TYN_S2A_2021232_20210820T153911)
Finished 28.57 percent at task# 74/100 with total 2.24 mins

Processing the 514th image (T18TYN_S2B_2021307_20211103T154329)
Finished 28.57 percent at task# 58/100 with total 2.24 mins
Finished 28.57 percent at task# 53/100 with total 2.24 mins

Processing the 402th image (T18TYN_S2B_2020363_20201228T154649)

Processing the 367th image (T18TYN_S2B_2020253_20200909T153819)
Finished 28.57 percent at task# 60/100 with total 2.24 mins

Processing the 416th image (T18TYN_S2A_2021032_20210201T154451)
Finished 28.57 percent at task# 69/100 with total 2.24 mins

Processing the 479th image (T18TYN_S2A_2021212_20210731T153911)
Finished 28.57 percent at task# 67/100 with total 2.25 mins

Processing the 465th image (T18TYN_S2B_2021174_20210623T153559)
Finished 28.57 percent at task# 55/100 with total 2.25 mins

Processing the 381th image (T18TYN_S2A_2020288_20201014T154231)
Finished 28.57 percent at task# 75/100 with total 2.25 mins

Processing the 521th image (T18TYN_S2B_2021327_20211123T154549)
Finished 28.57 percent at task# 71/100 with total 2.25 mins

Processing the 493th image (T18TYN_S2A_2021249_20210906T153601)
Finished 28.57 percent at task# 65/100 with total 2.25 mins

Processing the 451th image (T18TYN_S2B_2021137_20210517T153809)
Finished 28.57 percent at task# 57/100 with total 2.25 mins

Processing the 395th image (T18TYN_S2A_2020338_20201203T154631)
Finished 28.57 percent at task# 54/100 with total 2.25 mins
Finished 28.57 percent at task# 66/100 with total 2.25 mins

Processing the 374th image (T18TYN_S2B_2020270_20200926T153559)

Processing the 458th image (T18TYN_S2B_2021157_20210606T153809)
Finished 28.57 percent at task# 62/100 with total 2.26 mins
Finished 28.57 percent at task# 64/100 with total 2.26 mins

Processing the 430th image (T18TYN_S2A_2021072_20210313T154021)

Processing the 444th image (T18TYN_S2A_2021112_20210422T153901)
Finished 28.57 percent at task# 61/100 with total 2.26 mins

Processing the 423th image (T18TYN_S2A_2021052_20210221T154251)
Finished 42.86 percent at task# 4/100 with total 2.27 mins
Finished 28.57 percent at task# 24/100 with total 2.27 mins

Processing the 164th image (T18TYN_S2A_2018245_20180902T153551)
[Warning: No SR for T18TYN_S2A_2016219_20160806T052855] 
[> In stackS2ARD2Linev2 (line 441)
In batchStackS2ARD2Line (line 61)] 
Finished 28.57 percent at task# 23/100 with total 2.27 mins

Processing the 26th image (T18TYN_S2A_2016229_20160816T153912)

Processing the 157th image (T18TYN_S2A_2018228_20180816T153911)
Finished 28.57 percent at task# 18/100 with total 2.27 mins
Finished 28.57 percent at task# 17/100 with total 2.27 mins

Processing the 122th image (T18TYN_S2B_2018133_20180513T153809)

Processing the 115th image (T18TYN_S2B_2018110_20180420T153559)
Finished 28.57 percent at task# 20/100 with total 2.27 mins

Processing the 136th image (T18TYN_S2B_2018173_20180622T153809)
Finished 28.57 percent at task# 22/100 with total 2.27 mins
Finished 28.57 percent at task# 25/100 with total 2.27 mins

Processing the 150th image (T18TYN_S2B_2018210_20180729T153559)

Processing the 171th image (T18TYN_S2A_2018268_20180925T154001)
Finished 28.57 percent at task# 52/100 with total 2.27 mins
Finished 28.57 percent at task# 51/100 with total 2.27 mins

Processing the 360th image (T18TYN_S2B_2020233_20200820T153819)

Processing the 353th image (T18TYN_S2B_2020210_20200728T153559)
Finished 28.57 percent at task# 73/100 with total 2.27 mins

Processing the 507th image (T18TYN_S2A_2021289_20211016T153601)
Finished 28.57 percent at task# 72/100 with total 2.27 mins

Processing the 500th image (T18TYN_S2A_2021269_20210926T153601)
Finished 28.57 percent at task# 13/100 with total 2.28 mins

Processing the 87th image (T18TYN_S2A_2018018_20180118T154551)
Finished 28.57 percent at task# 56/100 with total 2.27 mins

Processing the 388th image (T18TYN_S2A_2020308_20201103T154431)
Finished 28.57 percent at task# 63/100 with total 2.28 mins
Finished 28.57 percent at task# 21/100 with total 2.28 mins

Processing the 437th image (T18TYN_S2B_2021094_20210404T153559)

Processing the 143th image (T18TYN_S2B_2018193_20180712T153809)
Finished 28.57 percent at task# 68/100 with total 2.28 mins
Finished 28.57 percent at task# 19/100 with total 2.29 mins
911)

Processing the 129th image (T18TYN_S2B_2018153_20180602T153859)
Finished 57.14 percent at task# 7/100 with total 2.29 mins

Processing the 47th image (T18TYN_S2A_2017010_20170110T153611)
Finished 28.57 percent at task# 12/100 with total 2.29 mins
Finished 28.57 percent at task# 10/100 with total 2.29 mins

Processing the 80th image (T18TYN_S2B_2017355_20171221T153639)

Processing the 66th image (T18TYN_S2A_2017263_20170920T153931)
Finished 28.57 percent at task# 11/100 with total 2.29 mins
Finished 42.86 percent at task# 8/100 with total 2.29 mins
Finished 28.57 percent at task# 15/100 with total 2.29 mins

Processing the 73th image (T18TYN_S2A_2017323_20171119T154531)
Finished 28.57 percent at task# 16/100 with total 2.29 mins

Processing the 53th image (T18TYN_S2A_2017103_20170413T153911)

Processing the 108th image (T18TYN_S2A_2018088_20180329T153901)

Processing the 101th image (T18TYN_S2A_2018068_20180309T154051)
Finished 28.57 percent at task# 31/100 with total 2.29 mins

Processing the 213th image (T18TYN_S2B_2019015_20190115T153609)

Processing the 94th image (T18TYN_S2B_2018050_20180219T1535Finished 28.57 percent at task# 41/100 with total 2.29 mins

Processing the 290th image (T18TYN_S2A_2019330_20191126T153601)
Finished 28.57 percent at task# 26/100 with total 2.29 mins

Processing the 283th image (T18TYN_S2A_2019303_20191030T154401)
Finished 28.57 percent at task# 50/100 with total 2.29 mins
Finished 28.57 percent at task# 49/100 with total 2.29 mins
Finished 28.57 percent at task# 28/100 with total 2.29 mins

Processing the 178th image (T18TYN_S2A_2018285_20181012T153551)
Finished 28.57 percent at task# 40/100 with total 2.29 mins

Processing the 346th image (T18TYN_S2A_2020178_20200626T153911)
Finished 28.57 percent at task# 48/100 with total 2.29 mins

Processing the 339th image (T18TYN_S2B_2020143_20200522T153809)
Finished 28.57 percent at task# 27/100 with total 2.29 mins
Finished 28.57 percent at task# 33/100 with total 2.29 mins

Processing the 192th image (T18TYN_S2B_2018323_20181119T154539)

Processing the 276th image (T18TYN_S2A_2019270_20190927T153601)

Processing the 332th image (T18TYN_S2A_2020118_20200427T153911)

Processing the 185th image (T18TYN_S2B_2018303_20181030T154359)

Processing the 227th image (T18TYN_S2A_2019060_20190301T153551)
Finished 28.57 percent at task# 46/100 with total 2.29 mins

Processing the 318th image (T18TYN_S2B_2020063_20200303T154039)
Finished 28.57 percent at task# 34/100 with total 2.29 mins
Finished 28.57 percent at task# 29/100 with total 2.29 mins
Finished 28.57 percent at task# 44/100 with total 2.29 mins

Processing the 234th image (T18TYN_S2B_2019078_20190319T153949)

Processing the 199th image (T18TYN_S2B_2018340_20181206T153619)

Processing the 304th image (T18TYN_S2B_2020023_20200123T154539)
Finished 28.57 percent at task# 30/100 with total 2.29 mins
Finished 28.57 percent at task# 43/100 with total 2.29 mins
Finished 28.57 percent at task# 47/100 with total 2.29 mins

Processing the 206th image (T18TYN_S2B_2018360_20181226T153639)

Processing the 297th image (T18TYN_S2A_2019363_20191229T154641)

Processing the 325th image (T18TYN_S2A_2020085_20200325T153551)
Finished 28.57 percent at task# 45/100 with total 2.29 mins
Finished 28.57 percent at task# 35/100 with total 2.29 mins
Finished 28.57 percent at task# 38/100 with total 2.30 mins

Processing the 311th image (T18TYN_S2A_2020045_20200214T153551)
Finished 28.57 percent at task# 36/100 with total 2.30 mins

Processing the 262th image (T18TYN_S2B_2019195_20190714T153609)

Processing the 241th image (T18TYN_S2B_2019095_20190405T153559)

Processing the 248th image (T18TYN_S2B_2019128_20190508T153819)
Finished 28.57 percent at task# 37/100 with total 2.30 mins

Processing the 255th image (T18TYN_S2B_2019165_20190614T153609)
Finished 28.57 percent at task# 32/100 with total 2.31 mins

Processing the 220th image (T18TYN_S2B_2019035_20190204T153559)
Finished 28.57 percent at task# 39/100 with total 2.31 mins

Processing the 269th image (T18TYN_S2A_2019240_20190828T153601)
Finished 42.86 percent at task# 9/100 with total 2.33 mins

Processing the 60th image (T18TYN_S2A_2017170_20170619T153601)
[Warning: No SR for T18TYN_S2A_2021289_20211016T153601] 
[> In stackS2ARD2Linev2 (line 441)
In batchStackS2ARD2Line (line 61)] 

Processing the 508th image (T18TYN_S2A_2021292_20211019T154251)
Finished 28.57 percent at task# 59/100 with total 2.51 mins

Processing the 409th image (T18TYN_S2B_2021014_20210114T153609)
Finished 57.14 percent at task# 1/100 with total 2.63 mins

Processing the 5th image (T18TYN_S2A_2015324_20151120T154542)
Finished 42.86 percent at task# 90/100 with total 2.56 mins

Processing the 627th image (T18TYN_S2A_2022277_20221004T154111)
Finished 42.86 percent at task# 87/100 with total 2.66 mins
Finished 42.86 percent at task# 86/100 with total 2.66 mins
Finished 42.86 percent at task# 84/100 with total 2.66 mins

Processing the 606th image (T18TYN_S2A_2022204_20220723T153611)

Processing the 599th image (T18TYN_S2A_2022184_20220703T153611)
Finished 42.86 percent at task# 85/100 with total 2.66 mins

Processing the 585th image (T18TYN_S2A_2022147_20220527T153821)

Processing the 592th image (T18TYN_S2A_2022167_20220616T153821)
Finished 42.86 percent at task# 89/100 with total 2.66 mins

Processing the 620th image (T18TYN_S2A_2022257_20220914T153851)
Finished 42.86 percent at task# 88/100 with total 2.66 mins

Processing the 613th image (T18TYN_S2B_2022229_20220817T153559)
Finished 42.86 percent at task# 77/100 with total 2.81 mins
Finished 42.86 percent at task# 80/100 with total 2.81 mins

Processing the 536th image (T18TYN_S2A_2022007_20220107T154631)

Processing the 557th image (T18TYN_S2A_2022067_20220308T154111)
Finished 42.86 percent at task# 83/100 with total 2.81 mins

Processing the 578th image (T18TYN_S2A_2022127_20220507T153821)
Finished 42.86 percent at task# 82/100 with total 2.84 mins

Processing the 571th image (T18TYN_S2A_2022107_20220417T153811)
Finished 42.86 percent at task# 78/100 with total 2.83 mins

Processing the 543th image (T18TYN_S2A_2022027_20220127T154521)
Finished 42.86 percent at task# 81/100 with total 2.84 mins

Processing the 564th image (T18TYN_S2A_2022084_20220325T153601)
[Warning: No SR for T18TYN_S2A_2022007_20220107T154631] 
[> In stackS2ARD2Linev2 (line 441)
In batchStackS2ARD2Line (line 61)] 

Processing the 537th image (T18TYN_S2B_2022012_20220112T154619)
Finished 57.14 percent at task# 79/100 with total 3.02 mins

Processing the 551th image (T18TYN_S2B_2022049_20220218T153549)
Finished 42.86 percent at task# 76/100 with total 2.97 mins

Processing the 529th image (T18TYN_S2A_2021352_20211218T154651)
Finished 71.43 percent at task# 4/100 with total 3.30 mins
Finished 42.86 percent at task# 23/100 with total 3.30 mins
[Warning: No SR for T18TYN_S2A_2016237_20160824T003349] 

Processing the 158th image (T18TYN_S2B_2018230_20180818T153549)
[> In stackS2ARD2Linev2 (line 441)
In batchStackS2ARD2Line (line 61)] 
[Warning: No SR for T18TYN_S2A_2016251_20160907T065558] 
Finished 42.86 percent at task# 24/100 with total 3.30 mins
[> In stackS2ARD2Linev2 (line 441)
In batchStackS2ARD2Line (line 61)] 

Processing the 165th image (T18TYN_S2A_2018248_20180905T153901)
Finished 42.86 percent at task# 25/100 with total 3.30 mins

Processing the 172th image (T18TYN_S2B_2018270_20180927T153549)
Finished 42.86 percent at task# 17/100 with total 3.30 mins

Processing the 116th image (T18TYN_S2B_2018113_20180423T153909)
Finished 42.86 percent at task# 18/100 with total 3.30 mins

Processing the 123th image (T18TYN_S2A_2018135_20180515T153601)
Finished 42.86 percent at task# 20/100 with total 3.30 mins
Finished 42.86 percent at task# 15/100 with total 3.30 mins

Processing the 137th image (T18TYN_S2A_2018175_20180624T153601)

Processing the 102th image (T18TYN_S2B_2018070_20180311T153549)
Finished 42.86 percent at task# 13/100 with total 3.31 mins

Processing the 88th image (T18TYN_S2B_2018020_20180120T153549)
Finished 42.86 percent at task# 22/100 with total 3.31 mins
Finished 42.86 percent at task# 21/100 with total 3.31 mins

Processing the 151th image (T18TYN_S2B_2018213_20180801T154109)

Processing the 144th image (T18TYN_S2A_2018195_20180714T153601)
Finished 42.86 percent at task# 19/100 with total 3.31 mins

Processing the 130th image (T18TYN_S2A_2018158_20180607T153911)
Finished 42.86 percent at task# 16/100 with total 3.32 mins

Processing the 109th image (T18TYN_S2B_2018090_20180331T153549)
Finished 71.43 percent at task# 7/100 with total 3.33 mins

Processing the 48th image (T18TYN_S2A_2017030_20170130T153551)
Finished 42.86 percent at task# 12/100 with total 3.32 mins

Processing the 81th image (T18TYN_S2A_2017363_20171229T154641)
Finished 42.86 percent at task# 14/100 with total 3.33 mins
Finished 42.86 percent at task# 10/100 with total 3.32 mins

Processing the 67th image (T18TYN_S2A_2017270_20170927T153551)
Finished 57.14 percent at task# 9/100 with total 3.33 mins

Processing the 95th image (T18TYN_S2B_2018053_20180222T154239)

Processing the 61th image (T18TYN_S2A_2017183_20170702T154421)
Finished 57.14 percent at task# 8/100 with total 3.33 mins

Processing the 54th image (T18TYN_S2A_2017110_20170420T153601)
Finished 42.86 percent at task# 11/100 with total 3.33 mins

Processing the 74th image (T18TYN_S2B_2017325_20171121T153549)
Finished 42.86 percent at task# 61/100 with total 3.36 mins
Finished 42.86 percent at task# 74/100 with total 3.36 mins
Finished 42.86 percent at task# 62/100 with total 3.36 mins

Processing the 424th image (T18TYN_S2B_2021054_20210223T153559)

Processing the 515th image (T18TYN_S2A_2021309_20211105T153601)
Finished 42.86 percent at task# 58/100 with total 3.36 mins

Processing the 431th image (T18TYN_S2B_2021074_20210315T153559)

Processing the 403th image (T18TYN_S2A_2020365_20201230T153641)
Finished 42.86 percent at task# 54/100 with total 3.36 mins
Finished 42.86 percent at task# 55/100 with total 3.36 mins

Processing the 375th image (T18TYN_S2B_2020273_20200929T153949)
Finished 42.86 percent at task# 75/100 with total 3.36 mins

Processing the 382th image (T18TYN_S2B_2020290_20201016T153559)

Processing the 522th image (T18TYN_S2A_2021329_20211125T153601)
Finished 42.86 percent at task# 66/100 with total 3.36 mins
Finished 42.86 percent at task# 70/100 with total 3.36 mins

Processing the 459th image (T18TYN_S2A_2021159_20210608T153601)
Finished 42.86 percent at task# 69/100 with total 3.36 mins

Processing the 487th image (T18TYN_S2B_2021234_20210822T153559)
Finished 42.86 percent at task# 56/100 with total 3.37 mins
Finished 42.86 percent at task# 67/100 with total 3.37 mins
Finished 42.86 percent at task# 64/100 with total 3.37 mins
Finished 42.86 percent at task# 60/100 with total 3.36 mins
Finished 42.86 percent at task# 53/100 with total 3.37 mins

Processing the 480th image (T18TYN_S2B_2021214_20210802T153559)

Processing the 389th image (T18TYN_S2B_2020310_20201105T153559)
Finished 42.86 percent at task# 65/100 with total 3.37 mins
Finished 42.86 percent at task# 63/100 with total 3.37 mins

Processing the 466th image (T18TYN_S2B_2021177_20210626T153809)

Processing the 445th image (T18TYN_S2B_2021114_20210424T153549)

Processing the 417th image (T18TYN_S2B_2021034_20210203T153559)

Processing the 368th image (T18TYN_S2A_2020255_20200911T153601)
Finished 42.86 percent at task# 71/100 with total 3.37 mins

Processing the 438th image (T18TYN_S2B_2021097_20210407T153809)

Processing the 452th image (T18TYN_S2A_2021139_20210519T153601)
Finished 42.86 percent at task# 72/100 with total 3.37 mins

Processing the 494th image (T18TYN_S2B_2021254_20210911T153549)
Finished 42.86 percent at task# 68/100 with total 3.37 mins

Processing the 501th image (T18TYN_S2A_2021272_20210929T154041)
Finished 42.86 percent at task# 57/100 with total 3.37 mins
Finished 42.86 percent at task# 51/100 with total 3.37 mins

Processing the 473th image (T18TYN_S2B_2021194_20210713T153559)

Processing the 396th image (T18TYN_S2B_2020343_20201208T154639)

Processing the 354th image (T18TYN_S2B_2020213_20200731T153819)
Finished 42.86 percent at task# 52/100 with total 3.38 mins

Processing the 361th image (T18TYN_S2A_2020235_20200822T153601)
Finished 57.14 percent at task# 73/100 with total 3.39 mins

Processing the 509th image (T18TYN_S2B_2021294_20211021T153559)
Finished 42.86 percent at task# 28/100 with total 3.42 mins

Processing the 193th image (T18TYN_S2A_2018325_20181121T153551)
Finished 42.86 percent at task# 41/100 with total 3.42 mins
Finished 42.86 percent at task# 31/100 with total 3.42 mins
Finished 42.86 percent at task# 46/100 with total 3.42 mins
Finished 42.86 percent at task# 44/100 with total 3.42 mins

Processing the 284th image (T18TYN_S2B_2019308_20191104T154329)

Processing the 214th image (T18TYN_S2B_2019018_20190118T154559)
Finished 42.86 percent at task# 45/100 with total 3.42 mins

Processing the 319th image (T18TYN_S2A_2020065_20200305T153551)

Processing the 305th image (T18TYN_S2A_2020028_20200128T154511)
Finished 42.86 percent at task# 48/100 with total 3.42 mins
Finished 42.86 percent at task# 26/100 with total 3.42 mins
Finished 42.86 percent at task# 33/100 with total 3.42 mins

Processing the 312th image (T18TYN_S2A_2020048_20200217T154311)
Finished 42.86 percent at task# 30/100 with total 3.42 mins
Finished 42.86 percent at task# 27/100 with total 3.42 mins
Finished 42.86 percent at task# 49/100 with total 3.42 mins

Processing the 333th image (T18TYN_S2B_2020123_20200502T153809)

Processing the 179th image (T18TYN_S2A_2018288_20181015T154221)

Processing the 228th image (T18TYN_S2A_2019063_20190304T154131)
Finished 42.86 percent at task# 47/100 with total 3.42 mins
Finished 42.86 percent at task# 34/100 with total 3.43 mins

Processing the 207th image (T18TYN_S2B_2018363_20181229T154649)

Processing the 186th image (T18TYN_S2A_2018305_20181101T153551)
Finished 42.86 percent at task# 29/100 with total 3.43 mins

Processing the 340th image (T18TYN_S2A_2020145_20200524T153601)

Processing the 326th image (T18TYN_S2A_2020095_20200404T153551)
Finished 42.86 percent at task# 36/100 with total 3.43 mins

Processing the 235th image (T18TYN_S2A_2019080_20190321T153551)
Finished 42.86 percent at task# 42/100 with total 3.43 mins
Finished 42.86 percent at task# 50/100 with total 3.43 mins
Finished 42.86 percent at task# 40/100 with total 3.43 mins

Processing the 200th image (T18TYN_S2B_2018343_20181209T154629)

Processing the 249th image (T18TYN_S2A_2019130_20190510T153601)

Processing the 291th image (T18TYN_S2A_2019333_20191129T154611)

Processing the 347th image (T18TYN_S2A_2020195_20200713T153601)

Processing the 277th image (T18TYN_S2A_2019273_20190930T154041)
Finished 42.86 percent at task# 32/100 with total 3.45 mins

Processing the 221th image (T18TYN_S2B_2019038_20190207T154419)
Finished 42.86 percent at task# 39/100 with total 3.45 mins

Processing the 270th image (T18TYN_S2A_2019250_20190907T153601)
Finished 42.86 percent at task# 35/100 with total 3.46 mins
Finished 42.86 percent at task# 43/100 with total 3.46 mins

Processing the 242th image (T18TYN_S2A_2019100_20190410T153601)

Processing the 298th image (T18TYN_S2B_2019365_20191231T153639)
Finished 42.86 percent at task# 37/100 with total 3.51 mins

Processing the 256th image (T18TYN_S2B_2019168_20190617T153819)
Finished 57.14 percent at task# 90/100 with total 3.46 mins

Processing the 628th image (T18TYN_S2B_2022279_20221006T153559)
Finished 57.14 percent at task# 86/100 with total 3.62 mins
Finished 57.14 percent at task# 89/100 with total 3.62 mins

Processing the 621th image (T18TYN_S2B_2022259_20220916T153559)

Processing the 600th image (T18TYN_S2A_2022187_20220706T153821)
Finished 57.14 percent at task# 87/100 with total 3.62 mins

Processing the 607th image (T18TYN_S2B_2022209_20220728T153559)
Finished 57.14 percent at task# 88/100 with total 3.62 mins
Finished 57.14 percent at task# 84/100 with total 3.62 mins
Finished 57.14 percent at task# 85/100 with total 3.62 mins

Processing the 614th image (T18TYN_S2B_2022239_20220827T153559)

Processing the 586th image (T18TYN_S2B_2022149_20220529T153559)

Processing the 593th image (T18TYN_S2B_2022169_20220618T153559)
Finished 42.86 percent at task# 38/100 with total 3.73 mins

Processing the 263th image (T18TYN_S2A_2019213_20190801T153911)
Finished 71.43 percent at task# 1/100 with total 3.77 mins

Processing the 6th image (T18TYN_S2A_2015341_20151207T153632)
Finished 42.86 percent at task# 59/100 with total 3.81 mins

Processing the 410th image (T18TYN_S2B_2021017_20210117T154559)
Finished 57.14 percent at task# 78/100 with total 3.81 mins
Finished 57.14 percent at task# 82/100 with total 3.81 mins

Processing the 572th image (T18TYN_S2B_2022109_20220419T153549)

Processing the 544th image (T18TYN_S2B_2022032_20220201T154449)
Finished 57.14 percent at task# 80/100 with total 3.81 mins

Processing the 558th image (T18TYN_S2B_2022069_20220310T153559)
Finished 57.14 percent at task# 83/100 with total 3.81 mins

Processing the 579th image (T18TYN_S2B_2022129_20220509T153559)
Finished 71.43 percent at task# 77/100 with total 3.82 mins

Processing the 538th image (T18TYN_S2A_2022014_20220114T153611)
Finished 57.14 percent at task# 81/100 with total 3.82 mins

Processing the 565th image (T18TYN_S2A_2022087_20220328T153841)
Finished 71.43 percent at task# 79/100 with total 4.05 mins

Processing the 552th image (T18TYN_S2B_2022052_20220221T154149)
Finished 57.14 percent at task# 76/100 with total 4.03 mins

Processing the 530th image (T18TYN_S2B_2021354_20211220T153639)
Finished 57.14 percent at task# 20/100 with total 4.40 mins

Processing the 138th image (T18TYN_S2A_2018178_20180627T153911)
Finished 57.14 percent at task# 23/100 with total 4.40 mins

Processing the 159th image (T18TYN_S2B_2018233_20180821T153809)
Finished 57.14 percent at task# 22/100 with total 4.40 mins

Processing the 152th image (T18TYN_S2A_2018215_20180803T153601)
Finished 57.14 percent at task# 25/100 with total 4.40 mins
Finished 57.14 percent at task# 15/100 with total 4.40 mins

Processing the 173th image (T18TYN_S2B_2018273_20180930T154029)

Processing the 103th image (T18TYN_S2B_2018073_20180314T154009)
Finished 57.14 percent at task# 21/100 with total 4.40 mins
Finished 57.14 percent at task# 18/100 with total 4.41 mins

Processing the 145th image (T18TYN_S2A_2018198_20180717T153911)

Processing the 124th image (T18TYN_S2A_2018138_20180518T154021)
Finished 57.14 percent at task# 24/100 with total 4.41 mins

Processing the 166th image (T18TYN_S2B_2018250_20180907T153549)
Finished 57.14 percent at task# 16/100 with total 4.41 mins
Finished 57.14 percent at task# 17/100 with total 4.41 mins

Processing the 110th image (T18TYN_S2B_2018093_20180403T153859)

Processing the 117th image (T18TYN_S2A_2018118_20180428T153911)
Finished 57.14 percent at task# 13/100 with total 4.42 mins

Processing the 89th image (T18TYN_S2A_2018025_20180125T153551)
Finished 71.43 percent at task# 8/100 with total 4.43 mins
Finished 85.71 percent at task# 7/100 with total 4.43 mins

Processing the 55th image (T18TYN_S2A_2017123_20170503T153911)

Processing the 49th image (T18TYN_S2A_2017033_20170202T154441)
Finished 57.14 percent at task# 11/100 with total 4.43 mins

Processing the 75th image (T18TYN_S2A_2017330_20171126T153551)
Finished 57.14 percent at task# 19/100 with total 4.43 mins
Finished 57.14 percent at task# 10/100 with total 4.43 mins

Processing the 131th image (T18TYN_S2B_2018160_20180609T153559)

Processing the 68th image (T18TYN_S2A_2017283_20171010T154151)
Finished 71.43 percent at task# 9/100 with total 4.43 mins

Processing the 62th image (T18TYN_S2A_2017190_20170709T153601)
Finished 57.14 percent at task# 12/100 with total 4.43 mins

Processing the 82th image (T18TYN_S2B_2017365_20171231T153629)
Finished 71.43 percent at task# 90/100 with total 4.44 mins

Processing the 629th image (T18TYN_S2B_2022282_20221009T154139)
Finished 57.14 percent at task# 74/100 with total 4.59 mins
Finished 57.14 percent at task# 71/100 with total 4.59 mins

Processing the 516th image (T18TYN_S2B_2021314_20211110T153559)

Processing the 495th image (T18TYN_S2B_2021257_20210914T153809)
Finished 57.14 percent at task# 63/100 with total 4.60 mins

Processing the 439th image (T18TYN_S2A_2021099_20210409T153551)
Finished 57.14 percent at task# 57/100 with total 4.59 mins

Processing the 397th image (T18TYN_S2A_2020345_20201210T153631)
Finished 57.14 percent at task# 61/100 with total 4.60 mins
Finished 57.14 percent at task# 75/100 with total 4.60 mins
Finished 57.14 percent at task# 64/100 with total 4.60 mins

Processing the 425th image (T18TYN_S2B_2021057_20210226T154119)

Processing the 523th image (T18TYN_S2A_2021332_20211128T154611)

Processing the 446th image (T18TYN_S2B_2021117_20210427T153809)
Finished 57.14 percent at task# 62/100 with total 4.60 mins
Finished 57.14 percent at task# 56/100 with total 4.60 mins
Finished 57.14 percent at task# 55/100 with total 4.60 mins
Finished 57.14 percent at task# 69/100 with total 4.60 mins

Processing the 432th image (T18TYN_S2A_2021079_20210320T153601)

Processing the 390th image (T18TYN_S2A_2020315_20201110T153601)
Finished 57.14 percent at task# 58/100 with total 4.60 mins

Processing the 383th image (T18TYN_S2B_2020293_20201019T154159)

Processing the 481th image (T18TYN_S2B_2021217_20210805T153809)
Finished 57.14 percent at task# 67/100 with total 4.60 mins

Processing the 404th image (T18TYN_S2A_2021002_20210102T154641)

Processing the 467th image (T18TYN_S2A_2021179_20210628T153601)
Finished 57.14 percent at task# 66/100 with total 4.62 mins
Finished 57.14 percent at task# 72/100 with total 4.62 mins
Finished 57.14 percent at task# 65/100 with total 4.62 mins

Processing the 460th image (T18TYN_S2A_2021162_20210611T153911)

Processing the 502th image (T18TYN_S2B_2021274_20211001T153559)
Finished 57.14 percent at task# 51/100 with total 4.62 mins

Processing the 453th image (T18TYN_S2A_2021142_20210522T153911)

Processing the 355th image (T18TYN_S2A_2020215_20200802T153601)
Finished 57.14 percent at task# 70/100 with total 4.62 mins

Processing the 488th image (T18TYN_S2B_2021237_20210825T153809)
Finished 57.14 percent at task# 52/100 with total 4.62 mins

Processing the 362th image (T18TYN_S2A_2020238_20200825T153911)
Finished 71.43 percent at task# 73/100 with total 4.62 mins
Finished 57.14 percent at task# 68/100 with total 4.62 mins

Processing the 510th image (T18TYN_S2B_2021297_20211024T154229)

Processing the 474th image (T18TYN_S2B_2021197_20210716T153809)
Finished 57.14 percent at task# 53/100 with total 4.62 mins
Finished 57.14 percent at task# 54/100 with total 4.62 mins

Processing the 369th image (T18TYN_S2A_2020258_20200914T153911)

Processing the 376th image (T18TYN_S2A_2020275_20201001T153601)
Finished 57.14 percent at task# 60/100 with total 4.63 mins

Processing the 418th image (T18TYN_S2B_2021037_20210206T154329)
Finished 57.14 percent at task# 14/100 with total 4.64 mins

Processing the 96th image (T18TYN_S2A_2018055_20180224T153551)
Finished 57.14 percent at task# 44/100 with total 4.66 mins
Finished 57.14 percent at task# 41/100 with total 4.66 mins

Processing the 306th image (T18TYN_S2B_2020030_20200130T153549)

Processing the 285th image (T18TYN_S2A_2019310_20191106T153601)
Finished 57.14 percent at task# 48/100 with total 4.66 mins
Finished 57.14 percent at task# 31/100 with total 4.66 mins

Processing the 334th image (T18TYN_S2A_2020125_20200504T153601)
Finished 57.14 percent at task# 28/100 with total 4.66 mins

Processing the 215th image (T18TYN_S2A_2019023_20190123T154541)
Finished 57.14 percent at task# 40/100 with total 4.66 mins

Processing the 194th image (T18TYN_S2A_2018328_20181124T154551)
Finished 57.14 percent at task# 46/100 with total 4.66 mins
Finished 57.14 percent at task# 42/100 with total 4.66 mins

Processing the 278th image (T18TYN_S2B_2019278_20191005T154109)

Processing the 320th image (T18TYN_S2A_2020068_20200308T154101)

Processing the 292th image (T18TYN_S2B_2019335_20191201T153609)
Finished 57.14 percent at task# 50/100 with total 4.67 mins

Processing the 348th image (T18TYN_S2A_2020198_20200716T153911)
Finished 57.14 percent at task# 29/100 with total 4.67 mins
Finished 57.14 percent at task# 33/100 with total 4.67 mins

Processing the 201th image (T18TYN_S2A_2018345_20181211T153631)

Processing the 229th image (T18TYN_S2B_2019065_20190306T153559)
Finished 57.14 percent at task# 30/100 with total 4.67 mins
Finished 57.14 percent at task# 45/100 with total 4.67 mins

Processing the 208th image (T18TYN_S2A_2018365_20181231T153631)

Processing the 313th image (T18TYN_S2B_2020050_20200219T153549)
Finished 57.14 percent at task# 27/100 with total 4.68 mins

Processing the 187th image (T18TYN_S2A_2018308_20181104T154421)
Finished 57.14 percent at task# 47/100 with total 4.68 mins
Finished 57.14 percent at task# 49/100 with total 4.68 mins

Processing the 327th image (T18TYN_S2A_2020098_20200407T153901)
Finished 57.14 percent at task# 34/100 with total 4.68 mins

Processing the 341th image (T18TYN_S2A_2020155_20200603T153601)

Processing the 236th image (T18TYN_S2A_2019083_20190324T153911)
Finished 57.14 percent at task# 43/100 with total 4.69 mins

Processing the 299th image (T18TYN_S2A_2020005_20200105T153631)
Finished 57.14 percent at task# 36/100 with total 4.69 mins

Processing the 250th image (T18TYN_S2A_2019133_20190513T153911)
Finished 57.14 percent at task# 26/100 with total 4.69 mins

Processing the 180th image (T18TYN_S2B_2018290_20181017T153559)
Finished 57.14 percent at task# 32/100 with total 4.70 mins
Finished 57.14 percent at task# 39/100 with total 4.70 mins

Processing the 222th image (T18TYN_S2A_2019040_20190209T153551)

Processing the 271th image (T18TYN_S2A_2019253_20190910T153901)
Finished 71.43 percent at task# 86/100 with total 4.70 mins

Processing the 601th image (T18TYN_S2B_2022189_20220708T153559)
Finished 71.43 percent at task# 87/100 with total 4.70 mins

Processing the 608th image (T18TYN_S2B_2022212_20220731T153819)
Finished 71.43 percent at task# 85/100 with total 4.70 mins

Processing the 594th image (T18TYN_S2B_2022172_20220621T153819)
Finished 71.43 percent at task# 89/100 with total 4.71 mins
Finished 71.43 percent at task# 84/100 with total 4.71 mins

Processing the 622th image (T18TYN_S2B_2022262_20220919T153819)

Processing the 587th image (T18TYN_S2A_2022154_20220603T153601)
Finished 71.43 percent at task# 88/100 with total 4.71 mins

Processing the 615th image (T18TYN_S2B_2022242_20220830T153809)
Finished 57.14 percent at task# 35/100 with total 4.81 mins

Processing the 243th image (T18TYN_S2A_2019103_20190413T153911)
Finished 71.43 percent at task# 83/100 with total 4.89 mins
Finished 71.43 percent at task# 82/100 with total 4.89 mins

Processing the 580th image (T18TYN_S2A_2022134_20220514T153601)

Processing the 573th image (T18TYN_S2B_2022112_20220422T153809)
Finished 85.71 percent at task# 77/100 with total 4.90 mins

Processing the 539th image (T18TYN_S2A_2022017_20220117T154601)
Finished 71.43 percent at task# 78/100 with total 4.90 mins

Processing the 545th image (T18TYN_S2A_2022034_20220203T153601)
Finished 71.43 percent at task# 80/100 with total 4.90 mins
Finished 71.43 percent at task# 81/100 with total 4.90 mins

Processing the 559th image (T18TYN_S2B_2022072_20220313T153929)

Processing the 566th image (T18TYN_S2B_2022089_20220330T153559)
Finished 57.14 percent at task# 37/100 with total 4.96 mins

Processing the 257th image (T18TYN_S2A_2019170_20190619T153601)
Finished 85.71 percent at task# 1/100 with total 5.03 mins

Processing the 7th image (T18TYN_S2A_2015354_20151220T154652)
Finished 57.14 percent at task# 38/100 with total 5.08 mins

Processing the 264th image (T18TYN_S2B_2019215_20190803T153609)
Finished 57.14 percent at task# 59/100 with total 5.17 mins

Processing the 411th image (T18TYN_S2A_2021019_20210119T153601)
Finished 85.71 percent at task# 79/100 with total 5.18 mins

Processing the 553th image (T18TYN_S2A_2022054_20220223T153601)
Finished 71.43 percent at task# 76/100 with total 5.21 mins

Processing the 531th image (T18TYN_S2B_2021357_20211223T154649)
Finished 85.71 percent at task# 90/100 with total 5.52 mins

Processing the 630th image (T18TYN_S2A_2022284_20221011T153601)
Finished 71.43 percent at task# 25/100 with total 5.61 mins
Finished 71.43 percent at task# 24/100 with total 5.61 mins

Processing the 174th image (T18TYN_S2A_2018275_20181002T153551)
Finished 71.43 percent at task# 22/100 with total 5.61 mins

Processing the 167th image (T18TYN_S2B_2018253_20180910T154539)

Processing the 153th image (T18TYN_S2A_2018218_20180806T153911)
Finished 71.43 percent at task# 20/100 with total 5.61 mins

Processing the 139th image (T18TYN_S2B_2018180_20180629T153559)
Finished 71.43 percent at task# 19/100 with total 5.61 mins

Processing the 132th image (T18TYN_S2B_2018163_20180612T153809)
Finished 100.00 percent at task# 7/100 with total 5.61 mins
Finished 71.43 percent at task# 15/100 with total 5.61 mins

Processing the 104th image (T18TYN_S2A_2018075_20180316T153551)
Finished 71.43 percent at task# 21/100 with total 5.61 mins

Processing the 146th image (T18TYN_S2B_2018200_20180719T153559)
Finished 71.43 percent at task# 23/100 with total 5.61 mins

Processing the 160th image (T18TYN_S2A_2018235_20180823T153601)
Finished 71.43 percent at task# 16/100 with total 5.62 mins

Processing the 111th image (T18TYN_S2A_2018095_20180405T153601)
Finished 71.43 percent at task# 18/100 with total 5.62 mins

Processing the 125th image (T18TYN_S2B_2018140_20180520T153559)
Finished 71.43 percent at task# 17/100 with total 5.62 mins

Processing the 118th image (T18TYN_S2B_2018123_20180503T153909)
Finished 71.43 percent at task# 11/100 with total 5.63 mins

Processing the 76th image (T18TYN_S2B_2017335_20171201T153609)
Finished 85.71 percent at task# 9/100 with total 5.64 mins
Finished 71.43 percent at task# 12/100 with total 5.63 mins

Processing the 63th image (T18TYN_S2A_2017203_20170722T153911)

Processing the 83th image (T18TYN_S2B_2018003_20180103T154629)
Finished 71.43 percent at task# 13/100 with total 5.64 mins
Finished 71.43 percent at task# 10/100 with total 5.64 mins

Processing the 90th image (T18TYN_S2B_2018040_20180209T153549)

Processing the 69th image (T18TYN_S2A_2017290_20171017T153601)
Finished 85.71 percent at task# 8/100 with total 5.64 mins

Processing the 56th image (T18TYN_S2A_2017130_20170510T153601)
Finished 85.71 percent at task# 88/100 with total 5.84 mins

Processing the 616th image (T18TYN_S2A_2022244_20220901T153611)
Finished 85.71 percent at task# 85/100 with total 5.84 mins
[Warning: No SR for T18TYN_S2A_2022174_20220623T153611] 
[> In stackS2ARD2Linev2 (line 441)
In batchStackS2ARD2Line (line 61)] 
Finished 85.71 percent at task# 86/100 with total 5.84 mins
Finished 85.71 percent at task# 89/100 with total 5.84 mins

Processing the 602th image (T18TYN_S2B_2022192_20220711T153819)

Processing the 623th image (T18TYN_S2A_2022264_20220921T153601)
Finished 85.71 percent at task# 84/100 with total 5.84 mins
Finished 85.71 percent at task# 87/100 with total 5.84 mins

Processing the 588th image (T18TYN_S2A_2022157_20220606T153821)

Processing the 609th image (T18TYN_S2A_2022214_20220802T153611)
Finished 71.43 percent at task# 14/100 with total 5.91 mins

Processing the 97th image (T18TYN_S2A_2018058_20180227T154211)
Finished 71.43 percent at task# 74/100 with total 5.94 mins

Processing the 517th image (T18TYN_S2B_2021317_20211113T154509)
Finished 71.43 percent at task# 71/100 with total 5.94 mins

Processing the 496th image (T18TYN_S2A_2021259_20210916T153601)
Finished 71.43 percent at task# 62/100 with total 5.94 mins
Finished 71.43 percent at task# 69/100 with total 5.94 mins

Processing the 433th image (T18TYN_S2A_2021082_20210323T153911)

Processing the 482th image (T18TYN_S2A_2021222_20210810T153911)
Finished 71.43 percent at task# 61/100 with total 5.94 mins

Processing the 426th image (T18TYN_S2A_2021062_20210303T154141)
Finished 71.43 percent at task# 57/100 with total 5.94 mins

Processing the 398th image (T18TYN_S2A_2020348_20201213T154641)
Finished 71.43 percent at task# 63/100 with total 5.94 mins

Processing the 440th image (T18TYN_S2A_2021102_20210412T153901)
Finished 71.43 percent at task# 67/100 with total 5.94 mins

Processing the 468th image (T18TYN_S2A_2021182_20210701T153911)
Finished 71.43 percent at task# 75/100 with total 5.94 mins

Processing the 524th image (T18TYN_S2B_2021334_20211130T153609)
Finished 71.43 percent at task# 56/100 with total 5.95 mins

Processing the 391th image (T18TYN_S2B_2020320_20201115T153559)
Finished 85.71 percent at task# 73/100 with total 5.95 mins

Processing the 511th image (T18TYN_S2A_2021299_20211026T153601)
Finished 71.43 percent at task# 70/100 with total 5.95 mins

Processing the 489th image (T18TYN_S2A_2021239_20210827T153601)
Finished 71.43 percent at task# 60/100 with total 5.95 mins
Finished 71.43 percent at task# 58/100 with total 5.95 mins
Finished 71.43 percent at task# 55/100 with total 5.96 mins

Processing the 419th image (T18TYN_S2A_2021039_20210208T153601)

Processing the 405th image (T18TYN_S2B_2021004_20210104T153639)

Processing the 384th image (T18TYN_S2A_2020295_20201021T153601)
Finished 71.43 percent at task# 54/100 with total 5.96 mins

Processing the 377th image (T18TYN_S2A_2020278_20201004T154121)
Finished 71.43 percent at task# 64/100 with total 5.96 mins

Processing the 447th image (T18TYN_S2A_2021122_20210502T153901)
Finished 71.43 percent at task# 52/100 with total 5.96 mins
Finished 71.43 percent at task# 68/100 with total 5.96 mins

Processing the 363th image (T18TYN_S2B_2020243_20200830T153819)

Processing the 475th image (T18TYN_S2A_2021202_20210721T153911)
Finished 71.43 percent at task# 51/100 with total 5.96 mins

Processing the 356th image (T18TYN_S2A_2020218_20200805T153911)
Finished 71.43 percent at task# 72/100 with total 5.96 mins

Processing the 503th image (T18TYN_S2A_2021279_20211006T153601)
Finished 71.43 percent at task# 53/100 with total 5.97 mins

Processing the 370th image (T18TYN_S2B_2020260_20200916T153559)
Finished 71.43 percent at task# 65/100 with total 5.97 mins

Processing the 454th image (T18TYN_S2B_2021144_20210524T153559)
Finished 71.43 percent at task# 66/100 with total 5.97 mins

Processing the 461th image (T18TYN_S2B_2021164_20210613T153559)
Finished 71.43 percent at task# 28/100 with total 6.01 mins

Processing the 195th image (T18TYN_S2B_2018330_20181126T153559)
Finished 71.43 percent at task# 48/100 with total 6.02 mins

Processing the 335th image (T18TYN_S2A_2020128_20200507T153911)
Finished 71.43 percent at task# 40/100 with total 6.02 mins
Finished 85.71 percent at task# 82/100 with total 5.99 mins
601)
Finished 71.43 percent at task# 30/100 with total 6.02 mins

Processing the 574th image (T18TYN_S2A_2022114_20220424T153601)

Processing the 209th image (T18TYN_S2A_2019003_20190103T1546Finished 85.71 percent at task# 83/100 with total 6.00 mins
Finished 85.71 percent at task# 80/100 with total 6.00 mins
Finished 85.71 percent at task# 78/100 with total 6.00 mins

Processing the 581th image (T18TYN_S2A_2022137_20220517T153821)

Processing the 560th image (T18TYN_S2A_2022074_20220315T153601)

Processing the 546th image (T18TYN_S2A_2022037_20220206T154431)
Finished 85.71 percent at task# 81/100 with total 6.00 mins

Processing the 567th image (T18TYN_S2B_2022092_20220402T153809)
Finished 71.43 percent at task# 50/100 with total 6.03 mins

Processing the 349th image (T18TYN_S2B_2020200_20200718T153559)
Finished 71.43 percent at task# 33/100 with total 6.03 mins
Finished 71.43 percent at task# 43/100 with total 6.03 mins

Processing the 230th image (T18TYN_S2B_2019068_20190309T154049)
Finished 71.43 percent at task# 42/100 with total 6.03 mins

Processing the 300th image (T18TYN_S2A_2020008_20200108T154631)

Processing the 293th image (T18TYN_S2B_2019338_20191204T154619)
Finished 71.43 percent at task# 46/100 with total 6.03 mins
Finished 71.43 percent at task# 41/100 with total 6.03 mins

Processing the 321th image (T18TYN_S2B_2020070_20200310T153559)

Processing the 286th image (T18TYN_S2A_2019320_20191116T153601)
Finished 71.43 percent at task# 45/100 with total 6.03 mins

Processing the 314th image (T18TYN_S2B_2020053_20200222T154149)
Finished 71.43 percent at task# 47/100 with total 6.03 mins
Finished 71.43 percent at task# 31/100 with total 6.04 mins

Processing the 328th image (T18TYN_S2B_2020103_20200412T153809)

Processing the 216th image (T18TYN_S2B_2019025_20190125T153559)
Finished 71.43 percent at task# 29/100 with total 6.04 mins

Processing the 202th image (T18TYN_S2A_2018348_20181214T154641)
Finished 71.43 percent at task# 32/100 with total 6.04 mins

Processing the 223th image (T18TYN_S2B_2019045_20190214T153559)
Finished 71.43 percent at task# 34/100 with total 6.04 mins

Processing the 237th image (T18TYN_S2B_2019085_20190326T153559)
Finished 71.43 percent at task# 27/100 with total 6.04 mins
Finished 71.43 percent at task# 44/100 with total 6.04 mins
Finished 71.43 percent at task# 49/100 with total 6.05 mins

Processing the 188th image (T18TYN_S2B_2018313_20181109T154449)

Processing the 307th image (T18TYN_S2A_2020035_20200204T153551)

Processing the 342th image (T18TYN_S2A_2020165_20200613T153601)
Finished 71.43 percent at task# 26/100 with total 6.05 mins

Processing the 181th image (T18TYN_S2B_2018293_20181020T154249)
Finished 71.43 percent at task# 36/100 with total 6.05 mins

Processing the 251th image (T18TYN_S2B_2019138_20190518T153819)
Finished 71.43 percent at task# 39/100 with total 6.05 mins

Processing the 272th image (T18TYN_S2A_2019260_20190917T153601)
Finished 71.43 percent at task# 35/100 with total 6.05 mins

Processing the 244th image (T18TYN_S2B_2019105_20190415T153559)
Finished 100.00 percent at task# 1/100 with total 6.29 mins
Finished 100.00 percent at task# 79/100 with total 6.32 mins
Finished 71.43 percent at task# 37/100 with total 6.38 mins

Processing the 258th image (T18TYN_S2B_2019178_20190627T153819)
Finished 85.71 percent at task# 76/100 with total 6.39 mins

Processing the 532th image (T18TYN_S2A_2021362_20211228T154651)
Finished 71.43 percent at task# 38/100 with total 6.51 mins

Processing the 265th image (T18TYN_S2B_2019225_20190813T153609)
Finished 71.43 percent at task# 59/100 with total 6.56 mins

Processing the 412th image (T18TYN_S2A_2021022_20210122T154541)
Finished 100.00 percent at task# 90/100 with total 6.61 mins
Finished 100.00 percent at task# 9/100 with total 6.83 mins
Finished 85.71 percent at task# 24/100 with total 6.83 mins
Finished 85.71 percent at task# 17/100 with total 6.83 mins

Processing the 168th image (T18TYN_S2A_2018255_20180912T153551)

Processing the 119th image (T18TYN_S2A_2018125_20180505T153601)
Finished 85.71 percent at task# 16/100 with total 6.83 mins

Processing the 112th image (T18TYN_S2A_2018098_20180408T153911)
Finished 85.71 percent at task# 10/100 with total 6.83 mins

Processing the 70th image (T18TYN_S2B_2017298_20171025T154319)
Finished 85.71 percent at task# 15/100 with total 6.83 mins

Processing the 105th image (T18TYN_S2A_2018078_20180319T153941)
Finished 100.00 percent at task# 8/100 with total 6.83 mins
Finished 85.71 percent at task# 11/100 with total 6.83 mins

Processing the 77th image (T18TYN_S2B_2017345_20171211T153629)
Finished 85.71 percent at task# 23/100 with total 6.84 mins

Processing the 161th image (T18TYN_S2A_2018238_20180826T153901)
Finished 85.71 percent at task# 18/100 with total 6.84 mins
Finished 85.71 percent at task# 25/100 with total 6.84 mins

Processing the 126th image (T18TYN_S2B_2018143_20180523T153819)
Finished 85.71 percent at task# 21/100 with total 6.84 mins

Processing the 175th image (T18TYN_S2A_2018278_20181005T154111)
Finished 85.71 percent at task# 13/100 with total 6.84 mins

Processing the 147th image (T18TYN_S2B_2018203_20180722T153809)

Processing the 91th image (T18TYN_S2B_2018043_20180212T154339)
Finished 85.71 percent at task# 12/100 with total 6.84 mins

Processing the 84th image (T18TYN_S2A_2018005_20180105T153621)
Finished 85.71 percent at task# 19/100 with total 6.84 mins

Processing the 133th image (T18TYN_S2A_2018165_20180614T153601)
Finished 85.71 percent at task# 20/100 with total 6.84 mins

Processing the 140th image (T18TYN_S2B_2018183_20180702T153809)
Finished 85.71 percent at task# 22/100 with total 6.84 mins

Processing the 154th image (T18TYN_S2B_2018220_20180808T153549)
Finished 100.00 percent at task# 86/100 with total 6.92 mins
Finished 100.00 percent at task# 84/100 with total 6.92 mins
Finished 100.00 percent at task# 87/100 with total 6.92 mins
Finished 100.00 percent at task# 88/100 with total 6.92 mins
Finished 100.00 percent at task# 89/100 with total 6.92 mins
Finished 100.00 percent at task# 83/100 with total 7.05 mins
Finished 100.00 percent at task# 82/100 with total 7.05 mins
Finished 100.00 percent at task# 78/100 with total 7.05 mins
Finished 100.00 percent at task# 80/100 with total 7.05 mins
Finished 100.00 percent at task# 81/100 with total 7.05 mins
Finished 85.71 percent at task# 14/100 with total 7.16 mins

Processing the 98th image (T18TYN_S2B_2018060_20180301T153549)
Finished 100.00 percent at task# 73/100 with total 7.30 mins
Finished 85.71 percent at task# 68/100 with total 7.30 mins

Processing the 476th image (T18TYN_S2B_2021204_20210723T153559)
Finished 85.71 percent at task# 74/100 with total 7.31 mins
Finished 85.71 percent at task# 61/100 with total 7.30 mins

Processing the 518th image (T18TYN_S2A_2021319_20211115T153601)

Processing the 427th image (T18TYN_S2B_2021064_20210305T153559)
Finished 85.71 percent at task# 67/100 with total 7.31 mins

Processing the 469th image (T18TYN_S2B_2021184_20210703T153559)
Finished 85.71 percent at task# 69/100 with total 7.31 mins

Processing the 483th image (T18TYN_S2B_2021224_20210812T153559)
Finished 85.71 percent at task# 62/100 with total 7.31 mins
Finished 85.71 percent at task# 57/100 with total 7.31 mins

Processing the 434th image (T18TYN_S2B_2021084_20210325T153559)

Processing the 399th image (T18TYN_S2B_2020350_20201215T153639)
Finished 85.71 percent at task# 54/100 with total 7.31 mins

Processing the 378th image (T18TYN_S2B_2020280_20201006T153559)
Finished 85.71 percent at task# 58/100 with total 7.31 mins
Finished 85.71 percent at task# 66/100 with total 7.31 mins

Processing the 406th image (T18TYN_S2B_2021007_20210107T154629)

Processing the 462th image (T18TYN_S2B_2021167_20210616T153809)
Finished 85.71 percent at task# 75/100 with total 7.32 mins
Finished 85.71 percent at task# 64/100 with total 7.31 mins

Processing the 525th image (T18TYN_S2B_2021337_20211203T154619)

Processing the 448th image (T18TYN_S2B_2021127_20210507T153809)
Finished 85.71 percent at task# 71/100 with total 7.32 mins
Finished 85.71 percent at task# 52/100 with total 7.32 mins
Finished 85.71 percent at task# 56/100 with total 7.32 mins

Processing the 497th image (T18TYN_S2A_2021262_20210919T153931)

Processing the 364th image (T18TYN_S2A_2020245_20200901T153601)

Processing the 392th image (T18TYN_S2B_2020323_20201118T154539)
Finished 85.71 percent at task# 65/100 with total 7.32 mins

Processing the 455th image (T18TYN_S2B_2021147_20210527T153809)
Finished 85.71 percent at task# 70/100 with total 7.32 mins

Processing the 490th image (T18TYN_S2A_2021242_20210830T153911)
Finished 85.71 percent at task# 55/100 with total 7.32 mins
Finished 85.71 percent at task# 53/100 with total 7.32 mins

Processing the 385th image (T18TYN_S2A_2020298_20201024T154331)

Processing the 371th image (T18TYN_S2B_2020263_20200919T153819)
Finished 85.71 percent at task# 63/100 with total 7.32 mins

Processing the 441th image (T18TYN_S2B_2021104_20210414T153549)
Finished 85.71 percent at task# 60/100 with total 7.32 mins

Processing the 420th image (T18TYN_S2A_2021042_20210211T154351)
Finished 85.71 percent at task# 51/100 with total 7.32 mins

Processing the 357th image (T18TYN_S2B_2020223_20200810T153819)
Finished 85.71 percent at task# 72/100 with total 7.33 mins

Processing the 504th image (T18TYN_S2A_2021282_20211009T154151)
Finished 85.71 percent at task# 28/100 with total 7.42 mins

Processing the 196th image (T18TYN_S2B_2018333_20181129T154609)
Finished 85.71 percent at task# 50/100 with total 7.43 mins

Processing the 350th image (T18TYN_S2B_2020203_20200721T153809)
Finished 85.71 percent at task# 48/100 with total 7.43 mins
Finished 85.71 percent at task# 30/100 with total 7.43 mins
Finished 85.71 percent at task# 47/100 with total 7.43 mins

Processing the 336th image (T18TYN_S2A_2020135_20200514T153601)

Processing the 210th image (T18TYN_S2B_2019005_20190105T153629)

Processing the 329th image (T18TYN_S2A_2020108_20200417T153911)
Finished 85.71 percent at task# 43/100 with total 7.43 mins
Finished 85.71 percent at task# 40/100 with total 7.43 mins

Processing the 301th image (T18TYN_S2B_2020010_20200110T153619)
Finished 85.71 percent at task# 33/100 with total 7.43 mins
Finished 85.71 percent at task# 42/100 with total 7.43 mins

Processing the 280th image (T18TYN_S2A_2019290_20191017T153601)
Finished 85.71 percent at task# 46/100 with total 7.43 mins

Processing the 231th image (T18TYN_S2A_2019070_20190311T153551)

Processing the 294th image (T18TYN_S2A_2019340_20191206T153631)

Processing the 322th image (T18TYN_S2A_2020075_20200315T153551)
Finished 85.71 percent at task# 32/100 with total 7.53 mins

Processing the 224th image (T18TYN_S2B_2019048_20190217T154319)
Finished 85.71 percent at task# 45/100 with total 7.55 mins

Processing the 315th image (T18TYN_S2A_2020055_20200224T153551)
Finished 85.71 percent at task# 49/100 with total 7.57 mins
Finished 85.71 percent at task# 36/100 with total 7.57 mins

Processing the 343th image (T18TYN_S2A_2020168_20200616T153911)

Processing the 252th image (T18TYN_S2A_2019140_20190520T153601)
Finished 85.71 percent at task# 41/100 with total 7.58 mins

Processing the 287th image (T18TYN_S2A_2019323_20191119T154541)
Finished 85.71 percent at task# 31/100 with total 7.58 mins

Processing the 217th image (T18TYN_S2B_2019028_20190128T154519)
Finished 85.71 percent at task# 26/100 with total 7.61 mins

Processing the 182th image (T18TYN_S2A_2018295_20181022T153551)
Finished 85.71 percent at task# 29/100 with total 7.61 mins

Processing the 203th image (T18TYN_S2B_2018350_20181216T153639)
Finished 85.71 percent at task# 39/100 with total 7.61 mins

Processing the 273th image (T18TYN_S2A_2019263_20190920T153931)
Finished 85.71 percent at task# 34/100 with total 7.61 mins
Finished 85.71 percent at task# 44/100 with total 7.61 mins

Processing the 238th image (T18TYN_S2B_2019088_20190329T154019)

Processing the 308th image (T18TYN_S2A_2020038_20200207T154421)
Finished 85.71 percent at task# 35/100 with total 7.62 mins
Finished 85.71 percent at task# 27/100 with total 7.62 mins

Processing the 245th image (T18TYN_S2B_2019108_20190418T153819)

Processing the 189th image (T18TYN_S2A_2018315_20181111T153551)
Finished 100.00 percent at task# 76/100 with total 7.63 mins
Finished 85.71 percent at task# 37/100 with total 7.92 mins

Processing the 259th image (T18TYN_S2B_2019185_20190704T153609)
Finished 85.71 percent at task# 59/100 with total 8.03 mins

Processing the 413th image (T18TYN_S2B_2021024_20210124T153559)
Finished 100.00 percent at task# 23/100 with total 8.04 mins
Finished 100.00 percent at task# 10/100 with total 8.04 mins
Finished 100.00 percent at task# 18/100 with total 8.05 mins
Finished 100.00 percent at task# 15/100 with total 8.05 mins
Finished 100.00 percent at task# 24/100 with total 8.05 mins
Finished 100.00 percent at task# 25/100 with total 8.05 mins
Finished 100.00 percent at task# 17/100 with total 8.05 mins
Finished 100.00 percent at task# 16/100 with total 8.05 mins
Finished 85.71 percent at task# 38/100 with total 8.04 mins

Processing the 266th image (T18TYN_S2B_2019228_20190816T153819)
Finished 100.00 percent at task# 22/100 with total 8.06 mins
Finished 100.00 percent at task# 19/100 with total 8.06 mins
Finished 100.00 percent at task# 20/100 with total 8.06 mins
Finished 100.00 percent at task# 11/100 with total 8.07 mins
Finished 100.00 percent at task# 21/100 with total 8.07 mins
Finished 100.00 percent at task# 12/100 with total 8.07 mins
Finished 100.00 percent at task# 14/100 with total 8.30 mins
Finished 100.00 percent at task# 67/100 with total 8.76 mins
Finished 100.00 percent at task# 66/100 with total 8.77 mins
Finished 100.00 percent at task# 74/100 with total 8.77 mins
Finished 100.00 percent at task# 75/100 with total 8.77 mins
Finished 100.00 percent at task# 58/100 with total 8.77 mins
Finished 100.00 percent at task# 64/100 with total 8.77 mins
Finished 100.00 percent at task# 61/100 with total 8.77 mins
Finished 100.00 percent at task# 69/100 with total 8.77 mins
Finished 100.00 percent at task# 71/100 with total 8.77 mins
Finished 100.00 percent at task# 70/100 with total 8.78 mins
Finished 100.00 percent at task# 63/100 with total 8.78 mins
Finished 100.00 percent at task# 60/100 with total 8.79 mins
Finished 100.00 percent at task# 55/100 with total 8.79 mins
Finished 100.00 percent at task# 72/100 with total 8.79 mins
Finished 100.00 percent at task# 68/100 with total 8.79 mins
Finished 100.00 percent at task# 53/100 with total 8.79 mins
Finished 100.00 percent at task# 56/100 with total 8.79 mins
Finished 100.00 percent at task# 62/100 with total 8.79 mins
Finished 100.00 percent at task# 52/100 with total 8.79 mins
Finished 100.00 percent at task# 65/100 with total 8.79 mins
Finished 100.00 percent at task# 57/100 with total 8.79 mins
Finished 100.00 percent at task# 54/100 with total 8.80 mins
Finished 100.00 percent at task# 51/100 with total 8.80 mins
Finished 100.00 percent at task# 40/100 with total 8.95 mins
Finished 100.00 percent at task# 28/100 with total 8.95 mins
Finished 100.00 percent at task# 43/100 with total 8.96 mins
Finished 100.00 percent at task# 30/100 with total 8.96 mins
Finished 100.00 percent at task# 46/100 with total 8.96 mins
Finished 100.00 percent at task# 48/100 with total 8.96 mins
Finished 100.00 percent at task# 47/100 with total 8.96 mins
Finished 100.00 percent at task# 42/100 with total 8.96 mins
Finished 100.00 percent at task# 50/100 with total 8.96 mins
Finished 100.00 percent at task# 33/100 with total 8.96 mins
Finished 100.00 percent at task# 49/100 with total 8.99 mins
Finished 100.00 percent at task# 41/100 with total 8.99 mins
Finished 100.00 percent at task# 45/100 with total 8.99 mins
Finished 100.00 percent at task# 36/100 with total 9.00 mins
Finished 100.00 percent at task# 31/100 with total 9.00 mins
Finished 100.00 percent at task# 32/100 with total 9.00 mins
Finished 100.00 percent at task# 29/100 with total 9.00 mins
Finished 100.00 percent at task# 44/100 with total 9.00 mins
Finished 100.00 percent at task# 39/100 with total 9.00 mins
Finished 100.00 percent at task# 34/100 with total 9.01 mins
Finished 100.00 percent at task# 35/100 with total 9.01 mins
Finished 100.00 percent at task# 27/100 with total 9.03 mins
Finished 100.00 percent at task# 26/100 with total 9.03 mins
Finished 100.00 percent at task# 37/100 with total 9.20 mins
Finished 100.00 percent at task# 59/100 with total 9.25 mins
Finished 100.00 percent at task# 38/100 with total 9.30 mins
