Loading matlab/R2022b
  Loading requirement: pre-module post-module
Loading matlab/R2022b
  Loading requirement: pre-module post-module

                            < M A T L A B (R) >
                  Copyright 1984-2022 The MathWorks, Inc.
                  R2022b (9.13.0.2049777) 64-bit (glnxa64)
                              August 24, 2022


                            < M A T L A B (R) >
                  Copyright 1984-2022 The MathWorks, Inc.
                  R2022b (9.13.0.2049777) 64-bit (glnxa64)
                              August 24, 2022

A total of 0392 HLS images at /shared/cn450/DataHLSv1.4/13TCF
At task# 129/250 to process 2 images
A total of 0392 HLS images at /shared/cn450/DataHLSv1.4/13TCF
At task# 130/250 to process 2 images

                            < M A T L A B (R) >
                  Copyright 1984-2022 The MathWorks, Inc.
                  R2022b (9.13.0.2049777) 64-bit (glnxa64)
                              August 24, 2022

 
To get started, type doc.
For product information, visit www.mathworks.com.
 
 
To get started, type doc.
For product information, visit www.mathworks.com.
 
Finished 50.00 percent at task# 105/250 with total 0.59 mins
 
To get started, type doc.
For product information, visit www.mathworks.com.
 
A total of 0392 HLS images at /shared/cn450/DataHLSv1.4/14SPJ
At task# 202/250 to process -10 images
A total of 0392 HLS images at /shared/cn450/DataHLSv1.4/14SPJ
At task# 203/250 to process -12 images
A total of 0392 HLS images at /shared/cn450/DataHLSv1.4/14SPJ
At task# 201/250 to process -8 images
Start to stack ARD Tile 15RXQ
Start to stack ARD Tile 15RXQ
Start to stack ARD Tile 15RXQ
A total of 0392 HLS images at /shared/cn450/DataHLSv1.4/13TCF
At task# 233/250 to process -72 images
Finished 100.00 percent at task# 84/250 with total 4.03 mins
Start to stack ARD Tile 14SPJ
Start to stack ARD Tile 15RXQ
A total of 0392 HLS images at /shared/cn450/DataHLSv1.4/10SFG
At task# 234/250 to process -74 images
Start to stack ARD Tile 13TCF
A total of 0392 HLS images at /shared/cn450/DataHLSv1.4/10SFG
At task# 204/250 to process -14 images
A total of 0392 HLS images at /shared/cn450/DataHLSv1.4/10SFG
At task# 208/250 to process -22 images
A total of 0392 HLS images at /shared/cn450/DataHLSv1.4/10SFG
At task# 206/250 to process -18 images
A total of 0392 HLS images at /shared/cn450/DataHLSv1.4/10SFG
At task# 205/250 to process -16 images
A total of 0392 HLS images at /shared/cn450/DataHLSv1.4/10SFG
At task# 207/250 to process -20 images
Start to stack ARD Tile 10SFG
Start to stack ARD Tile 10SFG
Finished 100.00 percent at task# 85/250 with total 4.08 mins
Start to stack ARD Tile 13TCF
Start to stack ARD Tile 15RXQ
Start to stack ARD Tile 13TCF
Start to stack ARD Tile 13TCF
Start to stack ARD Tile 13TCF
Start to stack ARD Tile 13TCF
Finished 50.00 percent at task# 112/250 with total 0.51 mins
A total of 0336 HLS images at /shared/cn450/DataHLSv1.4/15RXQ
A total of 0336 HLS images at /shared/cn450/DataHLSv1.4/15RXQ
At task# 85/250 to process 2 images
At task# 84/250 to process 2 images
Start to stack ARD Tile 10SFG
Finished 50.00 percent at task# 230/250 with total 0.94 mins
Finished 50.00 percent at task# 229/250 with total 0.94 mins
Finished 100.00 percent at task# 52/250 with total 5.91 mins
Start to stack ARD Tile 15RXQ
Finished 50.00 percent at task# 90/250 with total 0.51 mins
A total of 0392 HLS images at /shared/cn450/DataHLSv1.4/10SFG
At task# 243/250 to process -92 images
Start to stack ARD Tile 13TCF
Finished 100.00 percent at task# 209/250 with total 1.13 mins
Finished 100.00 percent at task# 159/250 with total 6.34 mins
Finished 100.00 percent at task# 160/250 with total 6.34 mins
Start to stack ARD Tile 13TCF
Start to stack ARD Tile 13TCF
Finished 100.00 percent at task# 120/250 with total 9.22 mins
Start to stack ARD Tile 13TCF
Finished 100.00 percent at task# 72/250 with total 2.77 mins
Start to stack ARD Tile 18TXM
Finished 50.00 percent at task# 222/250 with total 1.43 mins
Finished 50.00 percent at task# 219/250 with total 1.43 mins
Finished 50.00 percent at task# 220/250 with total 1.44 mins
Finished 50.00 percent at task# 221/250 with total 1.43 mins
Finished 100.00 percent at task# 73/250 with total 4.38 mins
Finished 50.00 percent at task# 133/250 with total 3.24 mins
Start to stack ARD Tile 15RXQ
Finished 50.00 percent at task# 131/250 with total 3.24 mins
Finished 50.00 percent at task# 132/250 with total 3.24 mins
A total of 0462 HLS images at /gpfs/sharedfs1/zhulab/Su/HLS14/18TXM
At task# 72/250 to process 2 images
A total of 0336 HLS images at /shared/cn450/DataHLSv1.4/15RXQ
At task# 52/250 to process 2 images
Finished 100.00 percent at task# 225/250 with total 1.22 mins
Finished 100.00 percent at task# 53/250 with total 6.06 mins
Start to stack ARD Tile 15RXQ
A total of 0392 HLS images at /shared/cn450/DataHLSv1.4/13TCF
A total of 0392 HLS images at /shared/cn450/DataHLSv1.4/13TCF
At task# 160/250 to process 2 images
At task# 159/250 to process 2 images
A total of 0392 HLS images at /shared/cn450/DataHLSv1.4/14SPJ
At task# 233/250 to process -72 images
Start to stack ARD Tile 15RXQ
Finished 50.00 percent at task# 128/250 with total 3.30 mins
Finished 100.00 percent at task# 134/250 with total 8.28 mins
A total of 0392 HLS images at /shared/cn450/DataHLSv1.4/14SPJ
At task# 111/250 to process 2 images
Finished 100.00 percent at task# 136/250 with total 8.28 mins
A total of 0392 HLS images at /shared/cn450/DataHLSv1.4/13TCF
At task# 120/250 to process 2 images
Finished 100.00 percent at task# 38/250 with total 11.60 mins
Finished 100.00 percent at task# 108/250 with total 1.31 mins
Start to stack ARD Tile 13TCF
Start to stack ARD Tile 18TXM
Start to stack ARD Tile 13TCF
Start to stack ARD Tile 13TCF
Start to stack ARD Tile 14SPJ

                            < M A T L A B (R) >
                  Copyright 1984-2022 The MathWorks, Inc.
                  R2022b (9.13.0.2049777) 64-bit (glnxa64)
                              August 24, 2022

A total of 0462 HLS images at /gpfs/sharedfs1/zhulab/Su/HLS14/18TXM
At task# 108/250 to process 2 images
Finished 50.00 percent at task# 16/250 with total 1.31 mins
Finished 100.00 percent at task# 92/250 with total 10.04 mins
A total of 0392 HLS images at /shared/cn450/DataHLSv1.4/10SFG
At task# 228/250 to process -62 images
A total of 0392 HLS images at /shared/cn450/DataHLSv1.4/10SFG
Finished 100.00 percent at task# 91/250 with total 10.04 mins
A total of 0392 HLS images at /shared/cn450/DataHLSv1.4/10SFG
At task# 226/250 to process -58 images
At task# 227/250 to process -60 images
 
To get started, type doc.
For product information, visit www.mathworks.com.
 
Finished 100.00 percent at task# 93/250 with total 10.05 mins
Start to stack ARD Tile 13TCF
Start to stack ARD Tile 13TCF
Start to stack ARD Tile 13TCF
Start to stack ARD Tile 13TCF

                            < M A T L A B (R) >
                  Copyright 1984-2022 The MathWorks, Inc.
                  R2022b (9.13.0.2049777) 64-bit (glnxa64)
                              August 24, 2022

Start to stack ARD Tile 13TCF
Start to stack ARD Tile 13TCF
A total of 0392 HLS images at /shared/cn450/DataHLSv1.4/10SFG
At task# 241/250 to process -88 images
Start to stack ARD Tile 13TCF
 
To get started, type doc.
For product information, visit www.mathworks.com.
 
Finished 100.00 percent at task# 197/250 with total 2.96 mins
Finished 50.00 percent at task# 109/250 with total 0.53 mins
Finished 50.00 percent at task# 35/250 with total 3.16 mins
Finished 50.00 percent at task# 33/250 with total 3.16 mins
A total of 0392 HLS images at /shared/cn450/DataHLSv1.4/13TCF
A total of 0392 HLS images at /shared/cn450/DataHLSv1.4/13TCF
A total of 0392 HLS images at /shared/cn450/DataHLSv1.4/13TCF
At task# 135/250 to process 2 images
At task# 134/250 to process 2 images
At task# 136/250 to process 2 images
Finished 50.00 percent at task# 190/250 with total 1.45 mins
A total of 0392 HLS images at /shared/cn450/DataHLSv1.4/13TCF
At task# 243/250 to process -92 images
Start to stack ARD Tile 14SPJ
Start to stack ARD Tile 10SFG
A total of 0392 HLS images at /shared/cn450/DataHLSv1.4/13TCF
At task# 216/250 to process -38 images
Finished 50.00 percent at task# 69/250 with total 2.69 mins
Start to stack ARD Tile 14SPJ
A total of 0392 HLS images at /shared/cn450/DataHLSv1.4/10SFG
At task# 244/250 to process -94 images
A total of 0392 HLS images at /shared/cn450/DataHLSv1.4/10SFG
At task# 245/250 to process -96 images
Start to stack ARD Tile 13TCF
Start to stack ARD Tile 13TCF
A total of 0392 HLS images at /shared/cn450/DataHLSv1.4/10SFG
At task# 250/250 to process -106 images
Start to stack ARD Tile 13TCF
Finished 50.00 percent at task# 97/250 with total 4.02 mins
Finished 50.00 percent at task# 191/250 with total 1.51 mins
A total of 0392 HLS images at /shared/cn450/DataHLSv1.4/14SPJ
At task# 38/250 to process 2 images
Finished 100.00 percent at task# 105/250 with total 1.14 mins
Start to stack ARD Tile 10SFG
Finished 50.00 percent at task# 192/250 with total 1.49 mins
A total of 0336 HLS images at /shared/cn450/DataHLSv1.4/15RXQ
At task# 233/250 to process -128 images
Start to stack ARD Tile 18TXM
Finished 100.00 percent at task# 39/250 with total 11.87 mins
A total of 0392 HLS images at /shared/cn450/DataHLSv1.4/13TCF
At task# 49/250 to process 2 images
A total of 0392 HLS images at /shared/cn450/DataHLSv1.4/13TCF
At task# 50/250 to process 2 images
Start to stack ARD Tile 14SPJ
A total of 0392 HLS images at /shared/cn450/DataHLSv1.4/10SFG
At task# 211/250 to process -28 images
A total of 0392 HLS images at /shared/cn450/DataHLSv1.4/10SFG
At task# 210/250 to process -26 images
A total of 0392 HLS images at /shared/cn450/DataHLSv1.4/10SFG
At task# 212/250 to process -30 images
A total of 0462 HLS images at /gpfs/sharedfs1/zhulab/Su/HLS14/18TXM
At task# 233/250 to process -2 images
Start to stack ARD Tile 13TCF
Start to stack ARD Tile 13TCF
Start to stack ARD Tile 13TCF
Finished 100.00 percent at task# 112/250 with total 1.05 mins
A total of 0392 HLS images at /shared/cn450/DataHLSv1.4/13TCF
At task# 241/250 to process -88 images
A total of 0392 HLS images at /shared/cn450/DataHLSv1.4/10SFG
At task# 249/250 to process -104 images
Start to stack ARD Tile 14SPJ
Start to stack ARD Tile 13TCF
A total of 0336 HLS images at /shared/cn450/DataHLSv1.4/15RXQ
At task# 20/250 to process 2 images
A total of 0336 HLS images at /shared/cn450/DataHLSv1.4/15RXQ
At task# 21/250 to process 2 images
A total of 0336 HLS images at /shared/cn450/DataHLSv1.4/15RXQ
At task# 19/250 to process 2 images
A total of 0392 HLS images at /shared/cn450/DataHLSv1.4/10SFG
At task# 242/250 to process -90 images
Start to stack ARD Tile 13TCF
Finished 100.00 percent at task# 90/250 with total 1.06 mins
A total of 0392 HLS images at /shared/cn450/DataHLSv1.4/14SPJ
At task# 243/250 to process -92 images
Finished 50.00 percent at task# 231/250 with total 1.53 mins
Start to stack ARD Tile 15RXQ
A total of 0336 HLS images at /shared/cn450/DataHLSv1.4/15RXQ
At task# 73/250 to process 2 images
A total of 0336 HLS images at /shared/cn450/DataHLSv1.4/15RXQ
At task# 201/250 to process -64 images
A total of 0336 HLS images at /shared/cn450/DataHLSv1.4/15RXQ
At task# 202/250 to process -66 images
A total of 0336 HLS images at /shared/cn450/DataHLSv1.4/15RXQ
At task# 203/250 to process -68 images
Start to stack ARD Tile 18TXM
Start to stack ARD Tile 18TXM
Start to stack ARD Tile 18TXM
Finished 50.00 percent at task# 55/250 with total 3.63 mins
Finished 50.00 percent at task# 56/250 with total 3.64 mins
A total of 0392 HLS images at /shared/cn450/DataHLSv1.4/13TCF
At task# 249/250 to process -104 images
A total of 0392 HLS images at /shared/cn450/DataHLSv1.4/13TCF
At task# 250/250 to process -106 images
Start to stack ARD Tile 14SPJ
Start to stack ARD Tile 14SPJ
A total of 0462 HLS images at /gpfs/sharedfs1/zhulab/Su/HLS14/18TXM
A total of 0462 HLS images at /gpfs/sharedfs1/zhulab/Su/HLS14/18TXM
A total of 0462 HLS images at /gpfs/sharedfs1/zhulab/Su/HLS14/18TXM
At task# 203/250 to process 2 images
At task# 202/250 to process 2 images
At task# 201/250 to process 2 images
A total of 0392 HLS images at /shared/cn450/DataHLSv1.4/13TCF
At task# 234/250 to process -74 images
Start to stack ARD Tile 14SPJ
A total of 0392 HLS images at /shared/cn450/DataHLSv1.4/13TCF
At task# 244/250 to process -94 images
A total of 0392 HLS images at /shared/cn450/DataHLSv1.4/13TCF
At task# 245/250 to process -96 images
Finished 100.00 percent at task# 54/250 with total 5.49 mins
Start to stack ARD Tile 14SPJ
Start to stack ARD Tile 14SPJ
Start to stack ARD Tile 15RXQ
Finished 50.00 percent at task# 77/250 with total 2.54 mins
Finished 50.00 percent at task# 41/250 with total 7.28 mins
A total of 0392 HLS images at /shared/cn450/DataHLSv1.4/14SPJ
At task# 249/250 to process -104 images
Start to stack ARD Tile 15RXQ
A total of 0392 HLS images at /shared/cn450/DataHLSv1.4/14SPJ
At task# 241/250 to process -88 images
Start to stack ARD Tile 15RXQ
Finished 50.00 percent at task# 108/250 with total 0.60 mins
Finished 50.00 percent at task# 165/250 with total 6.30 mins
Finished 50.00 percent at task# 167/250 with total 6.30 mins
Finished 50.00 percent at task# 166/250 with total 6.31 mins
Finished 50.00 percent at task# 168/250 with total 6.31 mins
A total of 0392 HLS images at /shared/cn450/DataHLSv1.4/13TCF
At task# 218/250 to process -42 images
A total of 0392 HLS images at /shared/cn450/DataHLSv1.4/13TCF
At task# 217/250 to process -40 images
Finished 100.00 percent at task# 109/250 with total 1.08 mins
Finished 100.00 percent at task# 176/250 with total 6.05 mins
Start to stack ARD Tile 14SPJ
Finished 100.00 percent at task# 175/250 with total 6.05 mins
Finished 100.00 percent at task# 174/250 with total 6.05 mins
Start to stack ARD Tile 14SPJ
Finished 100.00 percent at task# 173/250 with total 6.05 mins
Start to stack ARD Tile 13TCF
Start to stack ARD Tile 13TCF
Start to stack ARD Tile 13TCF
Start to stack ARD Tile 13TCF
Finished 50.00 percent at task# 193/250 with total 1.42 mins
Finished 50.00 percent at task# 199/250 with total 4.04 mins
Finished 50.00 percent at task# 200/250 with total 4.05 mins
A total of 0336 HLS images at /shared/cn450/DataHLSv1.4/15RXQ
At task# 243/250 to process -148 images
Start to stack ARD Tile 18TXM
Finished 100.00 percent at task# 230/250 with total 1.83 mins
Finished 100.00 percent at task# 229/250 with total 1.83 mins
A total of 0462 HLS images at /gpfs/sharedfs1/zhulab/Su/HLS14/18TXM
At task# 243/250 to process -22 images
Finished 50.00 percent at task# 141/250 with total 3.61 mins
Finished 50.00 percent at task# 142/250 with total 3.61 mins
Finished 50.00 percent at task# 214/250 with total 2.63 mins
Finished 50.00 percent at task# 213/250 with total 2.63 mins
Finished 50.00 percent at task# 215/250 with total 2.63 mins
Finished 50.00 percent at task# 138/250 with total 2.28 mins
Finished 50.00 percent at task# 223/250 with total 2.29 mins
Finished 50.00 percent at task# 224/250 with total 2.29 mins
A total of 0392 HLS images at /shared/cn450/DataHLSv1.4/13TCF
A total of 0392 HLS images at /shared/cn450/DataHLSv1.4/13TCF
A total of 0392 HLS images at /shared/cn450/DataHLSv1.4/13TCF
A total of 0392 HLS images at /shared/cn450/DataHLSv1.4/13TCF
At task# 176/250 to process 2 images
/cn450/DataHLSv1.4/14SPJ
At task# 175/250 to process 2 images
es
At task# 174/250 to process 2 images
At task# 173/250 to process 2 images
Start to stack ARD Tile 15RXQ
Finished 100.00 percent at task# 106/250 with total 5.95 mins
Start to stack ARD Tile 14SPJ
Finished 100.00 percent at task# 96/250 with total 7.47 mins
Finished 100.00 percent at task# 95/250 with total 7.48 mins
Start to stack ARD Tile 14SPJ
Start to stack ARD Tile 14SPJ
A total of 0336 HLS images at /shared/cn450/DataHLSv1.4/15RXQ
At task# 53/250 to process 2 images
Finished 50.00 percent at task# 194/250 with total 1.50 mins
Finished 100.00 percent at task# 75/250 with total 3.63 mins
Finished 50.00 percent at task# 143/250 with total 3.75 mins
Start to stack ARD Tile 15RXQ
A total of 0392 HLS images at /shared/cn450/DataHLSv1.4/14SPJ
At task# 245/250 to process -96 images
A total of 0392 HLS images at /shared/cn450/DataHLSv1.4/14SPJ
At task# 244/250 to process -94 images
Start to stack ARD Tile 15RXQ
Start to stack ARD Tile 15RXQ
Finished 50.00 percent at task# 85/250 with total 1.10 mins
A total of 0336 HLS images at /shared/cn450/DataHLSv1.4/15RXQ
At task# 241/250 to process -144 images
Start to stack ARD Tile 18TXM
Finished 100.00 percent at task# 29/250 with total 6.62 mins
Start to stack ARD Tile 18TXM
A total of 0462 HLS images at /gpfs/sharedfs1/zhulab/Su/HLS14/18TXM
At task# 241/250 to process -18 images
A total of 0462 HLS images at /gpfs/sharedfs1/zhulab/Su/HLS14/18TXM
At task# 29/250 to process 2 images
Finished 50.00 percent at task# 42/250 with total 7.64 mins
A total of 0392 HLS images at /shared/cn450/DataHLSv1.4/14SPJ
A total of 0392 HLS images at /shared/cn450/DataHLSv1.4/14SPJ
At task# 95/250 to process 2 images
At task# 96/250 to process 2 images
Finished 50.00 percent at task# 72/250 with total 1.09 mins
A total of 0336 HLS images at /shared/cn450/DataHLSv1.4/15RXQ
At task# 250/250 to process -162 images
Start to stack ARD Tile 18TXM
Finished 100.00 percent at task# 177/250 with total 2.81 mins
Start to stack ARD Tile 14SPJ
A total of 0462 HLS images at /gpfs/sharedfs1/zhulab/Su/HLS14/18TXM
At task# 250/250 to process -36 images
Finished 50.00 percent at task# 84/250 with total 1.26 mins
Finished 50.00 percent at task# 99/250 with total 1.67 mins
A total of 0392 HLS images at /shared/cn450/DataHLSv1.4/13TCF
At task# 242/250 to process -90 images
Finished 50.00 percent at task# 22/250 with total 4.31 mins
Finished 50.00 percent at task# 24/250 with total 4.31 mins
Finished 50.00 percent at task# 23/250 with total 4.31 mins
Start to stack ARD Tile 14SPJ
Finished 50.00 percent at task# 110/250 with total 1.69 mins
Finished 100.00 percent at task# 89/250 with total 3.99 mins
Start to stack ARD Tile 15RXQ
Finished 50.00 percent at task# 98/250 with total 1.72 mins
Finished 100.00 percent at task# 17/250 with total 5.71 mins
Start to stack ARD Tile 18TXM
A total of 0392 HLS images at /shared/cn450/DataHLSv1.4/10SFG
A total of 0392 HLS images at /shared/cn450/DataHLSv1.4/10SFG
A total of 0392 HLS images at /shared/cn450/DataHLSv1.4/10SFG
At task# 236/250 to process -78 images
At task# 235/250 to process -76 images
At task# 237/250 to process -80 images
Finished 50.00 percent at task# 78/250 with total 2.20 mins
Finished 50.00 percent at task# 76/250 with total 2.20 mins
Finished 100.00 percent at task# 122/250 with total 5.68 mins
Start to stack ARD Tile 14SPJ
A total of 0462 HLS images at /gpfs/sharedfs1/zhulab/Su/HLS14/18TXM
At task# 17/250 to process 2 images
Finished 100.00 percent at task# 108/250 with total 1.19 mins
A total of 0392 HLS images at /shared/cn450/DataHLSv1.4/13TCF
At task# 226/250 to process -58 images
A total of 0392 HLS images at /shared/cn450/DataHLSv1.4/13TCF
At task# 227/250 to process -60 images
A total of 0392 HLS images at /shared/cn450/DataHLSv1.4/13TCF
At task# 228/250 to process -62 images
Start to stack ARD Tile 13TCF
Start to stack ARD Tile 13TCF
Finished 50.00 percent at task# 28/250 with total 3.01 mins
Finished 50.00 percent at task# 27/250 with total 3.01 mins
Start to stack ARD Tile 13TCF
Start to stack ARD Tile 14SPJ
Start to stack ARD Tile 14SPJ
Start to stack ARD Tile 14SPJ
A total of 0336 HLS images at /shared/cn450/DataHLSv1.4/15RXQ
At task# 89/250 to process 2 images
Finished 50.00 percent at task# 71/250 with total 2.35 mins
Finished 50.00 percent at task# 70/250 with total 2.35 mins
Finished 50.00 percent at task# 137/250 with total 2.37 mins
Finished 50.00 percent at task# 114/250 with total 5.22 mins
Finished 50.00 percent at task# 115/250 with total 5.22 mins
Finished 50.00 percent at task# 116/250 with total 5.22 mins
A total of 0392 HLS images at /shared/cn450/DataHLSv1.4/14SPJ
At task# 177/250 to process 2 images
A total of 0336 HLS images at /shared/cn450/DataHLSv1.4/15RXQ
At task# 244/250 to process -150 images
A total of 0336 HLS images at /shared/cn450/DataHLSv1.4/15RXQ
At task# 245/250 to process -152 images
A total of 0392 HLS images at /shared/cn450/DataHLSv1.4/14SPJ
At task# 234/250 to process -74 images
A total of 0336 HLS images at /shared/cn450/DataHLSv1.4/15RXQ
At task# 75/250 to process 2 images
A total of 0392 HLS images at /shared/cn450/DataHLSv1.4/14SPJ
At task# 106/250 to process 2 images
Start to stack ARD Tile 18TXM
Finished 100.00 percent at task# 121/250 with total 5.79 mins
Start to stack ARD Tile 14SPJ
Start to stack ARD Tile 15RXQ
A total of 0462 HLS images at /gpfs/sharedfs1/zhulab/Su/HLS14/18TXM
A total of 0462 HLS images at /gpfs/sharedfs1/zhulab/Su/HLS14/18TXM
At task# 245/250 to process -26 images
At task# 244/250 to process -24 images
A total of 0336 HLS images at /shared/cn450/DataHLSv1.4/15RXQ
At task# 249/250 to process -160 images
Start to stack ARD Tile 18TXM
A total of 0462 HLS images at /gpfs/sharedfs1/zhulab/Su/HLS14/18TXM
At task# 249/250 to process -34 images
Finished 50.00 percent at task# 146/250 with total 2.29 mins
Finished 50.00 percent at task# 145/250 with total 2.49 mins
Finished 100.00 percent at task# 190/250 with total 2.76 mins
Start to stack ARD Tile 14SPJ
Finished 100.00 percent at task# 196/250 with total 5.04 mins
Finished 100.00 percent at task# 195/250 with total 5.04 mins
Start to stack ARD Tile 13TCF
Start to stack ARD Tile 13TCF
Finished 100.00 percent at task# 221/250 with total 2.98 mins
Finished 100.00 percent at task# 222/250 with total 2.98 mins
Finished 100.00 percent at task# 220/250 with total 3.00 mins
Finished 100.00 percent at task# 16/250 with total 2.75 mins
Finished 50.00 percent at task# 113/250 with total 5.44 mins
A total of 0392 HLS images at /shared/cn450/DataHLSv1.4/14SPJ
At task# 190/250 to process 2 images
Finished 100.00 percent at task# 219/250 with total 3.03 mins
Finished 50.00 percent at task# 44/250 with total 9.16 mins
Finished 50.00 percent at task# 43/250 with total 9.16 mins
Finished 50.00 percent at task# 46/250 with total 9.17 mins
Finished 50.00 percent at task# 48/250 with total 9.17 mins
Finished 50.00 percent at task# 47/250 with total 9.17 mins
Finished 50.00 percent at task# 45/250 with total 9.17 mins
A total of 0392 HLS images at /shared/cn450/DataHLSv1.4/14SPJ
At task# 216/250 to process -38 images
Start to stack ARD Tile 15RXQ
Finished 100.00 percent at task# 107/250 with total 6.12 mins
Start to stack ARD Tile 14SPJ
Finished 100.00 percent at task# 192/250 with total 2.81 mins
Start to stack ARD Tile 14SPJ
A total of 0336 HLS images at /shared/cn450/DataHLSv1.4/15RXQ
At task# 54/250 to process 2 images
A total of 0392 HLS images at /shared/cn450/DataHLSv1.4/14SPJ
At task# 122/250 to process 2 images
Finished 100.00 percent at task# 191/250 with total 2.88 mins
Start to stack ARD Tile 14SPJ
A total of 0392 HLS images at /shared/cn450/DataHLSv1.4/14SPJ
At task# 192/250 to process 2 images
Finished 100.00 percent at task# 161/250 with total 6.67 mins
A total of 0392 HLS images at /shared/cn450/DataHLSv1.4/14SPJ
At task# 191/250 to process 2 images
Start to stack ARD Tile 13TCF
Finished 50.00 percent at task# 111/250 with total 1.65 mins
A total of 0392 HLS images at /shared/cn450/DataHLSv1.4/13TCF
At task# 93/250 to process 2 images
A total of 0392 HLS images at /shared/cn450/DataHLSv1.4/13TCF
At task# 91/250 to process 2 images
A total of 0392 HLS images at /shared/cn450/DataHLSv1.4/13TCF
At task# 92/250 to process 2 images
A total of 0392 HLS images at /shared/cn450/DataHLSv1.4/14SPJ
At task# 39/250 to process 2 images
Finished 50.00 percent at task# 201/250 with total 1.23 mins
Finished 50.00 percent at task# 203/250 with total 1.23 mins
Finished 50.00 percent at task# 202/250 with total 1.23 mins
Finished 50.00 percent at task# 162/250 with total 2.82 mins
Finished 50.00 percent at task# 25/250 with total 3.70 mins
Finished 100.00 percent at task# 138/250 with total 3.50 mins
Start to stack ARD Tile 15RXQ
Finished 50.00 percent at task# 81/250 with total 5.44 mins
Finished 50.00 percent at task# 82/250 with total 5.44 mins
Finished 50.00 percent at task# 100/250 with total 6.29 mins
Finished 50.00 percent at task# 103/250 with total 6.29 mins
Finished 50.00 percent at task# 104/250 with total 6.29 mins
Finished 50.00 percent at task# 102/250 with total 6.29 mins
Finished 50.00 percent at task# 101/250 with total 6.29 mins
Finished 50.00 percent at task# 17/250 with total 0.83 mins
A total of 0392 HLS images at /shared/cn450/DataHLSv1.4/14SPJ
At task# 242/250 to process -90 images
Start to stack ARD Tile 15RXQ
A total of 0392 HLS images at /shared/cn450/DataHLSv1.4/14SPJ
At task# 121/250 to process 2 images
Finished 100.00 percent at task# 57/250 with total 10.05 mins
Start to stack ARD Tile 14SPJ
A total of 0392 HLS images at /shared/cn450/DataHLSv1.4/13TCF
At task# 196/250 to process 2 images
A total of 0392 HLS images at /shared/cn450/DataHLSv1.4/13TCF
At task# 195/250 to process 2 images
A total of 0392 HLS images at /shared/cn450/DataHLSv1.4/14SPJ
At task# 218/250 to process -42 images
A total of 0392 HLS images at /shared/cn450/DataHLSv1.4/14SPJ
At task# 217/250 to process -40 images
Start to stack ARD Tile 15RXQ
Start to stack ARD Tile 15RXQ
Finished 100.00 percent at task# 231/250 with total 3.28 mins
Finished 100.00 percent at task# 193/250 with total 2.93 mins
Start to stack ARD Tile 14SPJ
A total of 0392 HLS images at /shared/cn450/DataHLSv1.4/14SPJ
At task# 107/250 to process 2 images
Finished 100.00 percent at task# 40/250 with total 12.76 mins
A total of 0336 HLS images at /shared/cn450/DataHLSv1.4/15RXQ
At task# 234/250 to process -130 images
Start to stack ARD Tile 18TXM
Start to stack ARD Tile 14SPJ
A total of 0462 HLS images at /gpfs/sharedfs1/zhulab/Su/HLS14/18TXM
At task# 234/250 to process -4 images
A total of 0392 HLS images at /shared/cn450/DataHLSv1.4/14SPJ
At task# 193/250 to process 2 images
A total of 0336 HLS images at /shared/cn450/DataHLSv1.4/15RXQ
At task# 138/250 to process 2 images
Finished 100.00 percent at task# 72/250 with total 2.35 mins
Finished 100.00 percent at task# 158/250 with total 2.88 mins
Start to stack ARD Tile 15RXQ
Finished 100.00 percent at task# 194/250 with total 2.94 mins
Start to stack ARD Tile 14SPJ
A total of 0392 HLS images at /shared/cn450/DataHLSv1.4/13TCF
A total of 0392 HLS images at /shared/cn450/DataHLSv1.4/13TCF
A total of 0392 HLS images at /shared/cn450/DataHLSv1.4/13TCF
At task# 235/250 to process -76 images
At task# 236/250 to process -78 images
At task# 237/250 to process -80 images
Finished 50.00 percent at task# 34/250 with total 3.10 mins
A total of 0336 HLS images at /shared/cn450/DataHLSv1.4/15RXQ
At task# 158/250 to process 2 images
Finished 100.00 percent at task# 80/250 with total 9.92 mins
Finished 100.00 percent at task# 79/250 with total 9.92 mins
Start to stack ARD Tile 14SPJ
Start to stack ARD Tile 14SPJ
Start to stack ARD Tile 14SPJ
Start to stack ARD Tile 14SPJ
A total of 0392 HLS images at /shared/cn450/DataHLSv1.4/14SPJ
At task# 194/250 to process 2 images
Start to stack ARD Tile 14SPJ
Finished 50.00 percent at task# 75/250 with total 1.10 mins
A total of 0336 HLS images at /shared/cn450/DataHLSv1.4/15RXQ
At task# 242/250 to process -146 images
Finished 50.00 percent at task# 144/250 with total 10.11 mins
Start to stack ARD Tile 18TXM
A total of 0392 HLS images at /shared/cn450/DataHLSv1.4/13TCF
At task# 208/250 to process -22 images
A total of 0392 HLS images at /shared/cn450/DataHLSv1.4/13TCF
At task# 206/250 to process -18 images
A total of 0392 HLS images at /shared/cn450/DataHLSv1.4/13TCF
At task# 205/250 to process -16 images
A total of 0392 HLS images at /shared/cn450/DataHLSv1.4/13TCF
At task# 207/250 to process -20 images
A total of 0392 HLS images at /shared/cn450/DataHLSv1.4/13TCF
At task# 204/250 to process -14 images
A total of 0462 HLS images at /gpfs/sharedfs1/zhulab/Su/HLS14/18TXM
At task# 242/250 to process -20 images
Start to stack ARD Tile 14SPJ
Start to stack ARD Tile 14SPJ
Start to stack ARD Tile 14SPJ
Start to stack ARD Tile 14SPJ
Start to stack ARD Tile 14SPJ
A total of 0392 HLS images at /shared/cn450/DataHLSv1.4/14SPJ
A total of 0392 HLS images at /shared/cn450/DataHLSv1.4/14SPJ
At task# 80/250 to process 2 images
At task# 79/250 to process 2 images
Finished 100.00 percent at task# 85/250 with total 2.73 mins
Start to stack ARD Tile 18TXM
Finished 50.00 percent at task# 164/250 with total 3.48 mins
Finished 50.00 percent at task# 163/250 with total 3.48 mins
A total of 0392 HLS images at /shared/cn450/DataHLSv1.4/14SPJ
At task# 226/250 to process -58 images
A total of 0392 HLS images at /shared/cn450/DataHLSv1.4/14SPJ
At task# 228/250 to process -62 images
A total of 0392 HLS images at /shared/cn450/DataHLSv1.4/14SPJ
At task# 227/250 to process -60 images
Finished 100.00 percent at task# 137/250 with total 3.66 mins
A total of 0462 HLS images at /gpfs/sharedfs1/zhulab/Su/HLS14/18TXM
At task# 85/250 to process 2 images
Start to stack ARD Tile 15RXQ
Start to stack ARD Tile 15RXQ
A total of 0392 HLS images at /shared/cn450/DataHLSv1.4/13TCF
At task# 161/250 to process 2 images
Start to stack ARD Tile 15RXQ
Start to stack ARD Tile 15RXQ
Finished 100.00 percent at task# 124/250 with total 9.84 mins
Finished 100.00 percent at task# 126/250 with total 9.84 mins
Finished 100.00 percent at task# 127/250 with total 9.84 mins
Finished 100.00 percent at task# 125/250 with total 9.84 mins
Finished 100.00 percent at task# 123/250 with total 9.84 mins
Start to stack ARD Tile 13TCF
Start to stack ARD Tile 13TCF
Start to stack ARD Tile 13TCF
Start to stack ARD Tile 13TCF
Start to stack ARD Tile 13TCF
Finished 50.00 percent at task# 89/250 with total 1.36 mins
Finished 100.00 percent at task# 58/250 with total 10.63 mins
Start to stack ARD Tile 14SPJ
Finished 100.00 percent at task# 17/250 with total 1.50 mins
Finished 100.00 percent at task# 119/250 with total 7.55 mins
Finished 100.00 percent at task# 118/250 with total 7.55 mins
Finished 100.00 percent at task# 117/250 with total 7.55 mins
Start to stack ARD Tile 14SPJ
Start to stack ARD Tile 14SPJ
Start to stack ARD Tile 14SPJ
Finished 100.00 percent at task# 146/250 with total 3.67 mins
Start to stack ARD Tile 15RXQ
Finished 50.00 percent at task# 73/250 with total 2.33 mins
A total of 0392 HLS images at /shared/cn450/DataHLSv1.4/14SPJ
A total of 0392 HLS images at /shared/cn450/DataHLSv1.4/14SPJ
A total of 0392 HLS images at /shared/cn450/DataHLSv1.4/14SPJ
At task# 236/250 to process -78 images
At task# 235/250 to process -76 images
At task# 237/250 to process -80 images
A total of 0392 HLS images at /shared/cn450/DataHLSv1.4/14SPJ
A total of 0392 HLS images at /shared/cn450/DataHLSv1.4/14SPJ
A total of 0392 HLS images at /shared/cn450/DataHLSv1.4/14SPJ
At task# 119/250 to process 2 images
At task# 117/250 to process 2 images
At task# 118/250 to process 2 images
Start to stack ARD Tile 15RXQ
Start to stack ARD Tile 15RXQ
Start to stack ARD Tile 15RXQ
A total of 0336 HLS images at /shared/cn450/DataHLSv1.4/15RXQ
At task# 137/250 to process 2 images
Finished 100.00 percent at task# 145/250 with total 3.90 mins
Start to stack ARD Tile 15RXQ
Finished 50.00 percent at task# 138/250 with total 0.59 mins
A total of 0392 HLS images at /shared/cn450/DataHLSv1.4/13TCF
A total of 0392 HLS images at /shared/cn450/DataHLSv1.4/13TCF
At task# 212/250 to process -30 images
At task# 210/250 to process -26 images
A total of 0392 HLS images at /shared/cn450/DataHLSv1.4/13TCF
At task# 211/250 to process -28 images
Start to stack ARD Tile 14SPJ
Start to stack ARD Tile 14SPJ
Start to stack ARD Tile 14SPJ
Finished 100.00 percent at task# 202/250 with total 2.42 mins
Finished 100.00 percent at task# 203/250 with total 2.42 mins
Finished 100.00 percent at task# 201/250 with total 2.42 mins
Finished 50.00 percent at task# 172/250 with total 5.88 mins
Finished 50.00 percent at task# 169/250 with total 5.88 mins
Finished 50.00 percent at task# 170/250 with total 5.88 mins
Finished 50.00 percent at task# 171/250 with total 5.88 mins
A total of 0336 HLS images at /shared/cn450/DataHLSv1.4/15RXQ
At task# 216/250 to process -94 images
A total of 0336 HLS images at /shared/cn450/DataHLSv1.4/15RXQ
At task# 146/250 to process 2 images
Start to stack ARD Tile 18TXM
Finished 50.00 percent at task# 159/250 with total 2.99 mins
A total of 0462 HLS images at /gpfs/sharedfs1/zhulab/Su/HLS14/18TXM
At task# 216/250 to process 2 images
Finished 100.00 percent at task# 139/250 with total 9.57 mins
Finished 100.00 percent at task# 140/250 with total 9.57 mins
Finished 50.00 percent at task# 18/250 with total 4.35 mins
Start to stack ARD Tile 13TCF
Start to stack ARD Tile 13TCF
Finished 100.00 percent at task# 69/250 with total 5.56 mins
Start to stack ARD Tile 15RXQ
A total of 0392 HLS images at /shared/cn450/DataHLSv1.4/14SPJ
At task# 57/250 to process 2 images
Finished 50.00 percent at task# 29/250 with total 2.10 mins
Finished 100.00 percent at task# 75/250 with total 1.76 mins
Start to stack ARD Tile 18TXM
A total of 0336 HLS images at /shared/cn450/DataHLSv1.4/15RXQ
At task# 145/250 to process 2 images
A total of 0462 HLS images at /gpfs/sharedfs1/zhulab/Su/HLS14/18TXM
At task# 75/250 to process 2 images
Finished 50.00 percent at task# 106/250 with total 1.78 mins
Finished 100.00 percent at task# 33/250 with total 6.13 mins
Finished 100.00 percent at task# 35/250 with total 6.13 mins
Start to stack ARD Tile 18TXM
Start to stack ARD Tile 18TXM
A total of 0462 HLS images at /gpfs/sharedfs1/zhulab/Su/HLS14/18TXM
A total of 0462 HLS images at /gpfs/sharedfs1/zhulab/Su/HLS14/18TXM
At task# 33/250 to process 2 images
At task# 35/250 to process 2 images
A total of 0336 HLS images at /shared/cn450/DataHLSv1.4/15RXQ
At task# 69/250 to process 2 images
A total of 0336 HLS images at /shared/cn450/DataHLSv1.4/15RXQ
A total of 0336 HLS images at /shared/cn450/DataHLSv1.4/15RXQ
A total of 0336 HLS images at /shared/cn450/DataHLSv1.4/15RXQ
At task# 236/250 to process -134 images
At task# 235/250 to process -132 images
At task# 237/250 to process -136 images
Finished 100.00 percent at task# 84/250 with total 3.36 mins
Start to stack ARD Tile 18TXM
A total of 0462 HLS images at /gpfs/sharedfs1/zhulab/Su/HLS14/18TXM
At task# 84/250 to process 2 images
Start to stack ARD Tile 18TXM
Start to stack ARD Tile 18TXM
Start to stack ARD Tile 18TXM
A total of 0462 HLS images at /gpfs/sharedfs1/zhulab/Su/HLS14/18TXM
At task# 236/250 to process -8 images
A total of 0462 HLS images at /gpfs/sharedfs1/zhulab/Su/HLS14/18TXM
At task# 235/250 to process -6 images
A total of 0462 HLS images at /gpfs/sharedfs1/zhulab/Su/HLS14/18TXM
At task# 237/250 to process -10 images
A total of 0336 HLS images at /shared/cn450/DataHLSv1.4/15RXQ
At task# 218/250 to process -98 images
A total of 0336 HLS images at /shared/cn450/DataHLSv1.4/15RXQ
At task# 217/250 to process -96 images
Start to stack ARD Tile 18TXM
Start to stack ARD Tile 18TXM
A total of 0462 HLS images at /gpfs/sharedfs1/zhulab/Su/HLS14/18TXM
A total of 0462 HLS images at /gpfs/sharedfs1/zhulab/Su/HLS14/18TXM
At task# 218/250 to process 2 images
At task# 217/250 to process 2 images
Finished 100.00 percent at task# 99/250 with total 3.90 mins
Start to stack ARD Tile 15RXQ
Finished 50.00 percent at task# 130/250 with total 3.72 mins
Finished 50.00 percent at task# 129/250 with total 3.72 mins
Finished 100.00 percent at task# 224/250 with total 4.94 mins
Finished 100.00 percent at task# 223/250 with total 4.94 mins
Finished 100.00 percent at task# 110/250 with total 3.97 mins
Finished 100.00 percent at task# 67/250 with total 14.62 mins
Start to stack ARD Tile 15RXQ
Finished 100.00 percent at task# 65/250 with total 14.62 mins
Finished 100.00 percent at task# 66/250 with total 14.62 mins
Start to stack ARD Tile 13TCF
Finished 50.00 percent at task# 158/250 with total 1.11 mins
Start to stack ARD Tile 13TCF
Start to stack ARD Tile 13TCF
Finished 50.00 percent at task# 52/250 with total 3.54 mins
Finished 50.00 percent at task# 122/250 with total 1.90 mins
Finished 100.00 percent at task# 98/250 with total 4.04 mins
Start to stack ARD Tile 15RXQ
A total of 0336 HLS images at /shared/cn450/DataHLSv1.4/15RXQ
At task# 110/250 to process 2 images
Finished 50.00 percent at task# 137/250 with total 0.68 mins
Finished 50.00 percent at task# 96/250 with total 2.53 mins
Finished 50.00 percent at task# 95/250 with total 2.53 mins
Finished 100.00 percent at task# 138/250 with total 1.26 mins
Finished 100.00 percent at task# 213/250 with total 5.40 mins
Start to stack ARD Tile 18TXM
Finished 100.00 percent at task# 214/250 with total 5.40 mins
Finished 100.00 percent at task# 215/250 with total 5.40 mins
A total of 0462 HLS images at /gpfs/sharedfs1/zhulab/Su/HLS14/18TXM
At task# 138/250 to process 2 images
Finished 50.00 percent at task# 177/250 with total 2.26 mins
A total of 0392 HLS images at /shared/cn450/DataHLSv1.4/14SPJ
At task# 58/250 to process 2 images
Finished 50.00 percent at task# 85/250 with total 0.99 mins
A total of 0336 HLS images at /shared/cn450/DataHLSv1.4/15RXQ
At task# 226/250 to process -114 images
A total of 0336 HLS images at /shared/cn450/DataHLSv1.4/15RXQ
At task# 228/250 to process -118 images
A total of 0336 HLS images at /shared/cn450/DataHLSv1.4/15RXQ
At task# 227/250 to process -116 images
Start to stack ARD Tile 18TXM
Start to stack ARD Tile 18TXM
Start to stack ARD Tile 18TXM
A total of 0462 HLS images at /gpfs/sharedfs1/zhulab/Su/HLS14/18TXM
At task# 226/250 to process 2 images
A total of 0462 HLS images at /gpfs/sharedfs1/zhulab/Su/HLS14/18TXM
A total of 0462 HLS images at /gpfs/sharedfs1/zhulab/Su/HLS14/18TXM
At task# 228/250 to process 2 images
At task# 227/250 to process 2 images
Finished 50.00 percent at task# 190/250 with total 2.11 mins
Finished 100.00 percent at task# 97/250 with total 7.43 mins
Start to stack ARD Tile 14SPJ
Finished 100.00 percent at task# 133/250 with total 7.01 mins
Finished 100.00 percent at task# 131/250 with total 7.01 mins
Finished 100.00 percent at task# 132/250 with total 7.01 mins
Start to stack ARD Tile 14SPJ
Start to stack ARD Tile 14SPJ
Start to stack ARD Tile 14SPJ
Finished 50.00 percent at task# 75/250 with total 0.63 mins
Finished 50.00 percent at task# 146/250 with total 0.75 mins
Finished 50.00 percent at task# 192/250 with total 2.11 mins
Finished 100.00 percent at task# 77/250 with total 5.74 mins
Start to stack ARD Tile 15RXQ
Finished 50.00 percent at task# 121/250 with total 1.69 mins
A total of 0392 HLS images at /shared/cn450/DataHLSv1.4/14SPJ
A total of 0392 HLS images at /shared/cn450/DataHLSv1.4/14SPJ
A total of 0392 HLS images at /shared/cn450/DataHLSv1.4/14SPJ
At task# 133/250 to process 2 images
At task# 131/250 to process 2 images
At task# 132/250 to process 2 images
Finished 100.00 percent at task# 73/250 with total 3.43 mins
A total of 0336 HLS images at /shared/cn450/DataHLSv1.4/15RXQ
At task# 99/250 to process 2 images
Start to stack ARD Tile 18TXM
Finished 50.00 percent at task# 191/250 with total 2.24 mins
A total of 0462 HLS images at /gpfs/sharedfs1/zhulab/Su/HLS14/18TXM
At task# 73/250 to process 2 images
A total of 0336 HLS images at /shared/cn450/DataHLSv1.4/15RXQ
At task# 77/250 to process 2 images
Finished 50.00 percent at task# 107/250 with total 1.73 mins
Finished 50.00 percent at task# 160/250 with total 3.99 mins
A total of 0392 HLS images at /shared/cn450/DataHLSv1.4/14SPJ
At task# 40/250 to process 2 images
Finished 100.00 percent at task# 128/250 with total 7.29 mins
Start to stack ARD Tile 14SPJ
A total of 0336 HLS images at /shared/cn450/DataHLSv1.4/15RXQ
At task# 98/250 to process 2 images
A total of 0392 HLS images at /shared/cn450/DataHLSv1.4/13TCF
At task# 139/250 to process 2 images
Finished 100.00 percent at task# 158/250 with total 1.73 mins
A total of 0392 HLS images at /shared/cn450/DataHLSv1.4/13TCF
At task# 140/250 to process 2 images
Start to stack ARD Tile 18TXM
Finished 100.00 percent at task# 111/250 with total 4.06 mins
Start to stack ARD Tile 15RXQ
A total of 0462 HLS images at /gpfs/sharedfs1/zhulab/Su/HLS14/18TXM
At task# 158/250 to process 2 images
Finished 100.00 percent at task# 89/250 with total 2.83 mins
Start to stack ARD Tile 18TXM
A total of 0462 HLS images at /gpfs/sharedfs1/zhulab/Su/HLS14/18TXM
At task# 89/250 to process 2 images
A total of 0392 HLS images at /shared/cn450/DataHLSv1.4/14SPJ
At task# 128/250 to process 2 images
Finished 50.00 percent at task# 182/250 with total 8.81 mins
Finished 50.00 percent at task# 181/250 with total 8.81 mins
Finished 50.00 percent at task# 180/250 with total 8.81 mins
A total of 0392 HLS images at /shared/cn450/DataHLSv1.4/13TCF
At task# 123/250 to process 2 images
A total of 0392 HLS images at /shared/cn450/DataHLSv1.4/13TCF
At task# 124/250 to process 2 images
A total of 0392 HLS images at /shared/cn450/DataHLSv1.4/13TCF
At task# 125/250 to process 2 images
A total of 0392 HLS images at /shared/cn450/DataHLSv1.4/13TCF
A total of 0392 HLS images at /shared/cn450/DataHLSv1.4/13TCF
At task# 126/250 to process 2 images
At task# 127/250 to process 2 images
Finished 50.00 percent at task# 179/250 with total 8.82 mins
Finished 50.00 percent at task# 138/250 with total 0.62 mins
Finished 50.00 percent at task# 183/250 with total 8.82 mins
Finished 50.00 percent at task# 184/250 with total 8.82 mins
Finished 50.00 percent at task# 178/250 with total 8.83 mins
Finished 50.00 percent at task# 145/250 with total 1.22 mins
Finished 100.00 percent at task# 27/250 with total 6.12 mins
Finished 100.00 percent at task# 28/250 with total 6.12 mins
Start to stack ARD Tile 18TXM
Start to stack ARD Tile 18TXM
Finished 50.00 percent at task# 84/250 with total 1.17 mins
Finished 100.00 percent at task# 75/250 with total 1.30 mins
Finished 50.00 percent at task# 193/250 with total 2.14 mins
A total of 0462 HLS images at /gpfs/sharedfs1/zhulab/Su/HLS14/18TXM
A total of 0462 HLS images at /gpfs/sharedfs1/zhulab/Su/HLS14/18TXM
At task# 28/250 to process 2 images
At task# 27/250 to process 2 images
Finished 100.00 percent at task# 29/250 with total 3.47 mins
Finished 50.00 percent at task# 194/250 with total 2.13 mins
Finished 100.00 percent at task# 71/250 with total 5.62 mins
Start to stack ARD Tile 15RXQ
Finished 100.00 percent at task# 55/250 with total 7.73 mins
Finished 100.00 percent at task# 56/250 with total 7.73 mins
A total of 0336 HLS images at /shared/cn450/DataHLSv1.4/15RXQ
At task# 111/250 to process 2 images
Start to stack ARD Tile 15RXQ
Start to stack ARD Tile 15RXQ
Finished 100.00 percent at task# 76/250 with total 5.60 mins
Finished 50.00 percent at task# 53/250 with total 3.75 mins
Start to stack ARD Tile 15RXQ
Finished 100.00 percent at task# 70/250 with total 5.70 mins
Start to stack ARD Tile 15RXQ
Finished 50.00 percent at task# 216/250 with total 1.66 mins
Finished 50.00 percent at task# 35/250 with total 1.51 mins
Finished 50.00 percent at task# 33/250 with total 1.51 mins
Finished 100.00 percent at task# 141/250 with total 7.52 mins
Finished 100.00 percent at task# 142/250 with total 7.52 mins
Start to stack ARD Tile 14SPJ
Start to stack ARD Tile 14SPJ
Finished 50.00 percent at task# 88/250 with total 8.13 mins
Finished 50.00 percent at task# 87/250 with total 8.14 mins
Finished 50.00 percent at task# 21/250 with total 4.28 mins
Finished 50.00 percent at task# 19/250 with total 4.28 mins
Finished 100.00 percent at task# 78/250 with total 5.69 mins
Start to stack ARD Tile 15RXQ
Finished 50.00 percent at task# 86/250 with total 8.17 mins
Finished 100.00 percent at task# 177/250 with total 3.41 mins
Start to stack ARD Tile 15RXQ
A total of 0336 HLS images at /shared/cn450/DataHLSv1.4/15RXQ
A total of 0336 HLS images at /shared/cn450/DataHLSv1.4/15RXQ
At task# 55/250 to process 2 images
At task# 56/250 to process 2 images
Finished 100.00 percent at task# 137/250 with total 1.89 mins
Start to stack ARD Tile 18TXM
A total of 0462 HLS images at /gpfs/sharedfs1/zhulab/Su/HLS14/18TXM
At task# 137/250 to process 2 images
Finished 100.00 percent at task# 85/250 with total 2.19 mins
A total of 0392 HLS images at /shared/cn450/DataHLSv1.4/14SPJ
A total of 0392 HLS images at /shared/cn450/DataHLSv1.4/14SPJ
At task# 141/250 to process 2 images
At task# 142/250 to process 2 images
Finished 50.00 percent at task# 158/250 with total 0.69 mins
Finished 50.00 percent at task# 175/250 with total 3.99 mins
Finished 50.00 percent at task# 176/250 with total 4.00 mins
Finished 50.00 percent at task# 173/250 with total 4.00 mins
Finished 50.00 percent at task# 174/250 with total 3.99 mins
Finished 50.00 percent at task# 196/250 with total 2.68 mins
Finished 50.00 percent at task# 195/250 with total 2.68 mins
A total of 0392 HLS images at /shared/cn450/DataHLSv1.4/14SPJ
At task# 97/250 to process 2 images
Finished 50.00 percent at task# 147/250 with total 9.18 mins
Finished 50.00 percent at task# 148/250 with total 9.18 mins
Finished 50.00 percent at task# 149/250 with total 9.19 mins
Finished 100.00 percent at task# 34/250 with total 5.60 mins
Finished 100.00 percent at task# 138/250 with total 1.28 mins
Finished 50.00 percent at task# 150/250 with total 9.19 mins
Finished 50.00 percent at task# 151/250 with total 9.18 mins
Start to stack ARD Tile 18TXM
Finished 50.00 percent at task# 152/250 with total 9.19 mins
Finished 50.00 percent at task# 119/250 with total 2.03 mins
Finished 50.00 percent at task# 118/250 with total 2.03 mins
Finished 50.00 percent at task# 117/250 with total 2.03 mins
Finished 100.00 percent at task# 190/250 with total 3.34 mins
A total of 0462 HLS images at /gpfs/sharedfs1/zhulab/Su/HLS14/18TXM
At task# 34/250 to process 2 images
Start to stack ARD Tile 15RXQ
Finished 50.00 percent at task# 157/250 with total 6.83 mins
Finished 50.00 percent at task# 154/250 with total 6.83 mins
Finished 50.00 percent at task# 156/250 with total 6.84 mins
Finished 50.00 percent at task# 153/250 with total 6.85 mins
Finished 50.00 percent at task# 20/250 with total 4.48 mins
Finished 50.00 percent at task# 155/250 with total 6.83 mins
A total of 0336 HLS images at /shared/cn450/DataHLSv1.4/15RXQ
At task# 190/250 to process -42 images
Start to stack ARD Tile 18TXM
Finished 100.00 percent at task# 145/250 with total 1.84 mins
Start to stack ARD Tile 18TXM
A total of 0462 HLS images at /gpfs/sharedfs1/zhulab/Su/HLS14/18TXM
At task# 190/250 to process 2 images
A total of 0462 HLS images at /gpfs/sharedfs1/zhulab/Su/HLS14/18TXM
At task# 145/250 to process 2 images
Finished 100.00 percent at task# 192/250 with total 3.30 mins
Start to stack ARD Tile 15RXQ
Finished 50.00 percent at task# 218/250 with total 1.63 mins
Finished 50.00 percent at task# 217/250 with total 1.63 mins
Finished 50.00 percent at task# 110/250 with total 1.45 mins
Finished 50.00 percent at task# 228/250 with total 1.36 mins
Finished 50.00 percent at task# 227/250 with total 1.36 mins
Finished 50.00 percent at task# 226/250 with total 1.36 mins
Finished 100.00 percent at task# 146/250 with total 2.01 mins
Start to stack ARD Tile 18TXM
A total of 0336 HLS images at /shared/cn450/DataHLSv1.4/15RXQ
At task# 192/250 to process -46 images
Finished 50.00 percent at task# 69/250 with total 1.83 mins
Start to stack ARD Tile 18TXM
/gpfs/sharedfs1/zhulab/Su/HLS14/18TXM
At task# 146/250 to process 2 images
A total of 0392 HLS images at /shared/cn450/DataHLSv1.4/14SPJ
At task# 205/250 to process -16 images
A total of 0392 HLS images at /shared/cn450/DataHLSv1.4/14SPJ
At task# 207/250 to process -20 images
A total of 0462 HLS images at /gpfs/sharedfs1/zhulab/Su/HLS14/18TXM
At task# 192/250 to process 2 images
A total of 0392 HLS images at /shared/cn450/DataHLSv1.4/14SPJ
At task# 206/250 to process -18 images
A total of 0392 HLS images at /shared/cn450/DataHLSv1.4/14SPJ
At task# 208/250 to process -22 images
A total of 0392 HLS images at /shared/cn450/DataHLSv1.4/14SPJ
At task# 204/250 to process -14 images
A total of 0336 HLS images at /shared/cn450/DataHLSv1.4/15RXQ
At task# 177/250 to process -16 images
Start to stack ARD Tile 18TXM
Start to stack ARD Tile 15RXQ
A total of 0462 HLS images at /gpfs/sharedfs1/zhulab/Su/HLS14/18TXM
At task# 177/250 to process 2 images
Start to stack ARD Tile 15RXQ
Start to stack ARD Tile 15RXQ
Start to stack ARD Tile 15RXQ
Start to stack ARD Tile 15RXQ
Finished 100.00 percent at task# 143/250 with total 7.91 mins
Start to stack ARD Tile 14SPJ
A total of 0392 HLS images at /shared/cn450/DataHLSv1.4/13TCF
At task# 66/250 to process 2 images
A total of 0392 HLS images at /shared/cn450/DataHLSv1.4/13TCF
At task# 65/250 to process 2 images
A total of 0392 HLS images at /shared/cn450/DataHLSv1.4/13TCF
At task# 67/250 to process 2 images
A total of 0392 HLS images at /shared/cn450/DataHLSv1.4/10SFG
At task# 240/250 to process -86 images
A total of 0392 HLS images at /shared/cn450/DataHLSv1.4/10SFG
At task# 239/250 to process -84 images
A total of 0392 HLS images at /shared/cn450/DataHLSv1.4/10SFG
At task# 238/250 to process -82 images
Finished 100.00 percent at task# 191/250 with total 3.51 mins
Start to stack ARD Tile 15RXQ
Finished 100.00 percent at task# 106/250 with total 3.87 mins
Start to stack ARD Tile 15RXQ
A total of 0336 HLS images at /shared/cn450/DataHLSv1.4/15RXQ
At task# 191/250 to process -44 images
Start to stack ARD Tile 18TXM
A total of 0462 HLS images at /gpfs/sharedfs1/zhulab/Su/HLS14/18TXM
At task# 191/250 to process 2 images
Finished 50.00 percent at task# 54/250 with total 3.65 mins
Finished 100.00 percent at task# 84/250 with total 2.05 mins
Start to stack ARD Tile 13TCF
Start to stack ARD Tile 13TCF
Start to stack ARD Tile 13TCF
Finished 50.00 percent at task# 38/250 with total 5.09 mins
Finished 50.00 percent at task# 73/250 with total 1.46 mins
Finished 100.00 percent at task# 22/250 with total 8.55 mins
Finished 100.00 percent at task# 24/250 with total 8.55 mins
Finished 100.00 percent at task# 23/250 with total 8.55 mins
Start to stack ARD Tile 18TXM
Start to stack ARD Tile 18TXM
Start to stack ARD Tile 18TXM
Finished 50.00 percent at task# 27/250 with total 1.00 mins
Finished 50.00 percent at task# 28/250 with total 1.00 mins
A total of 0336 HLS images at /shared/cn450/DataHLSv1.4/15RXQ
At task# 71/250 to process 2 images
A total of 0336 HLS images at /shared/cn450/DataHLSv1.4/15RXQ
At task# 70/250 to process 2 images
A total of 0462 HLS images at /gpfs/sharedfs1/zhulab/Su/HLS14/18TXM
A total of 0462 HLS images at /gpfs/sharedfs1/zhulab/Su/HLS14/18TXM
A total of 0462 HLS images at /gpfs/sharedfs1/zhulab/Su/HLS14/18TXM
At task# 23/250 to process 2 images
At task# 22/250 to process 2 images
At task# 24/250 to process 2 images
Finished 50.00 percent at task# 89/250 with total 1.30 mins
A total of 0392 HLS images at /shared/cn450/DataHLSv1.4/14SPJ
At task# 212/250 to process -30 images
A total of 0392 HLS images at /shared/cn450/DataHLSv1.4/14SPJ
At task# 210/250 to process -26 images
A total of 0392 HLS images at /shared/cn450/DataHLSv1.4/14SPJ
At task# 211/250 to process -28 images
Finished 50.00 percent at task# 120/250 with total 5.41 mins
A total of 0336 HLS images at /shared/cn450/DataHLSv1.4/15RXQ
At task# 76/250 to process 2 images
A total of 0336 HLS images at /shared/cn450/DataHLSv1.4/15RXQ
At task# 78/250 to process 2 images
Start to stack ARD Tile 15RXQ
Start to stack ARD Tile 15RXQ
Start to stack ARD Tile 15RXQ
Finished 50.00 percent at task# 134/250 with total 5.31 mins
Finished 50.00 percent at task# 135/250 with total 5.31 mins
Finished 50.00 percent at task# 136/250 with total 5.31 mins
A total of 0336 HLS images at /shared/cn450/DataHLSv1.4/15RXQ
At task# 106/250 to process 2 images
Finished 50.00 percent at task# 98/250 with total 1.46 mins
Finished 100.00 percent at task# 158/250 with total 1.40 mins
Finished 50.00 percent at task# 137/250 with total 0.78 mins
Finished 100.00 percent at task# 193/250 with total 3.35 mins
Start to stack ARD Tile 15RXQ
Finished 50.00 percent at task# 190/250 with total 0.67 mins
Finished 50.00 percent at task# 145/250 with total 0.68 mins
A total of 0336 HLS images at /shared/cn450/DataHLSv1.4/15RXQ
At task# 193/250 to process -48 images
Start to stack ARD Tile 18TXM
A total of 0462 HLS images at /gpfs/sharedfs1/zhulab/Su/HLS14/18TXM
At task# 193/250 to process 2 images
Finished 50.00 percent at task# 146/250 with total 0.70 mins
Finished 50.00 percent at task# 192/250 with total 0.70 mins
Finished 50.00 percent at task# 177/250 with total 0.69 mins
Finished 100.00 percent at task# 194/250 with total 3.37 mins
Start to stack ARD Tile 15RXQ
A total of 0336 HLS images at /shared/cn450/DataHLSv1.4/15RXQ
At task# 194/250 to process -50 images
Start to stack ARD Tile 18TXM
A total of 0462 HLS images at /gpfs/sharedfs1/zhulab/Su/HLS14/18TXM
At task# 194/250 to process 2 images
A total of 0392 HLS images at /shared/cn450/DataHLSv1.4/14SPJ
At task# 143/250 to process 2 images
Finished 50.00 percent at task# 191/250 with total 0.66 mins
Finished 100.00 percent at task# 122/250 with total 4.31 mins
Start to stack ARD Tile 15RXQ
Finished 50.00 percent at task# 80/250 with total 3.42 mins
Finished 50.00 percent at task# 79/250 with total 3.42 mins
Finished 50.00 percent at task# 111/250 with total 1.38 mins
Finished 100.00 percent at task# 25/250 with total 7.78 mins
Start to stack ARD Tile 15RXQ
Finished 50.00 percent at task# 77/250 with total 2.11 mins
Finished 100.00 percent at task# 116/250 with total 9.99 mins
Finished 100.00 percent at task# 114/250 with total 9.99 mins
Finished 100.00 percent at task# 115/250 with total 9.99 mins
Start to stack ARD Tile 14SPJ
Start to stack ARD Tile 14SPJ
Start to stack ARD Tile 14SPJ
Finished 100.00 percent at task# 113/250 with total 10.00 mins
Start to stack ARD Tile 14SPJ
Finished 50.00 percent at task# 99/250 with total 2.18 mins
Finished 100.00 percent at task# 107/250 with total 3.87 mins
Start to stack ARD Tile 15RXQ
A total of 0392 HLS images at /shared/cn450/DataHLSv1.4/14SPJ
A total of 0392 HLS images at /shared/cn450/DataHLSv1.4/14SPJ
A total of 0392 HLS images at /shared/cn450/DataHLSv1.4/14SPJ
A total of 0392 HLS images at /shared/cn450/DataHLSv1.4/14SPJ
At task# 115/250 to process 2 images
At task# 113/250 to process 2 images
At task# 114/250 to process 2 images
At task# 116/250 to process 2 images
Finished 100.00 percent at task# 162/250 with total 7.08 mins
Start to stack ARD Tile 14SPJ
Finished 100.00 percent at task# 121/250 with total 4.09 mins
Start to stack ARD Tile 15RXQ
Finished 100.00 percent at task# 216/250 with total 3.20 mins
Finished 100.00 percent at task# 137/250 with total 1.45 mins
A total of 0392 HLS images at /shared/cn450/DataHLSv1.4/14SPJ
At task# 162/250 to process 2 images
Finished 100.00 percent at task# 35/250 with total 3.11 mins
Finished 100.00 percent at task# 33/250 with total 3.11 mins
Finished 100.00 percent at task# 145/250 with total 1.33 mins
Finished 50.00 percent at task# 193/250 with total 0.64 mins
Finished 50.00 percent at task# 34/250 with total 1.47 mins
A total of 0336 HLS images at /shared/cn450/DataHLSv1.4/15RXQ
At task# 122/250 to process 2 images
Finished 100.00 percent at task# 190/250 with total 1.41 mins
Finished 100.00 percent at task# 146/250 with total 1.36 mins
Finished 100.00 percent at task# 192/250 with total 1.36 mins
Finished 100.00 percent at task# 177/250 with total 1.33 mins
Finished 100.00 percent at task# 27/250 with total 2.00 mins
Finished 100.00 percent at task# 28/250 with total 2.00 mins
Finished 100.00 percent at task# 165/250 with total 12.06 mins
Finished 100.00 percent at task# 166/250 with total 12.06 mins
Finished 100.00 percent at task# 167/250 with total 12.06 mins
Finished 100.00 percent at task# 168/250 with total 12.07 mins
Start to stack ARD Tile 13TCF
Start to stack ARD Tile 13TCF
Start to stack ARD Tile 13TCF
Start to stack ARD Tile 13TCF
Finished 100.00 percent at task# 218/250 with total 3.08 mins
Finished 100.00 percent at task# 217/250 with total 3.08 mins
Finished 100.00 percent at task# 81/250 with total 9.89 mins
Finished 100.00 percent at task# 82/250 with total 9.89 mins
Start to stack ARD Tile 14SPJ
Start to stack ARD Tile 14SPJ
Finished 50.00 percent at task# 194/250 with total 0.68 mins
Finished 100.00 percent at task# 227/250 with total 2.90 mins
Finished 100.00 percent at task# 226/250 with total 2.91 mins
Finished 100.00 percent at task# 228/250 with total 2.90 mins
Finished 100.00 percent at task# 191/250 with total 1.31 mins
A total of 0392 HLS images at /shared/cn450/DataHLSv1.4/13TCF
A total of 0392 HLS images at /shared/cn450/DataHLSv1.4/13TCF
A total of 0392 HLS images at /shared/cn450/DataHLSv1.4/13TCF
A total of 0392 HLS images at /shared/cn450/DataHLSv1.4/13TCF
At task# 165/250 to process 2 images
At task# 166/250 to process 2 images
At task# 167/250 to process 2 images
At task# 168/250 to process 2 images
A total of 0336 HLS images at /shared/cn450/DataHLSv1.4/15RXQ
At task# 107/250 to process 2 images
A total of 0336 HLS images at /shared/cn450/DataHLSv1.4/15RXQ
At task# 121/250 to process 2 images
Finished 100.00 percent at task# 110/250 with total 3.07 mins
Finished 100.00 percent at task# 200/250 with total 9.94 mins
Finished 100.00 percent at task# 95/250 with total 5.60 mins
Finished 100.00 percent at task# 96/250 with total 5.60 mins
Finished 100.00 percent at task# 199/250 with total 9.94 mins
Start to stack ARD Tile 18TXM
Start to stack ARD Tile 15RXQ
Start to stack ARD Tile 15RXQ
A total of 0462 HLS images at /gpfs/sharedfs1/zhulab/Su/HLS14/18TXM
At task# 110/250 to process 2 images
Finished 100.00 percent at task# 164/250 with total 7.55 mins
Finished 100.00 percent at task# 163/250 with total 7.55 mins
Start to stack ARD Tile 14SPJ
Start to stack ARD Tile 14SPJ
Finished 100.00 percent at task# 73/250 with total 2.73 mins
A total of 0336 HLS images at /shared/cn450/DataHLSv1.4/15RXQ
At task# 25/250 to process 2 images
A total of 0336 HLS images at /shared/cn450/DataHLSv1.4/15RXQ
A total of 0336 HLS images at /shared/cn450/DataHLSv1.4/15RXQ
At task# 95/250 to process 2 images
At task# 96/250 to process 2 images
Finished 100.00 percent at task# 103/250 with total 11.08 mins
Finished 100.00 percent at task# 101/250 with total 11.08 mins
Finished 100.00 percent at task# 104/250 with total 11.08 mins
Finished 100.00 percent at task# 102/250 with total 11.08 mins
Finished 100.00 percent at task# 100/250 with total 11.08 mins
Start to stack ARD Tile 14SPJ
Start to stack ARD Tile 14SPJ
Start to stack ARD Tile 14SPJ
Start to stack ARD Tile 14SPJ
Start to stack ARD Tile 14SPJ
Finished 50.00 percent at task# 39/250 with total 5.07 mins
Finished 100.00 percent at task# 98/250 with total 2.81 mins
Finished 50.00 percent at task# 161/250 with total 4.26 mins
Start to stack ARD Tile 18TXM
Finished 50.00 percent at task# 97/250 with total 2.04 mins
A total of 0462 HLS images at /gpfs/sharedfs1/zhulab/Su/HLS14/18TXM
At task# 98/250 to process 2 images
Finished 100.00 percent at task# 89/250 with total 2.77 mins
A total of 0392 HLS images at /shared/cn450/DataHLSv1.4/14SPJ
A total of 0392 HLS images at /shared/cn450/DataHLSv1.4/14SPJ
A total of 0392 HLS images at /shared/cn450/DataHLSv1.4/14SPJ
A total of 0392 HLS images at /shared/cn450/DataHLSv1.4/14SPJ
A total of 0392 HLS images at /shared/cn450/DataHLSv1.4/14SPJ
At task# 101/250 to process 2 images
At task# 100/250 to process 2 images
At task# 104/250 to process 2 images
At task# 102/250 to process 2 images
At task# 103/250 to process 2 images
Finished 100.00 percent at task# 193/250 with total 1.28 mins
Finished 100.00 percent at task# 34/250 with total 2.11 mins
Finished 50.00 percent at task# 57/250 with total 3.93 mins
Finished 100.00 percent at task# 195/250 with total 4.97 mins
Finished 100.00 percent at task# 196/250 with total 4.97 mins
Finished 50.00 percent at task# 24/250 with total 1.65 mins
Finished 50.00 percent at task# 23/250 with total 1.65 mins
Start to stack ARD Tile 14SPJ
Start to stack ARD Tile 14SPJ
Finished 50.00 percent at task# 22/250 with total 1.65 mins
Finished 100.00 percent at task# 99/250 with total 3.20 mins
Start to stack ARD Tile 18TXM
Finished 100.00 percent at task# 52/250 with total 7.17 mins
A total of 0462 HLS images at /gpfs/sharedfs1/zhulab/Su/HLS14/18TXM
At task# 99/250 to process 2 images
Start to stack ARD Tile 18TXM
Finished 100.00 percent at task# 194/250 with total 1.32 mins
Finished 50.00 percent at task# 189/250 with total 7.66 mins
Finished 50.00 percent at task# 188/250 with total 7.66 mins
Finished 50.00 percent at task# 187/250 with total 7.66 mins
Finished 50.00 percent at task# 185/250 with total 7.66 mins
Finished 50.00 percent at task# 186/250 with total 7.67 mins
A total of 0462 HLS images at /gpfs/sharedfs1/zhulab/Su/HLS14/18TXM
At task# 52/250 to process 2 images
Finished 100.00 percent at task# 111/250 with total 2.58 mins
Start to stack ARD Tile 18TXM
A total of 0462 HLS images at /gpfs/sharedfs1/zhulab/Su/HLS14/18TXM
At task# 111/250 to process 2 images
A total of 0336 HLS images at /shared/cn450/DataHLSv1.4/15RXQ
At task# 204/250 to process -70 images
A total of 0336 HLS images at /shared/cn450/DataHLSv1.4/15RXQ
At task# 205/250 to process -72 images
A total of 0336 HLS images at /shared/cn450/DataHLSv1.4/15RXQ
At task# 208/250 to process -78 images
A total of 0336 HLS images at /shared/cn450/DataHLSv1.4/15RXQ
At task# 206/250 to process -74 images
A total of 0336 HLS images at /shared/cn450/DataHLSv1.4/15RXQ
At task# 207/250 to process -76 images
Finished 50.00 percent at task# 106/250 with total 1.74 mins
Start to stack ARD Tile 18TXM
Start to stack ARD Tile 18TXM
Start to stack ARD Tile 18TXM
Start to stack ARD Tile 18TXM
Start to stack ARD Tile 18TXM
A total of 0462 HLS images at /gpfs/sharedfs1/zhulab/Su/HLS14/18TXM
At task# 204/250 to process 2 images
Finished 100.00 percent at task# 69/250 with total 4.09 mins
A total of 0462 HLS images at /gpfs/sharedfs1/zhulab/Su/HLS14/18TXM
At task# 205/250 to process 2 images
A total of 0462 HLS images at /gpfs/sharedfs1/zhulab/Su/HLS14/18TXM
At task# 208/250 to process 2 images
Start to stack ARD Tile 18TXM
A total of 0462 HLS images at /gpfs/sharedfs1/zhulab/Su/HLS14/18TXM
A total of 0462 HLS images at /gpfs/sharedfs1/zhulab/Su/HLS14/18TXM
At task# 206/250 to process 2 images
At task# 207/250 to process 2 images
A total of 0462 HLS images at /gpfs/sharedfs1/zhulab/Su/HLS14/18TXM
At task# 69/250 to process 2 images
Finished 50.00 percent at task# 107/250 with total 0.72 mins
A total of 0392 HLS images at /shared/cn450/DataHLSv1.4/14SPJ
At task# 163/250 to process 2 images
A total of 0392 HLS images at /shared/cn450/DataHLSv1.4/14SPJ
At task# 164/250 to process 2 images
Finished 100.00 percent at task# 18/250 with total 8.65 mins
Finished 100.00 percent at task# 41/250 with total 13.99 mins
Start to stack ARD Tile 18TXM
Start to stack ARD Tile 14SPJ
A total of 0462 HLS images at /gpfs/sharedfs1/zhulab/Su/HLS14/18TXM
At task# 18/250 to process 2 images
A total of 0336 HLS images at /shared/cn450/DataHLSv1.4/15RXQ
At task# 212/250 to process -86 images
A total of 0336 HLS images at /shared/cn450/DataHLSv1.4/15RXQ
At task# 211/250 to process -84 images
A total of 0336 HLS images at /shared/cn450/DataHLSv1.4/15RXQ
At task# 210/250 to process -82 images
Start to stack ARD Tile 18TXM
Start to stack ARD Tile 18TXM
Start to stack ARD Tile 18TXM
A total of 0462 HLS images at /gpfs/sharedfs1/zhulab/Su/HLS14/18TXM
At task# 212/250 to process 2 images
A total of 0462 HLS images at /gpfs/sharedfs1/zhulab/Su/HLS14/18TXM
A total of 0462 HLS images at /gpfs/sharedfs1/zhulab/Su/HLS14/18TXM
At task# 210/250 to process 2 images
At task# 211/250 to process 2 images
Finished 50.00 percent at task# 58/250 with total 3.84 mins
Finished 100.00 percent at task# 119/250 with total 4.66 mins
Finished 100.00 percent at task# 117/250 with total 4.66 mins
Finished 100.00 percent at task# 118/250 with total 4.66 mins
Start to stack ARD Tile 15RXQ
Start to stack ARD Tile 15RXQ
Start to stack ARD Tile 15RXQ
Finished 50.00 percent at task# 71/250 with total 2.11 mins
A total of 0336 HLS images at /shared/cn450/DataHLSv1.4/15RXQ
A total of 0336 HLS images at /shared/cn450/DataHLSv1.4/15RXQ
A total of 0336 HLS images at /shared/cn450/DataHLSv1.4/15RXQ
At task# 119/250 to process 2 images
At task# 118/250 to process 2 images
At task# 117/250 to process 2 images
A total of 0392 HLS images at /shared/cn450/DataHLSv1.4/14SPJ
At task# 196/250 to process 2 images
A total of 0392 HLS images at /shared/cn450/DataHLSv1.4/14SPJ
At task# 195/250 to process 2 images
Finished 100.00 percent at task# 159/250 with total 7.58 mins
Start to stack ARD Tile 14SPJ
A total of 0392 HLS images at /shared/cn450/DataHLSv1.4/14SPJ
At task# 81/250 to process 2 images
A total of 0392 HLS images at /shared/cn450/DataHLSv1.4/14SPJ
At task# 82/250 to process 2 images
Finished 50.00 percent at task# 60/250 with total 10.48 mins
Finished 50.00 percent at task# 63/250 with total 10.48 mins
Finished 50.00 percent at task# 62/250 with total 10.48 mins
Finished 50.00 percent at task# 64/250 with total 10.49 mins
Finished 50.00 percent at task# 59/250 with total 10.49 mins
Finished 50.00 percent at task# 61/250 with total 10.49 mins
Finished 100.00 percent at task# 129/250 with total 7.98 mins
Finished 100.00 percent at task# 130/250 with total 7.98 mins
Start to stack ARD Tile 14SPJ
Start to stack ARD Tile 14SPJ
Finished 50.00 percent at task# 78/250 with total 2.23 mins
Finished 50.00 percent at task# 110/250 with total 1.13 mins
A total of 0392 HLS images at /shared/cn450/DataHLSv1.4/14SPJ
At task# 159/250 to process 2 images
Finished 100.00 percent at task# 106/250 with total 2.33 mins
Start to stack ARD Tile 18TXM
A total of 0462 HLS images at /gpfs/sharedfs1/zhulab/Su/HLS14/18TXM
At task# 106/250 to process 2 images
Finished 50.00 percent at task# 121/250 with total 1.24 mins
Finished 100.00 percent at task# 53/250 with total 7.00 mins
Start to stack ARD Tile 18TXM
Finished 100.00 percent at task# 77/250 with total 3.95 mins
A total of 0462 HLS images at /gpfs/sharedfs1/zhulab/Su/HLS14/18TXM
At task# 53/250 to process 2 images
Start to stack ARD Tile 18TXM
A total of 0462 HLS images at /gpfs/sharedfs1/zhulab/Su/HLS14/18TXM
At task# 77/250 to process 2 images
Finished 100.00 percent at task# 42/250 with total 14.64 mins
Start to stack ARD Tile 14SPJ
Finished 50.00 percent at task# 98/250 with total 1.14 mins
Finished 50.00 percent at task# 99/250 with total 1.00 mins
Finished 50.00 percent at task# 122/250 with total 1.85 mins
A total of 0392 HLS images at /shared/cn450/DataHLSv1.4/10SFG
At task# 246/250 to process -98 images
A total of 0392 HLS images at /shared/cn450/DataHLSv1.4/10SFG
At task# 248/250 to process -102 images
A total of 0392 HLS images at /shared/cn450/DataHLSv1.4/10SFG
At task# 247/250 to process -100 images
Finished 100.00 percent at task# 54/250 with total 6.71 mins
Start to stack ARD Tile 18TXM
A total of 0462 HLS images at /gpfs/sharedfs1/zhulab/Su/HLS14/18TXM
At task# 54/250 to process 2 images
Finished 50.00 percent at task# 70/250 with total 2.92 mins
Finished 100.00 percent at task# 160/250 with total 8.34 mins
Start to stack ARD Tile 14SPJ
A total of 0392 HLS images at /shared/cn450/DataHLSv1.4/14SPJ
At task# 129/250 to process 2 images
A total of 0392 HLS images at /shared/cn450/DataHLSv1.4/14SPJ
At task# 130/250 to process 2 images
Start to stack ARD Tile 13TCF
Start to stack ARD Tile 13TCF
Finished 100.00 percent at task# 107/250 with total 1.82 mins
Start to stack ARD Tile 18TXM
Start to stack ARD Tile 13TCF
A total of 0462 HLS images at /gpfs/sharedfs1/zhulab/Su/HLS14/18TXM
At task# 107/250 to process 2 images
Finished 50.00 percent at task# 76/250 with total 3.02 mins
Finished 50.00 percent at task# 111/250 with total 1.29 mins
Finished 50.00 percent at task# 113/250 with total 2.36 mins
Finished 50.00 percent at task# 114/250 with total 2.36 mins
Finished 50.00 percent at task# 115/250 with total 2.36 mins
Finished 50.00 percent at task# 116/250 with total 2.36 mins
Finished 50.00 percent at task# 40/250 with total 4.53 mins
Finished 50.00 percent at task# 106/250 with total 0.70 mins
Finished 50.00 percent at task# 91/250 with total 6.93 mins
Finished 50.00 percent at task# 93/250 with total 6.93 mins
Finished 50.00 percent at task# 92/250 with total 6.93 mins
A total of 0392 HLS images at /shared/cn450/DataHLSv1.4/14SPJ
At task# 41/250 to process 2 images
Finished 100.00 percent at task# 21/250 with total 8.29 mins
Start to stack ARD Tile 18TXM
Finished 50.00 percent at task# 95/250 with total 1.98 mins
A total of 0462 HLS images at /gpfs/sharedfs1/zhulab/Su/HLS14/18TXM
At task# 21/250 to process 2 images
Finished 100.00 percent at task# 19/250 with total 8.43 mins
Finished 100.00 percent at task# 20/250 with total 8.44 mins
Start to stack ARD Tile 18TXM
Start to stack ARD Tile 18TXM
Finished 100.00 percent at task# 171/250 with total 11.77 mins
Finished 100.00 percent at task# 170/250 with total 11.77 mins
Finished 100.00 percent at task# 172/250 with total 11.77 mins
Finished 100.00 percent at task# 169/250 with total 11.77 mins
Start to stack ARD Tile 13TCF
Start to stack ARD Tile 13TCF
Start to stack ARD Tile 13TCF
Start to stack ARD Tile 13TCF
A total of 0462 HLS images at /gpfs/sharedfs1/zhulab/Su/HLS14/18TXM
A total of 0462 HLS images at /gpfs/sharedfs1/zhulab/Su/HLS14/18TXM
At task# 20/250 to process 2 images
At task# 19/250 to process 2 images
Finished 50.00 percent at task# 52/250 with total 1.74 mins
Finished 100.00 percent at task# 110/250 with total 2.32 mins
Finished 100.00 percent at task# 23/250 with total 3.54 mins
Finished 100.00 percent at task# 22/250 with total 3.54 mins
Finished 100.00 percent at task# 24/250 with total 3.54 mins
Finished 50.00 percent at task# 56/250 with total 4.27 mins
Finished 50.00 percent at task# 55/250 with total 4.27 mins
A total of 0392 HLS images at /shared/cn450/DataHLSv1.4/14SPJ
At task# 160/250 to process 2 images
Finished 50.00 percent at task# 49/250 with total 8.75 mins
Finished 50.00 percent at task# 25/250 with total 2.39 mins
Finished 50.00 percent at task# 50/250 with total 8.75 mins
Finished 50.00 percent at task# 107/250 with total 0.68 mins
Finished 50.00 percent at task# 140/250 with total 5.03 mins
Finished 100.00 percent at task# 121/250 with total 2.57 mins
Start to stack ARD Tile 18TXM
Finished 100.00 percent at task# 106/250 with total 1.35 mins
A total of 0462 HLS images at /gpfs/sharedfs1/zhulab/Su/HLS14/18TXM
At task# 121/250 to process 2 images
Finished 50.00 percent at task# 128/250 with total 5.06 mins
Finished 100.00 percent at task# 79/250 with total 6.70 mins
Finished 100.00 percent at task# 80/250 with total 6.70 mins
Start to stack ARD Tile 15RXQ
Start to stack ARD Tile 15RXQ
Finished 100.00 percent at task# 176/250 with total 8.43 mins
Finished 100.00 percent at task# 174/250 with total 8.43 mins
Finished 100.00 percent at task# 175/250 with total 8.43 mins
Finished 100.00 percent at task# 173/250 with total 8.43 mins
Finished 100.00 percent at task# 122/250 with total 2.87 mins
Start to stack ARD Tile 14SPJ
Start to stack ARD Tile 18TXM
Start to stack ARD Tile 14SPJ
Finished 100.00 percent at task# 98/250 with total 2.36 mins
Start to stack ARD Tile 14SPJ
Start to stack ARD Tile 14SPJ
A total of 0462 HLS images at /gpfs/sharedfs1/zhulab/Su/HLS14/18TXM
At task# 122/250 to process 2 images
Finished 50.00 percent at task# 133/250 with total 5.47 mins
Finished 50.00 percent at task# 132/250 with total 5.47 mins
Finished 50.00 percent at task# 131/250 with total 5.47 mins
Finished 100.00 percent at task# 99/250 with total 2.17 mins
A total of 0392 HLS images at /shared/cn450/DataHLSv1.4/14SPJ
A total of 0392 HLS images at /shared/cn450/DataHLSv1.4/14SPJ
A total of 0392 HLS images at /shared/cn450/DataHLSv1.4/14SPJ
A total of 0392 HLS images at /shared/cn450/DataHLSv1.4/14SPJ
At task# 176/250 to process 2 images
At task# 175/250 to process 2 images
At task# 174/250 to process 2 images
At task# 173/250 to process 2 images
A total of 0336 HLS images at /shared/cn450/DataHLSv1.4/15RXQ
A total of 0336 HLS images at /shared/cn450/DataHLSv1.4/15RXQ
At task# 80/250 to process 2 images
At task# 79/250 to process 2 images
Finished 50.00 percent at task# 69/250 with total 2.04 mins
A total of 0392 HLS images at /shared/cn450/DataHLSv1.4/14SPJ
At task# 42/250 to process 2 images
Finished 100.00 percent at task# 111/250 with total 2.16 mins
Finished 50.00 percent at task# 18/250 with total 2.13 mins
Finished 50.00 percent at task# 117/250 with total 2.05 mins
Finished 50.00 percent at task# 96/250 with total 2.89 mins
Finished 50.00 percent at task# 119/250 with total 2.19 mins
Finished 50.00 percent at task# 205/250 with total 2.52 mins
Finished 50.00 percent at task# 206/250 with total 2.51 mins
Finished 50.00 percent at task# 103/250 with total 2.88 mins
Finished 50.00 percent at task# 207/250 with total 2.51 mins
Finished 50.00 percent at task# 102/250 with total 2.88 mins
Finished 50.00 percent at task# 100/250 with total 2.88 mins
Finished 50.00 percent at task# 208/250 with total 2.52 mins
Finished 50.00 percent at task# 101/250 with total 2.88 mins
Finished 50.00 percent at task# 104/250 with total 2.88 mins
Finished 50.00 percent at task# 204/250 with total 2.52 mins
Finished 50.00 percent at task# 211/250 with total 2.41 mins
Finished 50.00 percent at task# 212/250 with total 2.42 mins
Finished 50.00 percent at task# 210/250 with total 2.41 mins
Finished 100.00 percent at task# 47/250 with total 17.42 mins
Finished 100.00 percent at task# 43/250 with total 17.42 mins
Finished 100.00 percent at task# 44/250 with total 17.42 mins
A total of 0392 HLS images at /shared/cn450/DataHLSv1.4/13TCF
Finished 100.00 percent at task# 48/250 with total 17.42 mins
A total of 0392 HLS images at /shared/cn450/DataHLSv1.4/13TCF
At task# 239/250 to process -84 images
A total of 0392 HLS images at /shared/cn450/DataHLSv1.4/13TCF
At task# 238/250 to process -82 images
Start to stack ARD Tile 14SPJ
Start to stack ARD Tile 14SPJ
Start to stack ARD Tile 14SPJ
Start to stack ARD Tile 14SPJ
Finished 100.00 percent at task# 107/250 with total 1.40 mins
Finished 100.00 percent at task# 46/250 with total 17.44 mins
Finished 100.00 percent at task# 45/250 with total 17.45 mins
Start to stack ARD Tile 14SPJ
Start to stack ARD Tile 14SPJ
Finished 50.00 percent at task# 53/250 with total 1.99 mins
Start to stack ARD Tile 14SPJ
Start to stack ARD Tile 14SPJ
Start to stack ARD Tile 14SPJ
Finished 100.00 percent at task# 97/250 with total 5.07 mins
Start to stack ARD Tile 15RXQ
A total of 0392 HLS images at /shared/cn450/DataHLSv1.4/14SPJ
A total of 0392 HLS images at /shared/cn450/DataHLSv1.4/14SPJ
A total of 0392 HLS images at /shared/cn450/DataHLSv1.4/14SPJ
A total of 0392 HLS images at /shared/cn450/DataHLSv1.4/14SPJ
A total of 0392 HLS images at /shared/cn450/DataHLSv1.4/14SPJ
A total of 0392 HLS images at /shared/cn450/DataHLSv1.4/14SPJ
At task# 46/250 to process 2 images
At task# 43/250 to process 2 images
At task# 44/250 to process 2 images
At task# 47/250 to process 2 images
At task# 45/250 to process 2 images
At task# 48/250 to process 2 images
Finished 100.00 percent at task# 71/250 with total 4.57 mins
Finished 100.00 percent at task# 70/250 with total 4.57 mins
Start to stack ARD Tile 18TXM
Start to stack ARD Tile 18TXM
A total of 0462 HLS images at /gpfs/sharedfs1/zhulab/Su/HLS14/18TXM
At task# 71/250 to process 2 images
A total of 0462 HLS images at /gpfs/sharedfs1/zhulab/Su/HLS14/18TXM
At task# 70/250 to process 2 images
Finished 50.00 percent at task# 77/250 with total 2.20 mins
Finished 50.00 percent at task# 139/250 with total 6.03 mins
Finished 50.00 percent at task# 127/250 with total 5.95 mins
Finished 100.00 percent at task# 25/250 with total 3.56 mins
Start to stack ARD Tile 18TXM
Finished 100.00 percent at task# 144/250 with total 17.88 mins
Start to stack ARD Tile 13TCF
A total of 0462 HLS images at /gpfs/sharedfs1/zhulab/Su/HLS14/18TXM
At task# 25/250 to process 2 images
Finished 50.00 percent at task# 122/250 with total 1.00 mins
Finished 50.00 percent at task# 121/250 with total 1.05 mins
Finished 50.00 percent at task# 54/250 with total 1.93 mins
Finished 100.00 percent at task# 76/250 with total 4.83 mins
Start to stack ARD Tile 18TXM
A total of 0462 HLS images at /gpfs/sharedfs1/zhulab/Su/HLS14/18TXM
At task# 76/250 to process 2 images
A total of 0392 HLS images at /shared/cn450/DataHLSv1.4/13TCF
At task# 170/250 to process 2 images
A total of 0392 HLS images at /shared/cn450/DataHLSv1.4/13TCF
At task# 169/250 to process 2 images
A total of 0392 HLS images at /shared/cn450/DataHLSv1.4/13TCF
A total of 0392 HLS images at /shared/cn450/DataHLSv1.4/13TCF
At task# 172/250 to process 2 images
At task# 171/250 to process 2 images
Finished 50.00 percent at task# 141/250 with total 5.57 mins
Finished 100.00 percent at task# 78/250 with total 4.91 mins
Start to stack ARD Tile 18TXM
A total of 0462 HLS images at /gpfs/sharedfs1/zhulab/Su/HLS14/18TXM
At task# 78/250 to process 2 images
Finished 50.00 percent at task# 82/250 with total 2.86 mins
Finished 50.00 percent at task# 81/250 with total 2.86 mins
A total of 0392 HLS images at /shared/cn450/DataHLSv1.4/13TCF
At task# 144/250 to process 2 images
Finished 50.00 percent at task# 118/250 with total 2.97 mins
A total of 0336 HLS images at /shared/cn450/DataHLSv1.4/15RXQ
At task# 97/250 to process 2 images
Finished 50.00 percent at task# 142/250 with total 5.82 mins
Finished 100.00 percent at task# 95/250 with total 3.98 mins
Finished 50.00 percent at task# 21/250 with total 1.98 mins
Finished 50.00 percent at task# 19/250 with total 1.82 mins
Finished 50.00 percent at task# 20/250 with total 1.82 mins
Start to stack ARD Tile 18TXM
A total of 0462 HLS images at /gpfs/sharedfs1/zhulab/Su/HLS14/18TXM
At task# 95/250 to process 2 images
Finished 100.00 percent at task# 86/250 with total 14.17 mins
Finished 100.00 percent at task# 87/250 with total 14.17 mins
Finished 100.00 percent at task# 88/250 with total 14.17 mins
Start to stack ARD Tile 14SPJ
Start to stack ARD Tile 14SPJ
Start to stack ARD Tile 14SPJ
Finished 100.00 percent at task# 52/250 with total 3.64 mins
Finished 100.00 percent at task# 38/250 with total 10.53 mins
Start to stack ARD Tile 15RXQ
Finished 100.00 percent at task# 69/250 with total 3.51 mins
A total of 0392 HLS images at /shared/cn450/DataHLSv1.4/14SPJ
A total of 0392 HLS images at /shared/cn450/DataHLSv1.4/14SPJ
A total of 0392 HLS images at /shared/cn450/DataHLSv1.4/14SPJ
At task# 86/250 to process 2 images
At task# 87/250 to process 2 images
At task# 88/250 to process 2 images
Finished 50.00 percent at task# 25/250 with total 0.76 mins
A total of 0336 HLS images at /shared/cn450/DataHLSv1.4/15RXQ
At task# 38/250 to process 2 images
Finished 100.00 percent at task# 161/250 with total 8.54 mins
Start to stack ARD Tile 14SPJ
Finished 100.00 percent at task# 57/250 with total 8.08 mins
Start to stack ARD Tile 15RXQ
Finished 50.00 percent at task# 126/250 with total 7.01 mins
Finished 50.00 percent at task# 123/250 with total 7.02 mins
Finished 50.00 percent at task# 124/250 with total 7.02 mins
Finished 50.00 percent at task# 125/250 with total 7.02 mins
Finished 50.00 percent at task# 195/250 with total 3.69 mins
Finished 100.00 percent at task# 122/250 with total 2.00 mins
Finished 100.00 percent at task# 121/250 with total 2.05 mins
Finished 100.00 percent at task# 18/250 with total 3.92 mins
Finished 50.00 percent at task# 71/250 with total 1.29 mins
Finished 50.00 percent at task# 70/250 with total 1.29 mins
Finished 100.00 percent at task# 96/250 with total 4.60 mins
Finished 100.00 percent at task# 58/250 with total 7.73 mins
Start to stack ARD Tile 18TXM
Start to stack ARD Tile 15RXQ
Finished 50.00 percent at task# 196/250 with total 3.78 mins
A total of 0462 HLS images at /gpfs/sharedfs1/zhulab/Su/HLS14/18TXM
At task# 96/250 to process 2 images
Finished 100.00 percent at task# 115/250 with total 5.19 mins
Start to stack ARD Tile 15RXQ
A total of 0336 HLS images at /shared/cn450/DataHLSv1.4/15RXQ
At task# 115/250 to process 2 images
Finished 100.00 percent at task# 53/250 with total 3.61 mins
Finished 100.00 percent at task# 183/250 with total 16.14 mins
Finished 100.00 percent at task# 184/250 with total 16.14 mins
Finished 100.00 percent at task# 179/250 with total 16.14 mins
Finished 100.00 percent at task# 181/250 with total 16.14 mins
Finished 100.00 percent at task# 180/250 with total 16.14 mins
Finished 100.00 percent at task# 182/250 with total 16.14 mins
Start to stack ARD Tile 13TCF
Start to stack ARD Tile 13TCF
Start to stack ARD Tile 13TCF
Start to stack ARD Tile 13TCF
Start to stack ARD Tile 13TCF
Start to stack ARD Tile 13TCF
Finished 50.00 percent at task# 162/250 with total 5.27 mins
Finished 100.00 percent at task# 178/250 with total 16.17 mins
Start to stack ARD Tile 13TCF
Finished 100.00 percent at task# 54/250 with total 3.30 mins
A total of 0392 HLS images at /shared/cn450/DataHLSv1.4/13TCF
A total of 0392 HLS images at /shared/cn450/DataHLSv1.4/13TCF
A total of 0392 HLS images at /shared/cn450/DataHLSv1.4/13TCF
A total of 0392 HLS images at /shared/cn450/DataHLSv1.4/13TCF
A total of 0392 HLS images at /shared/cn450/DataHLSv1.4/13TCF
A total of 0392 HLS images at /shared/cn450/DataHLSv1.4/13TCF
A total of 0392 HLS images at /shared/cn450/DataHLSv1.4/13TCF
At task# 183/250 to process 2 images
At task# 184/250 to process 2 images
At task# 178/250 to process 2 images
At task# 181/250 to process 2 images
At task# 180/250 to process 2 images
At task# 182/250 to process 2 images
At task# 179/250 to process 2 images
Finished 50.00 percent at task# 143/250 with total 5.85 mins
Finished 100.00 percent at task# 25/250 with total 1.46 mins
Finished 100.00 percent at task# 135/250 with total 11.56 mins
Finished 100.00 percent at task# 114/250 with total 5.58 mins
Finished 100.00 percent at task# 113/250 with total 5.58 mins
Finished 100.00 percent at task# 134/250 with total 11.56 mins
Finished 100.00 percent at task# 116/250 with total 5.58 mins
Finished 100.00 percent at task# 136/250 with total 11.56 mins
Start to stack ARD Tile 15RXQ
Start to stack ARD Tile 15RXQ
Start to stack ARD Tile 15RXQ
Start to stack ARD Tile 14SPJ
Start to stack ARD Tile 14SPJ
Start to stack ARD Tile 14SPJ
Finished 100.00 percent at task# 117/250 with total 4.24 mins
Start to stack ARD Tile 18TXM
A total of 0462 HLS images at /gpfs/sharedfs1/zhulab/Su/HLS14/18TXM
At task# 117/250 to process 2 images
A total of 0392 HLS images at /shared/cn450/DataHLSv1.4/14SPJ
At task# 240/250 to process -86 images
A total of 0392 HLS images at /shared/cn450/DataHLSv1.4/14SPJ
At task# 238/250 to process -82 images
A total of 0392 HLS images at /shared/cn450/DataHLSv1.4/14SPJ
At task# 239/250 to process -84 images
Finished 100.00 percent at task# 120/250 with total 11.83 mins
A total of 0336 HLS images at /shared/cn450/DataHLSv1.4/15RXQ
At task# 57/250 to process 2 images
Start to stack ARD Tile 14SPJ
A total of 0392 HLS images at /shared/cn450/DataHLSv1.4/14SPJ
A total of 0392 HLS images at /shared/cn450/DataHLSv1.4/14SPJ
A total of 0392 HLS images at /shared/cn450/DataHLSv1.4/14SPJ
At task# 135/250 to process 2 images
At task# 134/250 to process 2 images
At task# 136/250 to process 2 images
Finished 100.00 percent at task# 133/250 with total 8.13 mins
Finished 50.00 percent at task# 79/250 with total 2.60 mins
Finished 100.00 percent at task# 132/250 with total 8.13 mins
Finished 100.00 percent at task# 131/250 with total 8.13 mins
Start to stack ARD Tile 15RXQ
Start to stack ARD Tile 15RXQ
Start to stack ARD Tile 15RXQ
Start to stack ARD Tile 15RXQ
Start to stack ARD Tile 15RXQ
Start to stack ARD Tile 15RXQ
A total of 0336 HLS images at /shared/cn450/DataHLSv1.4/15RXQ
A total of 0336 HLS images at /shared/cn450/DataHLSv1.4/15RXQ
A total of 0336 HLS images at /shared/cn450/DataHLSv1.4/15RXQ
At task# 133/250 to process 2 images
At task# 132/250 to process 2 images
At task# 131/250 to process 2 images
A total of 0336 HLS images at /shared/cn450/DataHLSv1.4/15RXQ
At task# 58/250 to process 2 images
Finished 100.00 percent at task# 39/250 with total 10.23 mins
Finished 100.00 percent at task# 77/250 with total 4.09 mins
Start to stack ARD Tile 15RXQ
Finished 100.00 percent at task# 20/250 with total 3.14 mins
Finished 100.00 percent at task# 21/250 with total 3.30 mins
Finished 100.00 percent at task# 19/250 with total 3.14 mins
Finished 50.00 percent at task# 78/250 with total 1.72 mins
Finished 50.00 percent at task# 76/250 with total 1.80 mins
A total of 0392 HLS images at /shared/cn450/DataHLSv1.4/14SPJ
At task# 120/250 to process 2 images
Finished 100.00 percent at task# 118/250 with total 4.59 mins
Start to stack ARD Tile 18TXM
A total of 0462 HLS images at /gpfs/sharedfs1/zhulab/Su/HLS14/18TXM
At task# 118/250 to process 2 images
Finished 100.00 percent at task# 70/250 with total 2.14 mins
Finished 100.00 percent at task# 71/250 with total 2.14 mins
A total of 0392 HLS images at /shared/cn450/DataHLSv1.4/14SPJ
At task# 161/250 to process 2 images
Finished 100.00 percent at task# 208/250 with total 5.00 mins
Finished 100.00 percent at task# 212/250 with total 4.90 mins
Finished 100.00 percent at task# 206/250 with total 5.00 mins
Finished 100.00 percent at task# 211/250 with total 4.90 mins
Finished 100.00 percent at task# 210/250 with total 4.90 mins
Finished 100.00 percent at task# 205/250 with total 5.01 mins
Finished 100.00 percent at task# 207/250 with total 5.00 mins
Finished 100.00 percent at task# 204/250 with total 5.06 mins
Finished 50.00 percent at task# 97/250 with total 1.83 mins
Finished 100.00 percent at task# 119/250 with total 4.88 mins
Start to stack ARD Tile 18TXM
A total of 0462 HLS images at /gpfs/sharedfs1/zhulab/Su/HLS14/18TXM
At task# 119/250 to process 2 images
Finished 50.00 percent at task# 164/250 with total 5.14 mins
Finished 50.00 percent at task# 163/250 with total 5.14 mins
A total of 0336 HLS images at /shared/cn450/DataHLSv1.4/15RXQ
A total of 0336 HLS images at /shared/cn450/DataHLSv1.4/15RXQ
A total of 0336 HLS images at /shared/cn450/DataHLSv1.4/15RXQ
At task# 240/250 to process -142 images
At task# 238/250 to process -138 images
At task# 239/250 to process -140 images
Start to stack ARD Tile 18TXM
Start to stack ARD Tile 18TXM
Start to stack ARD Tile 18TXM
A total of 0462 HLS images at /gpfs/sharedfs1/zhulab/Su/HLS14/18TXM
At task# 240/250 to process -16 images
A total of 0462 HLS images at /gpfs/sharedfs1/zhulab/Su/HLS14/18TXM
At task# 238/250 to process -12 images
A total of 0462 HLS images at /gpfs/sharedfs1/zhulab/Su/HLS14/18TXM
At task# 239/250 to process -14 images
Finished 100.00 percent at task# 150/250 with total 16.93 mins
Finished 100.00 percent at task# 148/250 with total 16.92 mins
Finished 100.00 percent at task# 147/250 with total 16.92 mins
Finished 100.00 percent at task# 149/250 with total 16.93 mins
Finished 100.00 percent at task# 155/250 with total 14.54 mins
Start to stack ARD Tile 13TCF
Start to stack ARD Tile 13TCF
Start to stack ARD Tile 13TCF
Start to stack ARD Tile 13TCF
Start to stack ARD Tile 13TCF
Finished 100.00 percent at task# 157/250 with total 14.57 mins
Finished 50.00 percent at task# 95/250 with total 1.89 mins
Finished 100.00 percent at task# 151/250 with total 16.94 mins
Finished 100.00 percent at task# 152/250 with total 16.94 mins
Start to stack ARD Tile 13TCF
Start to stack ARD Tile 13TCF
Start to stack ARD Tile 13TCF
Finished 100.00 percent at task# 153/250 with total 14.60 mins
Finished 100.00 percent at task# 156/250 with total 14.60 mins
Finished 100.00 percent at task# 154/250 with total 14.59 mins
A total of 0336 HLS images at /shared/cn450/DataHLSv1.4/15RXQ
At task# 114/250 to process 2 images
A total of 0336 HLS images at /shared/cn450/DataHLSv1.4/15RXQ
At task# 116/250 to process 2 images
A total of 0336 HLS images at /shared/cn450/DataHLSv1.4/15RXQ
At task# 113/250 to process 2 images
Start to stack ARD Tile 13TCF
Start to stack ARD Tile 13TCF
Start to stack ARD Tile 13TCF
Finished 100.00 percent at task# 55/250 with total 7.94 mins
Finished 100.00 percent at task# 56/250 with total 7.94 mins
Start to stack ARD Tile 18TXM
Start to stack ARD Tile 18TXM
A total of 0462 HLS images at /gpfs/sharedfs1/zhulab/Su/HLS14/18TXM
A total of 0462 HLS images at /gpfs/sharedfs1/zhulab/Su/HLS14/18TXM
At task# 55/250 to process 2 images
At task# 56/250 to process 2 images
Finished 100.00 percent at task# 128/250 with total 8.56 mins
Start to stack ARD Tile 15RXQ
A total of 0336 HLS images at /shared/cn450/DataHLSv1.4/15RXQ
At task# 128/250 to process 2 images
Finished 50.00 percent at task# 80/250 with total 3.51 mins
Finished 100.00 percent at task# 76/250 with total 2.56 mins
Finished 100.00 percent at task# 78/250 with total 2.48 mins
Finished 50.00 percent at task# 159/250 with total 5.12 mins
Finished 50.00 percent at task# 129/250 with total 4.58 mins
Finished 50.00 percent at task# 130/250 with total 4.58 mins
A total of 0392 HLS images at /shared/cn450/DataHLSv1.4/13TCF
At task# 246/250 to process -98 images
A total of 0392 HLS images at /shared/cn450/DataHLSv1.4/13TCF
At task# 248/250 to process -102 images
A total of 0392 HLS images at /shared/cn450/DataHLSv1.4/13TCF
At task# 247/250 to process -100 images
Start to stack ARD Tile 14SPJ
Start to stack ARD Tile 14SPJ
Start to stack ARD Tile 14SPJ
Finished 100.00 percent at task# 195/250 with total 5.53 mins
Start to stack ARD Tile 15RXQ
Finished 100.00 percent at task# 196/250 with total 5.55 mins
Start to stack ARD Tile 15RXQ
A total of 0336 HLS images at /shared/cn450/DataHLSv1.4/15RXQ
At task# 39/250 to process 2 images
Finished 50.00 percent at task# 41/250 with total 4.47 mins
Finished 50.00 percent at task# 96/250 with total 1.81 mins
Finished 100.00 percent at task# 141/250 with total 8.50 mins
Start to stack ARD Tile 15RXQ
A total of 0336 HLS images at /shared/cn450/DataHLSv1.4/15RXQ
At task# 141/250 to process 2 images
Finished 100.00 percent at task# 40/250 with total 9.38 mins
Start to stack ARD Tile 15RXQ
A total of 0336 HLS images at /shared/cn450/DataHLSv1.4/15RXQ
A total of 0336 HLS images at /shared/cn450/DataHLSv1.4/15RXQ
At task# 195/250 to process -52 images
At task# 196/250 to process -54 images
Start to stack ARD Tile 18TXM
Start to stack ARD Tile 18TXM
Finished 50.00 percent at task# 117/250 with total 1.66 mins
A total of 0462 HLS images at /gpfs/sharedfs1/zhulab/Su/HLS14/18TXM
A total of 0462 HLS images at /gpfs/sharedfs1/zhulab/Su/HLS14/18TXM
At task# 195/250 to process 2 images
At task# 196/250 to process 2 images
Finished 100.00 percent at task# 142/250 with total 8.70 mins
Start to stack ARD Tile 15RXQ
Finished 100.00 percent at task# 101/250 with total 6.58 mins
Finished 100.00 percent at task# 103/250 with total 6.58 mins
Finished 100.00 percent at task# 102/250 with total 6.58 mins
Start to stack ARD Tile 15RXQ
Start to stack ARD Tile 15RXQ
Start to stack ARD Tile 15RXQ
Finished 50.00 percent at task# 132/250 with total 1.61 mins
Finished 50.00 percent at task# 131/250 with total 1.61 mins
A total of 0336 HLS images at /shared/cn450/DataHLSv1.4/15RXQ
A total of 0336 HLS images at /shared/cn450/DataHLSv1.4/15RXQ
A total of 0336 HLS images at /shared/cn450/DataHLSv1.4/15RXQ
At task# 103/250 to process 2 images
At task# 102/250 to process 2 images
At task# 101/250 to process 2 images
Finished 50.00 percent at task# 168/250 with total 7.05 mins
Finished 50.00 percent at task# 166/250 with total 7.05 mins
Finished 50.00 percent at task# 165/250 with total 7.05 mins
Finished 50.00 percent at task# 167/250 with total 7.05 mins
Finished 100.00 percent at task# 93/250 with total 11.95 mins
Finished 100.00 percent at task# 92/250 with total 11.95 mins
Finished 100.00 percent at task# 91/250 with total 11.95 mins
Start to stack ARD Tile 14SPJ
Start to stack ARD Tile 14SPJ
Start to stack ARD Tile 14SPJ
Finished 50.00 percent at task# 66/250 with total 8.59 mins
Finished 50.00 percent at task# 67/250 with total 8.58 mins
Finished 50.00 percent at task# 65/250 with total 8.59 mins
Finished 50.00 percent at task# 118/250 with total 1.52 mins
Finished 100.00 percent at task# 82/250 with total 6.10 mins
Finished 100.00 percent at task# 81/250 with total 6.10 mins
Start to stack ARD Tile 15RXQ
Start to stack ARD Tile 15RXQ
Finished 100.00 percent at task# 100/250 with total 6.83 mins
Finished 100.00 percent at task# 104/250 with total 6.83 mins
Start to stack ARD Tile 15RXQ
Start to stack ARD Tile 15RXQ
Finished 50.00 percent at task# 42/250 with total 4.40 mins
Finished 50.00 percent at task# 119/250 with total 1.50 mins
Finished 100.00 percent at task# 79/250 with total 4.64 mins
Start to stack ARD Tile 18TXM
A total of 0462 HLS images at /gpfs/sharedfs1/zhulab/Su/HLS14/18TXM
At task# 79/250 to process 2 images
Finished 50.00 percent at task# 86/250 with total 3.18 mins
Finished 50.00 percent at task# 87/250 with total 3.17 mins
Finished 50.00 percent at task# 88/250 with total 3.18 mins
Finished 100.00 percent at task# 162/250 with total 7.84 mins
Start to stack ARD Tile 15RXQ
A total of 0336 HLS images at /shared/cn450/DataHLSv1.4/15RXQ
At task# 142/250 to process 2 images
A total of 0336 HLS images at /shared/cn450/DataHLSv1.4/15RXQ
At task# 162/250 to process 2 images
Finished 100.00 percent at task# 143/250 with total 8.45 mins
Start to stack ARD Tile 15RXQ
Finished 100.00 percent at task# 140/250 with total 10.19 mins
Start to stack ARD Tile 14SPJ
Finished 50.00 percent at task# 160/250 with total 5.28 mins
Finished 50.00 percent at task# 196/250 with total 0.88 mins
Finished 50.00 percent at task# 195/250 with total 0.88 mins
Finished 50.00 percent at task# 115/250 with total 2.95 mins
A total of 0336 HLS images at /shared/cn450/DataHLSv1.4/15RXQ
At task# 82/250 to process 2 images
A total of 0336 HLS images at /shared/cn450/DataHLSv1.4/15RXQ
At task# 81/250 to process 2 images
Finished 50.00 percent at task# 47/250 with total 4.46 mins
Finished 50.00 percent at task# 44/250 with total 4.46 mins
Finished 50.00 percent at task# 43/250 with total 4.46 mins
Finished 50.00 percent at task# 45/250 with total 4.46 mins
Finished 50.00 percent at task# 46/250 with total 4.46 mins
Finished 50.00 percent at task# 48/250 with total 4.46 mins
Finished 50.00 percent at task# 133/250 with total 2.57 mins
Finished 100.00 percent at task# 95/250 with total 3.84 mins
Finished 50.00 percent at task# 114/250 with total 1.95 mins
A total of 0336 HLS images at /shared/cn450/DataHLSv1.4/15RXQ
At task# 100/250 to process 2 images
A total of 0336 HLS images at /shared/cn450/DataHLSv1.4/15RXQ
At task# 104/250 to process 2 images
A total of 0336 HLS images at /shared/cn450/DataHLSv1.4/15RXQ
At task# 40/250 to process 2 images
A total of 0392 HLS images at /shared/cn450/DataHLSv1.4/14SPJ
At task# 93/250 to process 2 images
A total of 0392 HLS images at /shared/cn450/DataHLSv1.4/14SPJ
At task# 91/250 to process 2 images
A total of 0392 HLS images at /shared/cn450/DataHLSv1.4/14SPJ
At task# 92/250 to process 2 images
Finished 50.00 percent at task# 57/250 with total 2.82 mins
Finished 100.00 percent at task# 97/250 with total 4.17 mins
Start to stack ARD Tile 18TXM
A total of 0462 HLS images at /gpfs/sharedfs1/zhulab/Su/HLS14/18TXM
At task# 97/250 to process 2 images
Finished 100.00 percent at task# 96/250 with total 3.46 mins
Finished 50.00 percent at task# 116/250 with total 2.16 mins
Finished 50.00 percent at task# 113/250 with total 2.16 mins
Finished 100.00 percent at task# 164/250 with total 7.49 mins
Finished 100.00 percent at task# 163/250 with total 7.50 mins
Finished 100.00 percent at task# 80/250 with total 5.49 mins
Start to stack ARD Tile 15RXQ
Start to stack ARD Tile 15RXQ
Start to stack ARD Tile 18TXM
Finished 100.00 percent at task# 189/250 with total 15.35 mins
Finished 50.00 percent at task# 58/250 with total 2.84 mins
Finished 100.00 percent at task# 187/250 with total 15.36 mins
Finished 100.00 percent at task# 188/250 with total 15.36 mins
Finished 100.00 percent at task# 186/250 with total 15.37 mins
A total of 0462 HLS images at /gpfs/sharedfs1/zhulab/Su/HLS14/18TXM
At task# 80/250 to process 2 images
Finished 100.00 percent at task# 185/250 with total 15.37 mins
Start to stack ARD Tile 13TCF
Start to stack ARD Tile 13TCF
Start to stack ARD Tile 13TCF
Start to stack ARD Tile 13TCF
Start to stack ARD Tile 13TCF
Finished 100.00 percent at task# 50/250 with total 14.57 mins
Finished 100.00 percent at task# 49/250 with total 14.57 mins
Start to stack ARD Tile 14SPJ
Start to stack ARD Tile 14SPJ
Finished 50.00 percent at task# 56/250 with total 2.17 mins
Finished 50.00 percent at task# 55/250 with total 2.17 mins
A total of 0392 HLS images at /shared/cn450/DataHLSv1.4/13TCF
At task# 154/250 to process 2 images
A total of 0392 HLS images at /shared/cn450/DataHLSv1.4/13TCF
At task# 150/250 to process 2 images
A total of 0392 HLS images at /shared/cn450/DataHLSv1.4/13TCF
A total of 0392 HLS images at /shared/cn450/DataHLSv1.4/13TCF
At task# 149/250 to process 2 images
At task# 148/250 to process 2 images
A total of 0392 HLS images at /shared/cn450/DataHLSv1.4/13TCF
At task# 155/250 to process 2 images
A total of 0392 HLS images at /shared/cn450/DataHLSv1.4/13TCF
At task# 157/250 to process 2 images
A total of 0392 HLS images at /shared/cn450/DataHLSv1.4/13TCF
At task# 152/250 to process 2 images
A total of 0392 HLS images at /shared/cn450/DataHLSv1.4/13TCF
At task# 147/250 to process 2 images
A total of 0392 HLS images at /shared/cn450/DataHLSv1.4/13TCF
At task# 153/250 to process 2 images
A total of 0392 HLS images at /shared/cn450/DataHLSv1.4/13TCF
At task# 151/250 to process 2 images
A total of 0392 HLS images at /shared/cn450/DataHLSv1.4/13TCF
At task# 156/250 to process 2 images
A total of 0336 HLS images at /shared/cn450/DataHLSv1.4/15RXQ
At task# 143/250 to process 2 images
Finished 50.00 percent at task# 175/250 with total 5.69 mins
Finished 50.00 percent at task# 176/250 with total 5.69 mins
Finished 50.00 percent at task# 174/250 with total 5.69 mins
Finished 50.00 percent at task# 173/250 with total 5.69 mins
Finished 50.00 percent at task# 128/250 with total 2.30 mins
Finished 50.00 percent at task# 141/250 with total 1.76 mins
Finished 100.00 percent at task# 118/250 with total 3.00 mins
Finished 100.00 percent at task# 117/250 with total 3.35 mins
Finished 100.00 percent at task# 64/250 with total 18.04 mins
Finished 100.00 percent at task# 62/250 with total 18.04 mins
Finished 100.00 percent at task# 61/250 with total 18.05 mins
Finished 100.00 percent at task# 63/250 with total 18.05 mins
Finished 100.00 percent at task# 60/250 with total 18.06 mins
Finished 100.00 percent at task# 59/250 with total 18.06 mins
Start to stack ARD Tile 14SPJ
Start to stack ARD Tile 14SPJ
Start to stack ARD Tile 14SPJ
Start to stack ARD Tile 14SPJ
Start to stack ARD Tile 14SPJ
Start to stack ARD Tile 14SPJ
Finished 100.00 percent at task# 119/250 with total 2.80 mins
Finished 100.00 percent at task# 196/250 with total 1.80 mins
Finished 100.00 percent at task# 195/250 with total 1.80 mins
Finished 100.00 percent at task# 132/250 with total 3.34 mins
Start to stack ARD Tile 18TXM
A total of 0462 HLS images at /gpfs/sharedfs1/zhulab/Su/HLS14/18TXM
At task# 132/250 to process 2 images
A total of 0336 HLS images at /shared/cn450/DataHLSv1.4/15RXQ
At task# 163/250 to process 2 images
A total of 0336 HLS images at /shared/cn450/DataHLSv1.4/15RXQ
At task# 164/250 to process 2 images
Finished 50.00 percent at task# 97/250 with total 0.64 mins
Finished 100.00 percent at task# 129/250 with total 7.00 mins
Finished 100.00 percent at task# 130/250 with total 7.00 mins
Start to stack ARD Tile 15RXQ
Start to stack ARD Tile 15RXQ
A total of 0392 HLS images at /shared/cn450/DataHLSv1.4/14SPJ
A total of 0392 HLS images at /shared/cn450/DataHLSv1.4/14SPJ
A total of 0392 HLS images at /shared/cn450/DataHLSv1.4/14SPJ
A total of 0392 HLS images at /shared/cn450/DataHLSv1.4/14SPJ
A total of 0392 HLS images at /shared/cn450/DataHLSv1.4/14SPJ
A total of 0392 HLS images at /shared/cn450/DataHLSv1.4/14SPJ
At task# 62/250 to process 2 images
At task# 60/250 to process 2 images
At task# 61/250 to process 2 images
At task# 64/250 to process 2 images
At task# 63/250 to process 2 images
At task# 59/250 to process 2 images
Finished 50.00 percent at task# 38/250 with total 4.70 mins
Finished 50.00 percent at task# 162/250 with total 1.57 mins
Finished 100.00 percent at task# 131/250 with total 3.80 mins
Finished 100.00 percent at task# 133/250 with total 3.80 mins
Start to stack ARD Tile 18TXM
Start to stack ARD Tile 18TXM
A total of 0462 HLS images at /gpfs/sharedfs1/zhulab/Su/HLS14/18TXM
At task# 131/250 to process 2 images
A total of 0462 HLS images at /gpfs/sharedfs1/zhulab/Su/HLS14/18TXM
At task# 133/250 to process 2 images
Finished 100.00 percent at task# 159/250 with total 8.09 mins
Finished 50.00 percent at task# 161/250 with total 3.66 mins
Start to stack ARD Tile 15RXQ
A total of 0336 HLS images at /shared/cn450/DataHLSv1.4/15RXQ
At task# 159/250 to process 2 images
A total of 0336 HLS images at /shared/cn450/DataHLSv1.4/15RXQ
A total of 0336 HLS images at /shared/cn450/DataHLSv1.4/15RXQ
At task# 130/250 to process 2 images
At task# 129/250 to process 2 images
Finished 100.00 percent at task# 97/250 with total 1.32 mins
Finished 50.00 percent at task# 102/250 with total 2.49 mins
Finished 50.00 percent at task# 101/250 with total 2.49 mins
A total of 0392 HLS images at /shared/cn450/DataHLSv1.4/14SPJ
At task# 140/250 to process 2 images
Finished 100.00 percent at task# 127/250 with total 12.16 mins
Start to stack ARD Tile 14SPJ
Finished 50.00 percent at task# 79/250 with total 2.42 mins
Finished 100.00 percent at task# 139/250 with total 12.35 mins
Start to stack ARD Tile 14SPJ
Finished 50.00 percent at task# 82/250 with total 2.07 mins
Finished 50.00 percent at task# 120/250 with total 4.38 mins
Finished 50.00 percent at task# 81/250 with total 2.14 mins
Finished 50.00 percent at task# 142/250 with total 2.52 mins
A total of 0392 HLS images at /shared/cn450/DataHLSv1.4/14SPJ
At task# 247/250 to process -100 images
A total of 0392 HLS images at /shared/cn450/DataHLSv1.4/14SPJ
At task# 246/250 to process -98 images
A total of 0392 HLS images at /shared/cn450/DataHLSv1.4/14SPJ
At task# 248/250 to process -102 images
Finished 100.00 percent at task# 141/250 with total 3.33 mins
Start to stack ARD Tile 18TXM
Finished 50.00 percent at task# 143/250 with total 1.78 mins
A total of 0462 HLS images at /gpfs/sharedfs1/zhulab/Su/HLS14/18TXM
At task# 141/250 to process 2 images
Start to stack ARD Tile 15RXQ
Start to stack ARD Tile 15RXQ
Finished 100.00 percent at task# 123/250 with total 12.58 mins
Finished 100.00 percent at task# 125/250 with total 12.58 mins
Finished 100.00 percent at task# 124/250 with total 12.58 mins
Start to stack ARD Tile 15RXQ
Start to stack ARD Tile 14SPJ
Start to stack ARD Tile 14SPJ
Start to stack ARD Tile 14SPJ
Finished 100.00 percent at task# 115/250 with total 5.40 mins
Finished 50.00 percent at task# 132/250 with total 1.50 mins
Start to stack ARD Tile 18TXM
A total of 0462 HLS images at /gpfs/sharedfs1/zhulab/Su/HLS14/18TXM
At task# 115/250 to process 2 images
Finished 100.00 percent at task# 128/250 with total 4.10 mins
Start to stack ARD Tile 18TXM
A total of 0462 HLS images at /gpfs/sharedfs1/zhulab/Su/HLS14/18TXM
At task# 128/250 to process 2 images
Finished 50.00 percent at task# 171/250 with total 6.58 mins
Finished 50.00 percent at task# 170/250 with total 6.58 mins
Finished 50.00 percent at task# 172/250 with total 6.58 mins
Finished 50.00 percent at task# 169/250 with total 6.58 mins
Finished 100.00 percent at task# 160/250 with total 7.92 mins
Start to stack ARD Tile 15RXQ
A total of 0392 HLS images at /shared/cn450/DataHLSv1.4/14SPJ
At task# 49/250 to process 2 images
A total of 0392 HLS images at /shared/cn450/DataHLSv1.4/14SPJ
At task# 50/250 to process 2 images
Finished 100.00 percent at task# 126/250 with total 12.91 mins
Start to stack ARD Tile 14SPJ
Finished 100.00 percent at task# 55/250 with total 4.43 mins
Finished 100.00 percent at task# 56/250 with total 4.43 mins
Finished 50.00 percent at task# 133/250 with total 1.36 mins
Finished 50.00 percent at task# 131/250 with total 1.37 mins
Finished 100.00 percent at task# 114/250 with total 4.54 mins
Start to stack ARD Tile 18TXM
A total of 0392 HLS images at /shared/cn450/DataHLSv1.4/14SPJ
At task# 139/250 to process 2 images
A total of 0462 HLS images at /gpfs/sharedfs1/zhulab/Su/HLS14/18TXM
At task# 114/250 to process 2 images
Finished 50.00 percent at task# 104/250 with total 2.60 mins
Finished 50.00 percent at task# 103/250 with total 3.64 mins
Finished 50.00 percent at task# 100/250 with total 2.60 mins
Finished 100.00 percent at task# 58/250 with total 5.29 mins
Finished 100.00 percent at task# 57/250 with total 5.40 mins
Start to stack ARD Tile 18TXM
Start to stack ARD Tile 18TXM
A total of 0462 HLS images at /gpfs/sharedfs1/zhulab/Su/HLS14/18TXM
At task# 58/250 to process 2 images
A total of 0462 HLS images at /gpfs/sharedfs1/zhulab/Su/HLS14/18TXM
At task# 57/250 to process 2 images
A total of 0392 HLS images at /shared/cn450/DataHLSv1.4/13TCF
At task# 185/250 to process 2 images
A total of 0392 HLS images at /shared/cn450/DataHLSv1.4/13TCF
At task# 189/250 to process 2 images
A total of 0392 HLS images at /shared/cn450/DataHLSv1.4/13TCF
At task# 188/250 to process 2 images
A total of 0392 HLS images at /shared/cn450/DataHLSv1.4/13TCF
At task# 187/250 to process 2 images
A total of 0392 HLS images at /shared/cn450/DataHLSv1.4/13TCF
At task# 186/250 to process 2 images
A total of 0392 HLS images at /shared/cn450/DataHLSv1.4/14SPJ
At task# 127/250 to process 2 images
Finished 50.00 percent at task# 163/250 with total 1.96 mins
Finished 50.00 percent at task# 80/250 with total 2.53 mins
A total of 0336 HLS images at /shared/cn450/DataHLSv1.4/15RXQ
At task# 160/250 to process 2 images
Finished 100.00 percent at task# 174/250 with total 8.34 mins
Finished 100.00 percent at task# 175/250 with total 8.35 mins
Finished 100.00 percent at task# 176/250 with total 8.35 mins
Finished 100.00 percent at task# 173/250 with total 8.35 mins
Start to stack ARD Tile 15RXQ
Start to stack ARD Tile 15RXQ
Start to stack ARD Tile 15RXQ
Start to stack ARD Tile 15RXQ
Finished 50.00 percent at task# 39/250 with total 4.61 mins
A total of 0336 HLS images at /shared/cn450/DataHLSv1.4/15RXQ
A total of 0336 HLS images at /shared/cn450/DataHLSv1.4/15RXQ
A total of 0336 HLS images at /shared/cn450/DataHLSv1.4/15RXQ
A total of 0336 HLS images at /shared/cn450/DataHLSv1.4/15RXQ
At task# 176/250 to process -14 images
At task# 174/250 to process -10 images
At task# 175/250 to process -12 images
At task# 173/250 to process -8 images
Start to stack ARD Tile 18TXM
Start to stack ARD Tile 18TXM
Start to stack ARD Tile 18TXM
Start to stack ARD Tile 18TXM
A total of 0462 HLS images at /gpfs/sharedfs1/zhulab/Su/HLS14/18TXM
At task# 176/250 to process 2 images
A total of 0462 HLS images at /gpfs/sharedfs1/zhulab/Su/HLS14/18TXM
At task# 173/250 to process 2 images
A total of 0462 HLS images at /gpfs/sharedfs1/zhulab/Su/HLS14/18TXM
A total of 0462 HLS images at /gpfs/sharedfs1/zhulab/Su/HLS14/18TXM
At task# 175/250 to process 2 images
At task# 174/250 to process 2 images
Finished 100.00 percent at task# 113/250 with total 5.17 mins
Finished 100.00 percent at task# 116/250 with total 5.17 mins
Start to stack ARD Tile 18TXM
Start to stack ARD Tile 18TXM
Finished 50.00 percent at task# 129/250 with total 1.83 mins
Finished 50.00 percent at task# 159/250 with total 1.87 mins
A total of 0462 HLS images at /gpfs/sharedfs1/zhulab/Su/HLS14/18TXM
A total of 0462 HLS images at /gpfs/sharedfs1/zhulab/Su/HLS14/18TXM
At task# 116/250 to process 2 images
At task# 113/250 to process 2 images
A total of 0392 HLS images at /shared/cn450/DataHLSv1.4/14SPJ
At task# 124/250 to process 2 images
A total of 0392 HLS images at /shared/cn450/DataHLSv1.4/14SPJ
At task# 123/250 to process 2 images
A total of 0392 HLS images at /shared/cn450/DataHLSv1.4/14SPJ
At task# 125/250 to process 2 images
Finished 100.00 percent at task# 41/250 with total 9.25 mins
Start to stack ARD Tile 15RXQ
Finished 50.00 percent at task# 164/250 with total 2.57 mins
Finished 100.00 percent at task# 86/250 with total 7.11 mins
Finished 100.00 percent at task# 88/250 with total 7.11 mins
Finished 100.00 percent at task# 87/250 with total 7.10 mins
Start to stack ARD Tile 15RXQ
Start to stack ARD Tile 15RXQ
Start to stack ARD Tile 15RXQ
Finished 50.00 percent at task# 58/250 with total 0.81 mins
Finished 50.00 percent at task# 57/250 with total 0.80 mins
Finished 100.00 percent at task# 132/250 with total 2.76 mins
A total of 0336 HLS images at /shared/cn450/DataHLSv1.4/15RXQ
A total of 0336 HLS images at /shared/cn450/DataHLSv1.4/15RXQ
A total of 0336 HLS images at /shared/cn450/DataHLSv1.4/15RXQ
At task# 86/250 to process 2 images
At task# 87/250 to process 2 images
At task# 88/250 to process 2 images
Finished 50.00 percent at task# 93/250 with total 3.50 mins
Finished 50.00 percent at task# 92/250 with total 3.50 mins
Finished 50.00 percent at task# 91/250 with total 3.50 mins
Finished 100.00 percent at task# 42/250 with total 8.96 mins
Finished 100.00 percent at task# 142/250 with total 4.20 mins
Start to stack ARD Tile 15RXQ
Start to stack ARD Tile 18TXM
A total of 0462 HLS images at /gpfs/sharedfs1/zhulab/Su/HLS14/18TXM
At task# 142/250 to process 2 images
Finished 100.00 percent at task# 162/250 with total 4.18 mins
Start to stack ARD Tile 18TXM
Finished 100.00 percent at task# 131/250 with total 2.57 mins
Finished 100.00 percent at task# 133/250 with total 2.57 mins
Finished 50.00 percent at task# 130/250 with total 2.37 mins
A total of 0462 HLS images at /gpfs/sharedfs1/zhulab/Su/HLS14/18TXM
At task# 162/250 to process 2 images
A total of 0392 HLS images at /shared/cn450/DataHLSv1.4/14SPJ
At task# 126/250 to process 2 images
Finished 50.00 percent at task# 135/250 with total 6.50 mins
Finished 50.00 percent at task# 134/250 with total 6.50 mins
Finished 50.00 percent at task# 136/250 with total 6.50 mins
Finished 50.00 percent at task# 141/250 with total 1.74 mins
Finished 100.00 percent at task# 161/250 with total 6.31 mins
Start to stack ARD Tile 15RXQ
Finished 50.00 percent at task# 115/250 with total 1.79 mins
Finished 50.00 percent at task# 128/250 with total 1.89 mins
Finished 100.00 percent at task# 58/250 with total 1.60 mins
Finished 100.00 percent at task# 57/250 with total 1.59 mins
Finished 100.00 percent at task# 79/250 with total 4.90 mins
Finished 100.00 percent at task# 82/250 with total 4.50 mins
Start to stack ARD Tile 18TXM
A total of 0336 HLS images at /shared/cn450/DataHLSv1.4/15RXQ
At task# 41/250 to process 2 images
A total of 0336 HLS images at /shared/cn450/DataHLSv1.4/15RXQ
At task# 42/250 to process 2 images
A total of 0462 HLS images at /gpfs/sharedfs1/zhulab/Su/HLS14/18TXM
At task# 82/250 to process 2 images
Finished 50.00 percent at task# 40/250 with total 4.32 mins
Finished 100.00 percent at task# 102/250 with total 5.37 mins
Start to stack ARD Tile 18TXM
Finished 100.00 percent at task# 143/250 with total 4.06 mins
A total of 0462 HLS images at /gpfs/sharedfs1/zhulab/Su/HLS14/18TXM
At task# 102/250 to process 2 images
Start to stack ARD Tile 18TXM
A total of 0462 HLS images at /gpfs/sharedfs1/zhulab/Su/HLS14/18TXM
At task# 143/250 to process 2 images
A total of 0336 HLS images at /shared/cn450/DataHLSv1.4/15RXQ
At task# 161/250 to process 2 images
Finished 50.00 percent at task# 114/250 with total 1.90 mins
Finished 100.00 percent at task# 163/250 with total 3.74 mins
Start to stack ARD Tile 18TXM
A total of 0462 HLS images at /gpfs/sharedfs1/zhulab/Su/HLS14/18TXM
At task# 163/250 to process 2 images
Finished 50.00 percent at task# 176/250 with total 1.45 mins
Finished 50.00 percent at task# 174/250 with total 1.44 mins
Finished 50.00 percent at task# 173/250 with total 1.45 mins
Finished 50.00 percent at task# 175/250 with total 1.45 mins
Finished 50.00 percent at task# 160/250 with total 1.75 mins
Finished 100.00 percent at task# 45/250 with total 9.43 mins
Finished 100.00 percent at task# 46/250 with total 9.43 mins
Finished 100.00 percent at task# 43/250 with total 9.43 mins
Finished 100.00 percent at task# 44/250 with total 9.43 mins
Start to stack ARD Tile 15RXQ
Start to stack ARD Tile 15RXQ
Start to stack ARD Tile 15RXQ
Start to stack ARD Tile 15RXQ
Finished 100.00 percent at task# 48/250 with total 9.44 mins
Finished 100.00 percent at task# 47/250 with total 9.44 mins
Start to stack ARD Tile 15RXQ
Finished 100.00 percent at task# 81/250 with total 5.02 mins
Start to stack ARD Tile 15RXQ
Start to stack ARD Tile 18TXM
Finished 100.00 percent at task# 80/250 with total 4.61 mins
A total of 0462 HLS images at /gpfs/sharedfs1/zhulab/Su/HLS14/18TXM
At task# 81/250 to process 2 images
Finished 100.00 percent at task# 66/250 with total 14.37 mins
Finished 100.00 percent at task# 67/250 with total 14.37 mins
Finished 100.00 percent at task# 65/250 with total 14.37 mins
Start to stack ARD Tile 14SPJ
Start to stack ARD Tile 14SPJ
Start to stack ARD Tile 14SPJ
Finished 100.00 percent at task# 164/250 with total 4.10 mins
Start to stack ARD Tile 18TXM
A total of 0462 HLS images at /gpfs/sharedfs1/zhulab/Su/HLS14/18TXM
At task# 164/250 to process 2 images
A total of 0336 HLS images at /shared/cn450/DataHLSv1.4/15RXQ
A total of 0336 HLS images at /shared/cn450/DataHLSv1.4/15RXQ
A total of 0336 HLS images at /shared/cn450/DataHLSv1.4/15RXQ
A total of 0336 HLS images at /shared/cn450/DataHLSv1.4/15RXQ
A total of 0336 HLS images at /shared/cn450/DataHLSv1.4/15RXQ
A total of 0336 HLS images at /shared/cn450/DataHLSv1.4/15RXQ
At task# 43/250 to process 2 images
At task# 45/250 to process 2 images
At task# 46/250 to process 2 images
At task# 47/250 to process 2 images
At task# 44/250 to process 2 images
At task# 48/250 to process 2 images
Finished 50.00 percent at task# 61/250 with total 4.08 mins
Finished 50.00 percent at task# 64/250 with total 4.07 mins
Finished 50.00 percent at task# 62/250 with total 4.08 mins
Finished 50.00 percent at task# 60/250 with total 4.07 mins
Finished 50.00 percent at task# 63/250 with total 4.08 mins
Finished 50.00 percent at task# 59/250 with total 4.08 mins
Finished 50.00 percent at task# 113/250 with total 1.87 mins
Finished 50.00 percent at task# 116/250 with total 1.87 mins
Finished 100.00 percent at task# 101/250 with total 6.18 mins
Finished 100.00 percent at task# 103/250 with total 6.18 mins
Start to stack ARD Tile 18TXM
Start to stack ARD Tile 18TXM
A total of 0462 HLS images at /gpfs/sharedfs1/zhulab/Su/HLS14/18TXM
A total of 0462 HLS images at /gpfs/sharedfs1/zhulab/Su/HLS14/18TXM
At task# 101/250 to process 2 images
At task# 103/250 to process 2 images
Finished 50.00 percent at task# 142/250 with total 1.56 mins
Finished 50.00 percent at task# 162/250 with total 1.52 mins
Finished 100.00 percent at task# 130/250 with total 3.95 mins
Start to stack ARD Tile 18TXM
A total of 0462 HLS images at /gpfs/sharedfs1/zhulab/Su/HLS14/18TXM
At task# 130/250 to process 2 images
Finished 100.00 percent at task# 129/250 with total 4.01 mins
Start to stack ARD Tile 18TXM
A total of 0462 HLS images at /gpfs/sharedfs1/zhulab/Su/HLS14/18TXM
At task# 129/250 to process 2 images
Finished 100.00 percent at task# 141/250 with total 3.31 mins
Finished 50.00 percent at task# 82/250 with total 1.13 mins
Finished 100.00 percent at task# 159/250 with total 4.21 mins
Start to stack ARD Tile 18TXM
A total of 0462 HLS images at /gpfs/sharedfs1/zhulab/Su/HLS14/18TXM
At task# 159/250 to process 2 images
Finished 100.00 percent at task# 38/250 with total 9.19 mins
Start to stack ARD Tile 18TXM
Finished 100.00 percent at task# 175/250 with total 2.48 mins
Finished 100.00 percent at task# 174/250 with total 2.48 mins
A total of 0462 HLS images at /gpfs/sharedfs1/zhulab/Su/HLS14/18TXM
At task# 38/250 to process 2 images
Finished 100.00 percent at task# 173/250 with total 2.48 mins
Finished 100.00 percent at task# 176/250 with total 2.48 mins
Finished 100.00 percent at task# 128/250 with total 3.32 mins
Finished 100.00 percent at task# 165/250 with total 13.70 mins
Finished 100.00 percent at task# 166/250 with total 13.70 mins
Finished 100.00 percent at task# 167/250 with total 13.70 mins
Finished 100.00 percent at task# 168/250 with total 13.70 mins
Start to stack ARD Tile 14SPJ
Start to stack ARD Tile 14SPJ
Start to stack ARD Tile 14SPJ
Start to stack ARD Tile 14SPJ
Finished 100.00 percent at task# 100/250 with total 5.63 mins
Finished 100.00 percent at task# 104/250 with total 5.63 mins
Finished 100.00 percent at task# 115/250 with total 3.41 mins
Start to stack ARD Tile 18TXM
Start to stack ARD Tile 18TXM
A total of 0462 HLS images at /gpfs/sharedfs1/zhulab/Su/HLS14/18TXM
A total of 0462 HLS images at /gpfs/sharedfs1/zhulab/Su/HLS14/18TXM
At task# 100/250 to process 2 images
At task# 104/250 to process 2 images
Finished 50.00 percent at task# 143/250 with total 1.31 mins
A total of 0392 HLS images at /shared/cn450/DataHLSv1.4/14SPJ
A total of 0392 HLS images at /shared/cn450/DataHLSv1.4/14SPJ
A total of 0392 HLS images at /shared/cn450/DataHLSv1.4/14SPJ
A total of 0392 HLS images at /shared/cn450/DataHLSv1.4/14SPJ
At task# 165/250 to process 2 images
At task# 166/250 to process 2 images
At task# 167/250 to process 2 images
At task# 168/250 to process 2 images
Finished 50.00 percent at task# 81/250 with total 0.92 mins
Finished 50.00 percent at task# 144/250 with total 9.94 mins
Finished 50.00 percent at task# 163/250 with total 1.32 mins
Finished 100.00 percent at task# 114/250 with total 3.30 mins
A total of 0392 HLS images at /shared/cn450/DataHLSv1.4/14SPJ
At task# 65/250 to process 2 images
A total of 0392 HLS images at /shared/cn450/DataHLSv1.4/14SPJ
A total of 0392 HLS images at /shared/cn450/DataHLSv1.4/14SPJ
At task# 67/250 to process 2 images
At task# 66/250 to process 2 images
A total of 0336 HLS images at /shared/cn450/DataHLSv1.4/15RXQ
At task# 246/250 to process -154 images
A total of 0336 HLS images at /shared/cn450/DataHLSv1.4/15RXQ
At task# 247/250 to process -156 images
A total of 0336 HLS images at /shared/cn450/DataHLSv1.4/15RXQ
At task# 248/250 to process -158 images
Finished 100.00 percent at task# 160/250 with total 3.15 mins
Finished 50.00 percent at task# 129/250 with total 0.59 mins
Finished 50.00 percent at task# 130/250 with total 0.65 mins
Start to stack ARD Tile 18TXM
A total of 0462 HLS images at /gpfs/sharedfs1/zhulab/Su/HLS14/18TXM
At task# 160/250 to process 2 images
Start to stack ARD Tile 18TXM
Start to stack ARD Tile 18TXM
Start to stack ARD Tile 18TXM
Finished 50.00 percent at task# 102/250 with total 1.64 mins
A total of 0462 HLS images at /gpfs/sharedfs1/zhulab/Su/HLS14/18TXM
At task# 246/250 to process -28 images
A total of 0462 HLS images at /gpfs/sharedfs1/zhulab/Su/HLS14/18TXM
At task# 247/250 to process -30 images
Finished 100.00 percent at task# 113/250 with total 2.81 mins
Finished 100.00 percent at task# 116/250 with total 2.81 mins
A total of 0462 HLS images at /gpfs/sharedfs1/zhulab/Su/HLS14/18TXM
At task# 248/250 to process -32 images
Finished 100.00 percent at task# 142/250 with total 2.32 mins
Finished 50.00 percent at task# 161/250 with total 1.67 mins
Finished 50.00 percent at task# 164/250 with total 1.26 mins
Finished 100.00 percent at task# 82/250 with total 1.83 mins
Finished 50.00 percent at task# 88/250 with total 2.66 mins
Finished 50.00 percent at task# 87/250 with total 2.66 mins
Finished 50.00 percent at task# 49/250 with total 3.73 mins
Finished 50.00 percent at task# 50/250 with total 3.73 mins
Finished 100.00 percent at task# 143/250 with total 1.84 mins
Finished 100.00 percent at task# 81/250 with total 1.44 mins
Finished 100.00 percent at task# 162/250 with total 2.55 mins
Finished 100.00 percent at task# 39/250 with total 7.84 mins
Start to stack ARD Tile 18TXM
A total of 0462 HLS images at /gpfs/sharedfs1/zhulab/Su/HLS14/18TXM
At task# 39/250 to process 2 images
Finished 50.00 percent at task# 183/250 with total 9.35 mins
Finished 50.00 percent at task# 178/250 with total 9.35 mins
Finished 50.00 percent at task# 184/250 with total 9.35 mins
Finished 50.00 percent at task# 182/250 with total 9.36 mins
Finished 50.00 percent at task# 180/250 with total 9.36 mins
Finished 50.00 percent at task# 181/250 with total 9.36 mins
Finished 50.00 percent at task# 179/250 with total 9.36 mins
Finished 50.00 percent at task# 103/250 with total 1.23 mins
Finished 50.00 percent at task# 101/250 with total 1.23 mins
Finished 50.00 percent at task# 140/250 with total 4.75 mins
Finished 100.00 percent at task# 120/250 with total 8.95 mins
Start to stack ARD Tile 15RXQ
Finished 50.00 percent at task# 159/250 with total 0.91 mins
A total of 0336 HLS images at /shared/cn450/DataHLSv1.4/15RXQ
At task# 120/250 to process 2 images
Finished 50.00 percent at task# 86/250 with total 3.02 mins
Finished 50.00 percent at task# 125/250 with total 3.27 mins
Finished 50.00 percent at task# 124/250 with total 3.27 mins
Finished 100.00 percent at task# 129/250 with total 1.15 mins
Finished 100.00 percent at task# 130/250 with total 1.21 mins
Finished 100.00 percent at task# 163/250 with total 2.05 mins
Finished 100.00 percent at task# 91/250 with total 6.54 mins
Finished 100.00 percent at task# 93/250 with total 6.54 mins
Finished 100.00 percent at task# 92/250 with total 6.54 mins
Start to stack ARD Tile 15RXQ
Start to stack ARD Tile 15RXQ
Start to stack ARD Tile 15RXQ
Finished 50.00 percent at task# 123/250 with total 3.35 mins
Finished 100.00 percent at task# 134/250 with total 9.33 mins
Finished 100.00 percent at task# 135/250 with total 9.33 mins
Finished 100.00 percent at task# 136/250 with total 9.33 mins
Start to stack ARD Tile 15RXQ
Start to stack ARD Tile 15RXQ
Start to stack ARD Tile 15RXQ
Finished 50.00 percent at task# 41/250 with total 2.34 mins
Finished 50.00 percent at task# 42/250 with total 2.34 mins
Finished 100.00 percent at task# 40/250 with total 6.64 mins
Start to stack ARD Tile 18TXM
A total of 0336 HLS images at /shared/cn450/DataHLSv1.4/15RXQ
A total of 0336 HLS images at /shared/cn450/DataHLSv1.4/15RXQ
A total of 0336 HLS images at /shared/cn450/DataHLSv1.4/15RXQ
At task# 135/250 to process 2 images
At task# 134/250 to process 2 images
At task# 136/250 to process 2 images
A total of 0462 HLS images at /gpfs/sharedfs1/zhulab/Su/HLS14/18TXM
At task# 40/250 to process 2 images
Finished 100.00 percent at task# 164/250 with total 1.82 mins
Finished 50.00 percent at task# 104/250 with total 1.08 mins
Finished 50.00 percent at task# 100/250 with total 1.08 mins
Finished 100.00 percent at task# 171/250 with total 11.04 mins
Finished 100.00 percent at task# 169/250 with total 11.04 mins
Finished 100.00 percent at task# 172/250 with total 11.04 mins
Finished 100.00 percent at task# 170/250 with total 11.05 mins
Start to stack ARD Tile 14SPJ
Start to stack ARD Tile 14SPJ
Start to stack ARD Tile 14SPJ
Start to stack ARD Tile 14SPJ
Finished 50.00 percent at task# 139/250 with total 4.23 mins
Finished 100.00 percent at task# 161/250 with total 2.38 mins
Start to stack ARD Tile 18TXM
Finished 50.00 percent at task# 38/250 with total 1.21 mins
A total of 0462 HLS images at /gpfs/sharedfs1/zhulab/Su/HLS14/18TXM
At task# 161/250 to process 2 images
Finished 50.00 percent at task# 160/250 with total 0.83 mins
Finished 100.00 percent at task# 102/250 with total 2.54 mins
Finished 50.00 percent at task# 148/250 with total 6.64 mins
Finished 50.00 percent at task# 147/250 with total 6.63 mins
Finished 50.00 percent at task# 150/250 with total 6.64 mins
Finished 50.00 percent at task# 155/250 with total 6.64 mins
Finished 50.00 percent at task# 151/250 with total 6.63 mins
Finished 50.00 percent at task# 157/250 with total 6.64 mins
Finished 50.00 percent at task# 149/250 with total 6.64 mins
Finished 50.00 percent at task# 153/250 with total 6.64 mins
Finished 50.00 percent at task# 154/250 with total 6.65 mins
A total of 0336 HLS images at /shared/cn450/DataHLSv1.4/15RXQ
A total of 0336 HLS images at /shared/cn450/DataHLSv1.4/15RXQ
At task# 91/250 to process 2 images
A total of 0336 HLS images at /shared/cn450/DataHLSv1.4/15RXQ
At task# 93/250 to process 2 images
At task# 92/250 to process 2 images
Finished 50.00 percent at task# 152/250 with total 6.64 mins
Finished 50.00 percent at task# 156/250 with total 6.64 mins
Finished 100.00 percent at task# 159/250 with total 1.43 mins
Finished 100.00 percent at task# 103/250 with total 1.87 mins
Finished 100.00 percent at task# 101/250 with total 1.88 mins
Finished 50.00 percent at task# 161/250 with total 0.28 mins
Finished 100.00 percent at task# 104/250 with total 1.43 mins
Finished 100.00 percent at task# 87/250 with total 3.65 mins
Start to stack ARD Tile 18TXM
A total of 0462 HLS images at /gpfs/sharedfs1/zhulab/Su/HLS14/18TXM
At task# 87/250 to process 2 images
Finished 50.00 percent at task# 39/250 with total 0.86 mins
A total of 0392 HLS images at /shared/cn450/DataHLSv1.4/14SPJ
A total of 0392 HLS images at /shared/cn450/DataHLSv1.4/14SPJ
At task# 171/250 to process 2 images
At task# 170/250 to process 2 images
A total of 0392 HLS images at /shared/cn450/DataHLSv1.4/14SPJ
A total of 0392 HLS images at /shared/cn450/DataHLSv1.4/14SPJ
At task# 172/250 to process 2 images
At task# 169/250 to process 2 images
Finished 50.00 percent at task# 127/250 with total 4.53 mins
Finished 50.00 percent at task# 126/250 with total 3.50 mins
Finished 50.00 percent at task# 47/250 with total 2.36 mins
Finished 50.00 percent at task# 45/250 with total 2.36 mins
Finished 50.00 percent at task# 46/250 with total 2.36 mins
Finished 50.00 percent at task# 44/250 with total 2.36 mins
Finished 50.00 percent at task# 48/250 with total 2.36 mins
Finished 50.00 percent at task# 43/250 with total 2.39 mins
Finished 50.00 percent at task# 135/250 with total 0.67 mins
Finished 50.00 percent at task# 40/250 with total 0.66 mins
Finished 100.00 percent at task# 161/250 with total 0.52 mins
Finished 50.00 percent at task# 120/250 with total 0.84 mins
Finished 100.00 percent at task# 86/250 with total 3.87 mins
Start to stack ARD Tile 18TXM
A total of 0462 HLS images at /gpfs/sharedfs1/zhulab/Su/HLS14/18TXM
At task# 86/250 to process 2 images
Finished 100.00 percent at task# 63/250 with total 6.43 mins
Finished 100.00 percent at task# 64/250 with total 6.44 mins
Finished 100.00 percent at task# 62/250 with total 6.44 mins
Finished 100.00 percent at task# 60/250 with total 6.44 mins
Start to stack ARD Tile 15RXQ
Start to stack ARD Tile 15RXQ
Start to stack ARD Tile 15RXQ
Start to stack ARD Tile 15RXQ
Finished 100.00 percent at task# 59/250 with total 6.43 mins
Finished 100.00 percent at task# 61/250 with total 6.44 mins
Start to stack ARD Tile 15RXQ
Start to stack ARD Tile 15RXQ
Finished 50.00 percent at task# 67/250 with total 1.51 mins
Finished 50.00 percent at task# 134/250 with total 0.75 mins
Finished 50.00 percent at task# 65/250 with total 1.51 mins
Finished 50.00 percent at task# 66/250 with total 1.51 mins
Finished 100.00 percent at task# 38/250 with total 1.81 mins
A total of 0336 HLS images at /shared/cn450/DataHLSv1.4/15RXQ
A total of 0336 HLS images at /shared/cn450/DataHLSv1.4/15RXQ
A total of 0336 HLS images at /shared/cn450/DataHLSv1.4/15RXQ
A total of 0336 HLS images at /shared/cn450/DataHLSv1.4/15RXQ
A total of 0336 HLS images at /shared/cn450/DataHLSv1.4/15RXQ
A total of 0336 HLS images at /shared/cn450/DataHLSv1.4/15RXQ
At task# 64/250 to process 2 images
At task# 61/250 to process 2 images
At task# 62/250 to process 2 images
At task# 63/250 to process 2 images
At task# 60/250 to process 2 images
At task# 59/250 to process 2 images
Finished 100.00 percent at task# 88/250 with total 3.98 mins
Start to stack ARD Tile 18TXM
A total of 0462 HLS images at /gpfs/sharedfs1/zhulab/Su/HLS14/18TXM
At task# 88/250 to process 2 images
Finished 100.00 percent at task# 42/250 with total 3.21 mins
Finished 100.00 percent at task# 41/250 with total 3.21 mins
Start to stack ARD Tile 18TXM
Start to stack ARD Tile 18TXM
Finished 100.00 percent at task# 140/250 with total 5.85 mins
Start to stack ARD Tile 15RXQ
Finished 100.00 percent at task# 160/250 with total 1.58 mins
Finished 100.00 percent at task# 100/250 with total 1.92 mins
Finished 50.00 percent at task# 187/250 with total 4.95 mins
Finished 50.00 percent at task# 188/250 with total 4.95 mins
Finished 50.00 percent at task# 189/250 with total 4.95 mins
Finished 50.00 percent at task# 186/250 with total 4.95 mins
Finished 50.00 percent at task# 185/250 with total 4.95 mins
Finished 50.00 percent at task# 136/250 with total 0.99 mins
Finished 50.00 percent at task# 92/250 with total 0.74 mins
Finished 100.00 percent at task# 40/250 with total 1.00 mins
A total of 0336 HLS images at /shared/cn450/DataHLSv1.4/15RXQ
At task# 140/250 to process 2 images
Finished 100.00 percent at task# 124/250 with total 4.45 mins
Finished 100.00 percent at task# 123/250 with total 4.45 mins
Finished 100.00 percent at task# 125/250 with total 4.45 mins
Start to stack ARD Tile 15RXQ
Start to stack ARD Tile 15RXQ
Start to stack ARD Tile 15RXQ
Finished 50.00 percent at task# 91/250 with total 0.79 mins
A total of 0462 HLS images at /gpfs/sharedfs1/zhulab/Su/HLS14/18TXM
A total of 0462 HLS images at /gpfs/sharedfs1/zhulab/Su/HLS14/18TXM
At task# 41/250 to process 2 images
At task# 42/250 to process 2 images
Finished 100.00 percent at task# 139/250 with total 5.23 mins
Start to stack ARD Tile 15RXQ
Finished 100.00 percent at task# 50/250 with total 5.43 mins
Finished 100.00 percent at task# 49/250 with total 5.43 mins
Start to stack ARD Tile 15RXQ
Start to stack ARD Tile 15RXQ
A total of 0336 HLS images at /shared/cn450/DataHLSv1.4/15RXQ
At task# 125/250 to process 2 images
A total of 0336 HLS images at /shared/cn450/DataHLSv1.4/15RXQ
At task# 123/250 to process 2 images
A total of 0336 HLS images at /shared/cn450/DataHLSv1.4/15RXQ
At task# 124/250 to process 2 images
Finished 50.00 percent at task# 93/250 with total 0.98 mins
A total of 0336 HLS images at /shared/cn450/DataHLSv1.4/15RXQ
At task# 139/250 to process 2 images
Finished 100.00 percent at task# 135/250 with total 1.35 mins
Start to stack ARD Tile 18TXM
A total of 0462 HLS images at /gpfs/sharedfs1/zhulab/Su/HLS14/18TXM
At task# 135/250 to process 2 images
Finished 50.00 percent at task# 87/250 with total 0.86 mins
Finished 100.00 percent at task# 39/250 with total 1.71 mins
Finished 50.00 percent at task# 42/250 with total 0.31 mins
Finished 50.00 percent at task# 41/250 with total 0.31 mins
A total of 0336 HLS images at /shared/cn450/DataHLSv1.4/15RXQ
A total of 0336 HLS images at /shared/cn450/DataHLSv1.4/15RXQ
At task# 49/250 to process 2 images
At task# 50/250 to process 2 images
Finished 50.00 percent at task# 86/250 with total 0.76 mins
Finished 50.00 percent at task# 88/250 with total 0.65 mins
Finished 50.00 percent at task# 167/250 with total 2.44 mins
Finished 50.00 percent at task# 168/250 with total 2.44 mins
Finished 100.00 percent at task# 120/250 with total 1.65 mins
Start to stack ARD Tile 18TXM
Finished 50.00 percent at task# 165/250 with total 2.44 mins
Finished 50.00 percent at task# 166/250 with total 2.44 mins
A total of 0462 HLS images at /gpfs/sharedfs1/zhulab/Su/HLS14/18TXM
At task# 120/250 to process 2 images
Finished 100.00 percent at task# 136/250 with total 1.52 mins
Start to stack ARD Tile 18TXM
Finished 100.00 percent at task# 127/250 with total 5.51 mins
A total of 0462 HLS images at /gpfs/sharedfs1/zhulab/Su/HLS14/18TXM
At task# 136/250 to process 2 images
Start to stack ARD Tile 15RXQ
Finished 100.00 percent at task# 126/250 with total 4.45 mins
Start to stack ARD Tile 15RXQ
Finished 50.00 percent at task# 140/250 with total 0.55 mins
Finished 100.00 percent at task# 41/250 with total 0.56 mins
Finished 100.00 percent at task# 42/250 with total 0.56 mins
Finished 100.00 percent at task# 183/250 with total 11.29 mins
Start to stack ARD Tile 14SPJ
Finished 100.00 percent at task# 182/250 with total 11.29 mins
Finished 100.00 percent at task# 181/250 with total 11.29 mins
Finished 100.00 percent at task# 179/250 with total 11.28 mins
Finished 100.00 percent at task# 180/250 with total 11.29 mins
Finished 100.00 percent at task# 184/250 with total 11.29 mins
Start to stack ARD Tile 14SPJ
Start to stack ARD Tile 14SPJ
Start to stack ARD Tile 14SPJ
Start to stack ARD Tile 14SPJ
Start to stack ARD Tile 14SPJ
Finished 100.00 percent at task# 178/250 with total 11.29 mins
Start to stack ARD Tile 14SPJ
Finished 100.00 percent at task# 92/250 with total 1.41 mins
Start to stack ARD Tile 18TXM
Finished 100.00 percent at task# 144/250 with total 12.50 mins
Start to stack ARD Tile 14SPJ
A total of 0462 HLS images at /gpfs/sharedfs1/zhulab/Su/HLS14/18TXM
At task# 92/250 to process 2 images
A total of 0392 HLS images at /shared/cn450/DataHLSv1.4/14SPJ
A total of 0392 HLS images at /shared/cn450/DataHLSv1.4/14SPJ
A total of 0392 HLS images at /shared/cn450/DataHLSv1.4/14SPJ
A total of 0392 HLS images at /shared/cn450/DataHLSv1.4/14SPJ
A total of 0392 HLS images at /shared/cn450/DataHLSv1.4/14SPJ
A total of 0392 HLS images at /shared/cn450/DataHLSv1.4/14SPJ
A total of 0392 HLS images at /shared/cn450/DataHLSv1.4/14SPJ
At task# 180/250 to process 2 images
At task# 182/250 to process 2 images
At task# 181/250 to process 2 images
At task# 179/250 to process 2 images
At task# 183/250 to process 2 images
At task# 184/250 to process 2 images
At task# 178/250 to process 2 images
Finished 100.00 percent at task# 134/250 with total 1.69 mins
Start to stack ARD Tile 18TXM
A total of 0336 HLS images at /shared/cn450/DataHLSv1.4/15RXQ
At task# 126/250 to process 2 images
A total of 0336 HLS images at /shared/cn450/DataHLSv1.4/15RXQ
At task# 127/250 to process 2 images
A total of 0392 HLS images at /shared/cn450/DataHLSv1.4/14SPJ
At task# 144/250 to process 2 images
A total of 0462 HLS images at /gpfs/sharedfs1/zhulab/Su/HLS14/18TXM
At task# 134/250 to process 2 images
Finished 100.00 percent at task# 93/250 with total 1.57 mins
Start to stack ARD Tile 18TXM
A total of 0462 HLS images at /gpfs/sharedfs1/zhulab/Su/HLS14/18TXM
At task# 93/250 to process 2 images
Finished 50.00 percent at task# 64/250 with total 1.11 mins
Finished 100.00 percent at task# 45/250 with total 3.63 mins
Finished 100.00 percent at task# 48/250 with total 3.63 mins
Finished 100.00 percent at task# 46/250 with total 3.63 mins
Start to stack ARD Tile 18TXM
Start to stack ARD Tile 18TXM
Start to stack ARD Tile 18TXM
A total of 0462 HLS images at /gpfs/sharedfs1/zhulab/Su/HLS14/18TXM
At task# 45/250 to process 2 images
A total of 0462 HLS images at /gpfs/sharedfs1/zhulab/Su/HLS14/18TXM
At task# 46/250 to process 2 images
A total of 0462 HLS images at /gpfs/sharedfs1/zhulab/Su/HLS14/18TXM
At task# 48/250 to process 2 images
Finished 100.00 percent at task# 44/250 with total 3.66 mins
Finished 100.00 percent at task# 47/250 with total 3.66 mins
Finished 100.00 percent at task# 43/250 with total 3.66 mins
Start to stack ARD Tile 18TXM
Start to stack ARD Tile 18TXM
Finished 50.00 percent at task# 124/250 with total 0.67 mins
Start to stack ARD Tile 18TXM
Finished 100.00 percent at task# 91/250 with total 1.67 mins
Start to stack ARD Tile 18TXM
A total of 0462 HLS images at /gpfs/sharedfs1/zhulab/Su/HLS14/18TXM
A total of 0462 HLS images at /gpfs/sharedfs1/zhulab/Su/HLS14/18TXM
A total of 0462 HLS images at /gpfs/sharedfs1/zhulab/Su/HLS14/18TXM
At task# 47/250 to process 2 images
At task# 43/250 to process 2 images
At task# 44/250 to process 2 images
A total of 0462 HLS images at /gpfs/sharedfs1/zhulab/Su/HLS14/18TXM
At task# 91/250 to process 2 images
Finished 50.00 percent at task# 123/250 with total 0.72 mins
Finished 50.00 percent at task# 135/250 with total 0.60 mins
Finished 100.00 percent at task# 87/250 with total 1.47 mins
Finished 100.00 percent at task# 86/250 with total 1.28 mins
Finished 100.00 percent at task# 88/250 with total 1.16 mins
Finished 50.00 percent at task# 62/250 with total 1.25 mins
Finished 50.00 percent at task# 59/250 with total 1.25 mins
Finished 50.00 percent at task# 63/250 with total 1.25 mins
Finished 50.00 percent at task# 61/250 with total 1.25 mins
Finished 50.00 percent at task# 60/250 with total 1.26 mins
Finished 50.00 percent at task# 139/250 with total 0.74 mins
Finished 100.00 percent at task# 67/250 with total 2.79 mins
Finished 100.00 percent at task# 65/250 with total 2.80 mins
Finished 100.00 percent at task# 66/250 with total 2.79 mins
Start to stack ARD Tile 15RXQ
Start to stack ARD Tile 15RXQ
Start to stack ARD Tile 15RXQ
Finished 50.00 percent at task# 125/250 with total 0.85 mins
Finished 50.00 percent at task# 136/250 with total 0.56 mins
Finished 50.00 percent at task# 92/250 with total 0.47 mins
Finished 50.00 percent at task# 49/250 with total 0.75 mins
Finished 50.00 percent at task# 50/250 with total 0.78 mins
Finished 100.00 percent at task# 152/250 with total 8.60 mins
Finished 100.00 percent at task# 157/250 with total 8.60 mins
Finished 100.00 percent at task# 148/250 with total 8.60 mins
Finished 100.00 percent at task# 151/250 with total 8.59 mins
Finished 100.00 percent at task# 155/250 with total 8.60 mins
Finished 100.00 percent at task# 149/250 with total 8.60 mins
Start to stack ARD Tile 14SPJ
Start to stack ARD Tile 14SPJ
Start to stack ARD Tile 14SPJ
Start to stack ARD Tile 14SPJ
Start to stack ARD Tile 14SPJ
Start to stack ARD Tile 14SPJ
Finished 50.00 percent at task# 93/250 with total 0.39 mins
Finished 50.00 percent at task# 120/250 with total 0.75 mins
Finished 100.00 percent at task# 140/250 with total 1.25 mins
Start to stack ARD Tile 18TXM
Finished 50.00 percent at task# 91/250 with total 0.34 mins
Finished 50.00 percent at task# 134/250 with total 0.58 mins
Finished 100.00 percent at task# 150/250 with total 8.68 mins
Finished 100.00 percent at task# 153/250 with total 8.67 mins
Finished 100.00 percent at task# 154/250 with total 8.68 mins
Finished 100.00 percent at task# 147/250 with total 8.67 mins
Finished 100.00 percent at task# 156/250 with total 8.67 mins
A total of 0462 HLS images at /gpfs/sharedfs1/zhulab/Su/HLS14/18TXM
At task# 140/250 to process 2 images
Start to stack ARD Tile 14SPJ
Start to stack ARD Tile 14SPJ
Start to stack ARD Tile 14SPJ
Start to stack ARD Tile 14SPJ
Start to stack ARD Tile 14SPJ
Finished 50.00 percent at task# 127/250 with total 0.60 mins
A total of 0336 HLS images at /shared/cn450/DataHLSv1.4/15RXQ
At task# 67/250 to process 2 images
A total of 0336 HLS images at /shared/cn450/DataHLSv1.4/15RXQ
At task# 66/250 to process 2 images
A total of 0336 HLS images at /shared/cn450/DataHLSv1.4/15RXQ
At task# 65/250 to process 2 images
Finished 50.00 percent at task# 126/250 with total 0.62 mins
Finished 100.00 percent at task# 186/250 with total 6.36 mins
Finished 100.00 percent at task# 187/250 with total 6.37 mins
Finished 100.00 percent at task# 189/250 with total 6.37 mins
Finished 100.00 percent at task# 188/250 with total 6.37 mins
Start to stack ARD Tile 14SPJ
Start to stack ARD Tile 14SPJ
Start to stack ARD Tile 14SPJ
Start to stack ARD Tile 14SPJ
Finished 100.00 percent at task# 124/250 with total 1.19 mins
Start to stack ARD Tile 18TXM
A total of 0462 HLS images at /gpfs/sharedfs1/zhulab/Su/HLS14/18TXM
At task# 124/250 to process 2 images
Finished 100.00 percent at task# 185/250 with total 6.42 mins
Start to stack ARD Tile 14SPJ
Finished 100.00 percent at task# 92/250 with total 0.77 mins
Finished 100.00 percent at task# 139/250 with total 1.19 mins
Start to stack ARD Tile 18TXM
Finished 100.00 percent at task# 135/250 with total 1.11 mins
Finished 50.00 percent at task# 170/250 with total 1.95 mins
Finished 50.00 percent at task# 172/250 with total 1.95 mins
A total of 0392 HLS images at /shared/cn450/DataHLSv1.4/14SPJ
A total of 0392 HLS images at /shared/cn450/DataHLSv1.4/14SPJ
A total of 0392 HLS images at /shared/cn450/DataHLSv1.4/14SPJ
A total of 0392 HLS images at /shared/cn450/DataHLSv1.4/14SPJ
At task# 154/250 to process 2 images
At task# 148/250 to process 2 images
At task# 155/250 to process 2 images
A total of 0392 HLS images at /shared/cn450/DataHLSv1.4/14SPJ
A total of 0392 HLS images at /shared/cn450/DataHLSv1.4/14SPJ
A total of 0392 HLS images at /shared/cn450/DataHLSv1.4/14SPJ
At task# 153/250 to process 2 images
At task# 152/250 to process 2 images
At task# 156/250 to process 2 images
At task# 157/250 to process 2 images
A total of 0392 HLS images at /shared/cn450/DataHLSv1.4/14SPJ
A total of 0392 HLS images at /shared/cn450/DataHLSv1.4/14SPJ
A total of 0392 HLS images at /shared/cn450/DataHLSv1.4/14SPJ
A total of 0392 HLS images at /shared/cn450/DataHLSv1.4/14SPJ
At task# 147/250 to process 2 images
At task# 151/250 to process 2 images
At task# 150/250 to process 2 images
At task# 149/250 to process 2 images
A total of 0462 HLS images at /gpfs/sharedfs1/zhulab/Su/HLS14/18TXM
At task# 139/250 to process 2 images
Finished 50.00 percent at task# 47/250 with total 0.56 mins
Finished 50.00 percent at task# 45/250 with total 0.60 mins
Finished 50.00 percent at task# 46/250 with total 0.60 mins
Finished 50.00 percent at task# 48/250 with total 0.60 mins
Finished 50.00 percent at task# 171/250 with total 1.97 mins
Finished 100.00 percent at task# 93/250 with total 0.66 mins
Finished 50.00 percent at task# 169/250 with total 1.97 mins
Finished 100.00 percent at task# 91/250 with total 0.60 mins
Finished 100.00 percent at task# 136/250 with total 1.01 mins
Finished 50.00 percent at task# 43/250 with total 0.67 mins
Finished 50.00 percent at task# 44/250 with total 0.67 mins
Finished 100.00 percent at task# 168/250 with total 3.57 mins
Start to stack ARD Tile 15RXQ
Finished 100.00 percent at task# 167/250 with total 3.58 mins
Start to stack ARD Tile 15RXQ
Finished 100.00 percent at task# 165/250 with total 3.59 mins
Start to stack ARD Tile 15RXQ
A total of 0336 HLS images at /shared/cn450/DataHLSv1.4/15RXQ
A total of 0336 HLS images at /shared/cn450/DataHLSv1.4/15RXQ
At task# 168/250 to process 2 images
At task# 167/250 to process 2 images
Finished 100.00 percent at task# 166/250 with total 3.60 mins
Start to stack ARD Tile 15RXQ
A total of 0336 HLS images at /shared/cn450/DataHLSv1.4/15RXQ
At task# 165/250 to process 2 images
Finished 100.00 percent at task# 125/250 with total 1.42 mins
Start to stack ARD Tile 18TXM
A total of 0336 HLS images at /shared/cn450/DataHLSv1.4/15RXQ
At task# 166/250 to process 2 images
A total of 0462 HLS images at /gpfs/sharedfs1/zhulab/Su/HLS14/18TXM
At task# 125/250 to process 2 images
Finished 100.00 percent at task# 134/250 with total 1.00 mins
Finished 100.00 percent at task# 123/250 with total 1.47 mins
Start to stack ARD Tile 18TXM
# 140/250 with total 0.42 mins
A total of 0462 HLS images at /gpfs/sharedfs1/zhulab/Su/HLS14/18TXM
At task# 123/250 to process 2 images
Finished 100.00 percent at task# 120/250 with total 1.29 mins
Finished 50.00 percent at task# 139/250 with total 0.33 mins
Finished 100.00 percent at task# 63/250 with total 2.14 mins
Start to stack ARD Tile 18TXM
Finished 100.00 percent at task# 64/250 with total 2.14 mins
Start to stack ARD Tile 18TXM
Finished 100.00 percent at task# 127/250 with total 1.21 mins
Start to stack ARD Tile 18TXM
A total of 0462 HLS images at /gpfs/sharedfs1/zhulab/Su/HLS14/18TXM
At task# 63/250 to process 2 images
A total of 0392 HLS images at /shared/cn450/DataHLSv1.4/14SPJ
A total of 0392 HLS images at /shared/cn450/DataHLSv1.4/14SPJ
At task# 189/250 to process 2 images
A total of 0392 HLS images at /shared/cn450/DataHLSv1.4/14SPJ
A total of 0392 HLS images at /shared/cn450/DataHLSv1.4/14SPJ
At task# 188/250 to process 2 images
At task# 186/250 to process 2 images
At task# 185/250 to process 2 images
A total of 0392 HLS images at /shared/cn450/DataHLSv1.4/14SPJ
At task# 187/250 to process 2 images
A total of 0462 HLS images at /gpfs/sharedfs1/zhulab/Su/HLS14/18TXM
At task# 127/250 to process 2 images
A total of 0462 HLS images at /gpfs/sharedfs1/zhulab/Su/HLS14/18TXM
At task# 64/250 to process 2 images
Finished 100.00 percent at task# 49/250 with total 1.48 mins
Start to stack ARD Tile 18TXM
A total of 0462 HLS images at /gpfs/sharedfs1/zhulab/Su/HLS14/18TXM
At task# 49/250 to process 2 images
Finished 100.00 percent at task# 140/250 with total 0.65 mins
Start to stack ARD Tile 18TXM
Finished 100.00 percent at task# 45/250 with total 1.06 mins
Finished 100.00 percent at task# 47/250 with total 1.02 mins
Finished 100.00 percent at task# 48/250 with total 1.05 mins
Finished 100.00 percent at task# 46/250 with total 1.05 mins
A total of 0462 HLS images at /gpfs/sharedfs1/zhulab/Su/HLS14/18TXM
At task# 50/250 to process 2 images
Finished 50.00 percent at task# 124/250 with total 0.52 mins
Finished 100.00 percent at task# 44/250 with total 1.04 mins
Finished 100.00 percent at task# 43/250 with total 1.04 mins
Finished 100.00 percent at task# 61/250 with total 2.24 mins
Finished 50.00 percent at task# 65/250 with total 0.69 mins
Start to stack ARD Tile 18TXM
Finished 100.00 percent at task# 126/250 with total 1.30 mins
Start to stack ARD Tile 18TXM
Finished 100.00 percent at task# 139/250 with total 0.52 mins
A total of 0462 HLS images at /gpfs/sharedfs1/zhulab/Su/HLS14/18TXM
At task# 61/250 to process 2 images
A total of 0462 HLS images at /gpfs/sharedfs1/zhulab/Su/HLS14/18TXM
At task# 126/250 to process 2 images
Finished 100.00 percent at task# 59/250 with total 2.26 mins
Start to stack ARD Tile 18TXM
A total of 0462 HLS images at /gpfs/sharedfs1/zhulab/Su/HLS14/18TXM
At task# 59/250 to process 2 images
Finished 100.00 percent at task# 60/250 with total 2.28 mins
Finished 100.00 percent at task# 62/250 with total 2.28 mins
Start to stack ARD Tile 18TXM
Start to stack ARD Tile 18TXM
Finished 50.00 percent at task# 125/250 with total 0.38 mins
Finished 50.00 percent at task# 123/250 with total 0.33 mins
A total of 0462 HLS images at /gpfs/sharedfs1/zhulab/Su/HLS14/18TXM
A total of 0462 HLS images at /gpfs/sharedfs1/zhulab/Su/HLS14/18TXM
At task# 60/250 to process 2 images
At task# 62/250 to process 2 images
Finished 50.00 percent at task# 66/250 with total 0.78 mins
Finished 50.00 percent at task# 67/250 with total 0.78 mins
Finished 50.00 percent at task# 49/250 with total 0.18 mins
Finished 50.00 percent at task# 50/250 with total 0.19 mins
Finished 50.00 percent at task# 165/250 with total 0.50 mins
Finished 50.00 percent at task# 168/250 with total 0.50 mins
Finished 50.00 percent at task# 166/250 with total 0.49 mins
Finished 50.00 percent at task# 127/250 with total 0.33 mins
Finished 100.00 percent at task# 172/250 with total 2.73 mins
Start to stack ARD Tile 15RXQ
Finished 100.00 percent at task# 124/250 with total 0.82 mins
Finished 100.00 percent at task# 169/250 with total 2.73 mins
Start to stack ARD Tile 15RXQ
Finished 50.00 percent at task# 126/250 with total 0.27 mins
Finished 100.00 percent at task# 171/250 with total 2.79 mins
Start to stack ARD Tile 15RXQ
Finished 100.00 percent at task# 125/250 with total 0.65 mins
Finished 100.00 percent at task# 123/250 with total 0.60 mins
Finished 100.00 percent at task# 49/250 with total 0.40 mins
Finished 100.00 percent at task# 50/250 with total 0.40 mins
Finished 100.00 percent at task# 170/250 with total 2.85 mins
Start to stack ARD Tile 15RXQ
Finished 50.00 percent at task# 63/250 with total 0.49 mins
Finished 50.00 percent at task# 64/250 with total 0.49 mins
Finished 50.00 percent at task# 167/250 with total 0.80 mins
A total of 0336 HLS images at /shared/cn450/DataHLSv1.4/15RXQ
A total of 0336 HLS images at /shared/cn450/DataHLSv1.4/15RXQ
A total of 0336 HLS images at /shared/cn450/DataHLSv1.4/15RXQ
At task# 169/250 to process 0 images
At task# 171/250 to process -4 images
At task# 172/250 to process -6 images
Start to stack ARD Tile 18TXM
Start to stack ARD Tile 18TXM
Start to stack ARD Tile 18TXM
Finished 100.00 percent at task# 127/250 with total 0.56 mins
A total of 0336 HLS images at /shared/cn450/DataHLSv1.4/15RXQ
At task# 170/250 to process -2 images
Start to stack ARD Tile 18TXM
Finished 100.00 percent at task# 65/250 with total 1.18 mins
Start to stack ARD Tile 18TXM
Finished 50.00 percent at task# 180/250 with total 1.81 mins
Finished 50.00 percent at task# 181/250 with total 1.81 mins
Finished 50.00 percent at task# 182/250 with total 1.81 mins
Finished 50.00 percent at task# 179/250 with total 1.81 mins
Finished 50.00 percent at task# 184/250 with total 1.81 mins
A total of 0462 HLS images at /gpfs/sharedfs1/zhulab/Su/HLS14/18TXM
A total of 0462 HLS images at /gpfs/sharedfs1/zhulab/Su/HLS14/18TXM
A total of 0462 HLS images at /gpfs/sharedfs1/zhulab/Su/HLS14/18TXM
At task# 172/250 to process 2 images
At task# 169/250 to process 2 images
At task# 171/250 to process 2 images
Finished 50.00 percent at task# 144/250 with total 1.79 mins
A total of 0462 HLS images at /gpfs/sharedfs1/zhulab/Su/HLS14/18TXM
At task# 170/250 to process 2 images
A total of 0462 HLS images at /gpfs/sharedfs1/zhulab/Su/HLS14/18TXM
At task# 65/250 to process 2 images
Finished 100.00 percent at task# 126/250 with total 0.51 mins
Finished 50.00 percent at task# 183/250 with total 1.84 mins
Finished 50.00 percent at task# 178/250 with total 1.84 mins
Finished 100.00 percent at task# 67/250 with total 1.22 mins
Start to stack ARD Tile 18TXM
A total of 0462 HLS images at /gpfs/sharedfs1/zhulab/Su/HLS14/18TXM
At task# 67/250 to process 2 images
Finished 100.00 percent at task# 66/250 with total 1.24 mins
Start to stack ARD Tile 18TXM
A total of 0462 HLS images at /gpfs/sharedfs1/zhulab/Su/HLS14/18TXM
At task# 66/250 to process 2 images
Finished 50.00 percent at task# 61/250 with total 0.57 mins
Finished 50.00 percent at task# 59/250 with total 0.55 mins
Finished 50.00 percent at task# 62/250 with total 0.52 mins
Finished 50.00 percent at task# 60/250 with total 0.52 mins
Finished 100.00 percent at task# 166/250 with total 1.00 mins
Start to stack ARD Tile 18TXM
A total of 0462 HLS images at /gpfs/sharedfs1/zhulab/Su/HLS14/18TXM
At task# 166/250 to process 2 images
Finished 100.00 percent at task# 165/250 with total 1.03 mins
Start to stack ARD Tile 18TXM
Finished 50.00 percent at task# 155/250 with total 1.23 mins
Finished 50.00 percent at task# 157/250 with total 1.23 mins
Finished 50.00 percent at task# 154/250 with total 1.23 mins
A total of 0462 HLS images at /gpfs/sharedfs1/zhulab/Su/HLS14/18TXM
At task# 165/250 to process 2 images
Finished 100.00 percent at task# 63/250 with total 0.80 mins
Finished 100.00 percent at task# 64/250 with total 0.80 mins
Finished 50.00 percent at task# 156/250 with total 1.24 mins
Finished 50.00 percent at task# 153/250 with total 1.25 mins
Finished 100.00 percent at task# 167/250 with total 1.10 mins
Start to stack ARD Tile 18TXM
Finished 100.00 percent at task# 168/250 with total 1.12 mins
Start to stack ARD Tile 18TXM
A total of 0462 HLS images at /gpfs/sharedfs1/zhulab/Su/HLS14/18TXM
At task# 167/250 to process 2 images
A total of 0462 HLS images at /gpfs/sharedfs1/zhulab/Su/HLS14/18TXM
At task# 168/250 to process 2 images
Finished 50.00 percent at task# 65/250 with total 0.33 mins
Finished 50.00 percent at task# 170/250 with total 0.35 mins
Finished 50.00 percent at task# 172/250 with total 0.35 mins
Finished 50.00 percent at task# 169/250 with total 0.35 mins
Finished 50.00 percent at task# 171/250 with total 0.36 mins
Finished 50.00 percent at task# 148/250 with total 1.41 mins
Finished 50.00 percent at task# 149/250 with total 1.41 mins
Finished 100.00 percent at task# 62/250 with total 0.83 mins
Finished 100.00 percent at task# 60/250 with total 0.83 mins
Finished 50.00 percent at task# 66/250 with total 0.33 mins
Finished 50.00 percent at task# 67/250 with total 0.35 mins
Finished 100.00 percent at task# 61/250 with total 0.89 mins
Finished 100.00 percent at task# 59/250 with total 0.86 mins
Finished 50.00 percent at task# 147/250 with total 1.42 mins
Finished 50.00 percent at task# 166/250 with total 0.25 mins
Finished 50.00 percent at task# 165/250 with total 0.23 mins
Finished 50.00 percent at task# 152/250 with total 1.49 mins
Finished 50.00 percent at task# 167/250 with total 0.19 mins
Finished 100.00 percent at task# 65/250 with total 0.49 mins
Finished 50.00 percent at task# 151/250 with total 1.52 mins
Finished 100.00 percent at task# 67/250 with total 0.52 mins
Finished 100.00 percent at task# 66/250 with total 0.50 mins
Finished 100.00 percent at task# 170/250 with total 0.57 mins
Finished 50.00 percent at task# 150/250 with total 1.60 mins
Finished 100.00 percent at task# 144/250 with total 2.46 mins
Start to stack ARD Tile 15RXQ
A total of 0336 HLS images at /shared/cn450/DataHLSv1.4/15RXQ
At task# 144/250 to process 2 images
Finished 100.00 percent at task# 171/250 with total 0.76 mins
Finished 50.00 percent at task# 187/250 with total 1.39 mins
Finished 50.00 percent at task# 189/250 with total 1.39 mins
Finished 100.00 percent at task# 182/250 with total 2.73 mins
Start to stack ARD Tile 15RXQ
Finished 100.00 percent at task# 180/250 with total 2.73 mins
Start to stack ARD Tile 15RXQ
Finished 100.00 percent at task# 181/250 with total 2.75 mins
Finished 50.00 percent at task# 185/250 with total 1.51 mins
Finished 100.00 percent at task# 184/250 with total 2.75 mins
Start to stack ARD Tile 15RXQ
Start to stack ARD Tile 15RXQ
A total of 0336 HLS images at /shared/cn450/DataHLSv1.4/15RXQ
A total of 0336 HLS images at /shared/cn450/DataHLSv1.4/15RXQ
At task# 182/250 to process -26 images
At task# 180/250 to process -22 images
Start to stack ARD Tile 18TXM
Start to stack ARD Tile 18TXM
A total of 0336 HLS images at /shared/cn450/DataHLSv1.4/15RXQ
A total of 0336 HLS images at /shared/cn450/DataHLSv1.4/15RXQ
At task# 181/250 to process -24 images
At task# 184/250 to process -30 images
Start to stack ARD Tile 18TXM
Start to stack ARD Tile 18TXM
A total of 0462 HLS images at /gpfs/sharedfs1/zhulab/Su/HLS14/18TXM
At task# 182/250 to process 2 images
Finished 100.00 percent at task# 179/250 with total 2.77 mins
Start to stack ARD Tile 15RXQ
A total of 0336 HLS images at /shared/cn450/DataHLSv1.4/15RXQ
At task# 179/250 to process -20 images
Finished 50.00 percent at task# 168/250 with total 0.67 mins
Start to stack ARD Tile 18TXM
A total of 0462 HLS images at /gpfs/sharedfs1/zhulab/Su/HLS14/18TXM
A total of 0462 HLS images at /gpfs/sharedfs1/zhulab/Su/HLS14/18TXM
A total of 0462 HLS images at /gpfs/sharedfs1/zhulab/Su/HLS14/18TXM
At task# 181/250 to process 2 images
At task# 180/250 to process 2 images
At task# 184/250 to process 2 images
A total of 0462 HLS images at /gpfs/sharedfs1/zhulab/Su/HLS14/18TXM
At task# 179/250 to process 2 images
Finished 100.00 percent at task# 165/250 with total 0.86 mins
Finished 100.00 percent at task# 167/250 with total 0.80 mins
Finished 50.00 percent at task# 188/250 with total 1.66 mins
Finished 100.00 percent at task# 178/250 with total 2.91 mins
Start to stack ARD Tile 15RXQ
Finished 100.00 percent at task# 183/250 with total 2.92 mins
Start to stack ARD Tile 15RXQ
Finished 100.00 percent at task# 172/250 with total 1.12 mins
Finished 100.00 percent at task# 169/250 with total 1.14 mins
Finished 100.00 percent at task# 166/250 with total 0.95 mins
Finished 50.00 percent at task# 186/250 with total 1.72 mins
A total of 0336 HLS images at /shared/cn450/DataHLSv1.4/15RXQ
A total of 0336 HLS images at /shared/cn450/DataHLSv1.4/15RXQ
At task# 183/250 to process -28 images
At task# 178/250 to process -18 images
Start to stack ARD Tile 18TXM
Start to stack ARD Tile 18TXM
A total of 0462 HLS images at /gpfs/sharedfs1/zhulab/Su/HLS14/18TXM
A total of 0462 HLS images at /gpfs/sharedfs1/zhulab/Su/HLS14/18TXM
At task# 178/250 to process 2 images
At task# 183/250 to process 2 images
Finished 100.00 percent at task# 168/250 with total 0.91 mins
Finished 100.00 percent at task# 149/250 with total 2.30 mins
Finished 100.00 percent at task# 148/250 with total 2.30 mins
Finished 100.00 percent at task# 147/250 with total 2.30 mins
Start to stack ARD Tile 15RXQ
Start to stack ARD Tile 15RXQ
Start to stack ARD Tile 15RXQ
Finished 50.00 percent at task# 180/250 with total 0.33 mins
Finished 50.00 percent at task# 182/250 with total 0.34 mins
Finished 50.00 percent at task# 181/250 with total 0.33 mins
Finished 50.00 percent at task# 179/250 with total 0.32 mins
Finished 50.00 percent at task# 184/250 with total 0.33 mins
A total of 0336 HLS images at /shared/cn450/DataHLSv1.4/15RXQ
A total of 0336 HLS images at /shared/cn450/DataHLSv1.4/15RXQ
A total of 0336 HLS images at /shared/cn450/DataHLSv1.4/15RXQ
At task# 148/250 to process 2 images
At task# 149/250 to process 2 images
At task# 147/250 to process 2 images
Finished 50.00 percent at task# 144/250 with total 0.54 mins
Finished 100.00 percent at task# 187/250 with total 1.90 mins
Finished 100.00 percent at task# 189/250 with total 1.90 mins
Start to stack ARD Tile 15RXQ
Start to stack ARD Tile 15RXQ
Finished 100.00 percent at task# 151/250 with total 2.34 mins
Start to stack ARD Tile 15RXQ
A total of 0336 HLS images at /shared/cn450/DataHLSv1.4/15RXQ
At task# 151/250 to process 2 images
A total of 0336 HLS images at /shared/cn450/DataHLSv1.4/15RXQ
At task# 189/250 to process -40 images
A total of 0336 HLS images at /shared/cn450/DataHLSv1.4/15RXQ
At task# 187/250 to process -36 images
Start to stack ARD Tile 18TXM
Start to stack ARD Tile 18TXM
Finished 100.00 percent at task# 150/250 with total 2.36 mins
Start to stack ARD Tile 15RXQ
A total of 0336 HLS images at /shared/cn450/DataHLSv1.4/15RXQ
At task# 150/250 to process 2 images
A total of 0462 HLS images at /gpfs/sharedfs1/zhulab/Su/HLS14/18TXM
A total of 0462 HLS images at /gpfs/sharedfs1/zhulab/Su/HLS14/18TXM
At task# 187/250 to process 2 images
At task# 189/250 to process 2 images
Finished 100.00 percent at task# 185/250 with total 1.94 mins
Start to stack ARD Tile 15RXQ
A total of 0336 HLS images at /shared/cn450/DataHLSv1.4/15RXQ
At task# 185/250 to process -32 images
Start to stack ARD Tile 18TXM
Finished 100.00 percent at task# 157/250 with total 2.39 mins
Start to stack ARD Tile 15RXQ
Finished 100.00 percent at task# 154/250 with total 2.40 mins
Start to stack ARD Tile 15RXQ
A total of 0462 HLS images at /gpfs/sharedfs1/zhulab/Su/HLS14/18TXM
At task# 185/250 to process 2 images
A total of 0336 HLS images at /shared/cn450/DataHLSv1.4/15RXQ
At task# 157/250 to process 2 images
Finished 50.00 percent at task# 178/250 with total 0.19 mins
A total of 0336 HLS images at /shared/cn450/DataHLSv1.4/15RXQ
At task# 154/250 to process 2 images
Finished 100.00 percent at task# 153/250 with total 2.43 mins
Start to stack ARD Tile 15RXQ
Finished 100.00 percent at task# 156/250 with total 2.44 mins
Start to stack ARD Tile 15RXQ
Finished 100.00 percent at task# 188/250 with total 2.01 mins
A total of 0336 HLS images at /shared/cn450/DataHLSv1.4/15RXQ
A total of 0336 HLS images at /shared/cn450/DataHLSv1.4/15RXQ
At task# 153/250 to process 2 images
At task# 156/250 to process 2 images
Start to stack ARD Tile 15RXQ
A total of 0336 HLS images at /shared/cn450/DataHLSv1.4/15RXQ
At task# 188/250 to process -38 images
Start to stack ARD Tile 18TXM
A total of 0462 HLS images at /gpfs/sharedfs1/zhulab/Su/HLS14/18TXM
At task# 188/250 to process 2 images
Finished 50.00 percent at task# 183/250 with total 0.26 mins
Finished 100.00 percent at task# 181/250 with total 0.50 mins
Finished 100.00 percent at task# 155/250 with total 2.49 mins
Start to stack ARD Tile 15RXQ
Finished 100.00 percent at task# 186/250 with total 2.05 mins
Start to stack ARD Tile 15RXQ
A total of 0336 HLS images at /shared/cn450/DataHLSv1.4/15RXQ
At task# 155/250 to process 2 images
Finished 100.00 percent at task# 179/250 with total 0.50 mins
Finished 100.00 percent at task# 182/250 with total 0.52 mins
A total of 0336 HLS images at /shared/cn450/DataHLSv1.4/15RXQ
At task# 186/250 to process -34 images
Start to stack ARD Tile 18TXM
Finished 50.00 percent at task# 147/250 with total 0.18 mins
A total of 0462 HLS images at /gpfs/sharedfs1/zhulab/Su/HLS14/18TXM
At task# 186/250 to process 2 images
Finished 50.00 percent at task# 149/250 with total 0.21 mins
Finished 100.00 percent at task# 152/250 with total 2.54 mins
Start to stack ARD Tile 15RXQ
Finished 100.00 percent at task# 144/250 with total 0.76 mins
Start to stack ARD Tile 18TXM
Finished 50.00 percent at task# 150/250 with total 0.18 mins
A total of 0336 HLS images at /shared/cn450/DataHLSv1.4/15RXQ
At task# 152/250 to process 2 images
Finished 50.00 percent at task# 187/250 with total 0.18 mins
A total of 0462 HLS images at /gpfs/sharedfs1/zhulab/Su/HLS14/18TXM
At task# 144/250 to process 2 images
Finished 50.00 percent at task# 189/250 with total 0.22 mins
Finished 100.00 percent at task# 180/250 with total 0.61 mins
Finished 50.00 percent at task# 185/250 with total 0.21 mins
Finished 100.00 percent at task# 178/250 with total 0.39 mins
Finished 50.00 percent at task# 157/250 with total 0.22 mins
Finished 100.00 percent at task# 184/250 with total 0.78 mins
Finished 50.00 percent at task# 188/250 with total 0.31 mins
Finished 50.00 percent at task# 148/250 with total 0.47 mins
Finished 100.00 percent at task# 183/250 with total 0.59 mins
Finished 50.00 percent at task# 153/250 with total 0.35 mins
Finished 50.00 percent at task# 156/250 with total 0.39 mins
Finished 50.00 percent at task# 186/250 with total 0.33 mins
Finished 50.00 percent at task# 151/250 with total 0.50 mins
Finished 50.00 percent at task# 154/250 with total 0.46 mins
Finished 50.00 percent at task# 155/250 with total 0.37 mins
Finished 100.00 percent at task# 187/250 with total 0.49 mins
Finished 100.00 percent at task# 147/250 with total 0.55 mins
Start to stack ARD Tile 18TXM
Finished 100.00 percent at task# 185/250 with total 0.48 mins
Finished 100.00 percent at task# 189/250 with total 0.50 mins
A total of 0462 HLS images at /gpfs/sharedfs1/zhulab/Su/HLS14/18TXM
At task# 147/250 to process 2 images
Finished 100.00 percent at task# 150/250 with total 0.52 mins
Start to stack ARD Tile 18TXM
Finished 50.00 percent at task# 152/250 with total 0.35 mins
Finished 100.00 percent at task# 149/250 with total 0.58 mins
Start to stack ARD Tile 18TXM
A total of 0462 HLS images at /gpfs/sharedfs1/zhulab/Su/HLS14/18TXM
At task# 150/250 to process 2 images
Finished 100.00 percent at task# 157/250 with total 0.52 mins
Start to stack ARD Tile 18TXM
A total of 0462 HLS images at /gpfs/sharedfs1/zhulab/Su/HLS14/18TXM
At task# 149/250 to process 2 images
Finished 50.00 percent at task# 144/250 with total 0.36 mins
A total of 0462 HLS images at /gpfs/sharedfs1/zhulab/Su/HLS14/18TXM
At task# 157/250 to process 2 images
Finished 100.00 percent at task# 188/250 with total 0.46 mins
Finished 100.00 percent at task# 148/250 with total 0.63 mins
Start to stack ARD Tile 18TXM
Finished 100.00 percent at task# 153/250 with total 0.52 mins
Start to stack ARD Tile 18TXM
A total of 0462 HLS images at /gpfs/sharedfs1/zhulab/Su/HLS14/18TXM
At task# 148/250 to process 2 images
Finished 100.00 percent at task# 186/250 with total 0.47 mins
A total of 0462 HLS images at /gpfs/sharedfs1/zhulab/Su/HLS14/18TXM
At task# 153/250 to process 2 images
Finished 100.00 percent at task# 151/250 with total 0.65 mins
Start to stack ARD Tile 18TXM
Finished 100.00 percent at task# 155/250 with total 0.51 mins
Finished 100.00 percent at task# 154/250 with total 0.60 mins
Start to stack ARD Tile 18TXM
Start to stack ARD Tile 18TXM
A total of 0462 HLS images at /gpfs/sharedfs1/zhulab/Su/HLS14/18TXM
At task# 151/250 to process 2 images
Finished 50.00 percent at task# 147/250 with total 0.12 mins
Finished 50.00 percent at task# 150/250 with total 0.11 mins
A total of 0462 HLS images at /gpfs/sharedfs1/zhulab/Su/HLS14/18TXM
A total of 0462 HLS images at /gpfs/sharedfs1/zhulab/Su/HLS14/18TXM
At task# 155/250 to process 2 images
At task# 154/250 to process 2 images
Finished 100.00 percent at task# 156/250 with total 0.57 mins
Start to stack ARD Tile 18TXM
A total of 0462 HLS images at /gpfs/sharedfs1/zhulab/Su/HLS14/18TXM
At task# 156/250 to process 2 images
Finished 50.00 percent at task# 149/250 with total 0.13 mins
Finished 100.00 percent at task# 144/250 with total 0.50 mins
Finished 100.00 percent at task# 152/250 with total 0.52 mins
Start to stack ARD Tile 18TXM
A total of 0462 HLS images at /gpfs/sharedfs1/zhulab/Su/HLS14/18TXM
At task# 152/250 to process 2 images
Finished 50.00 percent at task# 153/250 with total 0.10 mins
Finished 50.00 percent at task# 148/250 with total 0.12 mins
Finished 50.00 percent at task# 157/250 with total 0.20 mins
Finished 50.00 percent at task# 151/250 with total 0.13 mins
Finished 50.00 percent at task# 154/250 with total 0.13 mins
Finished 50.00 percent at task# 156/250 with total 0.12 mins
Finished 100.00 percent at task# 147/250 with total 0.28 mins
Finished 100.00 percent at task# 149/250 with total 0.26 mins
Finished 100.00 percent at task# 150/250 with total 0.28 mins
Finished 100.00 percent at task# 148/250 with total 0.23 mins
Finished 50.00 percent at task# 152/250 with total 0.15 mins
Finished 100.00 percent at task# 157/250 with total 0.32 mins
Finished 100.00 percent at task# 151/250 with total 0.25 mins
Finished 100.00 percent at task# 153/250 with total 0.28 mins
Finished 100.00 percent at task# 154/250 with total 0.25 mins
Finished 50.00 percent at task# 155/250 with total 0.25 mins
Finished 100.00 percent at task# 156/250 with total 0.28 mins
Finished 100.00 percent at task# 152/250 with total 0.24 mins
Finished 100.00 percent at task# 155/250 with total 0.34 mins
