sampleID,sampleLon,sampleLat,FC
1,-69.8000000000007,-1.79999999999997,100
2,-38.7000000000007,-8.29999999999996,7
3,-51.8000000000008,-18,0
4,-61.400000000001,-16.2999999999999,81
5,-54.8000000000009,-6.49999999999997,100
6,-69.5000000000007,-6.59999999999997,100
7,-40.3000000000007,-9.09999999999996,0
8,-68.4000000000008,4.50000000000003,100
9,-36.5000000000006,-9.89999999999996,0
10,-46.7000000000008,-18.9,51
11,-57.4000000000009,-10.6,100
12,-49.9000000000008,-9.89999999999996,90
13,-67.7000000000008,-10.5,0
14,-68.7000000000008,1.60000000000003,100
15,-75.3000000000004,-8.19999999999996,100
16,-55.6000000000009,-8.89999999999996,100
17,-54.7000000000009,-3.19999999999998,100
18,-67.6000000000008,-5.09999999999997,100
19,-63.900000000001,-14.9999999999999,51
20,-56.6000000000009,-17.6,59
21,-74.7000000000004,9.90000000000001,60
22,-64.600000000001,10,NaN
23,-65.200000000001,-13.5999999999999,0
24,-63.700000000001,-15.1999999999999,97
25,-61.500000000001,-10.7,100
26,-72.6000000000005,-2.49999999999998,100
27,-65.000000000001,0.700000000000026,100
28,-73.4000000000005,-7.49999999999996,100
29,-62.900000000001,-15.9999999999999,97
30,-71.5000000000006,8.60000000000001,97
31,-66.3000000000009,6.20000000000002,100
32,-68.5000000000008,-12.0999999999999,100
33,-68.4000000000008,-12.7999999999999,100
34,-59.500000000001,4.00000000000003,0
35,-51.7000000000008,-17.1999999999999,0
36,-74.1000000000004,-1.69999999999997,99
37,-51.2000000000008,3.60000000000003,97
38,-57.1000000000009,-8.69999999999996,100
39,-68.5000000000008,-21.6,0
40,-75.5000000000004,-6.29999999999997,100
41,-56.2000000000009,-23.5,98
42,-75.4000000000004,1.50000000000003,97
43,-73.1000000000005,-14.7999999999999,0
44,-48.7000000000008,-5.39999999999997,0
45,-61.000000000001,-14.7999999999999,100
46,-76.2000000000003,9.00000000000001,0
47,-54.3000000000009,-7.99999999999996,100
48,-76.3000000000003,-0.199999999999974,100
49,-48.9000000000008,-17.9,0
50,-56.0000000000009,-5.39999999999997,97
51,-63.000000000001,7.00000000000002,0
52,-72.5000000000005,-4.29999999999998,100
53,-56.1000000000009,-11.6999999999999,0
54,-47.2000000000008,-2.89999999999998,97
55,-73.9000000000005,-16.0999999999999,0
56,-51.0000000000008,1.50000000000003,100
57,-69.8000000000007,-11.7999999999999,100
58,-53.4000000000009,-13.9999999999999,0
59,-55.1000000000009,-16.4999999999999,82
60,-70.2000000000007,11.7,NaN
61,-59.000000000001,0.300000000000026,97
62,-61.700000000001,-21.1,37
63,-56.3000000000009,-2.09999999999997,30
64,-70.6000000000006,7.90000000000001,0
65,-49.8000000000008,-10.5,73
66,-66.6000000000009,-3.69999999999998,100
67,-75.3000000000004,-6.99999999999997,100
68,-56.4000000000009,-4.99999999999997,100
69,-68.4000000000008,-12.0999999999999,100
70,-52.6000000000009,-13.6999999999999,82
71,-41.6000000000007,-12.9999999999999,0
72,-52.1000000000009,-13.5999999999999,0
73,-59.000000000001,-21.3,52
74,-43.8000000000007,-9.09999999999996,79
75,-51.4000000000008,-2.09999999999997,100
76,-60.900000000001,-11.3,98
77,-57.6000000000009,6.30000000000002,0
78,-43.9000000000007,-4.99999999999997,95
79,-76.8000000000003,-4.19999999999998,100
80,-73.1000000000005,2.40000000000003,100
81,-73.9000000000005,-5.09999999999997,100
82,-61.300000000001,-14.9999999999999,99
83,-46.5000000000008,-2.79999999999998,100
84,-51.9000000000009,-23.3,0
85,-55.9000000000009,0.700000000000026,100
86,-35.3000000000006,-6.69999999999997,0
87,-45.6000000000008,-20.4,0
88,-75.9000000000003,3.30000000000003,95
89,-71.1000000000006,2.70000000000003,100
90,-51.0000000000008,-22.9,21
91,-80.1000000000001,-4.89999999999997,18
92,-51.1000000000008,2.10000000000003,100
93,-52.7000000000009,-14.0999999999999,0
94,-66.7000000000009,-11.5,100
95,-39.4000000000007,-3.19999999999998,95
96,-57.0000000000009,-20.1,98
97,-62.200000000001,-22.7,60
98,-48.5000000000008,-8.09999999999996,0
99,-62.800000000001,-13.2999999999999,100
100,-69.7000000000007,-21.1,0
101,-65.200000000001,-0.599999999999974,100
102,-57.0000000000009,-8.79999999999996,100
103,-55.7000000000009,-21.8,0
104,-69.4000000000007,-23.7,0
105,-78.6000000000002,-3.79999999999998,98
106,-54.2000000000009,-22.1,0
107,-58.0000000000009,-7.99999999999996,100
108,-75.0000000000004,4.00000000000003,0
109,-40.6000000000007,-15.3999999999999,97
110,-47.8000000000008,-18.8,2
111,-76.2000000000003,-9.49999999999996,37
112,-40.4000000000007,-13.9999999999999,28
113,-53.4000000000009,-4.79999999999997,100
114,-69.1000000000007,3.70000000000003,98
115,-60.000000000001,-1.69999999999997,93
116,-40.9000000000007,-12.7999999999999,0
117,-39.6000000000007,-10.1,0
118,-50.1000000000008,-5.09999999999997,100
119,-76.5000000000003,1.70000000000003,95
120,-59.700000000001,-4.69999999999997,100
121,-57.7000000000009,-6.29999999999997,100
122,-51.6000000000008,-19.4,44
123,-47.4000000000008,-11.8999999999999,45
124,-54.9000000000009,-14.6999999999999,93
125,-63.800000000001,7.50000000000002,97
126,-64.500000000001,-2.89999999999998,100
127,-76.2000000000003,-7.89999999999996,100
128,-63.700000000001,0.400000000000026,82
129,-70.0000000000007,3.40000000000003,100
130,-48.6000000000008,-13.4999999999999,87
131,-71.1000000000006,-5.79999999999997,100
132,-64.400000000001,-21.8,93
133,-68.2000000000008,-3.29999999999998,100
134,-78.5000000000002,-5.39999999999997,8
135,-57.5000000000009,-18.9,82
136,-69.2000000000007,0.900000000000026,100
137,-54.5000000000009,1.30000000000003,100
138,-77.2000000000003,-1.79999999999997,100
139,-71.7000000000006,10.5,NaN
140,-59.300000000001,1.10000000000003,100
141,-56.5000000000009,-21.2,92
142,-58.900000000001,-0.899999999999974,100
143,-75.5000000000004,9.00000000000001,0
144,-74.4000000000004,-7.89999999999996,100
145,-49.1000000000008,-3.39999999999998,0
146,-67.2000000000008,-4.49999999999998,100
147,-70.5000000000007,-17.1999999999999,0
148,-70.8000000000006,-0.0999999999999741,100
149,-70.9000000000006,-15.5999999999999,0
150,-49.6000000000008,-17.0999999999999,0
151,-59.600000000001,6.30000000000002,100
152,-50.3000000000008,-14.9999999999999,0
153,-63.000000000001,-12.5999999999999,99
154,-48.6000000000008,-4.59999999999997,100
155,-41.8000000000007,-22.4,0
156,-60.900000000001,-22,37
157,-64.900000000001,-1.19999999999997,100
158,-63.100000000001,-5.19999999999997,100
159,-64.100000000001,-8.69999999999996,100
160,-54.5000000000009,-18.1,59
161,-39.8000000000007,-10.4,0
162,-51.1000000000008,-19.5,0
163,-57.1000000000009,-7.69999999999996,100
164,-39.0000000000007,-5.19999999999997,26
165,-58.5000000000009,1.70000000000003,100
166,-50.9000000000008,-19.7,0
167,-68.0000000000008,3.40000000000003,100
168,-46.4000000000008,-16.5999999999999,0
169,-56.5000000000009,-15.6999999999999,0
170,-60.500000000001,-4.39999999999998,100
171,-62.500000000001,-17.8,60
172,-70.7000000000006,-9.69999999999996,100
173,-45.3000000000008,-18.7,43
174,-74.6000000000004,-13.7999999999999,0
175,-50.6000000000008,-3.69999999999998,49
176,-80.3000000000001,-4.89999999999997,0
177,-75.2000000000004,5.80000000000002,100
178,-73.1000000000005,-9.09999999999996,100
179,-41.7000000000007,-15.8999999999999,95
180,-50.3000000000008,-20.6,0
181,-58.8000000000009,-3.79999999999998,100
182,-48.9000000000008,-12.8999999999999,0
183,-58.2000000000009,-17.9,48
184,-43.7000000000007,-14.0999999999999,43
185,-46.7000000000008,-7.59999999999996,48
186,-47.2000000000008,-12.4999999999999,0
187,-70.3000000000007,-4.19999999999998,100
188,-55.1000000000009,-12.1999999999999,100
189,-75.4000000000004,-4.09999999999998,100
190,-44.0000000000007,-5.39999999999997,89
191,-53.2000000000009,-13.7999999999999,0
192,-70.2000000000007,0.500000000000026,100
193,-55.7000000000009,-4.99999999999997,100
194,-78.5000000000002,8.90000000000001,97
195,-48.4000000000008,-7.69999999999996,64
196,-78.8000000000002,-6.99999999999997,0
197,-46.6000000000008,-12.1999999999999,49
198,-71.8000000000006,4.00000000000003,80
199,-52.6000000000009,-12.0999999999999,100
200,-64.700000000001,-14.8999999999999,17
201,-58.0000000000009,-10.3,97
202,-40.7000000000007,-16.7999999999999,0
203,-55.9000000000009,-0.899999999999974,100
204,-75.9000000000003,-6.49999999999997,100
205,-70.1000000000007,-17.5,0
206,-75.5000000000004,-12.3999999999999,0
207,-78.6000000000002,-2.39999999999998,0
208,-59.100000000001,-9.79999999999996,100
209,-43.7000000000007,-2.79999999999998,69
210,-47.6000000000008,-3.69999999999998,97
211,-62.600000000001,-21.2,27
212,-74.4000000000004,2.58959520493818e-14,100
213,-63.500000000001,6.20000000000002,100
214,-64.300000000001,-15.9999999999999,82
215,-55.2000000000009,-8.59999999999996,100
216,-58.2000000000009,-2.19999999999997,100
217,-70.5000000000007,-15.0999999999999,0
218,-56.2000000000009,-6.79999999999997,100
219,-66.3000000000009,-11.5999999999999,100
220,-45.3000000000008,-22.5,0
221,-50.8000000000008,-6.29999999999997,100
222,-51.0000000000008,-2.39999999999998,100
223,-59.000000000001,3.70000000000003,100
224,-59.100000000001,-11.2,100
225,-75.2000000000004,-6.49999999999997,100
226,-65.6000000000009,-21,0
227,-53.3000000000009,-1.99999999999997,73
228,-67.9000000000008,-18.6,0
229,-35.1000000000006,-7.39999999999996,0
230,-56.3000000000009,-22.6,0
231,-58.8000000000009,-12.4999999999999,71
232,-74.3000000000004,5.50000000000002,98
233,-53.5000000000009,-11.6999999999999,100
234,-66.7000000000009,-14.9999999999999,100
235,-43.0000000000007,-10.3,47
236,-49.8000000000008,-7.09999999999997,0
237,-59.100000000001,4.30000000000003,100
238,-63.700000000001,-10.6,100
239,-48.6000000000008,-14.5999999999999,0
240,-71.5000000000006,-11.3,100
241,-51.4000000000008,-3.09999999999998,97
242,-67.5000000000008,-3.09999999999998,100
243,-68.9000000000007,-21.8,0
244,-68.3000000000008,-18.3,0
245,-64.900000000001,-17.8,0
246,-43.9000000000007,-15.6999999999999,0
247,-46.5000000000008,-17.0999999999999,0
248,-60.100000000001,-23.8,97
249,-74.0000000000005,-6.49999999999997,100
250,-57.0000000000009,-21.7,0
251,-58.3000000000009,-5.79999999999997,100
252,-79.7000000000001,-1.69999999999997,14
253,-59.800000000001,4.30000000000003,100
254,-68.2000000000008,-16.3999999999999,0
255,-61.500000000001,3.10000000000003,100
256,-69.6000000000007,9.20000000000001,71
257,-44.0000000000007,-12.8999999999999,58
258,-70.3000000000007,-7.69999999999996,100
259,-54.6000000000009,-11.5,100
260,-69.7000000000007,-12.4999999999999,100
261,-54.6000000000009,-6.89999999999997,100
262,-67.8000000000008,9.90000000000001,0
263,-62.800000000001,-10.7,0
264,-38.2000000000007,-7.49999999999996,0
265,-74.3000000000004,7.20000000000002,100
266,-50.3000000000008,-22.8,0
267,-39.7000000000007,-5.59999999999997,14
268,-73.6000000000005,-12.9999999999999,100
269,-53.4000000000009,-15.8999999999999,0
270,-55.8000000000009,-14.3999999999999,86
271,-66.0000000000009,2.20000000000003,100
272,-55.5000000000009,-17.6,0
273,-55.8000000000009,-15.0999999999999,0
274,-69.1000000000007,5.60000000000002,0
275,-54.1000000000009,0.900000000000026,100
276,-67.8000000000008,-12.0999999999999,100
277,-42.3000000000007,-13.6999999999999,15
278,-52.7000000000009,-1.49999999999997,97
279,-61.300000000001,-7.69999999999996,100
280,-63.400000000001,-5.39999999999997,100
281,-50.5000000000008,-11.2,0
282,-67.0000000000009,-23,0
283,-41.3000000000007,-5.19999999999997,34
284,-60.800000000001,-20.1,21
285,-53.9000000000009,-18.1,0
286,-66.3000000000009,-10.4,98
287,-64.300000000001,-22.8,98
288,-59.600000000001,-7.19999999999997,100
289,-72.1000000000006,3.50000000000003,0
290,-59.900000000001,-23.1,0
291,-62.500000000001,4.10000000000003,100
292,-51.3000000000008,-18.8,60
293,-40.4000000000007,-7.19999999999997,43
294,-62.400000000001,-5.09999999999997,100
295,-39.8000000000007,-11.6999999999999,0
296,-60.500000000001,-21,86
297,-69.9000000000007,-21.8,0
298,-60.200000000001,-23.5,0
299,-76.6000000000003,2.80000000000003,93
300,-51.4000000000008,-8.79999999999996,98
301,-80.1000000000001,-1.39999999999997,82
302,-58.2000000000009,-6.39999999999997,60
303,-68.7000000000008,2.50000000000003,100
304,-62.500000000001,-17.5,0
305,-48.3000000000008,-24,0
306,-47.0000000000008,-15.8999999999999,0
307,-39.7000000000007,-7.39999999999996,66
308,-58.8000000000009,-0.799999999999974,100
309,-68.0000000000008,5.00000000000002,0
310,-79.2000000000002,-4.19999999999998,17
311,-60.400000000001,5.20000000000002,100
312,-68.8000000000008,-14.2999999999999,96
313,-62.600000000001,4.20000000000003,100
314,-79.3000000000002,-4.39999999999998,96
315,-56.6000000000009,-21.7,0
316,-67.9000000000008,-5.99999999999997,97
317,-43.4000000000007,-14.9999999999999,41
318,-46.1000000000008,-20.5,0
319,-62.800000000001,8.50000000000001,0
320,-69.7000000000007,-12.3999999999999,100
321,-59.100000000001,-0.799999999999974,99
322,-53.7000000000009,-15.4999999999999,0
323,-52.2000000000009,-5.59999999999997,100
324,-64.700000000001,-6.59999999999997,100
325,-54.3000000000009,-17.1999999999999,0
326,-70.5000000000007,-17.7,0
327,-68.2000000000008,6.10000000000002,86
328,-56.3000000000009,-11.2,0
329,-54.4000000000009,-15.2999999999999,0
330,-59.000000000001,-11.5,96
331,-64.000000000001,4.10000000000003,100
332,-43.1000000000007,-18.4,93
333,-67.9000000000008,0.400000000000026,95
334,-74.9000000000004,0.300000000000026,100
335,-71.8000000000006,-2.39999999999998,100
336,-77.5000000000003,-8.29999999999996,0
337,-50.6000000000008,-6.29999999999997,98
338,-54.7000000000009,-11.5,100
339,-75.9000000000003,1.00000000000003,99
340,-73.6000000000005,-15.4999999999999,0
341,-49.4000000000008,-15.7999999999999,0
342,-63.000000000001,-1.99999999999997,100
343,-64.800000000001,3.40000000000003,95
344,-50.2000000000008,-2.19999999999997,100
345,-48.9000000000008,-21.3,0
346,-63.700000000001,-19.3,98
347,-64.300000000001,-12.1999999999999,59
348,-69.1000000000007,-24,0
349,-66.1000000000009,-17.5,0
350,-60.100000000001,-11.8999999999999,100
351,-42.0000000000007,-17.3,76
352,-65.4000000000009,-9.69999999999996,100
353,-40.7000000000007,-17.4,0
354,-65.000000000001,-21.4,0
355,-60.300000000001,-4.99999999999997,100
356,-69.2000000000007,-12.8999999999999,100
357,-50.9000000000008,-8.49999999999996,98
358,-49.2000000000008,-6.19999999999997,0
359,-75.2000000000004,0.500000000000026,0
360,-42.3000000000007,-13.7999999999999,0
361,-49.1000000000008,-14.1999999999999,0
362,-57.6000000000009,-16.7999999999999,89
363,-75.6000000000004,-9.89999999999996,96
364,-55.1000000000009,-2.79999999999998,0
365,-71.2000000000006,-14.9999999999999,0
366,-71.2000000000006,-1.59999999999997,99
367,-62.400000000001,8.80000000000001,0
368,-70.0000000000007,11.9,NaN
369,-47.9000000000008,-5.49999999999997,0
370,-50.1000000000008,-18.9,0
371,-61.800000000001,-22.9,47
372,-42.9000000000007,-22.3,97
373,-50.7000000000008,-21.3,0
374,-58.8000000000009,4.50000000000003,100
375,-69.9000000000007,-21.5,0
376,-58.5000000000009,-19.5,96
377,-73.6000000000005,-15.7999999999999,0
378,-40.9000000000007,-3.29999999999998,69
379,-50.6000000000008,1.70000000000003,0
380,-62.900000000001,-18.5,45
381,-59.900000000001,7.90000000000001,100
382,-67.9000000000008,-4.19999999999998,100
383,-80.5000000000001,-5.69999999999997,0
384,-47.9000000000008,-1.79999999999997,97
385,-48.8000000000008,-3.79999999999998,100
386,-52.2000000000009,3.80000000000003,100
387,-77.5000000000003,-10.9,0
388,-55.2000000000009,-10.4,100
389,-58.2000000000009,-9.59999999999996,100
390,-80.3000000000001,-0.599999999999974,0
391,-37.5000000000006,-5.99999999999997,0
392,-42.0000000000007,-5.69999999999997,0
393,-51.1000000000008,-11.3,0
394,-52.6000000000009,5.00000000000002,100
395,-60.000000000001,-15.7999999999999,15
396,-77.4000000000003,-11.3,0
397,-50.9000000000008,-22.2,0
398,-69.1000000000007,7.00000000000002,0
399,-61.000000000001,6.70000000000002,100
400,-68.4000000000008,-4.79999999999997,100
401,-79.2000000000002,-7.99999999999996,0
402,-54.9000000000009,-9.29999999999996,93
403,-63.900000000001,-22.1,98
404,-63.100000000001,-15.0999999999999,100
405,-70.1000000000007,0.800000000000026,100
406,-49.2000000000008,-9.19999999999996,4
407,-52.8000000000009,-20.2,45
408,-75.3000000000004,-3.69999999999998,100
409,-45.5000000000008,-21.9,0
410,-63.200000000001,1.70000000000003,100
411,-77.4000000000003,8.30000000000001,98
412,-64.100000000001,10.9,NaN
413,-43.5000000000007,-5.89999999999997,96
414,-59.800000000001,-5.89999999999997,100
415,-56.6000000000009,-3.49999999999998,99
416,-52.7000000000009,3.80000000000003,100
417,-64.100000000001,-18.6,44
418,-67.3000000000008,-9.69999999999996,0
419,-38.0000000000007,-9.39999999999996,0
420,-44.2000000000007,-14.9999999999999,74
421,-73.6000000000005,-6.99999999999997,100
422,-44.3000000000007,-4.69999999999997,0
423,-55.6000000000009,-2.99999999999998,100
424,-41.2000000000007,-6.89999999999997,0
425,-62.700000000001,4.90000000000003,100
426,-62.700000000001,5.40000000000002,100
427,-44.5000000000007,-8.49999999999996,49
428,-44.8000000000008,-20.9,0
429,-60.600000000001,-1.79999999999997,100
430,-66.6000000000009,-10.2,100
431,-65.8000000000009,-23.4,0
432,-60.700000000001,-14.9999999999999,100
433,-72.3000000000006,-3.79999999999998,100
434,-77.2000000000003,-0.0999999999999741,100
435,-44.5000000000007,-19,18
436,-74.8000000000004,0.800000000000026,100
437,-70.8000000000006,-18,0
438,-54.4000000000009,-18.8,69
439,-66.7000000000009,0.500000000000026,100
440,-46.0000000000008,-7.49999999999996,26
441,-52.1000000000009,-10.2,93
442,-76.3000000000003,-12.9999999999999,0
443,-51.7000000000008,-16.8999999999999,0
444,-53.3000000000009,5.20000000000002,100
445,-43.7000000000007,-16.2999999999999,0
446,-42.8000000000007,-10.2,0
447,-66.5000000000009,-0.599999999999974,100
448,-61.600000000001,-4.69999999999997,100
449,-72.7000000000005,7.50000000000002,92
450,-74.5000000000004,2.70000000000003,100
451,-59.100000000001,0.700000000000026,100
452,-72.8000000000005,-14.3999999999999,39
453,-65.8000000000009,3.20000000000003,100
454,-65.4000000000009,-15.8999999999999,43
455,-60.400000000001,-2.09999999999997,100
456,-54.1000000000009,-8.19999999999996,100
457,-78.6000000000002,-0.399999999999974,96
458,-51.6000000000008,-13.0999999999999,0
459,-52.3000000000009,-8.09999999999996,100
460,-68.8000000000008,-14.6999999999999,100
461,-41.3000000000007,-11.3,44
462,-73.6000000000005,-1.29999999999997,100
463,-72.9000000000005,-15.8999999999999,0
464,-72.3000000000006,-16.0999999999999,0
465,-42.1000000000007,-13.5999999999999,0
466,-71.9000000000006,2.10000000000003,100
467,-73.5000000000005,5.80000000000002,96
468,-64.900000000001,-0.399999999999974,100
469,-47.4000000000008,-14.9999999999999,0
470,-40.8000000000007,-9.19999999999996,0
471,-47.3000000000008,-19.4,0
472,-75.0000000000004,-15.1999999999999,0
473,-56.5000000000009,-5.19999999999997,100
474,-70.2000000000007,-4.39999999999998,100
475,-57.3000000000009,3.90000000000003,100
476,-42.6000000000007,-21.2,0
477,-63.700000000001,-16.3999999999999,0
478,-41.8000000000007,-7.59999999999996,0
479,-51.6000000000008,-11.7999999999999,0
480,-75.7000000000004,6.20000000000002,96
481,-72.5000000000005,-4.39999999999998,100
482,-45.7000000000008,-11.9999999999999,43
483,-66.3000000000009,4.40000000000003,62
484,-50.6000000000008,-0.599999999999974,100
485,-45.0000000000008,-15.0999999999999,0
486,-60.300000000001,-3.69999999999998,51
487,-61.500000000001,-16.7999999999999,100
488,-53.7000000000009,-3.69999999999998,98
489,-67.2000000000008,2.60000000000003,100
490,-54.8000000000009,5.30000000000002,100
491,-43.6000000000007,-14.6999999999999,0
492,-48.8000000000008,-12.7999999999999,0
493,-52.4000000000009,4.10000000000003,93
494,-53.4000000000009,-16.9999999999999,0
495,-56.9000000000009,-3.89999999999998,100
496,-55.2000000000009,4.00000000000003,100
497,-64.500000000001,-4.19999999999998,100
498,-56.3000000000009,1.30000000000003,100
499,-75.4000000000004,-4.49999999999998,100
500,-70.0000000000007,-14.8999999999999,0
501,-66.6000000000009,7.50000000000002,0
502,-45.1000000000008,-17.4,0
503,-70.2000000000007,-14.0999999999999,0
504,-68.5000000000008,-8.89999999999996,100
505,-47.4000000000008,-11.1,48
506,-62.500000000001,-19.9,0
507,-41.2000000000007,-14.5999999999999,0
508,-57.3000000000009,-13.8999999999999,0
509,-58.900000000001,3.30000000000003,100
510,-54.2000000000009,-0.199999999999974,97
511,-65.8000000000009,-19,0
512,-38.8000000000007,-12.4999999999999,98
513,-63.600000000001,-13.4999999999999,0
514,-40.7000000000007,-3.09999999999998,15
515,-49.2000000000008,-8.69999999999996,0
516,-41.2000000000007,-4.29999999999998,0
517,-60.500000000001,-7.29999999999997,100
518,-73.8000000000005,3.90000000000003,0
519,-58.4000000000009,-16.0999999999999,0
520,-55.4000000000009,-5.89999999999997,100
521,-54.9000000000009,-13.1999999999999,0
522,-49.0000000000008,-8.89999999999996,0
523,-48.0000000000008,-11.2,0
524,-71.2000000000006,-13.7999999999999,0
525,-58.0000000000009,2.10000000000003,98
526,-74.0000000000005,7.10000000000002,99
527,-48.5000000000008,-11.2,0
528,-66.5000000000009,-18.3,0
529,-51.1000000000008,1.80000000000003,98
530,-42.3000000000007,-13.0999999999999,0
531,-39.0000000000007,-9.49999999999996,0
532,-76.2000000000003,-6.59999999999997,94
533,-46.8000000000008,-1.49999999999997,0
534,-53.9000000000009,-9.69999999999996,100
535,-60.300000000001,-7.49999999999996,100
536,-67.2000000000008,-1.39999999999997,100
537,-67.1000000000008,-5.89999999999997,100
538,-42.5000000000007,-22.8,44
539,-39.7000000000007,-14.1999999999999,0
540,-39.2000000000007,-12.3999999999999,0
541,-55.1000000000009,-22.4,0
542,-72.1000000000006,-9.69999999999996,98
543,-70.5000000000007,6.00000000000002,0
544,-41.8000000000007,-4.29999999999998,49
545,-68.7000000000008,-19.4,0
546,-69.6000000000007,-6.69999999999997,100
547,-48.3000000000008,-14.5999999999999,8
548,-62.500000000001,-23.5,0
549,-50.6000000000008,-0.799999999999974,100
550,-72.2000000000006,8.60000000000001,29
551,-74.6000000000004,1.90000000000003,52
552,-71.2000000000006,-9.69999999999996,100
553,-70.0000000000007,-15.9999999999999,0
554,-59.400000000001,5.70000000000002,100
555,-68.5000000000008,-11.2,100
556,-39.4000000000007,-14.7999999999999,100
557,-77.0000000000003,-2.69999999999998,100
558,-49.6000000000008,-6.09999999999997,0
559,-52.5000000000009,-1.39999999999997,100
560,-51.6000000000008,0.100000000000026,100
561,-63.300000000001,-16.1999999999999,98
562,-59.900000000001,-2.49999999999998,100
563,-62.800000000001,-22.7,51
564,-71.1000000000006,-12.5999999999999,100
565,-58.5000000000009,-23.3,90
566,-67.3000000000008,1.50000000000003,100
567,-68.4000000000008,8.00000000000001,0
568,-56.9000000000009,-8.79999999999996,100
569,-53.5000000000009,-4.29999999999998,100
570,-61.300000000001,-17.7,30
571,-73.6000000000005,9.70000000000001,0
572,-55.4000000000009,-1.79999999999997,100
573,-61.500000000001,-21.6,44
574,-36.3000000000006,-7.59999999999996,0
575,-65.6000000000009,0.900000000000026,100
576,-69.3000000000007,2.70000000000003,100
577,-75.5000000000004,-0.199999999999974,100
578,-77.7000000000002,-5.99999999999997,95
579,-71.7000000000006,1.80000000000003,100
580,-69.6000000000007,-15.6999999999999,0
581,-64.600000000001,8.10000000000001,65
582,-44.5000000000007,-9.39999999999996,59
583,-71.9000000000006,11,NaN
584,-57.9000000000009,3.70000000000003,98
585,-56.3000000000009,2.20000000000003,100
586,-63.800000000001,-0.199999999999974,100
587,-72.5000000000005,-4.19999999999998,100
588,-45.8000000000008,-4.39999999999998,89
589,-52.0000000000009,-20.7,0
590,-52.7000000000009,-19.1,0
591,-68.6000000000008,-2.29999999999997,100
592,-41.2000000000007,-10.9,0
593,-53.7000000000009,-4.09999999999998,0
594,-70.0000000000007,-23.7,0
595,-70.5000000000007,10.1,NaN
596,-55.0000000000009,-8.49999999999996,100
597,-73.1000000000005,-3.79999999999998,100
598,-74.0000000000005,-14.1999999999999,0
599,-43.7000000000007,-5.19999999999997,98
600,-68.2000000000008,-1.59999999999997,100
601,-75.3000000000004,-14.0999999999999,0
602,-67.0000000000009,-23.9,0
603,-54.4000000000009,-3.79999999999998,0
604,-55.8000000000009,-16.0999999999999,0
605,-75.1000000000004,2.20000000000003,15
606,-64.900000000001,-17.4,93
607,-42.8000000000007,-6.29999999999997,43
608,-48.2000000000008,-11.1,0
609,-68.4000000000008,-3.49999999999998,100
610,-64.000000000001,-13.3999999999999,0
611,-54.0000000000009,-13.3999999999999,0
612,-80.2000000000001,7.50000000000002,0
613,-62.400000000001,7.20000000000002,0
614,-74.5000000000004,-4.79999999999997,100
615,-59.800000000001,-21.6,56
616,-64.000000000001,2.70000000000003,100
617,-38.4000000000007,-9.19999999999996,0
618,-54.8000000000009,-16.6999999999999,0
619,-57.8000000000009,-14.6999999999999,99
620,-50.7000000000008,-16.9999999999999,0
621,-49.0000000000008,-3.89999999999998,0
622,-43.5000000000007,-11.1,44
623,-66.8000000000009,-13.5999999999999,0
624,-71.6000000000006,-10.6,100
625,-46.3000000000008,-10.8,0
626,-67.8000000000008,-9.79999999999996,98
627,-70.5000000000007,-17.9,0
628,-63.300000000001,-6.49999999999997,100
629,-74.3000000000004,-12.2999999999999,98
630,-79.5000000000001,-2.39999999999998,82
631,-76.9000000000003,4.60000000000003,99
632,-57.9000000000009,-5.99999999999997,100
633,-68.4000000000008,-20.9,0
634,-59.900000000001,2.60000000000003,0
635,-56.6000000000009,-14.6999999999999,0
636,-71.1000000000006,8.30000000000001,90
637,-75.6000000000004,3.90000000000003,95
638,-41.2000000000007,-10.4,0
639,-54.0000000000009,-23.8,51
640,-52.0000000000009,-2.89999999999998,0
641,-58.1000000000009,-6.19999999999997,100
642,-60.700000000001,-10.6,100
643,-64.200000000001,9.40000000000001,0
644,-75.4000000000004,-10.1,100
645,-64.900000000001,-1.09999999999997,100
646,-50.6000000000008,-7.39999999999996,100
647,-70.9000000000006,-11.6999999999999,100
648,-59.900000000001,-20.5,48
649,-48.2000000000008,-0.899999999999974,97
650,-61.200000000001,8.50000000000001,56
651,-65.4000000000009,-23.4,0
652,-49.4000000000008,-11.3,0
653,-74.2000000000004,2.20000000000003,98
654,-47.0000000000008,-4.59999999999997,29
655,-56.1000000000009,-20.9,0
656,-65.3000000000009,8.10000000000001,0
657,-74.8000000000004,-5.09999999999997,100
658,-38.1000000000007,-8.99999999999996,0
659,-74.9000000000004,10.4,NaN
660,-48.9000000000008,-16.4999999999999,0
661,-72.0000000000006,-5.99999999999997,100
662,-40.6000000000007,-7.59999999999996,0
663,-48.9000000000008,-10.1,0
664,-73.4000000000005,3.30000000000003,0
665,-45.3000000000008,-9.59999999999996,70
666,-45.7000000000008,-4.99999999999997,96
667,-62.000000000001,-12.8999999999999,100
668,-76.9000000000003,-5.19999999999997,100
669,-72.3000000000006,-13.6999999999999,0
670,-38.1000000000007,-6.39999999999997,0
671,-60.800000000001,-7.69999999999996,100
672,-42.3000000000007,-4.09999999999998,70
673,-76.3000000000003,-4.29999999999998,99
674,-66.8000000000009,-14.6999999999999,0
675,-45.2000000000008,-10.8,0
676,-77.2000000000003,7.40000000000002,98
677,-40.6000000000007,-18.7,97
678,-60.200000000001,-16.0999999999999,0
679,-43.3000000000007,-8.39999999999996,51
680,-57.9000000000009,-1.39999999999997,100
681,-52.3000000000009,-2.59999999999998,97
682,-43.8000000000007,-6.89999999999997,46
683,-49.7000000000008,-17.0999999999999,79
684,-57.5000000000009,-10.6,100
685,-49.4000000000008,-5.49999999999997,100
686,-51.3000000000008,-6.89999999999997,0
687,-66.6000000000009,-0.899999999999974,100
688,-60.400000000001,8.50000000000001,100
689,-51.6000000000008,-17.4,0
690,-59.300000000001,2.90000000000003,0
691,-53.3000000000009,-19.5,0
692,-54.1000000000009,-18.9,0
693,-50.6000000000008,-22.4,0
694,-55.7000000000009,-23.4,7
695,-59.200000000001,-16.5999999999999,0
696,-56.5000000000009,-7.69999999999996,100
697,-49.0000000000008,-14.5999999999999,0
698,-56.4000000000009,-7.59999999999996,100
699,-76.1000000000003,-8.99999999999996,79
700,-65.7000000000009,-8.29999999999996,100
701,-59.500000000001,3.80000000000003,0
702,-65.9000000000009,6.50000000000002,100
703,-57.9000000000009,-16.1999999999999,33
704,-69.2000000000007,6.70000000000002,0
705,-72.1000000000006,-16.1999999999999,0
706,-50.8000000000008,-9.39999999999996,52
707,-72.4000000000005,-7.19999999999997,100
708,-62.100000000001,-7.79999999999996,100
709,-67.3000000000008,-15.2999999999999,100
710,-79.6000000000001,-3.09999999999998,96
711,-41.9000000000007,-5.59999999999997,0
712,-74.5000000000004,-9.49999999999996,100
713,-61.800000000001,-2.59999999999998,100
714,-53.2000000000009,-5.69999999999997,100
715,-63.800000000001,-3.19999999999998,100
716,-44.6000000000007,-3.29999999999998,87
717,-56.5000000000009,-7.49999999999996,100
718,-39.6000000000007,-17.0999999999999,96
719,-58.3000000000009,-10.3,100
720,-71.1000000000006,7.20000000000002,95
721,-64.100000000001,-16.9999999999999,100
722,-68.8000000000008,-20.8,0
723,-72.8000000000005,8.50000000000001,89
724,-47.7000000000008,-12.8999999999999,0
725,-73.1000000000005,10,NaN
726,-74.1000000000004,5.10000000000002,0
727,-69.5000000000007,-13.6999999999999,95
728,-58.900000000001,-13.8999999999999,0
729,-45.3000000000008,-13.1999999999999,0
730,-66.0000000000009,8.50000000000001,0
731,-64.800000000001,-14.7999999999999,0
732,-49.7000000000008,-18.5,43
733,-60.500000000001,1.40000000000003,0
734,-74.7000000000004,-6.09999999999997,100
735,-65.9000000000009,-12.2999999999999,100
736,-75.9000000000003,-5.29999999999997,100
737,-65.5000000000009,-21,0
738,-53.0000000000009,-3.79999999999998,100
739,-55.2000000000009,-13.8999999999999,0
740,-72.5000000000005,3.10000000000003,99
741,-78.2000000000002,1.60000000000003,59
742,-70.7000000000006,0.900000000000026,100
743,-60.500000000001,-20,NaN
744,-70.1000000000007,-16.4999999999999,0
745,-47.3000000000008,-14.6999999999999,0
746,-54.2000000000009,-0.899999999999974,99
747,-78.8000000000002,-6.79999999999997,0
748,-61.100000000001,3.00000000000003,97
749,-73.5000000000005,3.30000000000003,0
750,-71.5000000000006,7.60000000000002,0
751,-71.8000000000006,-1.79999999999997,100
752,-65.4000000000009,-21.9,0
753,-62.200000000001,-7.39999999999996,100
754,-47.0000000000008,-14.9999999999999,0
755,-43.4000000000007,-19.4,0
756,-50.7000000000008,-3.19999999999998,98
757,-78.2000000000002,1.80000000000003,100
758,-42.6000000000007,-13.1999999999999,44
759,-58.0000000000009,-11.9999999999999,0
760,-44.3000000000007,-13.1999999999999,0
761,-44.9000000000008,-14.1999999999999,0
762,-50.5000000000008,-9.19999999999996,0
763,-71.1000000000006,9.10000000000001,0
764,-61.900000000001,-12.5999999999999,100
765,-56.1000000000009,-3.09999999999998,100
766,-61.500000000001,-4.19999999999998,100
767,-60.800000000001,-19,59
768,-53.7000000000009,-18.4,0
769,-77.4000000000003,-2.19999999999997,100
770,-74.7000000000004,-14.7999999999999,0
771,-80.7000000000001,-5.49999999999997,0
772,-47.9000000000008,-4.49999999999998,97
773,-56.5000000000009,-18.8,0
774,-62.800000000001,2.20000000000003,97
775,-42.0000000000007,-11.5999999999999,0
776,-78.0000000000002,-8.29999999999996,0
777,-71.0000000000006,-7.69999999999996,100
778,-62.900000000001,1.10000000000003,100
779,-69.6000000000007,-22.3,0
780,-53.6000000000009,-2.49999999999998,100
781,-66.8000000000009,1.70000000000003,100
782,-62.200000000001,-8.19999999999996,100
783,-72.5000000000005,8.60000000000001,89
784,-48.5000000000008,-20.9,0
785,-41.8000000000007,-7.39999999999996,0
786,-79.1000000000002,-3.69999999999998,96
787,-62.400000000001,-0.799999999999974,37
788,-58.6000000000009,1.90000000000003,100
789,-66.4000000000009,-18.4,0
790,-45.6000000000008,-16.7999999999999,0
791,-72.4000000000005,4.50000000000003,0
792,-41.6000000000007,-8.09999999999996,0
793,-57.4000000000009,-8.19999999999996,100
794,-54.9000000000009,5.00000000000002,100
795,-71.6000000000006,4.00000000000003,0
796,-55.1000000000009,-18.9,0
797,-40.1000000000007,-9.19999999999996,0
798,-46.8000000000008,-16.3999999999999,0
799,-59.400000000001,5.40000000000002,100
800,-59.500000000001,-9.99999999999996,100
801,-61.600000000001,-21.7,44
802,-51.1000000000008,3.30000000000003,92
803,-42.7000000000007,-21.7,96
804,-44.1000000000007,-3.79999999999998,0
805,-65.4000000000009,2.50000000000003,100
806,-46.5000000000008,-12.8999999999999,76
807,-51.4000000000008,-14.8999999999999,0
808,-69.4000000000007,9.50000000000001,59
809,-46.9000000000008,-7.99999999999996,76
810,-69.4000000000007,-2.99999999999998,100
811,-51.1000000000008,-4.59999999999997,100
812,-63.700000000001,1.60000000000003,100
813,-65.7000000000009,-1.29999999999997,100
814,-72.3000000000006,8.70000000000001,81
815,-68.6000000000008,-5.59999999999997,100
816,-48.5000000000008,-5.39999999999997,90
817,-68.0000000000008,-13.5999999999999,0
818,-71.6000000000006,-16.2999999999999,0
819,-39.3000000000007,-11.2,0
820,-54.0000000000009,-6.79999999999997,100
821,-76.0000000000003,-11,0
822,-61.400000000001,-18.7,48
823,-75.6000000000004,-10.7,90
824,-64.300000000001,-20.2,55
825,-56.1000000000009,-23.1,95
826,-44.1000000000007,-7.89999999999996,0
827,-50.0000000000008,-23,0
828,-57.7000000000009,-2.99999999999998,61
829,-53.8000000000009,-23.7,0
830,-38.1000000000007,-9.09999999999996,0
831,-72.2000000000006,-3.19999999999998,100
832,-66.3000000000009,1.20000000000003,100
833,-73.5000000000005,5.70000000000002,0
834,-74.5000000000004,9.40000000000001,62
835,-57.8000000000009,-18.8,0
836,-61.500000000001,-7.29999999999997,100
837,-44.4000000000007,-5.49999999999997,93
838,-72.0000000000006,4.20000000000003,0
839,-75.2000000000004,10.2,NaN
840,-66.1000000000009,1.20000000000003,95
841,-70.0000000000007,3.10000000000003,100
842,-69.9000000000007,0.800000000000026,100
843,-77.1000000000003,-8.89999999999996,56
844,-39.1000000000007,-4.69999999999997,0
845,-69.8000000000007,-1.09999999999997,100
846,-63.900000000001,-20.4,76
847,-76.0000000000003,-13.4999999999999,0
848,-62.300000000001,-3.09999999999998,100
849,-51.7000000000008,-15.8999999999999,0
850,-72.5000000000005,-12.4999999999999,95
851,-60.100000000001,7.20000000000002,100
852,-48.6000000000008,-20,NaN
853,-68.4000000000008,-13.3999999999999,100
854,-71.2000000000006,-0.199999999999974,100
855,-67.1000000000008,-19.6,0
856,-74.3000000000004,-11.8999999999999,99
857,-65.6000000000009,-23.1,0
858,-59.100000000001,-4.89999999999997,100
859,-74.8000000000004,-14.8999999999999,0
860,-55.5000000000009,-6.39999999999997,100
861,-60.100000000001,-20,NaN
862,-79.5000000000001,-4.69999999999997,97
863,-52.6000000000009,-23.4,0
864,-53.5000000000009,-18.6,76
865,-57.9000000000009,-20.8,47
866,-48.7000000000008,-18.1,0
867,-77.2000000000003,-4.19999999999998,100
868,-66.4000000000009,4.40000000000003,100
869,-63.400000000001,-22.1,0
870,-46.2000000000008,-23.4,0
871,-55.4000000000009,-16.5999999999999,15
872,-64.000000000001,-8.19999999999996,100
873,-64.500000000001,-10.6,100
874,-54.3000000000009,-19.1,47
875,-75.3000000000004,8.70000000000001,30
876,-56.2000000000009,-0.599999999999974,100
877,-56.9000000000009,-4.39999999999998,100
878,-53.9000000000009,2.80000000000003,100
879,-39.7000000000007,-13.7999999999999,0
880,-59.000000000001,-5.19999999999997,100
881,-66.2000000000009,7.50000000000002,0
882,-55.4000000000009,-18.3,0
883,-53.2000000000009,-8.29999999999996,100
884,-64.400000000001,-21.7,96
885,-44.1000000000007,-11.9999999999999,76
886,-74.8000000000004,9.70000000000001,0
887,-77.2000000000003,-4.29999999999998,100
888,-68.4000000000008,-3.89999999999998,100
889,-66.3000000000009,-1.49999999999997,100
890,-51.8000000000008,1.70000000000003,100
891,-44.3000000000007,-4.29999999999998,0
892,-51.6000000000008,-8.69999999999996,100
893,-59.700000000001,-16.4999999999999,82
894,-40.7000000000007,-16.3999999999999,0
895,-68.8000000000008,-11.7999999999999,100
896,-58.3000000000009,-13.9999999999999,0
897,-57.1000000000009,-20,NaN
898,-53.9000000000009,-2.69999999999998,100
899,-56.9000000000009,2.80000000000003,100
900,-67.0000000000009,-5.69999999999997,100
901,-66.3000000000009,7.80000000000001,0
902,-72.0000000000006,-11.5999999999999,100
903,-35.4000000000006,-6.39999999999997,0
904,-57.8000000000009,1.40000000000003,100
905,-48.3000000000008,-18.8,6
906,-69.8000000000007,-21.8,0
907,-71.4000000000006,-13.9999999999999,0
908,-54.6000000000009,-4.99999999999997,100
909,-66.7000000000009,0.700000000000026,100
910,-52.5000000000009,-9.49999999999996,98
911,-72.8000000000005,-16.0999999999999,0
912,-60.600000000001,-5.39999999999997,21
913,-65.100000000001,-0.699999999999974,100
914,-71.9000000000006,-3.49999999999998,100
915,-65.7000000000009,-21.9,0
916,-76.7000000000003,5.00000000000002,100
917,-66.5000000000009,-0.299999999999974,100
918,-69.2000000000007,-8.19999999999996,100
919,-64.400000000001,-17.1999999999999,0
920,-67.9000000000008,-23.9,0
921,-61.300000000001,7.20000000000002,98
922,-41.6000000000007,-4.39999999999998,76
923,-65.9000000000009,-1.69999999999997,79
924,-63.700000000001,-3.89999999999998,100
925,-64.400000000001,-14.6999999999999,0
926,-65.8000000000009,7.10000000000002,49
927,-57.6000000000009,4.00000000000003,100
928,-60.600000000001,-0.699999999999974,100
929,-59.400000000001,-18,100
930,-70.7000000000006,7.30000000000002,33
931,-42.8000000000007,-12.7999999999999,0
932,-50.8000000000008,-2.49999999999998,100
933,-45.0000000000008,-5.29999999999997,93
934,-61.700000000001,8.50000000000001,100
935,-57.6000000000009,-14.8999999999999,98
936,-61.600000000001,-17.6,72
937,-51.8000000000008,-22.8,0
938,-67.7000000000008,-12.9999999999999,96
939,-72.9000000000005,-3.69999999999998,100
940,-45.2000000000008,-13.6999999999999,0
941,-69.1000000000007,-0.499999999999974,95
942,-47.8000000000008,-12.9999999999999,15
943,-62.800000000001,0.400000000000026,94
944,-63.400000000001,8.00000000000001,0
945,-44.8000000000008,-9.49999999999996,55
946,-66.8000000000009,-14.3999999999999,36
947,-51.2000000000008,-13.1999999999999,76
948,-47.8000000000008,-2.39999999999998,100
949,-60.200000000001,-0.499999999999974,100
950,-66.5000000000009,-6.49999999999997,100
951,-48.5000000000008,-12.0999999999999,63
952,-45.8000000000008,-23.6,95
953,-67.6000000000008,-20.2,0
954,-74.5000000000004,-0.399999999999974,100
955,-62.400000000001,-5.49999999999997,100
956,-52.4000000000009,-14.1999999999999,0
957,-64.200000000001,3.60000000000003,100
958,-49.5000000000008,-8.39999999999996,47
959,-55.5000000000009,-20.8,0
960,-77.9000000000002,-0.399999999999974,95
961,-75.0000000000004,-15.0999999999999,0
962,-58.1000000000009,1.30000000000003,100
963,-42.7000000000007,-12.6999999999999,15
964,-72.5000000000005,-8.59999999999996,97
965,-56.3000000000009,3.20000000000003,100
966,-65.000000000001,-10.4,0
967,-48.3000000000008,-15.0999999999999,43
968,-58.2000000000009,-17.7,62
969,-38.9000000000007,-6.59999999999997,36
970,-55.0000000000009,-2.69999999999998,0
971,-70.3000000000007,6.70000000000002,0
972,-74.9000000000004,1.40000000000003,0
973,-73.2000000000005,-0.199999999999974,100
974,-38.8000000000007,-3.59999999999998,0
975,-40.6000000000007,-8.29999999999996,0
976,-45.6000000000008,-23.2,0
977,-50.6000000000008,-17.4,0
978,-58.2000000000009,-24,0
979,-76.3000000000003,-8.99999999999996,100
980,-49.0000000000008,-1.99999999999997,93
981,-61.400000000001,-5.69999999999997,100
982,-62.500000000001,2.20000000000003,97
983,-42.9000000000007,-21.7,100
984,-68.5000000000008,-16.7999999999999,0
985,-72.1000000000006,3.40000000000003,0
986,-77.9000000000002,-2.99999999999998,98
987,-69.2000000000007,-13.3999999999999,100
988,-48.9000000000008,-21.2,0
989,-76.2000000000003,-5.49999999999997,100
990,-45.0000000000008,-16.1999999999999,72
991,-64.700000000001,-3.69999999999998,100
992,-70.3000000000007,2.30000000000003,100
993,-66.9000000000009,-7.19999999999997,100
994,-74.2000000000004,-0.399999999999974,100
995,-69.8000000000007,-1.89999999999997,100
996,-66.1000000000009,-8.59999999999996,100
997,-55.5000000000009,0.300000000000026,100
998,-56.7000000000009,-20.8,97
999,-66.6000000000009,-7.19999999999997,100
1000,-75.2000000000004,8.70000000000001,51
1001,-60.400000000001,-19.4,62
1002,-58.900000000001,-19,93
1003,-51.7000000000008,-0.399999999999974,100
1004,-42.2000000000007,-12.1999999999999,41
1005,-80.1000000000001,-6.39999999999997,0
1006,-71.8000000000006,2.30000000000003,99
1007,-43.2000000000007,-2.99999999999998,15
1008,-75.0000000000004,-7.09999999999997,100
1009,-65.4000000000009,-22.9,0
1010,-67.9000000000008,-8.89999999999996,100
1011,-70.5000000000007,-8.59999999999996,100
1012,-65.200000000001,2.90000000000003,100
1013,-67.6000000000008,-19.8,0
1014,-74.7000000000004,4.80000000000003,0
1015,-73.3000000000005,-4.89999999999997,100
1016,-61.600000000001,-22,44
1017,-59.800000000001,-15.2999999999999,0
1018,-65.7000000000009,-4.99999999999997,100
1019,-57.7000000000009,-23.7,93
1020,-65.8000000000009,-19.3,0
1021,-47.6000000000008,-14.5999999999999,0
1022,-46.2000000000008,-22.3,0
1023,-68.4000000000008,-18.1,0
1024,-77.3000000000003,-3.19999999999998,100
1025,-64.900000000001,-10.7,100
1026,-61.500000000001,5.20000000000002,0
1027,-66.1000000000009,-14.4999999999999,100
1028,-53.3000000000009,-4.99999999999997,100
1029,-67.1000000000008,-5.49999999999997,100
1030,-68.7000000000008,3.70000000000003,100
1031,-51.3000000000008,-16.3999999999999,0
1032,-63.000000000001,0.700000000000026,90
1033,-52.0000000000009,-13.2999999999999,98
1034,-61.700000000001,3.70000000000003,98
1035,-74.3000000000004,-14.2999999999999,0
1036,-57.9000000000009,-13.0999999999999,100
1037,-62.200000000001,-11.6999999999999,0
1038,-54.2000000000009,1.20000000000003,100
1039,-67.6000000000008,-20.3,0
1040,-52.2000000000009,-6.89999999999997,0
1041,-45.3000000000008,-8.29999999999996,0
1042,-77.4000000000003,8.00000000000001,100
1043,-51.5000000000008,0.700000000000026,0
1044,-53.6000000000009,-15.0999999999999,0
1045,-45.5000000000008,-16.7999999999999,0
1046,-69.0000000000007,-5.19999999999997,100
1047,-47.9000000000008,-21.3,0
1048,-49.2000000000008,-23.9,0
1049,-49.0000000000008,-4.79999999999997,96
1050,-74.5000000000004,-0.899999999999974,100
1051,-55.8000000000009,-11.6999999999999,0
1052,-45.0000000000008,-7.19999999999997,59
1053,-67.3000000000008,-10.2,69
1054,-68.4000000000008,10.5,NaN
1055,-58.5000000000009,3.20000000000003,100
1056,-47.7000000000008,-17.0999999999999,0
1057,-51.7000000000008,-3.69999999999998,100
1058,-70.9000000000006,1.00000000000003,100
1059,-46.7000000000008,-19.6,0
1060,-53.5000000000009,-1.19999999999997,58
1061,-75.6000000000004,-3.79999999999998,100
1062,-42.2000000000007,-19.2,0
1063,-58.8000000000009,-23.6,44
1064,-59.500000000001,-17.0999999999999,87
1065,-66.3000000000009,-7.69999999999996,100
1066,-52.0000000000009,0.500000000000026,98
1067,-67.0000000000009,7.60000000000002,0
1068,-70.0000000000007,-23.9,0
1069,-72.2000000000006,7.60000000000002,97
1070,-74.3000000000004,1.90000000000003,100
1071,-71.0000000000006,7.50000000000002,0
1072,-47.3000000000008,-18.4,0
1073,-65.9000000000009,-14.0999999999999,93
1074,-51.3000000000008,-12.2999999999999,0
1075,-44.0000000000007,-8.79999999999996,0
1076,-60.000000000001,5.80000000000002,100
1077,-62.900000000001,2.70000000000003,100
1078,-69.4000000000007,-8.29999999999996,97
1079,-64.600000000001,-6.89999999999997,100
1080,-37.9000000000007,-8.39999999999996,0
1081,-67.5000000000008,-2.39999999999998,100
1082,-73.0000000000005,-0.299999999999974,100
1083,-60.200000000001,-12.6999999999999,61
1084,-52.0000000000009,-11.9999999999999,0
1085,-66.6000000000009,-11.9999999999999,99
1086,-75.9000000000003,-7.59999999999996,97
1087,-45.9000000000008,-10.3,0
1088,-54.8000000000009,0.800000000000026,100
1089,-72.5000000000005,-14.9999999999999,0
1090,-55.2000000000009,-16.2999999999999,41
1091,-70.5000000000007,9.40000000000001,79
1092,-44.2000000000007,-13.3999999999999,0
1093,-39.5000000000007,-9.09999999999996,0
1094,-59.200000000001,-1.19999999999997,100
1095,-68.3000000000008,6.30000000000002,0
1096,-62.200000000001,7.00000000000002,97
1097,-80.2000000000001,9.20000000000001,0
1098,-64.300000000001,0.400000000000026,100
1099,-58.8000000000009,-18.3,98
1100,-44.7000000000007,-19.9,43
1101,-68.4000000000008,-19.3,0
1102,-52.6000000000009,-21.5,0
1103,-76.4000000000003,-4.79999999999997,100
1104,-50.3000000000008,-3.39999999999998,98
1105,-52.3000000000009,-20.1,0
1106,-64.100000000001,5.20000000000002,96
1107,-58.0000000000009,-0.399999999999974,100
1108,-64.500000000001,2.58959520493818e-14,100
1109,-64.900000000001,-10.9,100
1110,-52.3000000000009,-18.8,47
1111,-46.5000000000008,-11.8999999999999,17
1112,-54.6000000000009,3.00000000000003,100
1113,-55.3000000000009,5.80000000000002,97
1114,-57.6000000000009,-19.2,0
1115,-66.2000000000009,7.20000000000002,19
1116,-69.3000000000007,-22.6,0
1117,-57.8000000000009,-20.5,0
1118,-50.5000000000008,-6.29999999999997,97
1119,-70.1000000000007,-19.5,0
1120,-51.6000000000008,-14.5999999999999,0
1121,-61.600000000001,-9.19999999999996,100
1122,-39.1000000000007,-5.39999999999997,1
1123,-64.400000000001,-16.5999999999999,100
1124,-39.2000000000007,-13.9999999999999,0
1125,-59.900000000001,6.90000000000002,98
1126,-52.5000000000009,-10.6,0
1127,-68.5000000000008,-23.3,0
1128,-40.6000000000007,-13.1999999999999,0
1129,-42.7000000000007,-8.29999999999996,43
1130,-71.9000000000006,-15.4999999999999,0
1131,-75.4000000000004,-2.39999999999998,100
1132,-70.2000000000007,-12.3999999999999,100
1133,-59.100000000001,-6.29999999999997,100
1134,-61.600000000001,1.90000000000003,98
1135,-67.6000000000008,0.300000000000026,100
1136,-43.8000000000007,-4.59999999999997,89
1137,-65.6000000000009,8.30000000000001,2
1138,-59.200000000001,-9.49999999999996,100
1139,-75.4000000000004,-7.19999999999997,100
1140,-62.500000000001,-23.2,22
1141,-53.6000000000009,2.20000000000003,97
1142,-75.8000000000004,-11.2,0
1143,-58.2000000000009,-18.8,100
1144,-62.200000000001,7.30000000000002,0
1145,-78.7000000000002,-6.49999999999997,0
1146,-50.7000000000008,-22.5,0
1147,-58.7000000000009,-8.49999999999996,100
1148,-78.6000000000002,-7.99999999999996,0
1149,-65.8000000000009,-9.99999999999996,100
1150,-56.4000000000009,-12.1999999999999,0
1151,-72.5000000000005,2.20000000000003,93
1152,-79.0000000000002,-0.399999999999974,84
1153,-57.8000000000009,-21.6,0
1154,-56.3000000000009,-17.5,23
1155,-57.1000000000009,-21.6,0
1156,-66.0000000000009,-15.9999999999999,100
1157,-48.4000000000008,-8.59999999999996,76
1158,-64.200000000001,-21.4,0
1159,-45.2000000000008,-8.19999999999996,0
1160,-80.4000000000001,-5.29999999999997,0
1161,-48.3000000000008,-8.19999999999996,51
1162,-65.6000000000009,8.10000000000001,0
1163,-66.9000000000009,-12.5999999999999,0
1164,-67.3000000000008,-18.6,0
1165,-68.8000000000008,-20.1,0
1166,-48.1000000000008,-15.7999999999999,0
1167,-68.7000000000008,-11.1,0
1168,-63.700000000001,-0.599999999999974,100
1169,-55.1000000000009,-20.8,0
1170,-44.2000000000007,-15.3999999999999,0
1171,-39.6000000000007,-9.29999999999996,0
1172,-59.200000000001,-3.99999999999998,100
1173,-77.0000000000003,6.90000000000002,99
1174,-42.9000000000007,-9.59999999999996,4
1175,-66.4000000000009,2.30000000000003,100
1176,-76.5000000000003,5.30000000000002,98
1177,-69.0000000000007,9.10000000000001,48
1178,-75.4000000000004,3.80000000000003,0
1179,-57.0000000000009,-23.8,0
1180,-61.000000000001,-15.4999999999999,93
1181,-45.1000000000008,-15.2999999999999,0
1182,-70.0000000000007,-0.899999999999974,100
1183,-54.3000000000009,-14.4999999999999,0
1184,-40.8000000000007,-8.09999999999996,0
1185,-47.1000000000008,-10.8,0
1186,-57.3000000000009,-7.19999999999997,100
1187,-57.0000000000009,-0.699999999999974,100
1188,-60.900000000001,-19.9,43
1189,-54.6000000000009,-21.6,0
1190,-64.400000000001,-19.4,36
1191,-68.5000000000008,-1.89999999999997,100
1192,-60.000000000001,1.50000000000003,98
1193,-61.300000000001,-16.5999999999999,96
1194,-40.7000000000007,-17.1999999999999,88
1195,-74.8000000000004,7.60000000000002,43
1196,-70.1000000000007,10.2,NaN
1197,-70.8000000000006,6.50000000000002,0
1198,-47.9000000000008,-5.29999999999997,73
1199,-67.0000000000009,-16.7999999999999,40
1200,-58.6000000000009,1.70000000000003,100
1201,-44.8000000000008,-19.6,74
1202,-45.5000000000008,-21.3,0
1203,-63.500000000001,-0.499999999999974,0
1204,-75.8000000000004,-7.79999999999996,95
1205,-46.9000000000008,-10.3,0
1206,-69.2000000000007,-15.1999999999999,0
1207,-76.2000000000003,-1.99999999999997,100
1208,-47.2000000000008,-8.69999999999996,51
1209,-74.4000000000004,8.30000000000001,100
1210,-71.0000000000006,-15.4999999999999,0
1211,-75.9000000000003,-14.2999999999999,0
1212,-58.4000000000009,-1.99999999999997,100
1213,-45.4000000000008,-2.29999999999997,47
1214,-67.0000000000009,-21.9,0
1215,-55.1000000000009,-7.79999999999996,100
1216,-69.6000000000007,-16.4999999999999,0
1217,-77.4000000000003,-10.4,0
1218,-55.4000000000009,-8.39999999999996,100
1219,-59.200000000001,6.40000000000002,98
1220,-38.0000000000007,-9.69999999999996,43
1221,-63.300000000001,-22.5,51
1222,-41.4000000000007,-4.79999999999997,43
1223,-38.4000000000007,-6.09999999999997,0
1224,-70.4000000000007,-18.3,0
1225,-45.8000000000008,-12.4999999999999,0
1226,-53.4000000000009,-13.0999999999999,100
1227,-69.5000000000007,-3.59999999999998,100
1228,-57.1000000000009,-21.7,0
1229,-78.5000000000002,1.60000000000003,98
1230,-52.8000000000009,-4.79999999999997,0
1231,-59.800000000001,-6.89999999999997,0
1232,-52.1000000000009,-2.09999999999997,100
1233,-59.500000000001,0.400000000000026,100
1234,-46.0000000000008,-11.7999999999999,0
1235,-66.9000000000009,-2.69999999999998,97
1236,-80.1000000000001,8.80000000000001,95
1237,-70.7000000000006,9.40000000000001,76
1238,-43.7000000000007,-20.6,76
1239,-44.5000000000007,-6.09999999999997,82
1240,-47.3000000000008,-22,0
1241,-68.5000000000008,-9.99999999999996,98
1242,-70.0000000000007,7.10000000000002,59
1243,-65.6000000000009,-18.4,0
1244,-62.900000000001,-18.9,49
1245,-57.2000000000009,-21.7,0
1246,-64.600000000001,-3.29999999999998,0
1247,-40.6000000000007,-11.9999999999999,89
1248,-66.3000000000009,3.50000000000003,100
1249,-57.9000000000009,-15.6999999999999,0
1250,-72.3000000000006,-6.69999999999997,100
1251,-55.6000000000009,-2.19999999999997,0
1252,-56.7000000000009,-20.5,100
1253,-65.8000000000009,5.40000000000002,99
1254,-78.0000000000002,-3.29999999999998,100
1255,-52.1000000000009,2.60000000000003,100
1256,-65.000000000001,-13.6999999999999,0
1257,-62.800000000001,-1.19999999999997,100
1258,-73.3000000000005,7.50000000000002,4
1259,-43.4000000000007,-3.29999999999998,0
1260,-66.4000000000009,-1.19999999999997,100
1261,-78.6000000000002,0.800000000000026,43
1262,-42.9000000000007,-15.1999999999999,0
1263,-55.2000000000009,-15.1999999999999,89
1264,-62.800000000001,-6.69999999999997,100
1265,-51.5000000000008,-6.09999999999997,0
1266,-76.0000000000003,-10.3,36
1267,-35.1000000000006,-6.89999999999997,52
1268,-51.2000000000008,-10.7,48
1269,-69.5000000000007,-22.9,0
1270,-46.9000000000008,-21.6,0
1271,-71.1000000000006,2.00000000000003,100
1272,-67.4000000000008,5.00000000000002,95
1273,-38.5000000000007,-5.39999999999997,0
1274,-63.900000000001,-13.7999999999999,73
1275,-42.2000000000007,-21.5,0
1276,-39.0000000000007,-9.79999999999996,0
1277,-67.5000000000008,-24,0
1278,-44.3000000000007,-20.7,0
1279,-47.6000000000008,-8.99999999999996,89
1280,-54.6000000000009,-3.59999999999998,100
1281,-55.0000000000009,-8.99999999999996,97
1282,-68.9000000000007,-15.6999999999999,0
1283,-73.8000000000005,3.80000000000003,86
1284,-41.3000000000007,-4.29999999999998,0
1285,-49.3000000000008,-23.6,43
1286,-68.5000000000008,-23.4,0
1287,-60.600000000001,-9.19999999999996,100
1288,-76.4000000000003,2.40000000000003,90
1289,-63.400000000001,6.20000000000002,28
1290,-67.8000000000008,9.80000000000001,35
1291,-68.0000000000008,-10.2,0
1292,-43.0000000000007,-18.3,20
1293,-68.4000000000008,-6.59999999999997,100
1294,-51.4000000000008,-13.0999999999999,31
1295,-56.0000000000009,-21.1,0
1296,-66.0000000000009,-11.9999999999999,100
1297,-71.0000000000006,4.20000000000003,48
1298,-62.900000000001,3.80000000000003,97
1299,-40.0000000000007,-17.6,0
1300,-54.3000000000009,-5.29999999999997,100
1301,-51.7000000000008,-13.6999999999999,0
1302,-72.4000000000005,8.70000000000001,0
1303,-65.000000000001,-12.7999999999999,0
1304,-78.9000000000002,-6.29999999999997,7
1305,-68.9000000000007,6.80000000000002,0
1306,-47.0000000000008,-22.4,9
1307,-44.1000000000007,-14.3999999999999,49
1308,-66.2000000000009,-2.79999999999998,100
1309,-74.8000000000004,-9.99999999999996,100
1310,-56.7000000000009,-18,0
1311,-69.9000000000007,7.70000000000002,48
1312,-61.800000000001,6.70000000000002,97
1313,-48.7000000000008,-17.3,0
1314,-78.2000000000002,-4.49999999999998,100
1315,-38.8000000000007,-5.89999999999997,0
1316,-62.900000000001,7.90000000000001,89
1317,-61.900000000001,-2.99999999999998,100
1318,-54.6000000000009,-10.4,0
1319,-66.8000000000009,-20.3,0
1320,-64.000000000001,-13.5999999999999,0
1321,-49.6000000000008,-13.4999999999999,0
1322,-53.2000000000009,0.200000000000026,94
1323,-51.6000000000008,-20.2,0
1324,-58.0000000000009,-0.299999999999974,100
1325,-56.3000000000009,-8.59999999999996,100
1326,-70.3000000000007,9.90000000000001,5
1327,-44.3000000000007,-12.9999999999999,23
1328,-74.4000000000004,-6.09999999999997,99
1329,-67.3000000000008,-12.6999999999999,100
1330,-44.4000000000007,-7.79999999999996,26
1331,-50.3000000000008,-21.2,0
1332,-71.3000000000006,-16.4999999999999,0
1333,-43.0000000000007,-16.3999999999999,47
1334,-47.2000000000008,-2.99999999999998,61
1335,-70.6000000000006,-9.39999999999996,98
1336,-61.800000000001,-12.4999999999999,100
1337,-67.4000000000008,-19,0
1338,-54.1000000000009,-15.6999999999999,0
1339,-69.3000000000007,-10.7,100
1340,-54.0000000000009,-8.29999999999996,100
1341,-52.3000000000009,-15.4999999999999,0
1342,-74.7000000000004,-14.6999999999999,0
1343,-58.0000000000009,-3.69999999999998,100
1344,-69.6000000000007,2.70000000000003,100
1345,-74.8000000000004,-6.89999999999997,100
1346,-70.7000000000006,-17.0999999999999,0
1347,-38.2000000000007,-4.29999999999998,51
1348,-80.5000000000001,-1.59999999999997,49
1349,-66.6000000000009,-7.79999999999996,100
1350,-53.4000000000009,-23.8,0
1351,-68.6000000000008,-14.0999999999999,100
1352,-66.7000000000009,-6.19999999999997,100
1353,-67.3000000000008,3.70000000000003,100
1354,-57.9000000000009,-5.69999999999997,100
1355,-63.000000000001,10.1,NaN
1356,-59.600000000001,5.10000000000002,100
1357,-43.3000000000007,-20.8,0
1358,-77.2000000000003,-3.89999999999998,100
1359,-63.000000000001,-19.4,51
1360,-73.9000000000005,-11.1,97
1361,-69.5000000000007,-11.7999999999999,100
1362,-71.7000000000006,0.900000000000026,100
1363,-61.900000000001,-21.7,47
1364,-65.7000000000009,-23.7,0
1365,-50.8000000000008,-13.6999999999999,0
1366,-49.3000000000008,-13.6999999999999,0
1367,-55.7000000000009,1.00000000000003,100
1368,-68.6000000000008,-16.4999999999999,0
1369,-80.9000000000001,-4.79999999999997,0
1370,-46.9000000000008,-20.5,0
1371,-54.3000000000009,-9.09999999999996,100
1372,-78.4000000000002,0.500000000000026,86
1373,-66.0000000000009,0.300000000000026,100
1374,-50.8000000000008,-18.2,0
1375,-60.100000000001,-13.5999999999999,100
1376,-78.5000000000002,-0.399999999999974,43
1377,-66.5000000000009,-8.59999999999996,100
1378,-62.000000000001,-9.59999999999996,99
1379,-58.7000000000009,5.80000000000002,100
1380,-60.400000000001,-22.3,51
1381,-54.6000000000009,-13.9999999999999,87
1382,-58.5000000000009,-10.7,100
1383,-52.9000000000009,-19.1,0
1384,-40.3000000000007,-6.59999999999997,0
1385,-43.5000000000007,-20.9,90
1386,-64.400000000001,3.70000000000003,100
1387,-67.5000000000008,-18.1,0
1388,-67.9000000000008,5.00000000000002,4
1389,-50.2000000000008,-5.69999999999997,100
1390,-64.300000000001,-11.5999999999999,100
1391,-46.8000000000008,-23.3,47
1392,-46.8000000000008,-20.7,0
1393,-69.3000000000007,-14.8999999999999,0
1394,-67.5000000000008,-14.5999999999999,100
1395,-72.1000000000006,-5.89999999999997,100
1396,-39.5000000000007,-5.99999999999997,0
1397,-47.7000000000008,-2.09999999999997,95
1398,-57.1000000000009,-9.79999999999996,97
1399,-63.500000000001,4.60000000000003,100
1400,-71.3000000000006,8.70000000000001,59
1401,-75.5000000000004,-11.2,66
1402,-40.5000000000007,-18,0
1403,-67.6000000000008,-3.59999999999998,100
1404,-48.1000000000008,-16.2999999999999,0
1405,-46.3000000000008,-0.999999999999974,0
1406,-59.500000000001,-13.2999999999999,100
1407,-55.1000000000009,0.100000000000026,100
1408,-40.9000000000007,-14.1999999999999,0
1409,-65.200000000001,9.90000000000001,89
1410,-48.5000000000008,-7.19999999999997,97
1411,-54.2000000000009,-18.1,0
1412,-69.0000000000007,-3.49999999999998,100
1413,-79.5000000000001,-0.299999999999974,97
1414,-73.6000000000005,-0.299999999999974,100
1415,-59.700000000001,-22,0
1416,-62.400000000001,-0.499999999999974,100
1417,-69.2000000000007,-10.6,98
1418,-49.8000000000008,-7.69999999999996,15
1419,-58.7000000000009,-5.29999999999997,100
1420,-38.8000000000007,-7.59999999999996,0
1421,-61.100000000001,-22.5,45
1422,-64.100000000001,1.80000000000003,100
1423,-49.5000000000008,-12.5999999999999,79
1424,-39.7000000000007,-16.4999999999999,0
1425,-67.6000000000008,-0.599999999999974,100
1426,-62.400000000001,-21.6,22
1427,-45.4000000000008,-19.7,76
1428,-49.5000000000008,-21.6,0
1429,-79.8000000000001,-4.49999999999998,0
1430,-77.2000000000003,4.70000000000003,97
1431,-59.100000000001,-8.19999999999996,100
1432,-59.700000000001,4.90000000000003,100
1433,-37.6000000000006,-4.69999999999997,34
1434,-64.700000000001,-1.69999999999997,100
1435,-54.8000000000009,1.00000000000003,100
1436,-73.3000000000005,-0.299999999999974,100
1437,-61.000000000001,-22.9,48
1438,-74.8000000000004,-5.39999999999997,100
1439,-80.4000000000001,-0.899999999999974,0
1440,-69.7000000000007,-16.1999999999999,0
1441,-55.6000000000009,-23.9,0
1442,-58.2000000000009,-1.29999999999997,100
1443,-58.5000000000009,4.40000000000003,100
1444,-77.6000000000003,-5.49999999999997,100
1445,-56.1000000000009,0.400000000000026,100
1446,-55.5000000000009,-22.2,93
1447,-59.100000000001,-16.9999999999999,86
1448,-47.1000000000008,-22.2,99
1449,-49.3000000000008,-8.19999999999996,0
1450,-45.6000000000008,-23.1,0
1451,-52.9000000000009,4.10000000000003,100
1452,-71.6000000000006,-1.79999999999997,100
1453,-43.7000000000007,-21,0
1454,-50.6000000000008,-6.19999999999997,98
1455,-66.0000000000009,-0.899999999999974,100
1456,-44.8000000000008,-3.59999999999998,96
1457,-47.3000000000008,-23.9,100
1458,-70.3000000000007,-9.19999999999996,98
1459,-50.8000000000008,-16.2999999999999,0
1460,-59.400000000001,-17.4,100
1461,-64.300000000001,-20.3,86
1462,-74.0000000000005,-11.5,100
1463,-70.9000000000006,-5.49999999999997,100
1464,-76.7000000000003,-0.499999999999974,100
1465,-62.100000000001,-11,89
1466,-42.4000000000007,-3.39999999999998,76
1467,-59.500000000001,6.40000000000002,97
1468,-78.0000000000002,-7.09999999999997,0
1469,-56.1000000000009,4.40000000000003,100
1470,-55.2000000000009,-21,0
1471,-57.2000000000009,5.30000000000002,100
1472,-60.400000000001,-2.99999999999998,100
1473,-75.7000000000004,-9.59999999999996,96
1474,-72.5000000000005,1.40000000000003,100
1475,-45.5000000000008,-11.1,18
1476,-60.800000000001,-0.299999999999974,100
1477,-57.0000000000009,-11.9999999999999,100
1478,-60.500000000001,-17.8,51
1479,-66.4000000000009,-18.3,0
1480,-55.6000000000009,-10.3,97
1481,-77.4000000000003,7.00000000000002,100
1482,-76.0000000000003,5.00000000000002,72
1483,-44.7000000000007,-16.5999999999999,51
1484,-64.300000000001,3.20000000000003,100
1485,-73.0000000000005,3.30000000000003,0
1486,-49.6000000000008,-16.8999999999999,0
1487,-48.8000000000008,-7.09999999999997,95
1488,-69.1000000000007,-7.29999999999997,100
1489,-61.500000000001,-8.79999999999996,100
1490,-73.2000000000005,-5.69999999999997,100
1491,-79.3000000000002,-7.49999999999996,0
1492,-63.600000000001,0.100000000000026,100
1493,-69.9000000000007,2.00000000000003,100
1494,-49.9000000000008,-19.9,0
1495,-79.8000000000001,-4.89999999999997,0
1496,-47.1000000000008,-16.0999999999999,0
1497,-35.8000000000006,-9.59999999999996,0
1498,-53.2000000000009,-3.29999999999998,100
1499,-50.8000000000008,0.600000000000026,0
1500,-50.8000000000008,-19.4,0
1501,-48.3000000000008,-13.9999999999999,0
1502,-57.0000000000009,-18.9,0
1503,-75.0000000000004,-1.19999999999997,100
1504,-60.200000000001,-11.5999999999999,100
1505,-59.600000000001,-7.09999999999997,100
1506,-59.300000000001,-24,51
1507,-64.700000000001,-6.69999999999997,100
1508,-49.6000000000008,-17.8,0
1509,-65.6000000000009,0.800000000000026,100
1510,-60.100000000001,-16.1999999999999,0
1511,-66.9000000000009,-3.99999999999998,100
1512,-37.9000000000007,-6.29999999999997,0
1513,-59.100000000001,-4.69999999999997,100
1514,-60.500000000001,4.70000000000003,0
1515,-75.7000000000004,-4.29999999999998,90
1516,-62.700000000001,-0.499999999999974,100
1517,-71.4000000000006,-9.89999999999996,100
1518,-76.8000000000003,3.20000000000003,96
1519,-70.9000000000006,-17.4,0
1520,-64.000000000001,5.30000000000002,100
1521,-72.1000000000006,-4.99999999999997,100
1522,-36.4000000000006,-10.3,44
1523,-71.1000000000006,-10.9,100
1524,-45.9000000000008,-17.9,0
1525,-50.7000000000008,-2.79999999999998,100
1526,-61.700000000001,-1.19999999999997,100
1527,-63.300000000001,-23.1,51
1528,-43.7000000000007,-16.1999999999999,76
1529,-67.0000000000009,2.20000000000003,100
1530,-61.600000000001,8.60000000000001,0
1531,-47.2000000000008,-14.5999999999999,0
1532,-71.0000000000006,0.200000000000026,100
1533,-64.600000000001,-13.2999999999999,0
1534,-75.6000000000004,8.50000000000001,0
1535,-45.8000000000008,-21.2,43
1536,-74.5000000000004,10.6,NaN
1537,-59.900000000001,3.40000000000003,0
1538,-59.900000000001,-7.09999999999997,0
1539,-59.400000000001,-18.3,98
1540,-60.700000000001,-12.7999999999999,97
1541,-58.900000000001,-21.9,44
1542,-70.6000000000006,-0.0999999999999741,100
1543,-63.500000000001,2.58959520493818e-14,37
1544,-70.1000000000007,0.400000000000026,100
1545,-71.1000000000006,2.20000000000003,100
1546,-54.7000000000009,-9.09999999999996,100
1547,-57.0000000000009,-18.5,55
1548,-77.4000000000003,-2.29999999999997,98
1549,-39.6000000000007,-17.9,94
1550,-69.0000000000007,-10.1,100
1551,-68.3000000000008,-7.89999999999996,100
1552,-49.8000000000008,-4.19999999999998,46
1553,-77.3000000000003,-0.899999999999974,100
1554,-74.8000000000004,2.30000000000003,0
1555,-49.8000000000008,-14.9999999999999,0
1556,-75.9000000000003,1.10000000000003,0
1557,-68.2000000000008,-9.99999999999996,98
1558,-68.3000000000008,-2.69999999999998,100
1559,-70.2000000000007,-16.7999999999999,0
1560,-66.4000000000009,-12.0999999999999,100
1561,-78.2000000000002,-6.89999999999997,0
1562,-69.9000000000007,1.40000000000003,100
1563,-40.8000000000007,-20.7,0
1564,-73.7000000000005,8.70000000000001,0
1565,-69.1000000000007,-6.19999999999997,100
1566,-69.6000000000007,0.200000000000026,100
1567,-55.2000000000009,-9.69999999999996,61
1568,-42.1000000000007,-16.8999999999999,39
1569,-45.5000000000008,-5.69999999999997,93
1570,-73.3000000000005,-13.7999999999999,0
1571,-75.6000000000004,0.200000000000026,100
1572,-77.1000000000003,-5.29999999999997,100
1573,-65.5000000000009,-6.39999999999997,100
1574,-51.5000000000008,-6.79999999999997,0
1575,-41.4000000000007,-16.5999999999999,0
1576,-63.900000000001,-21.2,48
1577,-53.4000000000009,-13.4999999999999,64
1578,-60.200000000001,-17.9,55
1579,-60.300000000001,-4.09999999999998,100
1580,-74.6000000000004,-0.399999999999974,100
1581,-57.1000000000009,-19.4,45
1582,-79.5000000000001,-5.99999999999997,86
1583,-44.7000000000007,-7.09999999999997,0
1584,-76.2000000000003,2.80000000000003,95
1585,-70.8000000000006,-4.99999999999997,100
1586,-69.2000000000007,2.00000000000003,100
1587,-75.8000000000004,5.90000000000002,48
1588,-72.2000000000006,-6.99999999999997,100
1589,-64.400000000001,9.20000000000001,0
1590,-71.1000000000006,-5.99999999999997,100
1591,-77.3000000000003,-6.49999999999997,100
1592,-71.7000000000006,-3.19999999999998,100
1593,-75.2000000000004,-3.99999999999998,96
1594,-48.4000000000008,-1.39999999999997,0
1595,-71.0000000000006,3.00000000000003,0
1596,-47.0000000000008,-5.29999999999997,0
1597,-69.2000000000007,1.70000000000003,100
1598,-68.6000000000008,9.70000000000001,18
1599,-47.4000000000008,-21.5,0
1600,-68.9000000000007,-3.29999999999998,100
1601,-70.1000000000007,-21.9,0
1602,-50.5000000000008,-16.7999999999999,0
1603,-67.1000000000008,3.60000000000003,100
1604,-50.2000000000008,-17.1999999999999,0
1605,-44.7000000000007,-11.8999999999999,0
1606,-70.8000000000006,5.30000000000002,0
1607,-47.6000000000008,-13.7999999999999,19
1608,-46.0000000000008,-3.69999999999998,3
1609,-52.1000000000009,-6.69999999999997,100
1610,-63.400000000001,1.00000000000003,96
1611,-61.600000000001,2.40000000000003,87
1612,-55.6000000000009,-5.69999999999997,100
1613,-51.3000000000008,-19.8,0
1614,-44.0000000000007,-8.59999999999996,51
1615,-68.0000000000008,-16.2999999999999,0
1616,-65.000000000001,8.40000000000001,0
1617,-50.5000000000008,-12.9999999999999,37
1618,-55.8000000000009,-20.9,0
1619,-76.7000000000003,-11.7999999999999,0
1620,-67.4000000000008,-2.79999999999998,100
1621,-59.000000000001,-14.8999999999999,60
1622,-44.2000000000007,-5.39999999999997,43
1623,-53.2000000000009,-17.1999999999999,0
1624,-39.4000000000007,-6.09999999999997,0
1625,-64.100000000001,7.00000000000002,97
1626,-58.5000000000009,-7.89999999999996,100
1627,-67.5000000000008,-9.89999999999996,0
1628,-69.1000000000007,-12.6999999999999,100
1629,-52.8000000000009,-1.79999999999997,0
1630,-60.100000000001,-12.5999999999999,0
1631,-78.0000000000002,0.500000000000026,0
1632,-44.1000000000007,-6.09999999999997,87
1633,-69.7000000000007,-3.49999999999998,100
1634,-68.2000000000008,-10.7,30
1635,-49.1000000000008,-20.7,0
1636,-75.9000000000003,-8.59999999999996,100
1637,-70.5000000000007,4.70000000000003,0
1638,-63.000000000001,-22.6,51
1639,-78.0000000000002,-3.69999999999998,97
1640,-55.6000000000009,-4.99999999999997,100
1641,-78.0000000000002,2.00000000000003,99
1642,-58.2000000000009,2.60000000000003,100
1643,-66.3000000000009,-12.2999999999999,97
1644,-39.7000000000007,-19.2,0
1645,-53.8000000000009,-2.99999999999998,100
1646,-69.5000000000007,4.50000000000003,92
1647,-66.5000000000009,-20.1,0
1648,-65.3000000000009,-23,0
1649,-48.0000000000008,-23.7,0
1650,-67.1000000000008,6.20000000000002,0
1651,-57.3000000000009,-16.1999999999999,0
1652,-60.100000000001,-14.5999999999999,45
1653,-59.400000000001,-14.8999999999999,100
1654,-65.100000000001,2.58959520493818e-14,100
1655,-60.400000000001,-13.7999999999999,0
1656,-60.100000000001,-2.09999999999997,100
1657,-53.8000000000009,-16.3999999999999,0
1658,-39.3000000000007,-8.19999999999996,17
1659,-52.1000000000009,-8.29999999999996,99
1660,-53.1000000000009,-3.49999999999998,51
1661,-56.2000000000009,-13.7999999999999,0
1662,-62.500000000001,-11.8999999999999,0
1663,-63.000000000001,4.30000000000003,98
1664,-61.100000000001,-15.8999999999999,86
1665,-62.400000000001,-6.59999999999997,100
1666,-56.4000000000009,-1.19999999999997,100
1667,-46.3000000000008,-14.5999999999999,0
1668,-54.8000000000009,-10.1,0
1669,-54.8000000000009,-19.9,0
1670,-56.1000000000009,-16.2999999999999,60
1671,-74.9000000000004,2.60000000000003,95
1672,-60.900000000001,-21.6,37
1673,-63.900000000001,3.10000000000003,97
1674,-68.3000000000008,-12.7999999999999,14
1675,-44.2000000000007,-16.1999999999999,0
1676,-49.3000000000008,-17.9,0
1677,-73.0000000000005,7.30000000000002,36
1678,-71.1000000000006,1.40000000000003,100
1679,-80.6000000000001,-5.29999999999997,0
1680,-41.9000000000007,-14.5999999999999,53
1681,-73.0000000000005,-12.6999999999999,95
1682,-58.0000000000009,-19.3,52
1683,-57.0000000000009,-14.1999999999999,0
1684,-50.0000000000008,-23.4,0
1685,-46.3000000000008,-7.09999999999997,0
1686,-59.400000000001,-9.39999999999996,100
1687,-57.1000000000009,1.40000000000003,100
1688,-72.9000000000005,3.80000000000003,0
1689,-72.5000000000005,-6.89999999999997,100
1690,-61.700000000001,-22.9,44
1691,-52.5000000000009,-22.9,0
1692,-51.8000000000008,-17.9,0
1693,-65.7000000000009,-21.1,0
1694,-76.1000000000003,5.50000000000002,95
1695,-63.400000000001,-8.69999999999996,0
1696,-61.500000000001,5.90000000000002,96
1697,-76.2000000000003,-2.09999999999997,100
1698,-56.1000000000009,-5.09999999999997,0
1699,-64.600000000001,2.50000000000003,100
1700,-66.2000000000009,-11.9999999999999,100
1701,-56.2000000000009,0.700000000000026,100
1702,-66.1000000000009,6.80000000000002,97
1703,-44.5000000000007,-16.7999999999999,48
1704,-49.8000000000008,-4.99999999999997,52
1705,-78.1000000000002,-3.29999999999998,98
1706,-47.1000000000008,-15.9999999999999,0
1707,-58.0000000000009,-15.8999999999999,23
1708,-74.6000000000004,-0.0999999999999741,0
1709,-52.5000000000009,-9.19999999999996,100
1710,-62.100000000001,-4.49999999999998,100
1711,-60.800000000001,6.10000000000002,100
1712,-71.2000000000006,-14.3999999999999,0
1713,-48.5000000000008,-20.7,0
1714,-49.6000000000008,-23.1,0
1715,-66.4000000000009,-8.09999999999996,100
1716,-67.3000000000008,-22,0
1717,-51.3000000000008,-22.3,0
1718,-55.8000000000009,-18.9,0
1719,-64.000000000001,-8.89999999999996,89
1720,-43.1000000000007,-6.19999999999997,47
1721,-39.7000000000007,-5.79999999999997,0
1722,-54.3000000000009,1.40000000000003,98
1723,-61.500000000001,10.7,NaN
1724,-73.9000000000005,-8.79999999999996,100
1725,-40.5000000000007,-16.3999999999999,93
1726,-61.800000000001,6.30000000000002,100
1727,-54.6000000000009,5.90000000000002,60
1728,-77.1000000000003,-10.5,0
1729,-55.9000000000009,-11.4,100
1730,-53.0000000000009,3.70000000000003,100
1731,-60.900000000001,-23.7,51
1732,-51.4000000000008,4.00000000000003,0
1733,-65.4000000000009,-13.9999999999999,0
1734,-58.4000000000009,-20.6,93
1735,-60.600000000001,6.90000000000002,100
1736,-50.4000000000008,-0.0999999999999741,0
1737,-55.1000000000009,-14.3999999999999,0
1738,-51.2000000000008,-12.4999999999999,0
1739,-49.7000000000008,-3.79999999999998,23
1740,-78.8000000000002,-0.399999999999974,97
1741,-52.4000000000009,-11.3,0
1742,-56.1000000000009,1.00000000000003,100
1743,-47.8000000000008,-4.09999999999998,0
1744,-71.8000000000006,-12.3999999999999,95
1745,-39.8000000000007,-19.4,0
1746,-49.0000000000008,-19.2,0
1747,-56.0000000000009,2.40000000000003,100
1748,-52.5000000000009,4.10000000000003,100
1749,-69.0000000000007,-4.69999999999997,100
1750,-53.6000000000009,5.10000000000002,100
1751,-56.9000000000009,-12.8999999999999,100
1752,-79.2000000000002,-1.29999999999997,50
1753,-40.2000000000007,-17.6,0
1754,-43.8000000000007,-17.8,0
1755,-61.300000000001,9.30000000000001,97
1756,-56.8000000000009,-5.19999999999997,100
1757,-67.1000000000008,-0.199999999999974,100
1758,-51.0000000000008,-3.49999999999998,49
1759,-66.1000000000009,5.40000000000002,100
1760,-69.0000000000007,-11.2,100
1761,-64.500000000001,-7.89999999999996,100
1762,-76.1000000000003,-2.19999999999997,100
1763,-57.5000000000009,-20.5,0
1764,-68.1000000000008,-1.99999999999997,100
1765,-72.6000000000005,-4.19999999999998,100
1766,-55.3000000000009,-7.59999999999996,56
1767,-43.4000000000007,-2.99999999999998,0
1768,-43.2000000000007,-15.2999999999999,0
1769,-66.3000000000009,5.30000000000002,100
1770,-42.8000000000007,-10.7,0
1771,-63.300000000001,-12.2999999999999,0
1772,-57.6000000000009,-16.4999999999999,7
1773,-69.7000000000007,7.20000000000002,0
1774,-39.8000000000007,-10.9,0
1775,-39.9000000000007,-5.09999999999997,15
1776,-69.0000000000007,-3.59999999999998,100
1777,-51.1000000000008,-18.4,0
1778,-77.1000000000003,-7.69999999999996,100
1779,-58.0000000000009,-3.49999999999998,50
1780,-53.4000000000009,-4.09999999999998,100
1781,-59.700000000001,-21,0
1782,-61.000000000001,4.10000000000003,0
1783,-69.1000000000007,-3.59999999999998,100
1784,-64.600000000001,-13.8999999999999,44
1785,-69.9000000000007,-14.2999999999999,0
1786,-58.1000000000009,4.80000000000003,100
1787,-40.2000000000007,-18.8,0
1788,-72.8000000000005,-6.39999999999997,100
1789,-74.0000000000005,-12.6999999999999,0
1790,-57.2000000000009,-11.4,0
1791,-61.800000000001,-8.39999999999996,0
1792,-44.1000000000007,-8.59999999999996,82
1793,-53.9000000000009,-13.9999999999999,0
1794,-78.8000000000002,1.50000000000003,32
1795,-71.0000000000006,-16.5999999999999,0
1796,-49.5000000000008,-19.5,0
1797,-45.0000000000008,-13.4999999999999,0
1798,-67.6000000000008,6.90000000000002,51
1799,-49.4000000000008,-3.89999999999998,51
1800,-45.7000000000008,-6.09999999999997,17
1801,-70.8000000000006,-14.4999999999999,0
1802,-63.900000000001,3.80000000000003,100
1803,-53.5000000000009,-10.4,100
1804,-55.3000000000009,-12.7999999999999,0
1805,-72.9000000000005,8.30000000000001,93
1806,-52.9000000000009,-12.4999999999999,100
1807,-44.5000000000007,-22.6,0
1808,-55.4000000000009,2.80000000000003,100
1809,-72.4000000000005,3.30000000000003,17
1810,-66.5000000000009,-2.09999999999997,100
1811,-61.200000000001,10.7,NaN
1812,-49.9000000000008,-10.8,96
1813,-41.3000000000007,-22.1,24
1814,-61.400000000001,7.40000000000002,100
1815,-60.500000000001,-15.4999999999999,54
1816,-57.9000000000009,-19.1,93
1817,-51.3000000000008,-20,NaN
1818,-50.2000000000008,-17.4,0
1819,-69.6000000000007,-6.39999999999997,100
1820,-72.0000000000006,4.50000000000003,0
1821,-57.7000000000009,-13.6999999999999,0
1822,-60.000000000001,8.00000000000001,100
1823,-47.1000000000008,-8.39999999999996,0
1824,-58.7000000000009,-7.69999999999996,100
1825,-68.6000000000008,-15.0999999999999,94
1826,-59.900000000001,-12.0999999999999,90
1827,-68.6000000000008,5.80000000000002,0
1828,-72.7000000000005,-6.69999999999997,100
1829,-77.7000000000002,-1.39999999999997,100
1830,-53.8000000000009,-13.8999999999999,37
1831,-58.2000000000009,-14.1999999999999,0
1832,-59.700000000001,-11.5999999999999,100
1833,-70.6000000000006,-13.6999999999999,0
1834,-62.200000000001,4.60000000000003,100
1835,-70.0000000000007,11.3,NaN
1836,-61.400000000001,8.40000000000001,100
1837,-52.5000000000009,0.400000000000026,100
1838,-77.1000000000003,8.10000000000001,14
1839,-56.1000000000009,-1.09999999999997,100
1840,-49.9000000000008,-8.59999999999996,0
1841,-40.8000000000007,-18.2,0
1842,-79.2000000000002,-4.29999999999998,44
1843,-44.2000000000007,-9.89999999999996,49
1844,-43.2000000000007,-9.29999999999996,24
1845,-68.8000000000008,-5.09999999999997,100
1846,-40.9000000000007,-20.9,0
1847,-60.100000000001,-19.9,54
1848,-69.1000000000007,-17.6,0
1849,-69.6000000000007,3.90000000000003,99
1850,-62.200000000001,5.50000000000002,100
1851,-40.6000000000007,-9.69999999999996,0
1852,-73.1000000000005,3.60000000000003,0
1853,-71.9000000000006,-7.49999999999996,100
1854,-79.7000000000001,-1.89999999999997,44
1855,-54.8000000000009,4.20000000000003,98
1856,-72.4000000000005,10.5,NaN
1857,-70.3000000000007,9.50000000000001,44
1858,-68.0000000000008,9.00000000000001,52
1859,-69.8000000000007,1.80000000000003,100
1860,-57.6000000000009,-3.59999999999998,0
1861,-72.6000000000005,6.80000000000002,57
1862,-66.9000000000009,5.10000000000002,100
1863,-60.800000000001,8.40000000000001,100
1864,-79.7000000000001,-0.699999999999974,0
1865,-59.200000000001,0.900000000000026,100
1866,-64.200000000001,3.80000000000003,100
1867,-58.900000000001,2.50000000000003,100
1868,-55.3000000000009,-10.8,0
1869,-75.5000000000004,9.80000000000001,0
1870,-48.9000000000008,-17.0999999999999,0
1871,-75.5000000000004,0.800000000000026,0
1872,-74.1000000000004,-5.59999999999997,98
1873,-39.9000000000007,-14.1999999999999,0
1874,-57.6000000000009,1.30000000000003,100
1875,-66.4000000000009,-21.6,0
1876,-39.0000000000007,-13.9999999999999,0
1877,-63.300000000001,-18.6,0
1878,-68.4000000000008,-11.3,100
1879,-46.7000000000008,-21.5,0
1880,-57.3000000000009,-18.8,0
1881,-80.7000000000001,7.80000000000001,0
1882,-46.7000000000008,-8.09999999999996,0
1883,-79.7000000000001,-4.89999999999997,0
1884,-49.1000000000008,-7.79999999999996,36
1885,-79.2000000000002,-1.49999999999997,76
1886,-59.100000000001,-7.09999999999997,100
1887,-64.000000000001,8.30000000000001,59
1888,-67.6000000000008,-23.6,0
1889,-60.000000000001,1.10000000000003,100
1890,-62.300000000001,-5.59999999999997,100
1891,-44.1000000000007,-11.5,44
1892,-76.7000000000003,-1.29999999999997,100
1893,-65.4000000000009,-6.09999999999997,100
1894,-70.1000000000007,-16.3999999999999,0
1895,-70.8000000000006,2.30000000000003,100
1896,-36.2000000000006,-9.79999999999996,0
1897,-73.7000000000005,0.100000000000026,100
1898,-65.6000000000009,3.60000000000003,100
1899,-56.3000000000009,5.90000000000002,0
1900,-70.1000000000007,-19.1,0
1901,-62.600000000001,8.90000000000001,0
1902,-66.8000000000009,3.10000000000003,100
1903,-44.6000000000007,-5.29999999999997,0
1904,-46.3000000000008,-23.6,0
1905,-75.3000000000004,7.70000000000002,98
1906,-63.600000000001,-21.7,64
1907,-44.1000000000007,-7.09999999999997,0
1908,-74.7000000000004,-0.999999999999974,100
1909,-43.0000000000007,-10.1,48
1910,-45.6000000000008,-8.39999999999996,0
1911,-67.2000000000008,-10.2,47
1912,-80.1000000000001,-0.899999999999974,59
1913,-38.7000000000007,-5.89999999999997,0
1914,-57.8000000000009,6.00000000000002,6
1915,-36.7000000000006,-5.29999999999997,0
1916,-58.3000000000009,-4.19999999999998,100
1917,-59.500000000001,0.600000000000026,100
1918,-68.3000000000008,-5.99999999999997,100
1919,-60.100000000001,-8.29999999999996,100
1920,-46.3000000000008,-19.1,0
1921,-40.6000000000007,-15.8999999999999,95
1922,-37.1000000000006,-8.09999999999996,0
1923,-76.4000000000003,0.600000000000026,100
1924,-69.3000000000007,-3.59999999999998,98
1925,-39.8000000000007,-6.09999999999997,15
1926,-62.500000000001,7.20000000000002,61
1927,-67.6000000000008,7.00000000000002,0
1928,-58.0000000000009,2.70000000000003,100
1929,-44.4000000000007,-6.69999999999997,72
1930,-35.3000000000006,-6.39999999999997,0
1931,-62.200000000001,-21.4,24
1932,-79.7000000000001,-4.19999999999998,21
1933,-39.9000000000007,-13.7999999999999,0
1934,-44.6000000000007,-7.19999999999997,44
1935,-62.300000000001,-21.2,0
1936,-80.7000000000001,8.70000000000001,60
1937,-57.9000000000009,-14.8999999999999,95
1938,-62.800000000001,2.10000000000003,100
1939,-53.3000000000009,-4.69999999999997,100
1940,-55.3000000000009,-6.69999999999997,95
1941,-73.3000000000005,0.900000000000026,100
1942,-63.800000000001,-19.3,96
1943,-79.4000000000001,-6.29999999999997,0
1944,-70.9000000000006,0.200000000000026,100
1945,-50.9000000000008,-6.89999999999997,98
1946,-72.7000000000005,-0.199999999999974,91
1947,-62.400000000001,8.70000000000001,0
1948,-65.3000000000009,-4.79999999999997,100
1949,-66.7000000000009,0.300000000000026,100
1950,-62.400000000001,4.00000000000003,100
1951,-39.8000000000007,-10.7,48
1952,-53.2000000000009,-21.6,0
1953,-38.9000000000007,-5.29999999999997,0
1954,-73.0000000000005,-11.5999999999999,100
1955,-78.8000000000002,-2.49999999999998,0
1956,-51.9000000000009,-1.79999999999997,99
1957,-70.8000000000006,-17.9,0
1958,-65.4000000000009,-2.59999999999998,100
1959,-67.8000000000008,-19.8,0
1960,-63.600000000001,5.40000000000002,100
1961,-48.6000000000008,-3.69999999999998,100
1962,-70.1000000000007,-8.59999999999996,100
1963,-73.0000000000005,-2.69999999999998,100
1964,-47.7000000000008,-20.1,0
1965,-54.2000000000009,-9.59999999999996,100
1966,-69.0000000000007,-20,NaN
1967,-55.6000000000009,1.80000000000003,0
1968,-76.0000000000003,-12.9999999999999,0
1969,-53.0000000000009,-14.5999999999999,9
1970,-38.7000000000007,-11.8999999999999,82
1971,-53.0000000000009,-1.59999999999997,0
1972,-41.3000000000007,-13.8999999999999,15
1973,-50.1000000000008,-6.09999999999997,100
1974,-68.8000000000008,0.300000000000026,100
1975,-80.0000000000001,-6.39999999999997,0
1976,-59.200000000001,3.70000000000003,100
1977,-38.3000000000007,-4.39999999999998,73
1978,-56.4000000000009,-5.49999999999997,100
1979,-68.3000000000008,-3.89999999999998,100
1980,-57.0000000000009,-22.9,0
1981,-42.7000000000007,-4.79999999999997,86
1982,-58.7000000000009,4.10000000000003,100
1983,-65.8000000000009,-13.7999999999999,0
1984,-62.800000000001,-5.99999999999997,100
1985,-52.0000000000009,-0.699999999999974,100
1986,-69.3000000000007,-13.8999999999999,97
1987,-71.2000000000006,4.80000000000003,37
1988,-72.0000000000006,10.5,NaN
1989,-52.4000000000009,2.90000000000003,97
1990,-54.4000000000009,-10.9,100
1991,-76.7000000000003,-11.9999999999999,0
1992,-53.6000000000009,-11,100
1993,-78.6000000000002,-7.59999999999996,27
1994,-48.9000000000008,-8.89999999999996,0
1995,-58.0000000000009,-7.19999999999997,100
1996,-45.5000000000008,-20.8,0
1997,-72.1000000000006,-5.69999999999997,100
1998,-59.200000000001,-5.19999999999997,100
1999,-64.400000000001,-16.7999999999999,100
2000,-64.300000000001,-6.29999999999997,100
2001,-69.8000000000007,10.2,NaN
2002,-60.900000000001,2.30000000000003,0
2003,-52.9000000000009,-14.1999999999999,0
2004,-62.800000000001,-7.09999999999997,100
2005,-44.1000000000007,-12.9999999999999,0
2006,-62.300000000001,-20.7,4
2007,-63.000000000001,9.00000000000001,44
2008,-60.800000000001,-2.49999999999998,100
2009,-61.600000000001,-3.89999999999998,100
2010,-55.4000000000009,-11.8999999999999,100
2011,-61.600000000001,-11.5999999999999,0
2012,-60.700000000001,-1.39999999999997,100
2013,-56.6000000000009,-17.0999999999999,93
2014,-52.2000000000009,-19.3,0
2015,-61.600000000001,-22.9,0
2016,-49.9000000000008,-20.9,0
2017,-60.000000000001,-14.9999999999999,95
2018,-39.2000000000007,-6.99999999999997,14
2019,-55.2000000000009,2.30000000000003,100
2020,-59.500000000001,-2.49999999999998,98
2021,-37.0000000000006,-6.39999999999997,0
2022,-63.900000000001,-21.4,72
2023,-77.9000000000002,-9.89999999999996,0
2024,-46.6000000000008,-2.79999999999998,0
2025,-46.0000000000008,-9.09999999999996,0
2026,-43.0000000000007,-19.8,74
2027,-57.1000000000009,-0.899999999999974,100
2028,-70.3000000000007,7.70000000000002,0
2029,-68.4000000000008,2.80000000000003,55
2030,-35.0000000000006,-6.59999999999997,0
2031,-38.0000000000007,-4.69999999999997,0
2032,-52.9000000000009,-13.7999999999999,15
2033,-69.5000000000007,-1.79999999999997,100
2034,-49.8000000000008,-4.49999999999998,97
2035,-66.7000000000009,-13.3999999999999,0
2036,-48.1000000000008,-9.79999999999996,0
2037,-46.1000000000008,-15.7999999999999,0
2038,-55.4000000000009,-6.59999999999997,97
2039,-45.0000000000008,-13.6999999999999,0
2040,-56.8000000000009,-7.69999999999996,100
2041,-75.9000000000003,9.10000000000001,0
2042,-52.5000000000009,-4.99999999999997,100
2043,-49.7000000000008,-13.6999999999999,55
2044,-68.5000000000008,-13.6999999999999,100
2045,-63.500000000001,9.80000000000001,0
2046,-42.5000000000007,-20.9,0
2047,-65.3000000000009,4.00000000000003,100
2048,-75.9000000000003,-5.79999999999997,100
2049,-50.7000000000008,-16.0999999999999,0
2050,-70.9000000000006,-1.19999999999997,100
2051,-44.0000000000007,-12.0999999999999,0
2052,-60.000000000001,3.00000000000003,0
2053,-52.7000000000009,-1.19999999999997,100
2054,-43.9000000000007,-6.19999999999997,95
2055,-43.2000000000007,-12.5999999999999,0
2056,-64.800000000001,-19,0
2057,-57.1000000000009,-18.1,54
2058,-57.1000000000009,2.00000000000003,100
2059,-67.2000000000008,3.00000000000003,100
2060,-64.600000000001,-5.79999999999997,100
2061,-67.7000000000008,8.50000000000001,25
2062,-61.900000000001,-17.9,28
2063,-67.5000000000008,-1.99999999999997,100
2064,-48.1000000000008,-14.8999999999999,43
2065,-75.6000000000004,3.00000000000003,96
2066,-64.600000000001,-23.4,96
2067,-63.800000000001,-14.7999999999999,98
2068,-61.500000000001,-21.7,22
2069,-69.9000000000007,-21,0
2070,-48.6000000000008,-11.5999999999999,0
2071,-42.8000000000007,-21,0
2072,-46.1000000000008,-13.5999999999999,0
2073,-61.500000000001,-22.9,0
2074,-40.4000000000007,-5.69999999999997,0
2075,-70.9000000000006,4.70000000000003,0
2076,-57.0000000000009,-12.5999999999999,100
2077,-62.100000000001,1.10000000000003,49
2078,-70.5000000000007,8.30000000000001,0
2079,-67.0000000000009,9.00000000000001,40
2080,-66.6000000000009,2.70000000000003,100
2081,-57.0000000000009,2.30000000000003,100
2082,-61.900000000001,-17.6,0
2083,-64.900000000001,-2.99999999999998,100
2084,-42.5000000000007,-4.09999999999998,95
2085,-44.0000000000007,-19.2,76
2086,-41.0000000000007,-21.3,0
2087,-58.1000000000009,2.50000000000003,100
2088,-63.100000000001,-20.7,0
2089,-80.2000000000001,-5.19999999999997,0
2090,-78.1000000000002,-9.29999999999996,0
2091,-57.4000000000009,-23.2,3
2092,-73.0000000000005,9.00000000000001,100
2093,-42.6000000000007,-7.09999999999997,0
2094,-66.9000000000009,-19.1,0
2095,-48.0000000000008,-13.4999999999999,60
2096,-77.5000000000003,-6.39999999999997,98
2097,-46.6000000000008,-3.09999999999998,100
2098,-44.4000000000007,-18.1,87
2099,-70.8000000000006,-7.99999999999996,100
2100,-60.200000000001,4.70000000000003,0
2101,-68.2000000000008,-13.7999999999999,43
2102,-72.5000000000005,5.20000000000002,0
2103,-67.2000000000008,6.00000000000002,100
2104,-46.7000000000008,-2.99999999999998,62
2105,-46.7000000000008,-2.19999999999997,97
2106,-72.8000000000005,-15.7999999999999,0
2107,-67.4000000000008,-4.59999999999997,0
2108,-46.2000000000008,-20.7,0
2109,-59.500000000001,-22.1,49
2110,-70.5000000000007,-1.19999999999997,100
2111,-47.4000000000008,-9.39999999999996,0
2112,-66.5000000000009,-3.49999999999998,100
2113,-45.4000000000008,-10.2,0
2114,-59.300000000001,-13.7999999999999,0
2115,-61.600000000001,3.50000000000003,97
2116,-75.0000000000004,-3.99999999999998,100
2117,-74.1000000000004,7.30000000000002,93
2118,-47.5000000000008,-21.7,0
2119,-45.3000000000008,-9.49999999999996,0
2120,-61.200000000001,-8.09999999999996,100
2121,-61.300000000001,-20.5,52
2122,-76.2000000000003,-4.39999999999998,100
2123,-76.0000000000003,3.30000000000003,90
2124,-70.6000000000006,7.50000000000002,44
2125,-65.4000000000009,-7.89999999999996,100
2126,-42.8000000000007,-6.19999999999997,0
2127,-58.0000000000009,0.900000000000026,100
2128,-76.3000000000003,-9.69999999999996,0
2129,-68.7000000000008,-2.99999999999998,100
2130,-51.3000000000008,-1.19999999999997,0
2131,-68.9000000000007,4.70000000000003,100
2132,-39.7000000000007,-8.39999999999996,0
2133,-65.4000000000009,8.20000000000001,0
2134,-43.6000000000007,-2.99999999999998,51
2135,-41.4000000000007,-16.2999999999999,0
2136,-41.8000000000007,-3.49999999999998,7
2137,-36.9000000000006,-7.89999999999996,0
2138,-69.0000000000007,3.20000000000003,100
2139,-71.0000000000006,-7.19999999999997,100
2140,-72.0000000000006,-9.59999999999996,98
2141,-51.8000000000008,-7.79999999999996,100
2142,-63.600000000001,3.00000000000003,97
2143,-69.6000000000007,8.90000000000001,0
2144,-53.8000000000009,-5.59999999999997,98
2145,-62.400000000001,1.10000000000003,100
2146,-55.6000000000009,-6.79999999999997,100
2147,-48.7000000000008,-17.8,0
2148,-44.8000000000008,-3.19999999999998,0
2149,-45.4000000000008,-18.7,0
2150,-66.4000000000009,5.50000000000002,0
2151,-70.3000000000007,-11,100
2152,-76.3000000000003,6.70000000000002,95
2153,-46.9000000000008,-19.2,74
2154,-48.5000000000008,-13.1999999999999,0
2155,-73.8000000000005,-3.89999999999998,98
2156,-41.2000000000007,-20.4,0
2157,-49.4000000000008,-11.2,0
2158,-75.2000000000004,2.20000000000003,96
2159,-53.5000000000009,-17.0999999999999,0
2160,-49.5000000000008,-13.8999999999999,4
2161,-66.8000000000009,-11.1,100
2162,-56.3000000000009,-13.7999999999999,0
2163,-73.7000000000005,-10.8,100
2164,-75.1000000000004,-10.4,90
2165,-70.1000000000007,-22.4,0
2166,-37.9000000000007,-8.49999999999996,0
2167,-45.8000000000008,-20.9,0
2168,-64.200000000001,-20.8,74
2169,-37.1000000000006,-6.49999999999997,0
2170,-55.2000000000009,-12.0999999999999,0
2171,-67.8000000000008,4.70000000000003,100
2172,-48.2000000000008,-14.0999999999999,0
2173,-46.0000000000008,-16.4999999999999,0
2174,-67.6000000000008,-21.3,0
2175,-63.900000000001,-3.79999999999998,100
2176,-48.9000000000008,-20.8,0
2177,-76.6000000000003,-10.5,0
2178,-74.5000000000004,-9.09999999999996,100
2179,-66.7000000000009,-4.69999999999997,100
2180,-44.5000000000007,-11.2,46
2181,-58.1000000000009,-2.69999999999998,0
2182,-71.5000000000006,-0.0999999999999741,100
2183,-75.2000000000004,-12.7999999999999,0
2184,-59.200000000001,-23.9,0
2185,-47.9000000000008,-7.39999999999996,55
2186,-72.6000000000005,5.40000000000002,0
2187,-44.5000000000007,-5.79999999999997,82
2188,-64.300000000001,-23.2,0
2189,-73.9000000000005,1.90000000000003,0
2190,-67.1000000000008,-3.49999999999998,100
2191,-43.1000000000007,-21.8,0
2192,-74.3000000000004,-6.69999999999997,100
2193,-51.9000000000009,-10.1,100
2194,-63.100000000001,3.00000000000003,97
2195,-67.5000000000008,1.60000000000003,100
2196,-68.2000000000008,-1.89999999999997,100
2197,-39.4000000000007,-13.0999999999999,0
2198,-66.7000000000009,4.30000000000003,100
2199,-68.7000000000008,10.5,NaN
2200,-62.600000000001,-22.6,45
2201,-45.2000000000008,-12.6999999999999,33
2202,-75.3000000000004,-0.399999999999974,100
2203,-66.7000000000009,-3.89999999999998,100
2204,-43.7000000000007,-22.3,0
2205,-68.0000000000008,-20.1,0
2206,-56.4000000000009,-15.7999999999999,0
2207,-61.000000000001,2.60000000000003,0
2208,-60.500000000001,4.80000000000003,0
2209,-66.3000000000009,-16.0999999999999,100
2210,-78.9000000000002,-0.799999999999974,0
2211,-56.7000000000009,-21.2,98
2212,-40.0000000000007,-10.6,0
2213,-57.2000000000009,-22.7,93
2214,-60.400000000001,-14.5999999999999,27
2215,-61.000000000001,-21.4,0
2216,-70.1000000000007,-22.6,0
2217,-55.8000000000009,0.300000000000026,100
2218,-52.1000000000009,-2.59999999999998,100
2219,-36.6000000000006,-9.29999999999996,0
2220,-55.2000000000009,0.600000000000026,100
2221,-57.4000000000009,1.40000000000003,100
2222,-59.400000000001,0.900000000000026,100
2223,-74.9000000000004,-4.19999999999998,100
2224,-39.6000000000007,-10.4,0
2225,-75.2000000000004,10.8,NaN
2226,-74.8000000000004,1.30000000000003,97
2227,-78.9000000000002,-1.39999999999997,0
2228,-41.7000000000007,-3.49999999999998,82
2229,-59.100000000001,-2.79999999999998,100
2230,-57.0000000000009,3.30000000000003,100
2231,-79.2000000000002,-0.799999999999974,26
2232,-59.100000000001,-14.0999999999999,0
2233,-60.600000000001,-20.3,52
2234,-49.4000000000008,-16.9999999999999,63
2235,-60.500000000001,-23.8,56
2236,-51.3000000000008,2.40000000000003,100
2237,-40.3000000000007,-15.0999999999999,19
2238,-44.0000000000007,-14.9999999999999,59
2239,-66.4000000000009,-1.39999999999997,100
2240,-59.100000000001,-17.8,100
2241,-47.1000000000008,-7.49999999999996,47
2242,-52.7000000000009,-19.9,0
2243,-52.3000000000009,-5.99999999999997,98
2244,-42.5000000000007,-19.5,97
2245,-54.6000000000009,-23,0
2246,-61.100000000001,8.30000000000001,100
2247,-65.8000000000009,3.90000000000003,100
2248,-46.3000000000008,-16.0999999999999,0
2249,-65.9000000000009,-16.9999999999999,96
2250,-65.6000000000009,-9.39999999999996,100
2251,-69.6000000000007,2.40000000000003,100
2252,-75.7000000000004,-2.19999999999997,100
2253,-42.7000000000007,-15.8999999999999,0
2254,-67.2000000000008,-3.09999999999998,0
2255,-36.0000000000006,-8.59999999999996,0
2256,-69.7000000000007,-7.09999999999997,100
2257,-62.400000000001,-21.3,0
2258,-69.4000000000007,6.90000000000002,0
2259,-61.600000000001,-23.1,0
2260,-68.1000000000008,4.70000000000003,6
2261,-65.5000000000009,-10.5,100
2262,-65.200000000001,-17.8,0
2263,-55.2000000000009,-22.4,0
2264,-67.9000000000008,-17.7,0
2265,-76.1000000000003,-10.4,45
2266,-65.000000000001,-8.59999999999996,100
2267,-68.4000000000008,2.58959520493818e-14,100
2268,-63.300000000001,6.50000000000002,89
2269,-70.4000000000007,-6.59999999999997,100
2270,-50.4000000000008,-23.2,0
2271,-73.0000000000005,-2.19999999999997,100
2272,-65.9000000000009,-19.1,0
2273,-66.8000000000009,-16.8999999999999,0
2274,-45.8000000000008,-17.0999999999999,7
2275,-59.100000000001,-3.79999999999998,0
2276,-76.2000000000003,3.00000000000003,62
2277,-48.9000000000008,-2.29999999999997,100
2278,-55.1000000000009,-12.7999999999999,0
2279,-73.6000000000005,8.10000000000001,0
2280,-67.9000000000008,-14.9999999999999,98
2281,-59.700000000001,-0.299999999999974,100
2282,-52.3000000000009,4.80000000000003,0
2283,-48.3000000000008,-13.3999999999999,0
2284,-69.5000000000007,-22.8,0
2285,-43.5000000000007,-11.2,52
2286,-65.000000000001,9.10000000000001,28
2287,-77.2000000000003,-0.999999999999974,100
2288,-55.5000000000009,-19.9,0
2289,-48.7000000000008,-10.4,0
2290,-63.300000000001,2.10000000000003,100
2291,-49.3000000000008,-10.3,0
2292,-70.2000000000007,-22.3,0
2293,-66.9000000000009,-20.6,0
2294,-38.5000000000007,-12.1999999999999,0
2295,-57.8000000000009,-21.9,9
2296,-51.6000000000008,-10.4,0
2297,-51.5000000000008,-17.5,0
2298,-77.9000000000002,-9.69999999999996,0
2299,-55.7000000000009,-5.49999999999997,100
2300,-53.8000000000009,1.90000000000003,100
2301,-69.4000000000007,-17.4,0
2302,-67.5000000000008,1.40000000000003,100
2303,-70.2000000000007,-5.69999999999997,100
2304,-47.5000000000008,-10.9,81
2305,-74.5000000000004,6.80000000000002,97
2306,-70.7000000000006,7.70000000000002,60
2307,-51.2000000000008,-21.9,0
2308,-69.9000000000007,-2.99999999999998,100
2309,-76.7000000000003,2.90000000000003,0
2310,-71.2000000000006,-2.69999999999998,100
2311,-62.800000000001,-1.89999999999997,100
2312,-53.5000000000009,-4.49999999999998,100
2313,-62.800000000001,3.50000000000003,100
2314,-66.2000000000009,-15.8999999999999,100
2315,-61.200000000001,4.10000000000003,0
2316,-79.4000000000001,0.200000000000026,68
2317,-76.4000000000003,-9.99999999999996,0
2318,-65.4000000000009,-13.5999999999999,0
2319,-50.9000000000008,-5.79999999999997,100
2320,-56.7000000000009,5.70000000000002,97
2321,-57.9000000000009,-20,NaN
2322,-53.4000000000009,-7.59999999999996,100
2323,-60.400000000001,1.60000000000003,97
2324,-58.1000000000009,3.20000000000003,98
2325,-41.1000000000007,-4.39999999999998,0
2326,-72.4000000000005,9.50000000000001,0
2327,-50.6000000000008,1.50000000000003,100
2328,-54.0000000000009,-19.2,0
2329,-73.6000000000005,-2.99999999999998,100
2330,-51.3000000000008,-3.39999999999998,99
2331,-66.1000000000009,10.6,NaN
2332,-54.4000000000009,4.30000000000003,100
2333,-64.100000000001,-15.1999999999999,100
2334,-73.0000000000005,-5.99999999999997,100
2335,-56.7000000000009,-18.9,0
2336,-49.7000000000008,-7.79999999999996,0
2337,-57.7000000000009,-9.69999999999996,100
2338,-58.6000000000009,-22.8,0
2339,-71.1000000000006,0.900000000000026,100
2340,-60.400000000001,-12.3999999999999,100
2341,-41.2000000000007,-12.1999999999999,0
2342,-59.200000000001,-19.7,95
2343,-58.900000000001,-2.19999999999997,100
2344,-70.6000000000006,3.40000000000003,98
2345,-68.2000000000008,-6.89999999999997,100
2346,-43.2000000000007,-20.4,0
2347,-74.2000000000004,2.00000000000003,98
2348,-71.0000000000006,-0.199999999999974,100
2349,-69.0000000000007,5.20000000000002,0
2350,-51.9000000000009,-12.3999999999999,0
2351,-69.0000000000007,-4.19999999999998,100
2352,-63.600000000001,7.10000000000002,95
2353,-68.4000000000008,-22.5,0
2354,-37.0000000000006,-10.7,40
2355,-64.500000000001,-3.49999999999998,100
2356,-70.1000000000007,-6.39999999999997,100
2357,-75.3000000000004,-5.49999999999997,100
2358,-42.5000000000007,-2.79999999999998,0
2359,-60.000000000001,2.20000000000003,89
2360,-67.9000000000008,-21.6,0
2361,-63.500000000001,-18.5,98
2362,-68.4000000000008,-20.7,0
2363,-59.900000000001,6.70000000000002,100
2364,-63.800000000001,0.800000000000026,100
2365,-58.900000000001,7.40000000000002,100
2366,-68.2000000000008,-19.3,0
2367,-49.9000000000008,-6.89999999999997,0
2368,-77.6000000000003,-5.69999999999997,82
2369,-54.3000000000009,-6.59999999999997,100
2370,-46.1000000000008,-6.69999999999997,0
2371,-39.5000000000007,-11.4,49
2372,-49.7000000000008,-7.69999999999996,0
2373,-55.4000000000009,-4.19999999999998,74
2374,-59.600000000001,-11.6999999999999,100
2375,-67.6000000000008,3.00000000000003,100
2376,-74.4000000000004,-0.699999999999974,100
2377,-57.7000000000009,-21.5,0
2378,-44.0000000000007,-13.1999999999999,51
2379,-64.900000000001,5.10000000000002,100
2380,-67.7000000000008,4.70000000000003,100
2381,-69.7000000000007,-17.6,0
2382,-76.4000000000003,-1.69999999999997,100
2383,-44.9000000000008,-21.5,0
2384,-70.4000000000007,1.80000000000003,100
2385,-53.1000000000009,-22,0
2386,-52.4000000000009,-6.39999999999997,98
2387,-69.5000000000007,-14.9999999999999,0
2388,-54.0000000000009,-1.39999999999997,0
2389,-51.2000000000008,-4.59999999999997,100
2390,-37.8000000000007,-8.39999999999996,0
2391,-69.0000000000007,-21.5,0
2392,-69.7000000000007,-22.5,0
2393,-68.9000000000007,0.300000000000026,100
2394,-52.4000000000009,-0.399999999999974,100
2395,-49.4000000000008,-18.5,0
2396,-50.6000000000008,-9.19999999999996,0
2397,-71.9000000000006,-12.5999999999999,99
2398,-65.7000000000009,-1.19999999999997,100
2399,-77.7000000000002,-8.39999999999996,0
2400,-77.4000000000003,-5.69999999999997,89
2401,-61.400000000001,5.50000000000002,0
2402,-78.2000000000002,-9.59999999999996,0
2403,-45.9000000000008,-5.69999999999997,62
2404,-54.4000000000009,-8.99999999999996,100
2405,-48.7000000000008,-17.7,0
2406,-70.5000000000007,10.8,NaN
2407,-62.200000000001,-11.9999999999999,0
2408,-62.400000000001,9.00000000000001,48
2409,-69.5000000000007,-13.8999999999999,86
2410,-73.9000000000005,-2.49999999999998,100
2411,-57.9000000000009,-21.5,45
2412,-58.1000000000009,-19.4,28
2413,-52.0000000000009,-16.6999999999999,0
2414,-50.8000000000008,-14.0999999999999,82
2415,-59.900000000001,-23.6,0
2416,-65.4000000000009,-18.7,0
2417,-66.0000000000009,-22.3,0
2418,-44.7000000000007,-15.0999999999999,0
2419,-54.6000000000009,-20.5,0
2420,-66.4000000000009,-4.59999999999997,100
2421,-46.8000000000008,-17.8,30
2422,-53.5000000000009,-18.4,95
2423,-43.7000000000007,-4.49999999999998,98
2424,-57.0000000000009,-5.59999999999997,100
2425,-66.7000000000009,-16.5999999999999,98
2426,-60.500000000001,-7.49999999999996,100
2427,-46.6000000000008,-6.79999999999997,0
2428,-79.8000000000001,0.200000000000026,49
2429,-57.8000000000009,-21.4,0
2430,-47.3000000000008,-15.7999999999999,72
2431,-72.3000000000006,3.10000000000003,0
2432,-66.1000000000009,-7.39999999999996,100
2433,-70.1000000000007,4.90000000000003,20
2434,-60.600000000001,-15.5999999999999,61
2435,-49.2000000000008,-7.79999999999996,0
2436,-78.3000000000002,-8.39999999999996,0
2437,-41.2000000000007,-6.39999999999997,0
2438,-65.7000000000009,7.20000000000002,43
2439,-57.8000000000009,-15.3999999999999,55
2440,-67.4000000000008,1.80000000000003,100
2441,-73.2000000000005,1.90000000000003,100
2442,-80.8000000000001,8.20000000000001,81
2443,-71.1000000000006,-5.89999999999997,100
2444,-68.2000000000008,-19.1,0
2445,-73.4000000000005,-8.79999999999996,100
2446,-52.2000000000009,-19.8,0
2447,-49.2000000000008,-19.8,0
2448,-59.600000000001,5.20000000000002,100
2449,-44.7000000000007,-3.79999999999998,8
2450,-74.6000000000004,4.10000000000003,0
2451,-74.6000000000004,5.90000000000002,0
2452,-57.4000000000009,-11.2,0
2453,-50.7000000000008,-14.2999999999999,0
2454,-47.0000000000008,-18.6,0
2455,-48.5000000000008,-6.89999999999997,0
2456,-67.4000000000008,-5.79999999999997,100
2457,-54.1000000000009,3.30000000000003,0
2458,-73.3000000000005,2.90000000000003,4
2459,-55.4000000000009,-16.7999999999999,44
2460,-68.1000000000008,-5.59999999999997,100
2461,-41.7000000000007,-8.49999999999996,0
2462,-63.500000000001,3.80000000000003,98
2463,-57.9000000000009,2.00000000000003,100
2464,-53.6000000000009,-23.5,0
2465,-67.6000000000008,2.20000000000003,94
2466,-38.3000000000007,-5.99999999999997,0
2467,-46.7000000000008,-15.5999999999999,0
2468,-67.0000000000009,-8.19999999999996,100
2469,-47.7000000000008,-13.5999999999999,0
2470,-59.300000000001,6.00000000000002,100
2471,-72.0000000000006,-6.19999999999997,100
2472,-64.100000000001,10.4,NaN
2473,-75.5000000000004,3.80000000000003,44
2474,-72.7000000000005,-11.8999999999999,97
2475,-56.4000000000009,-12.9999999999999,100
2476,-76.6000000000003,1.50000000000003,89
2477,-74.1000000000004,11.2,NaN
2478,-70.3000000000007,8.00000000000001,93
2479,-58.900000000001,-5.19999999999997,100
2480,-59.100000000001,7.80000000000001,100
2481,-63.600000000001,-13.9999999999999,0
2482,-64.600000000001,-16.2999999999999,100
2483,-67.1000000000008,-11.1,100
2484,-40.9000000000007,-5.89999999999997,0
2485,-48.1000000000008,-20.1,0
2486,-51.1000000000008,-21.5,0
2487,-71.4000000000006,3.40000000000003,100
2488,-78.8000000000002,-4.89999999999997,100
2489,-71.4000000000006,2.30000000000003,100
2490,-62.800000000001,3.10000000000003,98
2491,-73.0000000000005,8.70000000000001,97
2492,-49.8000000000008,-7.29999999999997,55
2493,-52.7000000000009,-14.1999999999999,0
2494,-74.8000000000004,1.50000000000003,0
2495,-75.5000000000004,-2.39999999999998,100
2496,-78.5000000000002,-5.49999999999997,0
2497,-62.000000000001,6.00000000000002,96
2498,-73.3000000000005,-3.69999999999998,97
2499,-51.7000000000008,-5.99999999999997,0
2500,-55.7000000000009,-14.6999999999999,0
2501,-49.2000000000008,-15.5999999999999,44
2502,-61.000000000001,-20,NaN
2503,-40.2000000000007,-6.49999999999997,41
2504,-64.300000000001,-22.3,97
2505,-60.800000000001,5.60000000000002,100
2506,-65.000000000001,-9.99999999999996,0
2507,-68.7000000000008,-5.49999999999997,100
2508,-66.9000000000009,-3.79999999999998,100
2509,-49.2000000000008,-2.29999999999997,100
2510,-66.4000000000009,1.80000000000003,100
2511,-61.100000000001,-15.0999999999999,100
2512,-41.2000000000007,-12.2999999999999,48
2513,-79.9000000000001,-5.99999999999997,0
2514,-68.6000000000008,-4.69999999999997,100
2515,-44.5000000000007,-11.5,48
2516,-63.000000000001,-14.5999999999999,97
2517,-59.800000000001,-0.899999999999974,100
2518,-35.3000000000006,-7.49999999999996,0
2519,-59.600000000001,-7.79999999999996,100
2520,-63.000000000001,8.80000000000001,82
2521,-54.9000000000009,-3.79999999999998,100
2522,-55.7000000000009,1.80000000000003,0
2523,-58.4000000000009,-13.0999999999999,0
2524,-53.2000000000009,0.700000000000026,100
2525,-71.3000000000006,6.60000000000002,0
2526,-76.6000000000003,8.60000000000001,98
2527,-39.5000000000007,-14.1999999999999,100
2528,-46.2000000000008,-14.7999999999999,0
2529,-51.7000000000008,1.90000000000003,100
2530,-48.9000000000008,-15.8999999999999,0
2531,-47.6000000000008,-13.8999999999999,48
2532,-45.6000000000008,-21.7,45
2533,-54.2000000000009,-7.49999999999996,100
2534,-63.900000000001,-7.79999999999996,100
2535,-41.5000000000007,-5.29999999999997,41
2536,-49.8000000000008,-22.3,0
2537,-54.3000000000009,0.700000000000026,100
2538,-43.4000000000007,-14.6999999999999,0
2539,-63.100000000001,2.60000000000003,100
2540,-61.000000000001,1.00000000000003,100
2541,-62.400000000001,-21.7,40
2542,-79.4000000000001,-2.09999999999997,47
2543,-42.6000000000007,-17.9,0
2544,-50.4000000000008,-11.5999999999999,0
2545,-41.5000000000007,-15.1999999999999,44
2546,-60.200000000001,4.10000000000003,49
2547,-46.9000000000008,-1.19999999999997,93
2548,-55.7000000000009,-1.29999999999997,100
2549,-72.0000000000006,-5.29999999999997,100
2550,-58.6000000000009,3.60000000000003,100
2551,-42.4000000000007,-15.8999999999999,0
2552,-40.1000000000007,-19,100
2553,-63.800000000001,-21,44
2554,-42.1000000000007,-4.29999999999998,37
2555,-57.5000000000009,-19.6,30
2556,-65.9000000000009,-17.5,0
2557,-40.8000000000007,-8.59999999999996,0
2558,-62.400000000001,-16.6999999999999,100
2559,-67.7000000000008,-22.3,0
2560,-64.200000000001,7.00000000000002,93
2561,-40.2000000000007,-17.4,0
2562,-73.5000000000005,-10.1,100
2563,-64.100000000001,-4.69999999999997,100
2564,-52.9000000000009,4.50000000000003,100
2565,-52.9000000000009,-9.29999999999996,97
2566,-54.3000000000009,-17.5,0
2567,-60.200000000001,-7.99999999999996,100
2568,-75.3000000000004,-10.5,98
2569,-58.3000000000009,6.30000000000002,100
2570,-64.700000000001,-20.9,0
2571,-50.2000000000008,-20.9,0
2572,-52.3000000000009,-1.79999999999997,60
2573,-76.9000000000003,4.90000000000003,98
2574,-58.3000000000009,2.90000000000003,100
2575,-66.5000000000009,-14.5999999999999,97
2576,-63.400000000001,5.90000000000002,100
2577,-70.7000000000006,-1.69999999999997,100
2578,-70.4000000000007,-4.19999999999998,100
2579,-61.400000000001,-14.0999999999999,60
2580,-69.2000000000007,-19.6,0
2581,-71.6000000000006,-13.3999999999999,0
2582,-43.0000000000007,-4.49999999999998,97
2583,-54.3000000000009,4.20000000000003,100
2584,-51.4000000000008,-5.99999999999997,100
2585,-61.600000000001,-9.99999999999996,100
2586,-42.5000000000007,-12.8999999999999,0
2587,-54.6000000000009,2.40000000000003,100
2588,-61.600000000001,-13.2999999999999,44
2589,-71.2000000000006,7.30000000000002,97
2590,-54.9000000000009,-22.8,0
2591,-63.500000000001,-14.0999999999999,97
2592,-73.1000000000005,4.70000000000003,97
2593,-54.3000000000009,-13.8999999999999,60
2594,-58.8000000000009,-20.7,99
2595,-45.0000000000008,-6.79999999999997,0
2596,-68.4000000000008,0.300000000000026,100
2597,-58.0000000000009,-9.19999999999996,100
2598,-58.3000000000009,-6.79999999999997,100
2599,-75.8000000000004,-14.4999999999999,0
2600,-54.5000000000009,2.58959520493818e-14,100
2601,-79.9000000000001,-3.59999999999998,25
2602,-58.2000000000009,-16.3999999999999,0
2603,-51.3000000000008,-23.1,0
2604,-65.6000000000009,-9.09999999999996,100
2605,-48.4000000000008,-10.3,59
2606,-37.0000000000006,-8.29999999999996,0
2607,-74.2000000000004,-14.0999999999999,0
2608,-38.4000000000007,-5.59999999999997,0
2609,-70.2000000000007,-19.1,0
2610,-68.4000000000008,0.900000000000026,100
2611,-61.200000000001,-7.99999999999996,100
2612,-51.1000000000008,-21.8,0
2613,-39.8000000000007,-12.9999999999999,79
2614,-65.6000000000009,-22.5,0
2615,-37.4000000000006,-5.09999999999997,0
2616,-41.0000000000007,-18.4,0
2617,-62.000000000001,-7.29999999999997,100
2618,-60.900000000001,-1.99999999999997,100
2619,-71.8000000000006,7.70000000000002,87
2620,-76.1000000000003,4.20000000000003,51
2621,-61.100000000001,-15.3999999999999,93
2622,-71.8000000000006,-8.19999999999996,100
2623,-50.1000000000008,-19,0
2624,-68.8000000000008,-7.89999999999996,100
2625,-71.0000000000006,-13.8999999999999,0
2626,-67.0000000000009,0.900000000000026,100
2627,-46.1000000000008,-14.8999999999999,0
2628,-74.6000000000004,10.1,NaN
2629,-56.0000000000009,-12.8999999999999,0
2630,-72.0000000000006,-4.39999999999998,100
2631,-74.9000000000004,-10.2,100
2632,-51.3000000000008,-11.3,93
2633,-59.700000000001,-15.4999999999999,0
2634,-53.3000000000009,4.80000000000003,100
2635,-73.5000000000005,-0.899999999999974,100
2636,-64.700000000001,-3.79999999999998,100
2637,-57.8000000000009,5.60000000000002,92
2638,-56.6000000000009,-21.6,0
2639,-68.5000000000008,-18.1,0
2640,-51.6000000000008,3.50000000000003,98
2641,-40.7000000000007,-19.6,0
2642,-65.4000000000009,2.90000000000003,100
2643,-46.3000000000008,-13.1999999999999,0
2644,-75.1000000000004,2.80000000000003,0
2645,-45.9000000000008,-7.99999999999996,49
2646,-51.5000000000008,-3.89999999999998,100
2647,-63.900000000001,-13.3999999999999,0
2648,-56.8000000000009,-4.39999999999998,100
2649,-54.6000000000009,-17.1999999999999,0
2650,-47.0000000000008,-23.8,100
2651,-52.0000000000009,2.10000000000003,100
2652,-47.2000000000008,-7.89999999999996,15
2653,-61.200000000001,-18.9,64
2654,-74.7000000000004,-12.1999999999999,85
2655,-63.300000000001,-20.7,88
2656,-68.8000000000008,5.70000000000002,0
2657,-57.0000000000009,5.40000000000002,44
2658,-46.9000000000008,-11.8999999999999,89
2659,-53.4000000000009,1.80000000000003,97
2660,-55.5000000000009,-21.5,59
2661,-50.3000000000008,-4.99999999999997,100
2662,-63.500000000001,8.60000000000001,0
2663,-73.8000000000005,10.3,NaN
2664,-49.6000000000008,-20.1,0
2665,-65.8000000000009,6.10000000000002,100
2666,-53.5000000000009,5.40000000000002,100
2667,-55.5000000000009,-1.69999999999997,93
2668,-81.3,7.80000000000001,0
2669,-68.5000000000008,-17.1999999999999,0
2670,-69.4000000000007,-19.5,0
2671,-48.4000000000008,-22.7,76
2672,-60.400000000001,-4.09999999999998,100
2673,-64.800000000001,-12.6999999999999,0
2674,-55.7000000000009,-14.3999999999999,0
2675,-71.8000000000006,-5.79999999999997,100
2676,-58.1000000000009,0.100000000000026,100
2677,-58.4000000000009,-12.9999999999999,22
2678,-62.800000000001,3.80000000000003,100
2679,-68.3000000000008,-5.19999999999997,100
2680,-54.0000000000009,-18.4,0
2681,-40.8000000000007,-19.5,0
2682,-44.6000000000007,-10.7,44
2683,-54.7000000000009,-23.4,0
2684,-57.8000000000009,1.30000000000003,100
2685,-63.400000000001,-6.89999999999997,100
2686,-59.600000000001,-23.5,62
2687,-64.800000000001,-10.4,97
2688,-73.6000000000005,-0.699999999999974,100
2689,-41.1000000000007,-15.0999999999999,0
2690,-51.5000000000008,-7.99999999999996,97
2691,-58.7000000000009,-7.29999999999997,100
2692,-43.9000000000007,-20.2,0
2693,-72.2000000000006,-2.19999999999997,100
2694,-65.9000000000009,1.40000000000003,96
2695,-61.500000000001,-8.19999999999996,100
2696,-68.2000000000008,-23.2,0
2697,-46.2000000000008,-5.79999999999997,0
2698,-63.100000000001,4.10000000000003,100
2699,-51.7000000000008,2.30000000000003,100
2700,-45.4000000000008,-8.09999999999996,47
2701,-69.3000000000007,7.10000000000002,9
2702,-49.5000000000008,-2.59999999999998,100
2703,-41.6000000000007,-17.8,41
2704,-71.9000000000006,-14.8999999999999,0
2705,-55.6000000000009,-22.2,0
2706,-56.8000000000009,-22.5,0
2707,-69.8000000000007,2.10000000000003,100
2708,-40.0000000000007,-4.49999999999998,0
2709,-54.0000000000009,-13.4999999999999,0
2710,-56.1000000000009,-6.79999999999997,100
2711,-63.200000000001,-4.19999999999998,100
2712,-47.8000000000008,-16.4999999999999,0
2713,-36.1000000000006,-7.19999999999997,0
2714,-41.9000000000007,-20.4,0
2715,-61.100000000001,-19.5,51
2716,-50.7000000000008,-6.49999999999997,100
2717,-65.6000000000009,-1.69999999999997,100
2718,-45.3000000000008,-13.7999999999999,0
2719,-56.1000000000009,-10.7,43
2720,-57.9000000000009,1.70000000000003,100
2721,-52.4000000000009,-7.39999999999996,100
2722,-65.7000000000009,-15.1999999999999,18
2723,-47.8000000000008,-16.9999999999999,0
2724,-75.7000000000004,2.10000000000003,0
2725,-72.6000000000005,4.20000000000003,0
2726,-64.100000000001,8.10000000000001,0
2727,-75.7000000000004,1.10000000000003,98
2728,-51.0000000000008,-5.19999999999997,99
2729,-64.000000000001,-23.6,45
2730,-61.100000000001,-16.9999999999999,96
2731,-63.000000000001,-7.99999999999996,100
2732,-54.4000000000009,-10.4,96
2733,-72.4000000000005,-9.09999999999996,100
2734,-56.7000000000009,-0.199999999999974,100
2735,-55.6000000000009,1.50000000000003,61
2736,-43.5000000000007,-18,93
2737,-75.8000000000004,-0.999999999999974,100
2738,-42.3000000000007,-7.49999999999996,44
2739,-76.7000000000003,-12.2999999999999,0
2740,-71.6000000000006,-14.1999999999999,0
2741,-59.800000000001,-16.8999999999999,96
2742,-72.7000000000005,-2.59999999999998,100
2743,-68.7000000000008,-17.3,0
2744,-45.4000000000008,-19.4,0
2745,-52.9000000000009,1.40000000000003,100
2746,-64.100000000001,-9.39999999999996,100
2747,-77.1000000000003,-6.49999999999997,100
2748,-40.8000000000007,-6.99999999999997,0
2749,-54.3000000000009,-23.8,0
2750,-62.600000000001,5.20000000000002,100
2751,-49.1000000000008,-4.29999999999998,82
2752,-44.4000000000007,-18.3,19
2753,-70.3000000000007,-5.99999999999997,100
2754,-57.9000000000009,6.10000000000002,0
2755,-41.8000000000007,-7.69999999999996,0
2756,-68.1000000000008,-18.2,0
2757,-65.5000000000009,-5.09999999999997,100
2758,-42.8000000000007,-12.2999999999999,34
2759,-58.900000000001,-16.5999999999999,7
2760,-56.2000000000009,3.00000000000003,100
2761,-48.6000000000008,-9.49999999999996,0
2762,-45.2000000000008,-16.4999999999999,60
2763,-64.100000000001,-8.59999999999996,100
2764,-62.200000000001,-0.399999999999974,100
2765,-37.1000000000006,-7.69999999999996,0
2766,-64.000000000001,10,NaN
2767,-47.6000000000008,-4.79999999999997,0
2768,-66.0000000000009,-21,0
2769,-62.600000000001,-2.99999999999998,100
2770,-60.600000000001,1.10000000000003,97
2771,-65.8000000000009,-23.7,0
2772,-40.3000000000007,-6.19999999999997,31
2773,-54.5000000000009,-8.59999999999996,100
2774,-70.8000000000006,1.80000000000003,100
2775,-69.0000000000007,-10.4,100
2776,-74.5000000000004,-8.49999999999996,95
2777,-55.8000000000009,-23.1,51
2778,-40.9000000000007,-4.99999999999997,15
2779,-54.6000000000009,-6.39999999999997,100
2780,-59.300000000001,-22.3,56
2781,-57.7000000000009,-16.5999999999999,28
2782,-53.6000000000009,-12.2999999999999,100
2783,-73.7000000000005,-1.19999999999997,100
2784,-74.5000000000004,-6.99999999999997,100
2785,-56.5000000000009,-21.9,0
2786,-45.6000000000008,-3.19999999999998,4
2787,-72.9000000000005,-10.6,98
2788,-55.4000000000009,-22.7,0
2789,-49.1000000000008,-3.89999999999998,0
2790,-59.100000000001,6.90000000000002,98
2791,-63.600000000001,0.400000000000026,49
2792,-38.6000000000007,-7.89999999999996,5
2793,-54.7000000000009,-21.2,0
2794,-57.1000000000009,-8.49999999999996,100
2795,-56.3000000000009,-0.499999999999974,100
2796,-72.4000000000005,2.30000000000003,71
2797,-76.3000000000003,2.10000000000003,98
2798,-73.3000000000005,-7.99999999999996,100
2799,-64.000000000001,-2.49999999999998,100
2800,-60.100000000001,-21.1,56
2801,-70.5000000000007,-11.5999999999999,100
2802,-61.900000000001,9.80000000000001,33
2803,-51.5000000000008,-16.8999999999999,0
2804,-63.700000000001,-8.39999999999996,100
2805,-48.1000000000008,-6.39999999999997,88
2806,-62.300000000001,-16.0999999999999,100
2807,-44.3000000000007,-17.4,0
2808,-74.5000000000004,-11,100
2809,-43.9000000000007,-7.79999999999996,28
2810,-36.0000000000006,-8.39999999999996,53
2811,-66.4000000000009,-16.2999999999999,96
2812,-69.5000000000007,-5.89999999999997,100
2813,-61.400000000001,-7.09999999999997,100
2814,-74.6000000000004,-5.99999999999997,100
2815,-43.8000000000007,-6.49999999999997,57
2816,-64.000000000001,6.10000000000002,98
2817,-62.700000000001,-19.7,48
2818,-75.8000000000004,-13.4999999999999,0
2819,-59.600000000001,4.90000000000003,96
2820,-59.000000000001,-4.09999999999998,100
2821,-68.5000000000008,-0.799999999999974,100
2822,-44.5000000000007,-21.7,0
2823,-79.3000000000002,-1.89999999999997,0
2824,-52.7000000000009,5.10000000000002,0
2825,-47.1000000000008,-20.9,93
2826,-60.100000000001,-16.7999999999999,88
2827,-57.6000000000009,5.10000000000002,100
2828,-61.000000000001,-12.0999999999999,100
2829,-76.0000000000003,6.30000000000002,100
2830,-55.9000000000009,-1.59999999999997,100
2831,-66.6000000000009,-3.39999999999998,100
2832,-39.7000000000007,-11.1,0
2833,-69.2000000000007,8.10000000000001,0
2834,-55.6000000000009,-2.29999999999997,97
2835,-71.1000000000006,-5.29999999999997,100
2836,-66.8000000000009,2.40000000000003,100
2837,-59.300000000001,3.80000000000003,98
2838,-66.6000000000009,4.70000000000003,44
2839,-74.2000000000004,6.50000000000002,0
2840,-51.4000000000008,-11.5,0
2841,-47.0000000000008,-17.6,0
2842,-68.5000000000008,4.30000000000003,100
2843,-53.2000000000009,-4.49999999999998,100
2844,-62.200000000001,1.90000000000003,97
2845,-60.300000000001,-0.599999999999974,100
2846,-66.4000000000009,-2.09999999999997,0
2847,-64.100000000001,10,NaN
2848,-60.300000000001,-10.6,100
2849,-59.600000000001,3.80000000000003,47
2850,-41.0000000000007,-16.0999999999999,0
2851,-39.8000000000007,-7.69999999999996,0
2852,-49.5000000000008,-1.99999999999997,100
2853,-69.3000000000007,-2.29999999999997,100
2854,-42.6000000000007,-18,51
2855,-77.3000000000003,-2.69999999999998,100
2856,-63.300000000001,-12.4999999999999,7
2857,-64.200000000001,4.10000000000003,100
2858,-57.6000000000009,-2.39999999999998,97
2859,-42.8000000000007,-22.9,0
2860,-59.200000000001,-23.3,0
2861,-68.5000000000008,5.20000000000002,100
2862,-55.4000000000009,-7.29999999999997,0
2863,-59.400000000001,-5.69999999999997,100
2864,-51.4000000000008,-12.1999999999999,51
2865,-54.4000000000009,-5.89999999999997,100
2866,-60.400000000001,-11.9999999999999,100
2867,-63.200000000001,-20.8,87
2868,-47.6000000000008,-5.79999999999997,0
2869,-52.1000000000009,-0.699999999999974,100
2870,-60.000000000001,-6.19999999999997,100
2871,-73.3000000000005,-0.899999999999974,100
2872,-74.0000000000005,-1.09999999999997,2
2873,-63.100000000001,4.30000000000003,100
2874,-62.200000000001,0.800000000000026,99
2875,-47.8000000000008,-6.19999999999997,96
2876,-44.9000000000008,-22.5,0
2877,-55.9000000000009,-7.99999999999996,98
2878,-50.7000000000008,-14.0999999999999,0
2879,-70.6000000000006,-0.699999999999974,100
2880,-54.3000000000009,-5.39999999999997,100
2881,-53.3000000000009,-14.1999999999999,0
2882,-51.5000000000008,0.900000000000026,100
2883,-50.1000000000008,-22.1,0
2884,-54.7000000000009,-1.79999999999997,63
2885,-73.6000000000005,-12.1999999999999,70
2886,-53.2000000000009,2.30000000000003,97
2887,-64.900000000001,-12.5999999999999,99
2888,-69.5000000000007,-22.5,0
2889,-50.8000000000008,-6.39999999999997,98
2890,-62.700000000001,-3.79999999999998,100
2891,-53.0000000000009,-5.79999999999997,97
2892,-41.1000000000007,-19.2,44
2893,-47.3000000000008,-19.8,0
2894,-67.1000000000008,-6.49999999999997,100
2895,-42.6000000000007,-6.09999999999997,0
2896,-42.8000000000007,-16.2999999999999,86
2897,-62.200000000001,-12.9999999999999,0
2898,-50.5000000000008,-10.1,15
2899,-62.900000000001,8.00000000000001,97
2900,-59.400000000001,-6.09999999999997,100
2901,-55.2000000000009,0.300000000000026,100
2902,-59.600000000001,-23.7,7
2903,-77.2000000000003,-10.1,0
2904,-69.0000000000007,-21.6,0
2905,-55.9000000000009,-19.3,0
2906,-71.4000000000006,-12.1999999999999,100
2907,-47.1000000000008,-6.49999999999997,0
2908,-63.000000000001,10.4,NaN
2909,-42.2000000000007,-4.79999999999997,0
2910,-56.9000000000009,-5.69999999999997,100
2911,-56.4000000000009,-20.4,93
2912,-46.9000000000008,-8.99999999999996,0
2913,-44.1000000000007,-18.8,0
2914,-59.100000000001,-7.49999999999996,100
2915,-48.8000000000008,-3.39999999999998,100
2916,-62.300000000001,-22.5,79
2917,-41.2000000000007,-14.1999999999999,44
2918,-80.1000000000001,-0.799999999999974,23
2919,-74.6000000000004,7.90000000000001,100
2920,-45.3000000000008,-14.4999999999999,0
2921,-46.7000000000008,-21.2,59
2922,-63.900000000001,-3.89999999999998,99
2923,-66.5000000000009,-1.99999999999997,100
2924,-69.4000000000007,-12.7999999999999,100
2925,-69.2000000000007,-1.99999999999997,100
2926,-42.0000000000007,-21.6,94
2927,-56.7000000000009,-16.5999999999999,73
2928,-76.2000000000003,1.20000000000003,100
2929,-53.6000000000009,-23.7,0
2930,-68.4000000000008,-14.7999999999999,0
2931,-72.9000000000005,-2.49999999999998,100
2932,-55.6000000000009,3.10000000000003,100
2933,-62.000000000001,-22.8,45
2934,-69.1000000000007,-7.89999999999996,100
2935,-42.5000000000007,-21.1,0
2936,-61.700000000001,-19.5,47
2937,-62.500000000001,-16.5999999999999,0
2938,-50.7000000000008,-21.5,0
2939,-61.300000000001,-18.5,48
2940,-73.5000000000005,0.400000000000026,100
2941,-49.5000000000008,-14.3999999999999,0
2942,-70.9000000000006,-14.9999999999999,0
2943,-38.7000000000007,-6.19999999999997,4
2944,-60.600000000001,-1.59999999999997,100
2945,-60.800000000001,5.90000000000002,44
2946,-56.5000000000009,-15.2999999999999,56
2947,-43.6000000000007,-9.29999999999996,72
2948,-79.7000000000001,0.500000000000026,98
2949,-40.4000000000007,-8.39999999999996,0
2950,-70.5000000000007,0.300000000000026,100
2951,-65.5000000000009,-4.59999999999997,100
2952,-40.3000000000007,-18.9,86
2953,-61.400000000001,-3.59999999999998,0
2954,-71.7000000000006,-9.89999999999996,100
2955,-41.9000000000007,-21.5,96
2956,-40.8000000000007,-9.09999999999996,4
2957,-67.1000000000008,4.50000000000003,96
2958,-55.0000000000009,-19,0
2959,-72.2000000000006,-7.59999999999996,100
2960,-63.200000000001,-22,82
2961,-59.400000000001,-23,0
2962,-69.8000000000007,-21.7,0
2963,-42.6000000000007,-14.8999999999999,44
2964,-62.000000000001,-1.99999999999997,100
2965,-37.5000000000006,-4.99999999999997,33
2966,-75.4000000000004,-11.6999999999999,0
2967,-38.9000000000007,-10.2,0
2968,-48.4000000000008,-9.29999999999996,30
2969,-57.4000000000009,-9.49999999999996,0
2970,-67.2000000000008,-9.59999999999996,100
2971,-72.8000000000005,-3.99999999999998,100
2972,-65.000000000001,-14.2999999999999,98
2973,-64.700000000001,-9.99999999999996,97
2974,-41.9000000000007,-16.0999999999999,0
2975,-45.9000000000008,-11.6999999999999,0
2976,-37.0000000000006,-6.99999999999997,0
2977,-74.9000000000004,-11.4,89
2978,-62.200000000001,2.10000000000003,98
2979,-73.5000000000005,-11.1,100
2980,-49.5000000000008,-20.6,0
2981,-72.6000000000005,2.90000000000003,99
2982,-69.4000000000007,9.20000000000001,62
2983,-53.5000000000009,-16.7999999999999,74
2984,-50.7000000000008,-10.2,0
2985,-54.2000000000009,-18,95
2986,-73.6000000000005,3.40000000000003,41
2987,-55.0000000000009,-20.7,0
2988,-60.300000000001,-7.89999999999996,100
2989,-76.6000000000003,-7.69999999999996,100
2990,-44.6000000000007,-20.5,0
2991,-45.4000000000008,-7.29999999999997,0
2992,-73.7000000000005,-5.99999999999997,97
2993,-63.300000000001,-8.09999999999996,100
2994,-57.2000000000009,-7.09999999999997,100
2995,-64.700000000001,-3.89999999999998,100
2996,-68.8000000000008,-5.19999999999997,100
2997,-50.9000000000008,-14.1999999999999,0
2998,-41.4000000000007,-14.3999999999999,17
2999,-59.600000000001,-1.09999999999997,99
3000,-50.8000000000008,-13.2999999999999,0
3001,-72.9000000000005,0.500000000000026,100
3002,-66.9000000000009,-0.699999999999974,100
3003,-70.0000000000007,6.90000000000002,0
3004,-52.6000000000009,-18.4,0
3005,-47.5000000000008,-22.3,0
3006,-60.900000000001,-3.39999999999998,100
3007,-54.9000000000009,-19.9,0
3008,-63.100000000001,2.10000000000003,100
3009,-69.6000000000007,1.10000000000003,100
3010,-67.3000000000008,4.50000000000003,97
3011,-39.7000000000007,-11.5,0
3012,-48.9000000000008,-21.8,0
3013,-66.9000000000009,-20.8,0
3014,-43.1000000000007,-14.7999999999999,0
3015,-53.7000000000009,-20.9,48
3016,-46.9000000000008,-18.7,76
3017,-73.9000000000005,6.70000000000002,72
3018,-69.5000000000007,-23.2,0
3019,-61.700000000001,-14.7999999999999,98
3020,-44.1000000000007,-15.4999999999999,29
3021,-57.4000000000009,-13.0999999999999,100
3022,-68.7000000000008,4.20000000000003,100
3023,-62.700000000001,-2.99999999999998,100
3024,-71.8000000000006,6.80000000000002,98
3025,-57.8000000000009,-4.99999999999997,100
3026,-60.100000000001,-19,79
3027,-52.0000000000009,-6.29999999999997,0
3028,-72.6000000000005,-8.09999999999996,100
3029,-49.9000000000008,-12.1999999999999,96
3030,-71.8000000000006,12,NaN
3031,-69.8000000000007,2.80000000000003,100
3032,-78.6000000000002,-7.39999999999996,45
3033,-51.7000000000008,-16.7999999999999,0
3034,-63.600000000001,-0.499999999999974,100
3035,-64.000000000001,7.30000000000002,97
3036,-49.3000000000008,-19.3,0
3037,-77.4000000000003,-2.69999999999998,100
3038,-54.2000000000009,1.30000000000003,100
3039,-68.7000000000008,8.80000000000001,0
3040,-67.0000000000009,-19.9,0
3041,-61.400000000001,-7.49999999999996,72
3042,-48.5000000000008,-11.5,72
3043,-63.000000000001,-18.8,59
3044,-66.8000000000009,-10.4,100
3045,-53.6000000000009,-20.7,0
3046,-59.600000000001,-11.5999999999999,100
3047,-73.1000000000005,-0.899999999999974,100
3048,-51.4000000000008,-0.599999999999974,99
3049,-63.700000000001,-0.299999999999974,100
3050,-51.5000000000008,-11.4,100
3051,-72.0000000000006,-12.4999999999999,98
3052,-55.1000000000009,-14.7999999999999,0
3053,-74.4000000000004,4.20000000000003,49
3054,-39.1000000000007,-8.69999999999996,0
3055,-78.3000000000002,-4.99999999999997,100
3056,-67.7000000000008,-14.9999999999999,100
3057,-53.5000000000009,0.100000000000026,100
3058,-49.2000000000008,-4.09999999999998,95
3059,-53.0000000000009,-20.6,0
3060,-48.6000000000008,-2.49999999999998,56
3061,-45.6000000000008,-13.5999999999999,0
3062,-65.9000000000009,-8.49999999999996,100
3063,-61.800000000001,-20.1,0
3064,-54.7000000000009,4.90000000000003,100
3065,-74.0000000000005,-15.1999999999999,0
3066,-72.9000000000005,-9.29999999999996,100
3067,-48.0000000000008,-17.6,0
3068,-64.300000000001,-13.7999999999999,29
3069,-48.4000000000008,-16.0999999999999,0
3070,-78.4000000000002,-7.19999999999997,0
3071,-41.0000000000007,-11.5,22
3072,-74.1000000000004,2.40000000000003,100
3073,-53.2000000000009,-19.7,0
3074,-42.0000000000007,-6.39999999999997,0
3075,-48.1000000000008,-7.59999999999996,3
3076,-64.200000000001,-23.6,51
3077,-38.8000000000007,-7.09999999999997,4
3078,-61.800000000001,-5.39999999999997,100
3079,-66.4000000000009,10.6,NaN
3080,-69.2000000000007,3.50000000000003,100
3081,-71.7000000000006,-11.4,100
3082,-72.8000000000005,-16.1999999999999,0
3083,-59.800000000001,-9.29999999999996,100
3084,-79.9000000000001,0.600000000000026,41
3085,-75.6000000000004,-14.5999999999999,0
3086,-47.4000000000008,-19.3,0
3087,-57.3000000000009,-2.79999999999998,47
3088,-64.200000000001,1.60000000000003,100
3089,-52.7000000000009,5.00000000000002,100
3090,-77.6000000000003,-5.79999999999997,95
3091,-59.600000000001,-9.69999999999996,100
3092,-59.800000000001,-11.5999999999999,100
3093,-75.4000000000004,0.700000000000026,93
3094,-40.4000000000007,-15.4999999999999,51
3095,-77.6000000000003,-0.899999999999974,100
3096,-54.8000000000009,-12.0999999999999,100
3097,-63.800000000001,-0.299999999999974,0
3098,-65.5000000000009,-0.299999999999974,100
3099,-68.7000000000008,-24,0
3100,-67.5000000000008,-10.3,0
3101,-68.1000000000008,-11.4,100
3102,-68.9000000000007,7.80000000000001,0
3103,-67.2000000000008,-18.4,0
3104,-52.1000000000009,-6.19999999999997,98
3105,-69.7000000000007,-13.4999999999999,100
3106,-60.500000000001,5.30000000000002,96
3107,-56.9000000000009,-14.8999999999999,98
3108,-68.5000000000008,1.00000000000003,100
3109,-44.5000000000007,-7.09999999999997,0
3110,-75.3000000000004,9.40000000000001,63
3111,-61.100000000001,-18.5,82
3112,-77.8000000000002,-3.39999999999998,100
3113,-59.800000000001,-23.5,83
3114,-65.100000000001,-5.29999999999997,100
3115,-71.3000000000006,-8.59999999999996,100
3116,-69.1000000000007,-10.7,100
3117,-58.5000000000009,2.70000000000003,100
3118,-75.8000000000004,-2.49999999999998,100
3119,-70.4000000000007,-9.59999999999996,100
3120,-48.0000000000008,-13.9999999999999,0
3121,-52.9000000000009,-17.5,0
3122,-35.6000000000006,-7.09999999999997,30
3123,-66.6000000000009,-21.8,0
3124,-53.1000000000009,-22.6,48
3125,-70.0000000000007,3.80000000000003,100
3126,-67.4000000000008,8.80000000000001,0
3127,-37.0000000000006,-9.49999999999996,4
3128,-70.7000000000006,-11.8999999999999,100
3129,-68.3000000000008,-23.9,0
3130,-76.0000000000003,-4.19999999999998,100
3131,-63.400000000001,7.70000000000002,0
3132,-47.6000000000008,-14.9999999999999,0
3133,-65.7000000000009,-19.7,0
3134,-43.7000000000007,-4.39999999999998,56
3135,-54.9000000000009,-1.09999999999997,100
3136,-58.7000000000009,-13.2999999999999,0
3137,-71.6000000000006,-11.7999999999999,100
3138,-61.200000000001,0.100000000000026,0
3139,-42.7000000000007,-18.3,0
3140,-54.5000000000009,-13.7999999999999,99
3141,-46.6000000000008,-3.79999999999998,0
3142,-41.1000000000007,-15.2999999999999,95
3143,-63.100000000001,-17.5,0
3144,-50.4000000000008,-1.09999999999997,100
3145,-57.5000000000009,-3.39999999999998,100
3146,-55.4000000000009,4.50000000000003,100
3147,-76.0000000000003,4.10000000000003,7
3148,-65.5000000000009,-6.59999999999997,100
3149,-62.100000000001,9.20000000000001,100
3150,-66.1000000000009,-19.5,0
3151,-77.1000000000003,5.70000000000002,100
3152,-64.100000000001,-16.2999999999999,0
3153,-47.7000000000008,-0.799999999999974,30
3154,-62.300000000001,-5.89999999999997,100
3155,-49.8000000000008,-18.5,43
3156,-64.800000000001,-1.99999999999997,100
3157,-58.900000000001,-1.79999999999997,100
3158,-64.000000000001,-4.89999999999997,100
3159,-52.2000000000009,2.40000000000003,100
3160,-50.2000000000008,-11.8999999999999,37
3161,-55.5000000000009,-3.59999999999998,100
3162,-40.4000000000007,-18.1,0
3163,-40.6000000000007,-20.1,43
3164,-62.600000000001,-11.4,98
3165,-40.7000000000007,-10.8,0
3166,-47.7000000000008,-15.1999999999999,0
3167,-77.4000000000003,-10.1,0
3168,-63.300000000001,9.20000000000001,0
3169,-42.0000000000007,-14.6999999999999,15
3170,-49.4000000000008,-7.69999999999996,0
3171,-67.3000000000008,-3.59999999999998,100
3172,-69.6000000000007,-0.199999999999974,99
3173,-71.3000000000006,-15.0999999999999,0
3174,-64.500000000001,-3.79999999999998,100
3175,-69.0000000000007,-1.09999999999997,100
3176,-61.000000000001,-17.3,97
3177,-63.900000000001,-17.6,100
3178,-50.1000000000008,-19.8,0
3179,-58.7000000000009,6.10000000000002,100
3180,-56.1000000000009,-2.59999999999998,100
3181,-73.2000000000005,-8.79999999999996,100
3182,-63.400000000001,-14.5999999999999,97
3183,-63.700000000001,-3.39999999999998,100
3184,-69.4000000000007,-22,0
3185,-66.2000000000009,-12.2999999999999,100
3186,-57.2000000000009,-6.59999999999997,100
3187,-60.900000000001,-7.79999999999996,100
3188,-49.0000000000008,-18.9,0
3189,-69.3000000000007,-23.9,0
3190,-65.3000000000009,5.40000000000002,96
3191,-62.200000000001,-21.9,44
3192,-52.2000000000009,-5.29999999999997,100
3193,-55.1000000000009,-7.69999999999996,100
3194,-74.2000000000004,-15.2999999999999,0
3195,-74.4000000000004,-0.0999999999999741,100
3196,-55.2000000000009,-2.29999999999997,0
3197,-54.5000000000009,-14.6999999999999,89
3198,-55.0000000000009,-13.8999999999999,95
3199,-62.100000000001,0.200000000000026,91
3200,-42.7000000000007,-19.8,0
3201,-56.4000000000009,-0.999999999999974,100
3202,-78.2000000000002,-5.69999999999997,97
3203,-78.7000000000002,9.10000000000001,0
3204,-37.5000000000006,-7.89999999999996,0
3205,-51.2000000000008,-17.5,0
3206,-36.9000000000006,-7.79999999999996,0
3207,-63.600000000001,-3.09999999999998,100
3208,-49.1000000000008,-23.9,86
3209,-48.9000000000008,-5.59999999999997,51
3210,-62.700000000001,-8.59999999999996,100
3211,-40.7000000000007,-17.6,88
3212,-58.7000000000009,-1.49999999999997,100
3213,-43.1000000000007,-18.6,74
3214,-67.2000000000008,-17.8,0
3215,-47.7000000000008,-9.99999999999996,0
3216,-60.600000000001,1.90000000000003,43
3217,-40.6000000000007,-9.79999999999996,0
3218,-66.3000000000009,-9.89999999999996,100
3219,-63.500000000001,3.50000000000003,100
3220,-47.1000000000008,-6.19999999999997,0
3221,-61.400000000001,0.700000000000026,47
3222,-40.0000000000007,-8.69999999999996,0
3223,-57.0000000000009,4.80000000000003,100
3224,-67.0000000000009,-8.29999999999996,100
3225,-53.2000000000009,-7.09999999999997,100
3226,-71.9000000000006,8.60000000000001,0
3227,-70.1000000000007,-0.499999999999974,100
3228,-71.9000000000006,-5.79999999999997,100
3229,-66.7000000000009,-17.4,0
3230,-56.6000000000009,-18.5,23
3231,-76.0000000000003,-6.29999999999997,99
3232,-38.5000000000007,-4.29999999999998,0
3233,-55.6000000000009,-11,0
3234,-69.3000000000007,-5.69999999999997,100
3235,-71.7000000000006,-4.79999999999997,100
3236,-68.5000000000008,5.40000000000002,0
3237,-68.5000000000008,-9.49999999999996,98
3238,-52.1000000000009,-23.9,0
3239,-73.4000000000005,-6.79999999999997,100
3240,-62.300000000001,-1.69999999999997,98
3241,-57.8000000000009,-4.39999999999998,97
3242,-47.9000000000008,-17.3,0
3243,-46.7000000000008,-1.09999999999997,96
3244,-53.2000000000009,-21.4,0
3245,-47.7000000000008,-20.2,0
3246,-72.8000000000005,7.80000000000001,0
3247,-73.0000000000005,-1.39999999999997,100
3248,-68.5000000000008,-19.9,0
3249,-68.7000000000008,-21.3,0
3250,-73.0000000000005,-3.99999999999998,100
3251,-46.9000000000008,-14.7999999999999,0
3252,-58.1000000000009,-4.29999999999998,100
3253,-43.0000000000007,-22.8,0
3254,-61.000000000001,-8.99999999999996,100
3255,-53.3000000000009,-3.29999999999998,28
3256,-76.0000000000003,1.50000000000003,79
3257,-76.8000000000003,3.90000000000003,75
3258,-43.5000000000007,-5.09999999999997,95
3259,-80.1000000000001,-5.89999999999997,0
3260,-64.500000000001,-20.8,59
3261,-61.900000000001,6.70000000000002,97
3262,-67.8000000000008,-10.6,0
3263,-47.4000000000008,-15.5999999999999,0
3264,-62.300000000001,2.60000000000003,98
3265,-70.4000000000007,-10.5,100
3266,-48.3000000000008,-17.0999999999999,0
3267,-80.7000000000001,7.30000000000002,97
3268,-47.4000000000008,-14.0999999999999,0
3269,-61.900000000001,-3.49999999999998,100
3270,-52.7000000000009,-16.6999999999999,0
3271,-58.8000000000009,-14.4999999999999,0
3272,-77.7000000000002,2.10000000000003,99
3273,-46.5000000000008,-22.7,80
3274,-62.900000000001,-8.39999999999996,100
3275,-53.2000000000009,1.40000000000003,100
3276,-75.8000000000004,-2.09999999999997,100
3277,-42.9000000000007,-12.3999999999999,0
3278,-50.6000000000008,-13.7999999999999,28
3279,-37.7000000000006,-4.89999999999997,0
3280,-65.000000000001,-19,0
3281,-58.5000000000009,-6.79999999999997,100
3282,-78.6000000000002,-8.69999999999996,0
3283,-61.400000000001,-9.49999999999996,100
3284,-70.5000000000007,-5.79999999999997,100
3285,-65.200000000001,9.60000000000001,0
3286,-65.3000000000009,-20.6,0
3287,-59.700000000001,-20.9,44
3288,-51.3000000000008,-22.2,0
3289,-45.7000000000008,-20.7,0
3290,-78.2000000000002,8.20000000000001,98
3291,-57.9000000000009,-0.599999999999974,100
3292,-78.9000000000002,-8.39999999999996,0
3293,-76.8000000000003,-9.29999999999996,3
3294,-64.700000000001,-0.0999999999999741,100
3295,-54.6000000000009,-8.59999999999996,100
3296,-60.300000000001,-4.79999999999997,100
3297,-43.3000000000007,-3.99999999999998,91
3298,-42.1000000000007,-5.49999999999997,0
3299,-49.1000000000008,-0.399999999999974,0
3300,-63.700000000001,-10.4,0
3301,-75.2000000000004,6.80000000000002,76
3302,-80.6000000000001,8.40000000000001,96
3303,-59.500000000001,-5.99999999999997,100
3304,-57.1000000000009,-22.5,93
3305,-47.0000000000008,-17.1999999999999,9
3306,-65.5000000000009,0.300000000000026,100
3307,-47.7000000000008,-17.5,51
3308,-62.500000000001,-18.3,44
3309,-51.7000000000008,-10.5,0
3310,-48.5000000000008,-23.5,0
3311,-61.400000000001,-11.7999999999999,0
3312,-58.7000000000009,3.20000000000003,99
3313,-69.1000000000007,-23.1,0
3314,-43.9000000000007,-19.5,0
3315,-62.000000000001,-16.9999999999999,69
3316,-55.8000000000009,-1.09999999999997,100
3317,-43.6000000000007,-18.8,0
3318,-65.8000000000009,-11.5,100
3319,-65.5000000000009,-0.399999999999974,100
3320,-51.6000000000008,-3.79999999999998,99
3321,-73.1000000000005,-14.4999999999999,0
3322,-59.000000000001,-12.9999999999999,37
3323,-65.000000000001,-1.59999999999997,100
3324,-62.600000000001,-19.3,44
3325,-62.000000000001,-7.49999999999996,100
3326,-71.2000000000006,2.00000000000003,100
3327,-65.6000000000009,6.60000000000002,100
3328,-48.4000000000008,-16.4999999999999,0
3329,-79.2000000000002,-3.29999999999998,0
3330,-55.6000000000009,-0.499999999999974,100
3331,-40.7000000000007,-17.8,0
3332,-68.3000000000008,-6.29999999999997,100
3333,-39.3000000000007,-11.3,0
3334,-74.4000000000004,-6.79999999999997,98
3335,-51.0000000000008,-11.6999999999999,7
3336,-79.9000000000001,2.58959520493818e-14,76
3337,-57.0000000000009,-3.09999999999998,100
3338,-68.1000000000008,-17.0999999999999,0
3339,-63.900000000001,-20.3,93
3340,-40.6000000000007,-15.1999999999999,0
3341,-46.9000000000008,-12.0999999999999,47
3342,-43.3000000000007,-8.69999999999996,76
3343,-67.2000000000008,2.80000000000003,100
3344,-64.200000000001,-23.1,99
3345,-58.8000000000009,4.80000000000003,98
3346,-73.5000000000005,6.90000000000002,93
3347,-68.6000000000008,9.00000000000001,0
3348,-47.3000000000008,-3.09999999999998,0
3349,-71.3000000000006,-9.39999999999996,100
3350,-42.7000000000007,-7.49999999999996,51
3351,-46.2000000000008,-13.8999999999999,0
3352,-53.8000000000009,-19.7,0
3353,-63.400000000001,-12.7999999999999,100
3354,-56.7000000000009,-17.8,45
3355,-42.7000000000007,-11.9999999999999,6
3356,-62.700000000001,-1.19999999999997,100
3357,-40.1000000000007,-11.4,0
3358,-48.1000000000008,-7.19999999999997,0
3359,-61.300000000001,-3.89999999999998,100
3360,-44.3000000000007,-5.39999999999997,82
3361,-70.5000000000007,-8.99999999999996,100
3362,-61.300000000001,10.5,NaN
3363,-57.4000000000009,3.60000000000003,100
3364,-59.000000000001,-11.5999999999999,100
3365,-46.5000000000008,-15.7999999999999,0
3366,-52.2000000000009,3.90000000000003,100
3367,-66.5000000000009,-1.79999999999997,100
3368,-76.9000000000003,3.10000000000003,95
3369,-65.6000000000009,-12.7999999999999,0
3370,-51.6000000000008,-17.7,0
3371,-41.6000000000007,-12.5999999999999,0
3372,-51.1000000000008,-2.39999999999998,100
3373,-67.8000000000008,-19,0
3374,-65.3000000000009,0.200000000000026,100
3375,-52.5000000000009,-8.09999999999996,100
3376,-35.3000000000006,-8.89999999999996,14
3377,-44.9000000000008,-20.4,43
3378,-78.8000000000002,-1.39999999999997,0
3379,-50.7000000000008,-1.09999999999997,100
3380,-56.5000000000009,-19.5,0
3381,-61.700000000001,-6.79999999999997,100
3382,-81.1000000000001,-4.69999999999997,0
3383,-75.5000000000004,-6.39999999999997,100
3384,-62.300000000001,-18.4,0
3385,-57.8000000000009,-18,55
3386,-63.600000000001,-14.0999999999999,97
3387,-53.7000000000009,2.50000000000003,100
3388,-54.0000000000009,-1.09999999999997,100
3389,-56.9000000000009,-23.3,0
3390,-63.800000000001,7.00000000000002,0
3391,-65.4000000000009,-15.1999999999999,47
3392,-38.3000000000007,-12.8999999999999,0
3393,-41.7000000000007,-12.4999999999999,3
3394,-72.8000000000005,-10.9,100
3395,-69.8000000000007,0.900000000000026,100
3396,-66.9000000000009,-14.7999999999999,99
3397,-45.7000000000008,-17.9,0
3398,-73.8000000000005,9.40000000000001,0
3399,-72.0000000000006,1.00000000000003,97
3400,-76.5000000000003,-10.9,0
3401,-49.6000000000008,-9.39999999999996,0
3402,-49.0000000000008,-16.5999999999999,52
3403,-65.8000000000009,-9.29999999999996,100
3404,-39.8000000000007,-14.5999999999999,0
3405,-68.0000000000008,-4.29999999999998,100
3406,-61.400000000001,7.50000000000002,97
3407,-50.6000000000008,-0.999999999999974,100
3408,-72.0000000000006,-5.79999999999997,100
3409,-46.6000000000008,-15.7999999999999,0
3410,-51.4000000000008,-13.9999999999999,0
3411,-36.6000000000006,-6.69999999999997,0
3412,-57.5000000000009,-14.3999999999999,0
3413,-75.9000000000003,7.70000000000002,74
3414,-69.9000000000007,11.2,NaN
3415,-71.7000000000006,0.500000000000026,100
3416,-76.7000000000003,-6.79999999999997,40
3417,-59.600000000001,-22.9,0
3418,-42.6000000000007,-13.9999999999999,0
3419,-67.6000000000008,-10.8,100
3420,-61.600000000001,2.60000000000003,6
3421,-68.8000000000008,6.80000000000002,0
3422,-66.7000000000009,-14.8999999999999,100
3423,-57.0000000000009,-5.09999999999997,100
3424,-52.5000000000009,-14.9999999999999,0
3425,-39.0000000000007,-12.0999999999999,0
3426,-78.5000000000002,-0.799999999999974,51
3427,-44.9000000000008,-22.8,63
3428,-52.6000000000009,-19.3,0
3429,-71.7000000000006,-11.6999999999999,100
3430,-43.0000000000007,-21.2,89
3431,-69.3000000000007,-21.2,0
3432,-43.3000000000007,-11.2,52
3433,-66.0000000000009,6.00000000000002,100
3434,-69.0000000000007,-9.59999999999996,56
3435,-56.8000000000009,-2.19999999999997,100
3436,-43.9000000000007,-12.8999999999999,0
3437,-56.2000000000009,-23.2,98
3438,-40.9000000000007,-7.49999999999996,0
3439,-49.8000000000008,-5.89999999999997,0
3440,-61.500000000001,-6.99999999999997,100
3441,-58.0000000000009,-14.5999999999999,0
3442,-49.5000000000008,-16.6999999999999,0
3443,-64.600000000001,-2.09999999999997,100
3444,-55.3000000000009,4.70000000000003,100
3445,-57.1000000000009,2.20000000000003,100
3446,-59.400000000001,-20.4,51
3447,-70.4000000000007,-11.3,98
3448,-59.900000000001,-1.79999999999997,100
3449,-58.2000000000009,-2.59999999999998,100
3450,-69.4000000000007,-2.49999999999998,100
3451,-39.7000000000007,-10.1,0
3452,-66.8000000000009,9.50000000000001,59
3453,-70.4000000000007,-12.3999999999999,100
3454,-68.5000000000008,1.60000000000003,96
3455,-49.2000000000008,-16.7999999999999,0
3456,-46.3000000000008,-8.79999999999996,0
3457,-56.1000000000009,-21.4,0
3458,-44.7000000000007,-23.3,51
3459,-58.8000000000009,-23.4,0
3460,-58.5000000000009,-1.79999999999997,100
3461,-52.5000000000009,-15.1999999999999,0
3462,-73.8000000000005,-0.599999999999974,100
3463,-65.7000000000009,6.60000000000002,40
3464,-61.400000000001,-15.3999999999999,95
3465,-73.8000000000005,5.80000000000002,96
3466,-52.5000000000009,2.20000000000003,100
3467,-59.500000000001,-22.9,0
3468,-73.2000000000005,-1.09999999999997,100
3469,-76.1000000000003,8.40000000000001,0
3470,-74.2000000000004,-6.39999999999997,100
3471,-37.8000000000007,-7.79999999999996,0
3472,-65.4000000000009,-4.69999999999997,100
3473,-62.800000000001,-20.1,37
3474,-66.3000000000009,8.90000000000001,2
3475,-72.4000000000005,5.00000000000002,0
3476,-46.5000000000008,-21.1,59
3477,-58.4000000000009,-2.89999999999998,0
3478,-40.0000000000007,-16.0999999999999,0
3479,-68.4000000000008,-15.0999999999999,99
3480,-69.5000000000007,2.90000000000003,100
3481,-60.800000000001,-19.7,0
3482,-62.700000000001,-12.2999999999999,95
3483,-58.0000000000009,1.00000000000003,100
3484,-48.2000000000008,-23.6,0
3485,-64.200000000001,-2.29999999999997,100
3486,-49.9000000000008,-6.59999999999997,29
3487,-67.8000000000008,-20.2,0
3488,-72.8000000000005,-14.6999999999999,0
3489,-52.5000000000009,-5.99999999999997,98
3490,-76.1000000000003,-12.2999999999999,0
3491,-53.9000000000009,-20.9,0
3492,-57.5000000000009,-6.69999999999997,100
3493,-77.5000000000003,-4.19999999999998,100
3494,-43.6000000000007,-22.8,0
3495,-41.2000000000007,-12.8999999999999,0
3496,-60.600000000001,-8.99999999999996,100
3497,-72.7000000000005,-15.2999999999999,0
3498,-71.9000000000006,-1.79999999999997,100
3499,-73.8000000000005,-2.29999999999997,100
3500,-62.500000000001,-16.2999999999999,15
3501,-59.800000000001,-18.2,82
3502,-49.0000000000008,-6.89999999999997,0
3503,-47.9000000000008,-6.89999999999997,0
3504,-67.2000000000008,7.40000000000002,30
3505,-46.8000000000008,-14.5999999999999,0
3506,-60.700000000001,7.00000000000002,99
3507,-58.5000000000009,-17.6,86
3508,-73.0000000000005,5.80000000000002,0
3509,-43.8000000000007,-13.3999999999999,51
3510,-80.0000000000001,-6.69999999999997,0
3511,-70.5000000000007,-14.4999999999999,0
3512,-71.5000000000006,-11.1,100
3513,-41.3000000000007,-16.3999999999999,48
3514,-57.0000000000009,-15.5999999999999,61
3515,-61.400000000001,0.900000000000026,0
3516,-59.400000000001,-13.6999999999999,79
3517,-53.9000000000009,0.600000000000026,96
3518,-73.3000000000005,-13.5999999999999,55
3519,-65.5000000000009,-24,90
3520,-67.8000000000008,-2.09999999999997,100
3521,-45.9000000000008,-12.7999999999999,0
3522,-72.0000000000006,-12.3999999999999,96
3523,-63.800000000001,-9.19999999999996,100
3524,-53.8000000000009,-6.29999999999997,100
3525,-64.400000000001,1.60000000000003,100
3526,-48.4000000000008,-5.39999999999997,0
3527,-47.2000000000008,-5.69999999999997,0
3528,-53.9000000000009,4.60000000000003,100
3529,-66.9000000000009,-12.3999999999999,100
3530,-47.6000000000008,-2.49999999999998,79
3531,-46.6000000000008,-13.4999999999999,51
3532,-68.9000000000007,-5.49999999999997,100
3533,-43.1000000000007,-2.99999999999998,0
3534,-78.5000000000002,2.00000000000003,96
3535,-72.9000000000005,-6.29999999999997,100
3536,-71.8000000000006,7.30000000000002,0
3537,-80.8000000000001,-5.79999999999997,0
3538,-60.900000000001,1.30000000000003,99
3539,-46.5000000000008,-13.7999999999999,0
3540,-67.8000000000008,-7.99999999999996,100
3541,-68.2000000000008,-11.7999999999999,100
3542,-61.700000000001,-4.69999999999997,100
3543,-74.5000000000004,-2.49999999999998,100
3544,-54.5000000000009,-7.79999999999996,97
3545,-46.1000000000008,-18.1,0
3546,-44.2000000000007,-18.2,18
3547,-41.9000000000007,-17.0999999999999,74
3548,-47.0000000000008,-16.3999999999999,0
3549,-45.4000000000008,-17.6,0
3550,-61.300000000001,-9.19999999999996,100
3551,-69.5000000000007,-11.3,100
3552,-65.000000000001,-20.6,0
3553,-71.0000000000006,8.80000000000001,0
3554,-66.3000000000009,-17.4,0
3555,-60.200000000001,-6.19999999999997,100
3556,-50.4000000000008,-1.19999999999997,100
3557,-57.4000000000009,-6.09999999999997,97
3558,-75.8000000000004,7.90000000000001,43
3559,-54.7000000000009,-10.6,99
3560,-76.4000000000003,8.30000000000001,0
3561,-68.7000000000008,-9.29999999999996,100
3562,-40.4000000000007,-14.5999999999999,36
3563,-49.6000000000008,-9.79999999999996,0
3564,-68.9000000000007,2.30000000000003,100
3565,-63.900000000001,-7.59999999999996,100
3566,-71.3000000000006,-10.5,100
3567,-53.5000000000009,-1.99999999999997,91
3568,-46.9000000000008,-13.3999999999999,44
3569,-65.9000000000009,-21,0
3570,-67.5000000000008,-21.5,0
3571,-69.8000000000007,-6.99999999999997,100
3572,-44.5000000000007,-11.9999999999999,0
3573,-65.5000000000009,-15.2999999999999,45
3574,-61.200000000001,9.40000000000001,100
3575,-69.7000000000007,-20.9,0
3576,-54.0000000000009,-13.9999999999999,0
3577,-49.5000000000008,-3.19999999999998,100
3578,-59.100000000001,-18.7,82
3579,-68.6000000000008,8.90000000000001,0
3580,-69.5000000000007,1.70000000000003,100
3581,-68.5000000000008,5.30000000000002,0
3582,-56.8000000000009,-2.59999999999998,0
3583,-74.8000000000004,5.90000000000002,100
3584,-66.9000000000009,-8.99999999999996,100
3585,-68.1000000000008,-7.59999999999996,100
3586,-61.800000000001,-1.19999999999997,100
3587,-75.8000000000004,7.40000000000002,97
3588,-50.8000000000008,-16.7999999999999,0
3589,-67.9000000000008,-10.1,0
3590,-43.4000000000007,-9.19999999999996,0
3591,-44.5000000000007,-21.1,79
3592,-58.4000000000009,-6.19999999999997,100
3593,-40.9000000000007,-8.79999999999996,44
3594,-68.6000000000008,-22.4,0
3595,-64.900000000001,-15.6999999999999,21
3596,-50.7000000000008,-1.99999999999997,61
3597,-41.3000000000007,-4.89999999999997,0
3598,-55.3000000000009,-3.39999999999998,0
3599,-74.7000000000004,4.60000000000003,81
3600,-50.8000000000008,-8.49999999999996,5
3601,-59.700000000001,-7.79999999999996,100
3602,-52.3000000000009,3.30000000000003,98
3603,-40.5000000000007,-8.09999999999996,0
3604,-71.2000000000006,4.70000000000003,0
3605,-74.1000000000004,-8.49999999999996,100
3606,-39.7000000000007,-19.3,48
3607,-70.3000000000007,-7.29999999999997,100
3608,-58.0000000000009,3.60000000000003,98
3609,-46.7000000000008,-23.4,99
3610,-55.9000000000009,-11.8999999999999,100
3611,-59.800000000001,5.90000000000002,100
3612,-69.8000000000007,1.30000000000003,100
3613,-67.3000000000008,2.58959520493818e-14,100
3614,-65.200000000001,-7.79999999999996,100
3615,-48.7000000000008,-20.4,0
3616,-48.8000000000008,-11.5,0
3617,-58.5000000000009,-14.6999999999999,45
3618,-79.7000000000001,-6.79999999999997,0
3619,-63.100000000001,10.3,NaN
3620,-55.7000000000009,-2.39999999999998,97
3621,-76.5000000000003,-7.49999999999996,98
3622,-53.4000000000009,-21.3,0
3623,-58.5000000000009,-17.0999999999999,0
3624,-74.5000000000004,-10.4,100
3625,-58.8000000000009,-6.39999999999997,100
3626,-72.3000000000006,-15.5999999999999,0
3627,-62.400000000001,1.90000000000003,100
3628,-52.9000000000009,-3.39999999999998,61
3629,-65.9000000000009,1.50000000000003,100
3630,-67.4000000000008,-2.39999999999998,100
3631,-77.2000000000003,4.30000000000003,100
3632,-59.600000000001,-14.2999999999999,100
3633,-69.9000000000007,-13.6999999999999,96
3634,-41.5000000000007,-10.1,0
3635,-76.7000000000003,3.50000000000003,64
3636,-60.500000000001,-22.9,47
3637,-80.5000000000001,-2.19999999999997,0
3638,-51.2000000000008,-11.3,100
3639,-72.2000000000006,2.58959520493818e-14,100
3640,-44.5000000000007,-19.6,87
3641,-65.000000000001,-11.8999999999999,95
3642,-61.300000000001,-10.9,100
3643,-45.3000000000008,-6.99999999999997,36
3644,-68.9000000000007,-18.6,0
3645,-57.7000000000009,4.90000000000003,100
3646,-49.2000000000008,-12.7999999999999,0
3647,-73.8000000000005,10.7,NaN
3648,-59.800000000001,-14.7999999999999,0
3649,-49.0000000000008,-1.49999999999997,0
3650,-56.0000000000009,-2.09999999999997,0
3651,-58.4000000000009,-19.4,82
3652,-54.7000000000009,-9.99999999999996,98
3653,-41.8000000000007,-19.3,89
3654,-76.4000000000003,-10.2,0
3655,-44.2000000000007,-3.59999999999998,97
3656,-67.4000000000008,-10.3,0
3657,-57.9000000000009,4.90000000000003,100
3658,-70.6000000000006,9.00000000000001,0
3659,-38.5000000000007,-5.69999999999997,3
3660,-56.2000000000009,-3.29999999999998,100
3661,-68.3000000000008,-1.79999999999997,100
3662,-38.3000000000007,-6.69999999999997,0
3663,-51.4000000000008,-21.8,0
3664,-49.4000000000008,-8.29999999999996,82
3665,-73.2000000000005,8.80000000000001,76
3666,-63.100000000001,6.90000000000002,0
3667,-42.5000000000007,-13.8999999999999,51
3668,-62.400000000001,0.800000000000026,100
3669,-75.0000000000004,5.90000000000002,98
3670,-56.7000000000009,-9.29999999999996,0
3671,-49.0000000000008,-6.99999999999997,95
3672,-55.8000000000009,-23,0
3673,-72.6000000000005,-9.79999999999996,100
3674,-65.5000000000009,5.70000000000002,100
3675,-61.700000000001,-12.3999999999999,100
3676,-58.900000000001,-8.89999999999996,100
3677,-71.2000000000006,-15.6999999999999,0
3678,-51.1000000000008,-12.8999999999999,0
3679,-58.6000000000009,-0.199999999999974,100
3680,-40.1000000000007,-10.8,0
3681,-40.3000000000007,-9.59999999999996,0
3682,-43.3000000000007,-21.7,43
3683,-73.8000000000005,5.60000000000002,0
3684,-63.400000000001,-18.7,96
3685,-70.1000000000007,-10.4,98
3686,-45.7000000000008,-1.39999999999997,0
3687,-59.700000000001,7.90000000000001,96
3688,-74.2000000000004,6.70000000000002,95
3689,-68.8000000000008,3.40000000000003,100
3690,-45.8000000000008,-14.9999999999999,0
3691,-36.3000000000006,-9.69999999999996,0
3692,-47.7000000000008,-9.29999999999996,82
3693,-69.5000000000007,-18,0
3694,-53.1000000000009,-5.89999999999997,97
3695,-72.3000000000006,-8.99999999999996,100
3696,-75.5000000000004,4.60000000000003,96
3697,-58.4000000000009,-17.4,0
3698,-65.9000000000009,-0.399999999999974,100
3699,-43.5000000000007,-19.5,0
3700,-77.1000000000003,-7.99999999999996,90
3701,-45.8000000000008,-3.19999999999998,0
3702,-66.3000000000009,3.40000000000003,100
3703,-40.6000000000007,-5.99999999999997,0
3704,-68.9000000000007,-13.9999999999999,100
3705,-39.3000000000007,-6.29999999999997,74
3706,-46.8000000000008,-13.6999999999999,48
3707,-57.4000000000009,-17.0999999999999,89
3708,-61.600000000001,-3.99999999999998,100
3709,-64.400000000001,-19.9,15
3710,-42.1000000000007,-7.49999999999996,3
3711,-77.6000000000003,-6.49999999999997,29
3712,-35.6000000000006,-6.69999999999997,0
3713,-53.9000000000009,-14.7999999999999,89
3714,-70.1000000000007,9.80000000000001,36
3715,-59.900000000001,-21.3,4
3716,-65.4000000000009,7.00000000000002,98
3717,-53.4000000000009,-3.39999999999998,98
3718,-80.0000000000001,-5.09999999999997,0
3719,-56.1000000000009,-4.89999999999997,95
3720,-73.3000000000005,8.50000000000001,90
3721,-51.1000000000008,-12.2999999999999,93
3722,-59.700000000001,3.30000000000003,0
3723,-57.8000000000009,-8.59999999999996,100
3724,-73.6000000000005,1.80000000000003,100
3725,-57.1000000000009,-0.499999999999974,100
3726,-61.300000000001,1.50000000000003,100
3727,-64.800000000001,7.80000000000001,0
3728,-79.4000000000001,-3.19999999999998,0
3729,-47.2000000000008,-1.29999999999997,82
3730,-45.7000000000008,-2.39999999999998,0
3731,-51.9000000000009,-16.3999999999999,0
3732,-50.0000000000008,-5.19999999999997,96
3733,-73.1000000000005,-15.7999999999999,0
3734,-68.1000000000008,9.60000000000001,60
3735,-43.4000000000007,-14.4999999999999,0
3736,-40.1000000000007,-15.3999999999999,0
3737,-42.6000000000007,-11.5,0
3738,-61.000000000001,-8.49999999999996,100
3739,-56.5000000000009,-20.4,80
3740,-78.7000000000002,-4.79999999999997,95
3741,-65.100000000001,-23,0
3742,-79.7000000000001,-4.99999999999997,0
3743,-59.400000000001,-1.09999999999997,100
3744,-63.500000000001,-21.6,93
3745,-50.9000000000008,-6.29999999999997,74
3746,-51.3000000000008,-8.09999999999996,100
3747,-72.5000000000005,-7.39999999999996,100
3748,-72.4000000000005,-1.79999999999997,100
3749,-59.800000000001,-17.3,98
3750,-58.900000000001,-1.89999999999997,100
3751,-67.0000000000009,-20.5,0
3752,-70.3000000000007,3.40000000000003,100
3753,-56.9000000000009,-20,NaN
3754,-62.100000000001,6.50000000000002,98
3755,-57.0000000000009,-6.89999999999997,100
3756,-80.1000000000001,-4.29999999999998,93
3757,-61.500000000001,-9.39999999999996,100
3758,-66.0000000000009,-21.4,0
3759,-73.5000000000005,-9.09999999999996,100
3760,-61.600000000001,2.70000000000003,0
3761,-63.000000000001,-1.19999999999997,100
3762,-54.7000000000009,-2.99999999999998,100
3763,-55.3000000000009,-5.99999999999997,100
3764,-73.1000000000005,-7.79999999999996,100
3765,-69.7000000000007,-17.7,0
3766,-73.0000000000005,8.10000000000001,95
3767,-59.800000000001,-19.1,52
3768,-76.5000000000003,-7.09999999999997,0
3769,-68.7000000000008,7.70000000000002,0
3770,-62.700000000001,2.40000000000003,100
3771,-70.4000000000007,-0.999999999999974,100
3772,-46.0000000000008,-15.5999999999999,60
3773,-58.5000000000009,1.00000000000003,100
3774,-57.3000000000009,-14.0999999999999,0
3775,-60.200000000001,-20.6,73
3776,-56.0000000000009,-8.69999999999996,100
3777,-67.6000000000008,2.10000000000003,100
3778,-66.6000000000009,-22.2,0
3779,-50.1000000000008,-21.3,0
3780,-50.8000000000008,-8.99999999999996,100
3781,-56.5000000000009,-15.7999999999999,0
3782,-62.600000000001,1.40000000000003,100
3783,-79.4000000000001,-7.39999999999996,0
3784,-73.5000000000005,-2.99999999999998,100
3785,-51.8000000000008,-10.1,97
3786,-62.900000000001,-19.7,0
3787,-53.5000000000009,-8.99999999999996,100
3788,-42.3000000000007,-17.8,96
3789,-68.7000000000008,10.3,NaN
3790,-74.0000000000005,-14.5999999999999,0
3791,-64.500000000001,-10.3,100
3792,-37.5000000000006,-6.19999999999997,0
3793,-69.4000000000007,3.60000000000003,100
3794,-60.300000000001,-12.0999999999999,0
3795,-64.800000000001,-19.3,0
3796,-67.9000000000008,10.4,NaN
3797,-59.900000000001,-10.5,100
3798,-56.2000000000009,-8.69999999999996,97
3799,-70.4000000000007,6.40000000000002,8
3800,-62.200000000001,-8.99999999999996,100
3801,-74.2000000000004,-9.89999999999996,97
3802,-65.6000000000009,8.70000000000001,15
3803,-55.1000000000009,-11.9999999999999,97
3804,-61.900000000001,8.40000000000001,100
3805,-71.0000000000006,-13.6999999999999,0
3806,-77.8000000000002,-7.99999999999996,0
3807,-60.200000000001,-12.1999999999999,100
3808,-64.700000000001,-13.1999999999999,44
3809,-59.200000000001,3.30000000000003,100
3810,-43.1000000000007,-14.0999999999999,36
3811,-59.000000000001,-0.799999999999974,93
3812,-74.3000000000004,-2.49999999999998,100
3813,-69.7000000000007,8.00000000000001,81
3814,-51.6000000000008,-8.29999999999996,100
3815,-76.3000000000003,6.60000000000002,100
3816,-55.8000000000009,-2.19999999999997,0
3817,-71.7000000000006,-1.29999999999997,100
3818,-60.500000000001,-14.4999999999999,37
3819,-67.9000000000008,0.500000000000026,100
3820,-55.8000000000009,-18.7,93
3821,-64.600000000001,-12.8999999999999,8
3822,-63.800000000001,2.40000000000003,98
3823,-75.8000000000004,-1.09999999999997,100
3824,-64.800000000001,1.50000000000003,100
3825,-60.100000000001,-19.4,44
3826,-62.500000000001,-9.69999999999996,97
3827,-57.9000000000009,-1.99999999999997,100
3828,-41.8000000000007,-11.4,0
3829,-74.6000000000004,10.7,NaN
3830,-76.2000000000003,-4.89999999999997,100
3831,-46.9000000000008,-8.29999999999996,0
3832,-54.1000000000009,-11.8999999999999,97
3833,-47.9000000000008,-9.19999999999996,86
3834,-57.6000000000009,-13.1999999999999,100
3835,-50.6000000000008,-21.6,0
3836,-65.4000000000009,6.00000000000002,98
3837,-45.5000000000008,-17.6,0
3838,-73.3000000000005,-3.59999999999998,100
3839,-58.5000000000009,-23.8,0
3840,-39.5000000000007,-15.0999999999999,89
3841,-53.2000000000009,4.40000000000003,100
3842,-53.5000000000009,-1.49999999999997,100
3843,-50.5000000000008,-5.69999999999997,100
3844,-61.300000000001,-14.0999999999999,100
3845,-65.200000000001,-0.699999999999974,100
3846,-50.7000000000008,-19.6,0
3847,-74.9000000000004,-1.29999999999997,100
3848,-63.600000000001,-17.8,98
3849,-39.9000000000007,-11.7999999999999,0
3850,-58.3000000000009,-17.8,82
3851,-51.6000000000008,-5.09999999999997,100
3852,-65.000000000001,2.50000000000003,100
3853,-59.300000000001,-15.1999999999999,0
3854,-45.0000000000008,-3.69999999999998,81
3855,-45.0000000000008,-22.6,0
3856,-62.500000000001,1.00000000000003,100
3857,-76.7000000000003,-9.89999999999996,0
3858,-52.1000000000009,-1.69999999999997,56
3859,-60.200000000001,-17.0999999999999,88
3860,-69.6000000000007,-0.999999999999974,99
3861,-50.1000000000008,-16.7999999999999,43
3862,-66.6000000000009,-8.19999999999996,100
3863,-49.6000000000008,-10.1,0
3864,-40.0000000000007,-17.3,0
3865,-46.7000000000008,-5.59999999999997,0
3866,-66.5000000000009,-20.7,0
3867,-55.7000000000009,-22,0
3868,-68.8000000000008,3.80000000000003,99
3869,-43.9000000000007,-16.3999999999999,51
3870,-62.900000000001,0.400000000000026,3
3871,-60.500000000001,-20.6,48
3872,-74.2000000000004,0.200000000000026,100
3873,-53.9000000000009,5.70000000000002,100
3874,-57.3000000000009,5.30000000000002,100
3875,-60.200000000001,-8.29999999999996,100
3876,-55.7000000000009,-20.1,43
3877,-40.5000000000007,-3.29999999999998,20
3878,-50.3000000000008,-21.4,0
3879,-56.0000000000009,-16.8999999999999,89
3880,-46.2000000000008,-22.1,44
3881,-70.0000000000007,-7.89999999999996,100
3882,-63.400000000001,-4.09999999999998,0
3883,-41.7000000000007,-17.0999999999999,95
3884,-55.5000000000009,-17.5,86
3885,-57.7000000000009,-18.8,17
3886,-67.0000000000009,-2.29999999999997,100
3887,-79.8000000000001,-2.89999999999998,97
3888,-40.8000000000007,-7.29999999999997,0
3889,-69.9000000000007,-7.89999999999996,100
3890,-52.7000000000009,4.00000000000003,100
3891,-50.0000000000008,-9.39999999999996,98
3892,-57.6000000000009,-17.5,89
3893,-72.5000000000005,-12.6999999999999,0
3894,-71.8000000000006,9.20000000000001,97
3895,-65.8000000000009,-17.1999999999999,93
3896,-53.8000000000009,1.10000000000003,97
3897,-80.4000000000001,-0.599999999999974,0
3898,-72.3000000000006,3.80000000000003,0
3899,-42.6000000000007,-8.79999999999996,41
3900,-40.4000000000007,-17.7,97
3901,-65.4000000000009,0.600000000000026,100
3902,-66.4000000000009,8.50000000000001,0
3903,-56.9000000000009,0.800000000000026,100
3904,-60.700000000001,-2.99999999999998,100
3905,-58.7000000000009,-2.69999999999998,100
3906,-45.1000000000008,-21.3,0
3907,-55.4000000000009,-16.2999999999999,46
3908,-50.7000000000008,-20,NaN
3909,-68.3000000000008,-16.1999999999999,0
3910,-71.2000000000006,-13.9999999999999,0
3911,-48.4000000000008,-19.4,0
3912,-76.6000000000003,6.20000000000002,100
3913,-73.2000000000005,-12.2999999999999,96
3914,-67.4000000000008,2.58959520493818e-14,100
3915,-58.8000000000009,-15.4999999999999,0
3916,-62.800000000001,-9.89999999999996,100
3917,-44.1000000000007,-21.1,43
3918,-39.9000000000007,-3.19999999999998,47
3919,-57.5000000000009,4.20000000000003,100
3920,-49.6000000000008,-16.2999999999999,0
3921,-49.4000000000008,-13.4999999999999,0
3922,-76.0000000000003,4.80000000000003,0
3923,-70.3000000000007,-9.99999999999996,98
3924,-65.8000000000009,-5.59999999999997,100
3925,-70.1000000000007,3.40000000000003,98
3926,-70.0000000000007,8.90000000000001,61
3927,-66.4000000000009,6.70000000000002,98
3928,-68.2000000000008,-20.3,0
3929,-52.8000000000009,-23.2,82
3930,-53.7000000000009,-14.0999999999999,0
3931,-67.8000000000008,-15.1999999999999,96
3932,-80.0000000000001,8.70000000000001,59
3933,-67.1000000000008,0.500000000000026,100
3934,-66.1000000000009,-7.59999999999996,100
3935,-62.800000000001,-5.09999999999997,100
3936,-70.5000000000007,6.90000000000002,0
3937,-65.200000000001,-19.9,0
3938,-52.2000000000009,-9.39999999999996,100
3939,-37.5000000000006,-4.79999999999997,15
3940,-41.2000000000007,-5.69999999999997,0
3941,-42.3000000000007,-19.9,48
3942,-47.9000000000008,-14.8999999999999,43
3943,-58.0000000000009,-9.49999999999996,100
3944,-74.0000000000005,3.70000000000003,100
3945,-70.7000000000006,10,NaN
3946,-61.200000000001,-7.09999999999997,100
3947,-74.8000000000004,10.8,NaN
3948,-43.9000000000007,-18.6,0
3949,-46.9000000000008,-1.59999999999997,0
3950,-54.3000000000009,5.80000000000002,43
3951,-66.7000000000009,2.50000000000003,100
3952,-67.5000000000008,10,NaN
3953,-57.6000000000009,-19,0
3954,-68.5000000000008,4.00000000000003,100
3955,-67.1000000000008,-2.49999999999998,98
3956,-67.7000000000008,-11.3,100
3957,-45.5000000000008,-11,0
3958,-44.5000000000007,-9.09999999999996,0
3959,-60.500000000001,-22.7,0
3960,-61.200000000001,-12.1999999999999,0
3961,-46.4000000000008,-23.4,14
3962,-57.0000000000009,-4.89999999999997,100
3963,-72.6000000000005,4.30000000000003,97
3964,-74.0000000000005,-15.9999999999999,0
3965,-72.5000000000005,4.40000000000003,0
3966,-42.0000000000007,-4.69999999999997,9
3967,-61.300000000001,-1.99999999999997,100
3968,-56.5000000000009,-6.19999999999997,100
3969,-64.400000000001,-22.5,100
3970,-50.5000000000008,-19.2,0
3971,-54.4000000000009,-23.8,0
3972,-53.6000000000009,-12.1999999999999,100
3973,-73.8000000000005,-14.6999999999999,0
3974,-43.6000000000007,-20.4,94
3975,-66.7000000000009,-22.6,0
3976,-41.3000000000007,-4.39999999999998,4
3977,-60.500000000001,4.60000000000003,0
3978,-60.600000000001,-1.39999999999997,100
3979,-73.7000000000005,-7.69999999999996,100
3980,-56.1000000000009,-18.3,43
3981,-66.3000000000009,0.400000000000026,0
3982,-40.9000000000007,-8.29999999999996,15
3983,-41.3000000000007,-6.39999999999997,15
3984,-43.0000000000007,-21.3,0
3985,-78.0000000000002,1.00000000000003,97
3986,-65.4000000000009,-23.2,0
3987,-76.0000000000003,-6.09999999999997,100
3988,-72.3000000000006,-11.4,100
3989,-43.8000000000007,-4.19999999999998,97
3990,-66.2000000000009,10.4,NaN
3991,-66.4000000000009,-23.6,0
3992,-37.8000000000007,-6.29999999999997,0
3993,-54.1000000000009,-18.6,0
3994,-65.8000000000009,-5.19999999999997,100
3995,-69.0000000000007,-5.79999999999997,100
3996,-47.6000000000008,-11.7999999999999,82
3997,-46.3000000000008,-15.6999999999999,51
3998,-46.9000000000008,-6.49999999999997,97
3999,-71.5000000000006,-6.89999999999997,100
4000,-69.8000000000007,-7.29999999999997,100
4001,-63.000000000001,4.80000000000003,100
4002,-76.8000000000003,-2.79999999999998,100
4003,-56.7000000000009,-23.9,48
4004,-74.7000000000004,6.70000000000002,95
4005,-58.5000000000009,-19.8,61
4006,-55.5000000000009,-6.89999999999997,0
4007,-60.400000000001,-11.4,100
4008,-75.7000000000004,-11.8999999999999,0
4009,-46.6000000000008,-11,0
4010,-66.4000000000009,1.30000000000003,100
4011,-42.7000000000007,-9.29999999999996,0
4012,-45.0000000000008,-22.9,58
4013,-42.5000000000007,-21,0
4014,-69.2000000000007,1.30000000000003,100
4015,-70.2000000000007,-15.2999999999999,0
4016,-60.900000000001,3.80000000000003,0
4017,-59.900000000001,-14.2999999999999,93
4018,-76.8000000000003,1.10000000000003,95
4019,-77.1000000000003,-10.2,0
4020,-51.6000000000008,-6.69999999999997,0
4021,-62.000000000001,7.90000000000001,97
4022,-54.7000000000009,-5.99999999999997,100
4023,-57.7000000000009,2.60000000000003,100
4024,-60.100000000001,-17.0999999999999,89
4025,-42.5000000000007,-16.0999999999999,0
4026,-64.100000000001,-17.9,98
4027,-49.8000000000008,-7.89999999999996,0
4028,-40.1000000000007,-12.9999999999999,48
4029,-56.7000000000009,-14.1999999999999,98
4030,-68.9000000000007,2.50000000000003,99
4031,-46.7000000000008,-3.59999999999998,99
4032,-76.3000000000003,-7.49999999999996,99
4033,-70.5000000000007,8.00000000000001,0
4034,-44.0000000000007,-17.4,51
4035,-62.600000000001,-16.6999999999999,0
4036,-50.9000000000008,-22.7,0
4037,-68.6000000000008,-22.7,0
4038,-40.7000000000007,-17.0999999999999,0
4039,-57.6000000000009,-8.39999999999996,100
4040,-63.600000000001,-16.5999999999999,0
4041,-43.6000000000007,-4.89999999999997,0
4042,-65.3000000000009,-14.8999999999999,60
4043,-58.1000000000009,-1.39999999999997,100
4044,-71.3000000000006,-1.49999999999997,100
4045,-57.7000000000009,-21.7,0
4046,-59.100000000001,-12.9999999999999,93
4047,-58.3000000000009,-21.8,0
4048,-65.8000000000009,0.800000000000026,100
4049,-38.3000000000007,-5.69999999999997,29
4050,-59.400000000001,6.10000000000002,100
4051,-50.2000000000008,-13.7999999999999,0
4052,-65.200000000001,-8.79999999999996,100
4053,-61.700000000001,-10.3,100
4054,-45.9000000000008,-1.89999999999997,50
4055,-48.8000000000008,-2.99999999999998,0
4056,-46.9000000000008,-19.3,0
4057,-43.0000000000007,-16.1999999999999,0
4058,-68.0000000000008,-11.1,100
4059,-76.7000000000003,-3.59999999999998,98
4060,-37.8000000000007,-7.19999999999997,0
4061,-73.5000000000005,-10.5,98
4062,-54.4000000000009,-22.9,0
4063,-78.9000000000002,-0.599999999999974,96
4064,-50.0000000000008,-3.39999999999998,97
4065,-69.0000000000007,-12.1999999999999,100
4066,-45.0000000000008,-20.6,93
4067,-68.4000000000008,-7.89999999999996,100
4068,-42.7000000000007,-8.99999999999996,0
4069,-65.7000000000009,4.40000000000003,100
4070,-50.4000000000008,-7.59999999999996,0
4071,-74.6000000000004,8.80000000000001,49
4072,-55.2000000000009,-18.9,21
4073,-68.3000000000008,4.70000000000003,0
4074,-49.9000000000008,-20.3,0
4075,-46.1000000000008,-1.59999999999997,96
4076,-78.3000000000002,-5.39999999999997,100
4077,-35.9000000000006,-6.09999999999997,0
4078,-53.3000000000009,-1.19999999999997,100
4079,-63.200000000001,1.10000000000003,100
4080,-71.1000000000006,10.3,NaN
4081,-51.6000000000008,-14.4999999999999,0
4082,-72.1000000000006,-12.7999999999999,0
4083,-64.300000000001,5.40000000000002,100
4084,-46.4000000000008,-9.89999999999996,0
4085,-45.6000000000008,-2.99999999999998,0
4086,-61.300000000001,-5.89999999999997,100
4087,-65.8000000000009,-4.39999999999998,100
4088,-66.1000000000009,-9.89999999999996,100
4089,-51.0000000000008,-21.3,0
4090,-44.9000000000008,-18.9,0
4091,-45.2000000000008,-22.1,0
4092,-64.900000000001,-3.59999999999998,100
4093,-52.0000000000009,-7.49999999999996,100
4094,-62.800000000001,-13.8999999999999,0
4095,-54.2000000000009,-10.1,96
4096,-52.3000000000009,-17.5,0
4097,-72.4000000000005,-4.49999999999998,100
4098,-55.2000000000009,-8.99999999999996,100
4099,-72.7000000000005,5.80000000000002,0
4100,-55.0000000000009,-16.6999999999999,0
4101,-55.3000000000009,-15.9999999999999,0
4102,-78.4000000000002,-7.99999999999996,0
4103,-67.2000000000008,7.60000000000002,0
4104,-73.5000000000005,-13.6999999999999,0
4105,-58.1000000000009,-21.9,93
4106,-57.1000000000009,4.40000000000003,100
4107,-50.5000000000008,-3.39999999999998,100
4108,-53.6000000000009,-18.1,0
4109,-43.3000000000007,-8.29999999999996,17
4110,-61.600000000001,-3.09999999999998,100
4111,-59.600000000001,-21.1,0
4112,-62.000000000001,-3.09999999999998,100
4113,-54.4000000000009,5.40000000000002,56
4114,-71.8000000000006,-10.9,100
4115,-67.7000000000008,-12.2999999999999,100
4116,-58.8000000000009,0.800000000000026,100
4117,-64.200000000001,-10.4,100
4118,-74.0000000000005,-15.0999999999999,0
4119,-47.9000000000008,-15.8999999999999,0
4120,-61.800000000001,-22.1,0
4121,-64.700000000001,4.60000000000003,100
4122,-69.9000000000007,5.10000000000002,0
4123,-58.5000000000009,-6.39999999999997,100
4124,-62.000000000001,-12.6999999999999,0
4125,-60.900000000001,-21.5,20
4126,-60.800000000001,-8.29999999999996,100
4127,-66.6000000000009,6.40000000000002,100
4128,-73.9000000000005,2.10000000000003,0
4129,-66.9000000000009,1.30000000000003,100
4130,-75.8000000000004,8.30000000000001,14
4131,-72.9000000000005,-9.39999999999996,98
4132,-68.8000000000008,0.200000000000026,100
4133,-72.6000000000005,-5.29999999999997,100
4134,-46.2000000000008,-5.99999999999997,0
4135,-73.8000000000005,8.20000000000001,45
4136,-43.8000000000007,-6.69999999999997,0
4137,-48.3000000000008,-16.8999999999999,0
4138,-62.300000000001,-23.4,37
4139,-70.8000000000006,-1.09999999999997,100
4140,-68.9000000000007,-15.5999999999999,0
4141,-49.2000000000008,-6.39999999999997,0
4142,-63.600000000001,-15.8999999999999,44
4143,-67.6000000000008,-19,0
4144,-46.3000000000008,-7.59999999999996,72
4145,-47.0000000000008,-20.6,0
4146,-49.3000000000008,-0.299999999999974,92
4147,-77.0000000000003,-6.29999999999997,76
4148,-54.6000000000009,-8.49999999999996,100
4149,-48.6000000000008,-22.1,89
4150,-68.6000000000008,-14.3999999999999,96
4151,-75.6000000000004,1.20000000000003,0
4152,-57.6000000000009,-4.09999999999998,100
4153,-77.5000000000003,-5.09999999999997,100
4154,-59.800000000001,-1.99999999999997,99
4155,-69.8000000000007,-17.4,0
4156,-54.9000000000009,-4.49999999999998,100
4157,-78.6000000000002,-2.59999999999998,95
4158,-48.0000000000008,-4.59999999999997,100
4159,-70.0000000000007,-13.6999999999999,96
4160,-51.7000000000008,-18,0
4161,-69.3000000000007,6.30000000000002,0
4162,-75.6000000000004,-9.59999999999996,100
4163,-63.300000000001,-19.1,86
4164,-57.9000000000009,6.40000000000002,45
4165,-41.8000000000007,-19.9,0
4166,-54.6000000000009,4.20000000000003,97
4167,-64.200000000001,-0.399999999999974,100
4168,-76.4000000000003,-6.89999999999997,100
4169,-56.3000000000009,-20,NaN
4170,-74.7000000000004,-7.99999999999996,0
4171,-66.8000000000009,-0.499999999999974,99
4172,-57.4000000000009,-6.39999999999997,100
4173,-64.200000000001,-12.9999999999999,0
4174,-43.7000000000007,-9.89999999999996,52
4175,-42.2000000000007,-11.2,0
4176,-61.500000000001,0.400000000000026,100
4177,-42.2000000000007,-5.09999999999997,51
4178,-75.5000000000004,9.50000000000001,18
4179,-70.7000000000006,5.70000000000002,0
4180,-80.9000000000001,-5.49999999999997,0
4181,-40.0000000000007,-17.1999999999999,37
4182,-47.4000000000008,-16.5999999999999,0
4183,-78.5000000000002,-6.39999999999997,0
4184,-79.9000000000001,-1.49999999999997,0
4185,-66.6000000000009,-18.5,0
4186,-50.0000000000008,-0.699999999999974,100
4187,-60.000000000001,-5.89999999999997,100
4188,-42.4000000000007,-7.69999999999996,44
4189,-74.1000000000004,-9.19999999999996,100
4190,-49.2000000000008,-8.09999999999996,0
4191,-54.4000000000009,-0.0999999999999741,97
4192,-49.6000000000008,-11.3,79
4193,-51.0000000000008,-14.9999999999999,82
4194,-62.900000000001,10.5,NaN
4195,-37.2000000000006,-8.19999999999996,0
4196,-45.0000000000008,-11.3,44
4197,-72.8000000000005,5.30000000000002,87
4198,-49.2000000000008,-22.1,0
4199,-67.0000000000009,2.60000000000003,0
4200,-68.3000000000008,-13.9999999999999,100
4201,-49.0000000000008,-12.7999999999999,82
4202,-69.4000000000007,-18.3,0
4203,-70.1000000000007,7.80000000000001,59
4204,-50.2000000000008,-6.39999999999997,97
4205,-67.2000000000008,0.200000000000026,100
4206,-65.000000000001,-18.6,53
4207,-78.5000000000002,1.50000000000003,100
4208,-57.8000000000009,3.30000000000003,100
4209,-60.200000000001,0.100000000000026,100
4210,-78.6000000000002,1.30000000000003,0
4211,-64.700000000001,-16.4999999999999,100
4212,-65.9000000000009,9.30000000000001,26
4213,-73.7000000000005,6.70000000000002,98
4214,-60.300000000001,-0.999999999999974,100
4215,-46.2000000000008,-9.49999999999996,5
4216,-41.7000000000007,-13.0999999999999,21
4217,-52.9000000000009,-20.2,0
4218,-60.100000000001,-20.2,59
4219,-40.1000000000007,-12.8999999999999,38
4220,-65.9000000000009,7.10000000000002,0
4221,-65.3000000000009,1.60000000000003,100
4222,-79.5000000000001,-7.09999999999997,0
4223,-79.9000000000001,-4.69999999999997,0
4224,-70.2000000000007,3.50000000000003,100
4225,-51.7000000000008,-3.29999999999998,51
4226,-50.5000000000008,-14.0999999999999,0
4227,-66.1000000000009,-17.0999999999999,0
4228,-76.3000000000003,-13.1999999999999,0
4229,-70.7000000000006,-13.0999999999999,100
4230,-58.2000000000009,2.58959520493818e-14,100
4231,-44.3000000000007,-16.8999999999999,0
4232,-65.200000000001,-16.6999999999999,97
4233,-69.0000000000007,4.40000000000003,23
4234,-73.1000000000005,-12.6999999999999,60
4235,-46.3000000000008,-11.3,0
4236,-61.600000000001,0.600000000000026,100
4237,-66.1000000000009,-5.29999999999997,100
4238,-66.7000000000009,-21.3,0
4239,-53.5000000000009,3.20000000000003,100
4240,-64.500000000001,5.00000000000002,96
4241,-66.4000000000009,-3.89999999999998,100
4242,-60.800000000001,-4.99999999999997,100
4243,-77.5000000000003,2.80000000000003,100
4244,-50.9000000000008,-1.09999999999997,100
4245,-53.7000000000009,2.00000000000003,100
4246,-51.1000000000008,-8.79999999999996,98
4247,-68.8000000000008,-1.39999999999997,99
4248,-67.2000000000008,-15.9999999999999,15
4249,-49.4000000000008,-18.2,27
4250,-72.9000000000005,8.00000000000001,49
4251,-54.1000000000009,-3.19999999999998,100
4252,-43.5000000000007,-17.9,45
4253,-64.400000000001,-23.5,0
4254,-65.000000000001,-14.1999999999999,100
4255,-76.3000000000003,-0.499999999999974,100
4256,-73.3000000000005,-4.29999999999998,100
4257,-74.3000000000004,5.80000000000002,100
4258,-51.9000000000009,2.10000000000003,100
4259,-47.1000000000008,-1.49999999999997,0
4260,-40.3000000000007,-8.89999999999996,0
4261,-74.5000000000004,-9.19999999999996,100
4262,-71.6000000000006,-11.4,100
4263,-61.600000000001,-23,4
4264,-43.6000000000007,-9.09999999999996,88
4265,-60.800000000001,-24,48
4266,-70.0000000000007,-12.4999999999999,100
4267,-76.5000000000003,4.70000000000003,93
4268,-55.9000000000009,-23,95
4269,-64.100000000001,4.30000000000003,100
4270,-69.8000000000007,9.80000000000001,0
4271,-76.7000000000003,-0.299999999999974,97
4272,-62.100000000001,4.40000000000003,100
4273,-58.7000000000009,-6.99999999999997,100
4274,-53.0000000000009,-23.5,51
4275,-41.8000000000007,-4.19999999999998,14
4276,-35.1000000000006,-8.09999999999996,0
4277,-65.100000000001,-19.5,0
4278,-52.0000000000009,-10.7,44
4279,-63.400000000001,-16.9999999999999,0
4280,-57.0000000000009,-13.8999999999999,0
4281,-48.6000000000008,-5.59999999999997,28
4282,-74.4000000000004,-10.6,100
4283,-60.900000000001,-5.39999999999997,100
4284,-49.5000000000008,-7.89999999999996,98
4285,-64.900000000001,-21.4,0
4286,-73.0000000000005,-0.0999999999999741,100
4287,-53.1000000000009,-23.2,0
4288,-74.5000000000004,-10.8,100
4289,-51.8000000000008,-11.7999999999999,100
4290,-53.9000000000009,-5.39999999999997,100
4291,-35.5000000000006,-7.19999999999997,0
4292,-48.1000000000008,-15.8999999999999,0
4293,-66.5000000000009,-0.899999999999974,100
4294,-74.4000000000004,-11.8999999999999,90
4295,-54.3000000000009,-10.3,0
4296,-75.0000000000004,6.50000000000002,95
4297,-60.700000000001,2.40000000000003,98
4298,-63.100000000001,-21.8,0
4299,-67.9000000000008,8.70000000000001,52
4300,-54.1000000000009,-4.79999999999997,100
4301,-58.7000000000009,2.58959520493818e-14,100
4302,-61.000000000001,-16.6999999999999,86
4303,-76.5000000000003,7.90000000000001,93
4304,-44.9000000000008,-7.79999999999996,0
4305,-68.1000000000008,-11.5999999999999,100
4306,-54.4000000000009,-21.7,0
4307,-76.6000000000003,5.60000000000002,97
4308,-66.6000000000009,3.90000000000003,100
4309,-78.5000000000002,-7.19999999999997,0
4310,-74.0000000000005,5.40000000000002,0
4311,-70.0000000000007,5.20000000000002,0
4312,-44.2000000000007,-3.79999999999998,63
4313,-54.5000000000009,-5.09999999999997,100
4314,-65.3000000000009,-2.29999999999997,100
4315,-40.5000000000007,-2.89999999999998,26
4316,-75.9000000000003,2.40000000000003,0
4317,-60.700000000001,-20.2,4
4318,-50.0000000000008,-15.4999999999999,0
4319,-52.9000000000009,1.50000000000003,100
4320,-57.8000000000009,-19.8,0
4321,-73.9000000000005,-0.599999999999974,100
4322,-59.500000000001,-0.399999999999974,100
4323,-46.1000000000008,-6.19999999999997,79
4324,-39.0000000000007,-5.79999999999997,0
4325,-37.3000000000006,-10.6,78
4326,-68.8000000000008,-1.19999999999997,100
4327,-63.600000000001,-23.6,45
4328,-55.1000000000009,-1.69999999999997,100
4329,-44.4000000000007,-11.6999999999999,0
4330,-71.3000000000006,2.90000000000003,0
4331,-45.7000000000008,-23.5,93
4332,-54.6000000000009,-17.8,0
4333,-53.3000000000009,-16.9999999999999,0
4334,-64.500000000001,-3.59999999999998,100
4335,-49.1000000000008,-7.59999999999996,45
4336,-56.8000000000009,3.90000000000003,100
4337,-48.8000000000008,-16.4999999999999,0
4338,-75.0000000000004,7.30000000000002,98
4339,-78.0000000000002,9.00000000000001,97
4340,-79.5000000000001,-3.89999999999998,59
4341,-50.0000000000008,-23.6,0
4342,-74.5000000000004,7.30000000000002,97
4343,-66.3000000000009,-6.69999999999997,100
4344,-63.900000000001,-10.3,95
4345,-40.7000000000007,-18.6,0
4346,-41.2000000000007,-3.39999999999998,44
4347,-69.9000000000007,-2.09999999999997,100
4348,-65.200000000001,-11.5,100
4349,-70.8000000000006,4.40000000000003,0
4350,-71.3000000000006,2.50000000000003,100
4351,-57.0000000000009,0.200000000000026,100
4352,-43.3000000000007,-4.69999999999997,87
4353,-72.1000000000006,-2.99999999999998,100
4354,-48.1000000000008,-16.0999999999999,0
4355,-52.6000000000009,-22,0
4356,-64.700000000001,3.40000000000003,100
4357,-68.6000000000008,5.50000000000002,0
4358,-50.9000000000008,-14.3999999999999,0
4359,-66.6000000000009,7.70000000000002,0
4360,-64.900000000001,-4.39999999999998,100
4361,-42.9000000000007,-13.7999999999999,0
4362,-63.000000000001,-9.99999999999996,0
4363,-61.200000000001,3.00000000000003,0
4364,-76.2000000000003,-6.39999999999997,99
4365,-67.1000000000008,-3.19999999999998,100
4366,-73.3000000000005,-2.49999999999998,100
4367,-78.5000000000002,2.40000000000003,97
4368,-73.0000000000005,6.90000000000002,43
4369,-67.4000000000008,-9.99999999999996,98
4370,-69.5000000000007,-10.8,100
4371,-56.0000000000009,-9.79999999999996,97
4372,-64.900000000001,0.500000000000026,96
4373,-52.4000000000009,-13.1999999999999,0
4374,-71.5000000000006,0.100000000000026,100
4375,-49.8000000000008,0.100000000000026,100
4376,-78.8000000000002,-1.89999999999997,45
4377,-57.9000000000009,-17.8,93
4378,-67.4000000000008,-8.39999999999996,100
4379,-72.1000000000006,-14.0999999999999,0
4380,-78.7000000000002,-5.39999999999997,0
4381,-49.1000000000008,-5.29999999999997,56
4382,-53.4000000000009,-7.99999999999996,100
4383,-51.5000000000008,-21.2,0
4384,-41.5000000000007,-5.59999999999997,47
4385,-67.1000000000008,1.50000000000003,100
4386,-68.2000000000008,-7.39999999999996,100
4387,-46.3000000000008,-1.89999999999997,0
4388,-63.800000000001,-4.09999999999998,100
4389,-61.800000000001,-9.59999999999996,100
4390,-53.0000000000009,-9.69999999999996,97
4391,-72.4000000000005,1.90000000000003,100
4392,-63.700000000001,-9.39999999999996,100
4393,-69.4000000000007,5.60000000000002,0
4394,-71.6000000000006,4.30000000000003,0
4395,-43.9000000000007,-20.3,86
4396,-58.6000000000009,-23.3,98
4397,-67.1000000000008,0.600000000000026,100
4398,-73.5000000000005,-6.99999999999997,100
4399,-54.1000000000009,2.50000000000003,100
4400,-42.5000000000007,-14.6999999999999,57
4401,-76.5000000000003,1.80000000000003,100
4402,-53.7000000000009,-18.3,0
4403,-47.1000000000008,-11.4,0
4404,-52.5000000000009,-3.39999999999998,60
4405,-42.1000000000007,-18.3,0
4406,-43.5000000000007,-19.8,95
4407,-71.6000000000006,-5.29999999999997,100
4408,-53.7000000000009,-18.6,63
4409,-58.1000000000009,-8.49999999999996,100
4410,-65.200000000001,-8.49999999999996,100
4411,-60.900000000001,3.90000000000003,0
4412,-48.8000000000008,-18.1,0
4413,-69.9000000000007,-16.0999999999999,0
4414,-42.6000000000007,-4.09999999999998,91
4415,-56.2000000000009,2.40000000000003,100
4416,-58.5000000000009,2.10000000000003,100
4417,-62.900000000001,-19.4,55
4418,-57.7000000000009,-6.79999999999997,100
4419,-67.2000000000008,-23.2,0
4420,-47.0000000000008,-11.4,59
4421,-39.9000000000007,-5.29999999999997,44
4422,-67.0000000000009,4.60000000000003,96
4423,-51.9000000000009,-13.6999999999999,48
4424,-68.7000000000008,-12.7999999999999,100
4425,-73.2000000000005,-1.29999999999997,100
4426,-58.5000000000009,-17.8,62
4427,-73.1000000000005,-3.59999999999998,100
4428,-60.100000000001,-20.7,73
4429,-59.700000000001,-8.79999999999996,100
4430,-68.5000000000008,-19,0
4431,-58.2000000000009,-13.9999999999999,0
4432,-69.4000000000007,3.80000000000003,100
4433,-68.0000000000008,-6.79999999999997,100
4434,-58.900000000001,-12.9999999999999,96
4435,-62.700000000001,-18.1,0
4436,-48.2000000000008,-10.2,25
4437,-77.3000000000003,-0.299999999999974,100
4438,-70.7000000000006,-4.59999999999997,100
4439,-78.4000000000002,-1.99999999999997,47
4440,-59.000000000001,-7.79999999999996,100
4441,-76.4000000000003,1.60000000000003,99
4442,-66.3000000000009,-17.7,0
4443,-62.400000000001,-2.99999999999998,100
4444,-46.8000000000008,-15.5999999999999,0
4445,-54.5000000000009,-22.7,96
4446,-69.5000000000007,1.20000000000003,99
4447,-61.400000000001,9.20000000000001,100
4448,-55.6000000000009,3.30000000000003,100
4449,-70.3000000000007,-4.59999999999997,100
4450,-41.5000000000007,-18.2,93
4451,-44.6000000000007,-22.7,100
4452,-73.8000000000005,-9.29999999999996,100
4453,-43.6000000000007,-8.09999999999996,49
4454,-63.800000000001,3.50000000000003,98
4455,-39.1000000000007,-14.4999999999999,98
4456,-78.0000000000002,-0.799999999999974,96
4457,-57.3000000000009,3.00000000000003,98
4458,-44.8000000000008,-17.3,0
4459,-56.0000000000009,3.00000000000003,100
4460,-56.7000000000009,2.10000000000003,100
4461,-69.9000000000007,-15.3999999999999,0
4462,-59.400000000001,-22.6,0
4463,-62.000000000001,9.70000000000001,100
4464,-58.2000000000009,-0.599999999999974,100
4465,-60.200000000001,-7.59999999999996,100
4466,-52.4000000000009,-5.29999999999997,98
4467,-57.0000000000009,2.90000000000003,100
4468,-58.6000000000009,-10.8,100
4469,-66.6000000000009,-3.89999999999998,100
4470,-58.4000000000009,-2.99999999999998,100
4471,-76.7000000000003,6.20000000000002,100
4472,-72.5000000000005,-9.49999999999996,100
4473,-59.500000000001,5.30000000000002,100
4474,-47.3000000000008,-20.9,0
4475,-71.8000000000006,-14.1999999999999,0
4476,-63.100000000001,-2.39999999999998,100
4477,-70.3000000000007,7.20000000000002,43
4478,-54.1000000000009,-21.7,0
4479,-68.9000000000007,-10.8,100
4480,-75.1000000000004,-12.1999999999999,0
4481,-74.7000000000004,0.300000000000026,100
4482,-41.0000000000007,-17.6,30
4483,-41.3000000000007,-18.4,63
4484,-46.4000000000008,-14.9999999999999,0
4485,-51.8000000000008,0.100000000000026,100
4486,-73.7000000000005,-7.89999999999996,100
4487,-45.2000000000008,-5.69999999999997,43
4488,-63.100000000001,-20.4,51
4489,-49.1000000000008,-21.2,0
4490,-74.8000000000004,5.30000000000002,97
4491,-67.5000000000008,2.90000000000003,100
4492,-66.1000000000009,0.900000000000026,100
4493,-68.7000000000008,2.60000000000003,100
4494,-51.7000000000008,-22,0
4495,-60.600000000001,-14.3999999999999,86
4496,-68.0000000000008,-5.29999999999997,100
4497,-62.100000000001,-16.0999999999999,100
4498,-54.2000000000009,-22.2,0
4499,-64.900000000001,2.00000000000003,100
4500,-54.7000000000009,5.80000000000002,100
4501,-63.800000000001,-13.9999999999999,52
4502,-80.0000000000001,0.600000000000026,0
4503,-43.3000000000007,-18.8,0
4504,-36.5000000000006,-10.1,21
4505,-47.1000000000008,-19.6,40
4506,-47.4000000000008,-8.09999999999996,82
4507,-60.400000000001,-7.29999999999997,100
4508,-55.7000000000009,-5.19999999999997,100
4509,-73.6000000000005,-11.2,96
4510,-53.7000000000009,-13.8999999999999,25
4511,-51.0000000000008,-20,NaN
4512,-61.400000000001,6.20000000000002,100
4513,-46.0000000000008,-2.09999999999997,15
4514,-72.3000000000006,-14.8999999999999,0
4515,-51.9000000000009,-4.69999999999997,100
4516,-70.8000000000006,-1.79999999999997,100
4517,-54.4000000000009,-8.59999999999996,100
4518,-42.2000000000007,-9.49999999999996,0
4519,-75.6000000000004,2.40000000000003,0
4520,-45.4000000000008,-23.2,94
4521,-74.9000000000004,10.2,NaN
4522,-60.900000000001,-19,97
4523,-65.7000000000009,-1.49999999999997,100
4524,-69.5000000000007,7.30000000000002,0
4525,-51.4000000000008,4.10000000000003,0
4526,-59.100000000001,-23.2,72
4527,-67.7000000000008,-3.69999999999998,100
4528,-74.8000000000004,-0.199999999999974,97
4529,-60.300000000001,-6.29999999999997,100
4530,-66.1000000000009,-20.7,0
4531,-51.9000000000009,-13.7999999999999,0
4532,-75.3000000000004,-7.29999999999997,100
4533,-38.8000000000007,-5.19999999999997,0
4534,-54.7000000000009,-13.0999999999999,87
4535,-51.9000000000009,-19.7,0
4536,-63.500000000001,-19.4,52
4537,-69.0000000000007,8.50000000000001,0
4538,-70.8000000000006,10.2,NaN
4539,-66.8000000000009,0.100000000000026,100
4540,-64.300000000001,-5.79999999999997,98
4541,-66.3000000000009,8.10000000000001,0
4542,-68.8000000000008,-3.39999999999998,100
4543,-58.1000000000009,6.70000000000002,19
4544,-55.9000000000009,-2.59999999999998,100
4545,-61.900000000001,1.90000000000003,98
4546,-67.4000000000008,-13.7999999999999,100
4547,-56.9000000000009,-10.5,100
4548,-46.1000000000008,-16.7999999999999,0
4549,-46.9000000000008,-20.2,0
4550,-48.9000000000008,-19,24
4551,-50.9000000000008,-22.6,0
4552,-60.100000000001,-8.89999999999996,100
4553,-79.6000000000001,-7.29999999999997,0
4554,-64.400000000001,2.00000000000003,100
4555,-46.6000000000008,-7.29999999999997,0
4556,-78.7000000000002,-2.09999999999997,0
4557,-73.9000000000005,8.40000000000001,95
4558,-70.9000000000006,-13.7999999999999,0
4559,-56.2000000000009,0.500000000000026,97
4560,-61.800000000001,-0.599999999999974,100
4561,-69.7000000000007,8.20000000000001,0
4562,-60.200000000001,1.70000000000003,100
4563,-54.8000000000009,-15.9999999999999,76
4564,-52.5000000000009,-15.7999999999999,95
4565,-49.5000000000008,-18.7,0
4566,-44.7000000000007,-22.9,96
4567,-47.6000000000008,-3.89999999999998,0
4568,-60.300000000001,-13.8999999999999,100
4569,-71.5000000000006,-13.9999999999999,0
4570,-59.600000000001,-7.89999999999996,100
4571,-45.9000000000008,-5.39999999999997,97
4572,-59.500000000001,-20.5,0
4573,-66.9000000000009,-0.199999999999974,100
4574,-58.900000000001,-13.9999999999999,0
4575,-61.300000000001,2.40000000000003,97
4576,-69.7000000000007,-2.69999999999998,100
4577,-40.5000000000007,-19.8,96
4578,-40.8000000000007,-13.3999999999999,60
4579,-48.9000000000008,-11.8999999999999,0
4580,-51.4000000000008,3.90000000000003,2
4581,-50.0000000000008,-18.7,69
4582,-56.4000000000009,-15.1999999999999,79
4583,-72.8000000000005,-6.19999999999997,100
4584,-45.1000000000008,-11.2,0
4585,-68.4000000000008,-17.3,0
4586,-40.8000000000007,-17.7,0
4587,-62.400000000001,0.600000000000026,100
4588,-56.4000000000009,4.00000000000003,100
4589,-55.5000000000009,3.50000000000003,100
4590,-76.4000000000003,-0.299999999999974,97
4591,-77.0000000000003,-4.89999999999997,0
4592,-68.1000000000008,2.60000000000003,100
4593,-75.5000000000004,-5.39999999999997,100
4594,-39.5000000000007,-16.4999999999999,80
4595,-65.9000000000009,4.10000000000003,100
4596,-59.000000000001,-14.3999999999999,0
4597,-80.5000000000001,8.10000000000001,95
4598,-75.5000000000004,-12.6999999999999,0
4599,-52.2000000000009,2.00000000000003,100
4600,-76.6000000000003,-3.59999999999998,100
4601,-39.3000000000007,-15.5999999999999,30
4602,-71.5000000000006,-6.79999999999997,100
4603,-51.8000000000008,-14.3999999999999,0
4604,-57.9000000000009,-14.5999999999999,0
4605,-45.9000000000008,-18.4,0
4606,-49.3000000000008,-0.599999999999974,6
4607,-55.3000000000009,-22.6,0
4608,-57.0000000000009,-21.2,64
4609,-41.0000000000007,-14.6999999999999,0
4610,-58.5000000000009,-13.0999999999999,74
4611,-61.400000000001,4.40000000000003,99
4612,-55.5000000000009,-11.8999999999999,0
4613,-49.9000000000008,-14.9999999999999,14
4614,-72.6000000000005,-12.3999999999999,79
4615,-74.2000000000004,-11.9999999999999,99
4616,-41.4000000000007,-11.5999999999999,0
4617,-49.1000000000008,-3.59999999999998,98
4618,-53.3000000000009,-13.0999999999999,0
4619,-71.3000000000006,-13.3999999999999,0
4620,-75.6000000000004,-0.299999999999974,100
4621,-75.0000000000004,7.00000000000002,100
4622,-50.7000000000008,-13.9999999999999,0
4623,-67.2000000000008,-22.6,0
4624,-55.5000000000009,-23.1,93
4625,-39.2000000000007,-5.59999999999997,0
4626,-57.1000000000009,-4.19999999999998,100
4627,-59.000000000001,5.40000000000002,100
4628,-48.7000000000008,-9.29999999999996,21
4629,-62.500000000001,5.60000000000002,100
4630,-71.3000000000006,-0.199999999999974,100
4631,-79.5000000000001,9.30000000000001,96
4632,-45.3000000000008,-23.8,96
4633,-55.6000000000009,-14.8999999999999,0
4634,-65.100000000001,-0.199999999999974,100
4635,-37.3000000000006,-7.39999999999996,15
4636,-72.0000000000006,-8.89999999999996,100
4637,-72.8000000000005,4.90000000000003,45
4638,-73.2000000000005,-14.7999999999999,0
4639,-42.6000000000007,-8.49999999999996,37
4640,-57.3000000000009,5.90000000000002,99
4641,-66.8000000000009,-10.6,100
4642,-67.8000000000008,9.00000000000001,0
4643,-74.4000000000004,-7.59999999999996,100
4644,-54.0000000000009,-21.2,0
4645,-47.3000000000008,-5.69999999999997,87
4646,-79.5000000000001,2.58959520493818e-14,48
4647,-55.0000000000009,-9.99999999999996,47
4648,-71.7000000000006,-14.0999999999999,75
4649,-58.8000000000009,-5.89999999999997,100
4650,-52.0000000000009,-9.39999999999996,95
4651,-72.1000000000006,-1.69999999999997,100
4652,-61.100000000001,7.80000000000001,100
4653,-75.7000000000004,-1.59999999999997,100
4654,-73.5000000000005,-7.89999999999996,100
4655,-55.6000000000009,-9.29999999999996,100
4656,-61.600000000001,-9.09999999999996,100
4657,-61.200000000001,-3.49999999999998,100
4658,-65.6000000000009,-18.9,0
4659,-72.5000000000005,-1.89999999999997,100
4660,-54.1000000000009,-7.19999999999997,100
4661,-79.2000000000002,-0.399999999999974,30
4662,-71.7000000000006,-1.09999999999997,100
4663,-71.9000000000006,-16.1999999999999,0
4664,-44.4000000000007,-11.9999999999999,0
4665,-53.8000000000009,-1.69999999999997,23
4666,-72.1000000000006,-8.79999999999996,100
4667,-66.8000000000009,-20.5,0
4668,-54.5000000000009,-20,NaN
4669,-62.600000000001,9.30000000000001,43
4670,-78.1000000000002,1.80000000000003,96
4671,-66.2000000000009,-10.4,100
4672,-51.0000000000008,-7.99999999999996,98
4673,-63.800000000001,6.60000000000002,100
4674,-52.5000000000009,0.100000000000026,100
4675,-63.400000000001,-0.699999999999974,100
4676,-54.7000000000009,-12.6999999999999,100
4677,-45.4000000000008,-3.79999999999998,0
4678,-51.3000000000008,-20.5,0
4679,-62.300000000001,7.40000000000002,0
4680,-63.100000000001,-23.2,51
4681,-80.3000000000001,-0.899999999999974,0
4682,-47.7000000000008,-13.3999999999999,0
4683,-63.300000000001,-1.99999999999997,100
4684,-53.7000000000009,-9.59999999999996,97
4685,-65.5000000000009,6.90000000000002,100
4686,-51.1000000000008,-12.3999999999999,60
4687,-37.2000000000006,-5.19999999999997,0
4688,-59.700000000001,5.30000000000002,100
4689,-57.1000000000009,1.70000000000003,100
4690,-72.9000000000005,9.80000000000001,98
4691,-54.8000000000009,-11.2,100
4692,-61.700000000001,-23.3,45
4693,-52.9000000000009,-17.1999999999999,0
4694,-65.000000000001,9.00000000000001,49
4695,-38.5000000000007,-7.29999999999997,26
4696,-53.2000000000009,4.50000000000003,96
4697,-41.1000000000007,-13.8999999999999,0
4698,-48.9000000000008,-15.4999999999999,0
4699,-40.6000000000007,-16.2999999999999,0
4700,-42.0000000000007,-22.4,0
4701,-57.4000000000009,-6.59999999999997,100
4702,-69.0000000000007,-10.7,100
4703,-42.7000000000007,-17.4,0
4704,-42.9000000000007,-14.0999999999999,0
4705,-55.5000000000009,-2.99999999999998,100
4706,-64.000000000001,-7.29999999999997,100
4707,-74.7000000000004,-9.69999999999996,100
4708,-74.2000000000004,9.40000000000001,0
4709,-42.6000000000007,-22.7,8
4710,-44.4000000000007,-17.9,44
4711,-48.1000000000008,-22.3,0
4712,-79.0000000000002,1.00000000000003,97
4713,-61.600000000001,-6.59999999999997,100
4714,-59.000000000001,0.600000000000026,100
4715,-53.7000000000009,-0.199999999999974,100
4716,-67.1000000000008,-19.8,0
4717,-35.6000000000006,-9.39999999999996,0
4718,-63.600000000001,-9.99999999999996,0
4719,-56.6000000000009,-10.3,0
4720,-69.2000000000007,6.10000000000002,24
4721,-51.8000000000008,-10.6,0
4722,-61.800000000001,-20.6,36
4723,-66.1000000000009,-6.99999999999997,100
4724,-73.1000000000005,9.10000000000001,100
4725,-56.6000000000009,-11.1,0
4726,-62.500000000001,-17.7,0
4727,-77.5000000000003,-6.89999999999997,96
4728,-60.700000000001,5.70000000000002,100
4729,-80.7000000000001,-5.99999999999997,0
4730,-78.8000000000002,1.60000000000003,97
4731,-58.0000000000009,-14.4999999999999,26
4732,-53.7000000000009,3.40000000000003,100
4733,-69.5000000000007,-6.49999999999997,100
4734,-51.6000000000008,-16.8999999999999,0
4735,-69.2000000000007,-1.59999999999997,100
4736,-55.3000000000009,-8.69999999999996,0
4737,-72.7000000000005,-8.49999999999996,100
4738,-60.200000000001,4.40000000000003,0
4739,-70.2000000000007,-3.99999999999998,100
4740,-60.900000000001,-9.39999999999996,100
4741,-61.000000000001,0.200000000000026,100
4742,-60.200000000001,-9.09999999999996,97
4743,-49.7000000000008,-11.1,82
4744,-51.2000000000008,0.100000000000026,92
4745,-57.6000000000009,-4.19999999999998,100
4746,-44.1000000000007,-4.89999999999997,99
4747,-55.8000000000009,-13.4999999999999,0
4748,-74.9000000000004,-12.6999999999999,0
4749,-75.5000000000004,7.90000000000001,0
4750,-37.7000000000006,-6.09999999999997,15
4751,-63.500000000001,3.10000000000003,100
4752,-69.4000000000007,-0.199999999999974,100
4753,-52.2000000000009,-14.4999999999999,51
4754,-59.000000000001,-6.19999999999997,100
4755,-55.6000000000009,-21.6,87
4756,-72.7000000000005,1.80000000000003,100
4757,-57.0000000000009,-11.5999999999999,97
4758,-59.700000000001,-9.49999999999996,100
4759,-44.0000000000007,-5.99999999999997,97
4760,-81.7,9.00000000000001,0
4761,-75.1000000000004,-1.59999999999997,100
4762,-56.0000000000009,-23,97
4763,-62.500000000001,-22.2,0
4764,-65.8000000000009,8.70000000000001,0
4765,-61.300000000001,-10.5,100
4766,-69.2000000000007,-0.999999999999974,100
4767,-67.3000000000008,-14.3999999999999,86
4768,-75.2000000000004,-1.59999999999997,100
4769,-45.7000000000008,-22.4,0
4770,-58.900000000001,-11.6999999999999,100
4771,-73.2000000000005,3.20000000000003,0
4772,-61.200000000001,-11.2,98
4773,-61.600000000001,-11,0
4774,-63.400000000001,0.400000000000026,100
4775,-64.400000000001,-18.3,47
4776,-62.800000000001,-10.8,97
4777,-52.2000000000009,-15.0999999999999,0
4778,-39.9000000000007,-9.89999999999996,0
4779,-80.8000000000001,8.90000000000001,100
4780,-69.0000000000007,-14.3999999999999,95
4781,-61.500000000001,-2.19999999999997,100
4782,-56.9000000000009,-8.69999999999996,100
4783,-68.1000000000008,-4.69999999999997,100
4784,-66.5000000000009,1.30000000000003,100
4785,-73.9000000000005,0.300000000000026,100
4786,-51.6000000000008,-10.1,0
4787,-62.100000000001,-17.3,0
4788,-57.6000000000009,-5.79999999999997,100
4789,-59.400000000001,2.70000000000003,0
4790,-54.5000000000009,-1.59999999999997,37
4791,-60.500000000001,-4.29999999999998,55
4792,-72.7000000000005,-10.2,100
4793,-65.000000000001,6.60000000000002,99
4794,-70.4000000000007,-5.19999999999997,100
4795,-77.7000000000002,-5.29999999999997,95
4796,-69.7000000000007,6.40000000000002,0
4797,-69.1000000000007,3.30000000000003,100
4798,-71.3000000000006,7.70000000000002,0
4799,-49.2000000000008,-17.0999999999999,51
4800,-57.7000000000009,-9.99999999999996,97
4801,-53.9000000000009,-11.4,100
4802,-60.100000000001,4.50000000000003,0
4803,-65.000000000001,-11.9999999999999,100
4804,-61.400000000001,-12.1999999999999,0
4805,-66.4000000000009,10.2,NaN
4806,-56.3000000000009,-9.79999999999996,0
4807,-44.4000000000007,-5.09999999999997,0
4808,-56.3000000000009,-4.49999999999998,100
4809,-56.9000000000009,5.60000000000002,99
4810,-53.0000000000009,-12.1999999999999,100
4811,-58.3000000000009,2.80000000000003,100
4812,-46.4000000000008,-22,0
4813,-56.1000000000009,-10.2,0
4814,-68.6000000000008,-1.39999999999997,100
4815,-73.9000000000005,-13.5999999999999,0
4816,-44.7000000000007,-10.5,55
4817,-77.7000000000002,-7.59999999999996,0
4818,-65.7000000000009,-5.09999999999997,100
4819,-59.000000000001,6.60000000000002,98
4820,-62.100000000001,-7.19999999999997,100
4821,-60.400000000001,-7.19999999999997,100
4822,-62.500000000001,-12.2999999999999,100
4823,-53.2000000000009,-20.2,44
4824,-55.2000000000009,-4.89999999999997,100
4825,-40.8000000000007,-10.8,0
4826,-39.8000000000007,-15.6999999999999,0
4827,-62.500000000001,-6.99999999999997,97
4828,-75.4000000000004,-0.299999999999974,100
4829,-46.6000000000008,-11.4,0
4830,-70.3000000000007,-3.49999999999998,100
4831,-42.5000000000007,-13.6999999999999,0
4832,-44.5000000000007,-4.69999999999997,97
4833,-64.600000000001,-17.4,100
4834,-77.7000000000002,1.30000000000003,97
4835,-55.8000000000009,0.200000000000026,100
4836,-50.7000000000008,-13.0999999999999,44
4837,-42.9000000000007,-18.5,94
4838,-59.300000000001,-4.39999999999998,100
4839,-55.8000000000009,-6.69999999999997,100
4840,-69.8000000000007,-2.79999999999998,100
4841,-61.100000000001,-1.49999999999997,100
4842,-56.8000000000009,-5.09999999999997,100
4843,-66.0000000000009,-22.1,0
4844,-58.4000000000009,-20,NaN
4845,-72.3000000000006,1.20000000000003,100
4846,-75.3000000000004,-9.19999999999996,100
4847,-58.2000000000009,-2.49999999999998,100
4848,-65.5000000000009,-15.3999999999999,0
4849,-70.1000000000007,0.200000000000026,100
4850,-75.7000000000004,-7.89999999999996,100
4851,-61.900000000001,-17.5,0
4852,-53.3000000000009,-18.3,76
4853,-69.0000000000007,10.4,NaN
4854,-71.0000000000006,0.600000000000026,100
4855,-76.5000000000003,3.50000000000003,0
4856,-63.200000000001,-18.9,79
4857,-69.6000000000007,-5.79999999999997,98
4858,-40.3000000000007,-3.99999999999998,0
4859,-52.5000000000009,-2.79999999999998,0
4860,-70.1000000000007,-18.1,0
4861,-57.3000000000009,2.00000000000003,100
4862,-66.4000000000009,3.80000000000003,100
4863,-74.1000000000004,-13.6999999999999,0
4864,-36.3000000000006,-9.49999999999996,0
4865,-75.6000000000004,1.90000000000003,98
4866,-56.9000000000009,-16.4999999999999,0
4867,-51.3000000000008,-7.69999999999996,98
4868,-79.2000000000002,0.600000000000026,93
4869,-69.0000000000007,-15.2999999999999,0
4870,-41.8000000000007,-20.5,95
4871,-55.2000000000009,-22,82
4872,-67.3000000000008,9.10000000000001,0
4873,-58.8000000000009,-22.1,93
4874,-68.9000000000007,-12.0999999999999,100
4875,-76.3000000000003,-3.99999999999998,100
4876,-70.9000000000006,7.00000000000002,0
4877,-64.600000000001,-9.69999999999996,0
4878,-44.7000000000007,-13.7999999999999,0
4879,-70.4000000000007,-16.2999999999999,0
4880,-76.2000000000003,-3.89999999999998,100
4881,-65.3000000000009,4.40000000000003,100
4882,-48.7000000000008,-8.59999999999996,0
4883,-41.1000000000007,-17.1999999999999,88
4884,-70.5000000000007,7.90000000000001,0
4885,-53.5000000000009,-21.1,86
4886,-41.3000000000007,-14.4999999999999,0
4887,-42.0000000000007,-11.3,0
4888,-75.0000000000004,-9.89999999999996,98
4889,-75.5000000000004,8.00000000000001,0
4890,-62.100000000001,-14.1999999999999,97
4891,-55.3000000000009,-22.2,55
4892,-73.8000000000005,0.500000000000026,100
4893,-77.9000000000002,8.90000000000001,97
4894,-71.2000000000006,3.80000000000003,0
4895,-48.6000000000008,-8.29999999999996,17
4896,-71.5000000000006,0.300000000000026,100
4897,-66.5000000000009,-17.1999999999999,0
4898,-64.400000000001,-19.1,44
4899,-55.4000000000009,-22.6,0
4900,-63.400000000001,-3.79999999999998,100
4901,-58.0000000000009,1.60000000000003,100
4902,-70.8000000000006,-13.4999999999999,0
4903,-65.100000000001,3.00000000000003,100
4904,-64.500000000001,1.90000000000003,100
4905,-60.800000000001,0.800000000000026,100
4906,-49.5000000000008,-8.89999999999996,0
4907,-75.0000000000004,-5.19999999999997,100
4908,-70.4000000000007,-6.99999999999997,100
4909,-52.0000000000009,-4.99999999999997,100
4910,-46.9000000000008,-13.1999999999999,0
4911,-46.4000000000008,-10.2,0
4912,-43.5000000000007,-14.1999999999999,0
4913,-50.3000000000008,-11.2,0
4914,-46.7000000000008,-2.39999999999998,100
4915,-72.6000000000005,10.1,NaN
4916,-42.2000000000007,-17.7,100
4917,-63.600000000001,-22.9,0
4918,-72.1000000000006,-3.89999999999998,100
4919,-37.5000000000006,-6.49999999999997,0
4920,-59.400000000001,2.90000000000003,0
4921,-71.0000000000006,1.70000000000003,100
4922,-67.5000000000008,-3.39999999999998,100
4923,-53.1000000000009,-13.9999999999999,0
4924,-39.4000000000007,-4.69999999999997,43
4925,-37.1000000000006,-10.5,0
4926,-70.2000000000007,-5.09999999999997,100
4927,-73.2000000000005,-9.59999999999996,100
4928,-77.3000000000003,3.50000000000003,0
4929,-38.7000000000007,-10.1,0
4930,-71.1000000000006,2.40000000000003,100
4931,-78.0000000000002,2.58959520493818e-14,0
4932,-55.5000000000009,-7.69999999999996,100
4933,-61.500000000001,-23.7,47
4934,-35.8000000000006,-5.59999999999997,0
4935,-76.1000000000003,-4.59999999999997,100
4936,-66.3000000000009,-21.9,0
4937,-64.000000000001,-6.69999999999997,100
4938,-67.0000000000009,-1.59999999999997,100
4939,-59.100000000001,1.70000000000003,100
4940,-62.600000000001,-6.19999999999997,100
4941,-52.2000000000009,1.60000000000003,100
4942,-54.5000000000009,-10.4,0
4943,-53.6000000000009,-17.5,48
4944,-61.700000000001,-7.49999999999996,100
4945,-62.200000000001,-21.3,37
4946,-61.100000000001,-2.79999999999998,100
4947,-64.900000000001,-3.39999999999998,86
4948,-45.3000000000008,-15.0999999999999,0
4949,-56.1000000000009,-5.69999999999997,100
4950,-48.2000000000008,-6.19999999999997,0
4951,-56.3000000000009,-23.1,0
4952,-72.4000000000005,-11.5,100
4953,-73.8000000000005,1.20000000000003,100
4954,-67.0000000000009,6.90000000000002,98
4955,-66.4000000000009,-23.5,0
4956,-53.2000000000009,-1.09999999999997,100
4957,-52.3000000000009,-0.899999999999974,100
4958,-62.700000000001,-11.9999999999999,97
4959,-52.7000000000009,0.400000000000026,100
4960,-49.6000000000008,-14.7999999999999,78
4961,-42.7000000000007,-14.7999999999999,29
4962,-56.8000000000009,-11,0
4963,-76.7000000000003,-0.899999999999974,100
4964,-74.1000000000004,6.10000000000002,49
4965,-51.7000000000008,3.80000000000003,97
4966,-67.1000000000008,-15.0999999999999,100
4967,-46.0000000000008,-15.9999999999999,0
4968,-49.3000000000008,-11.9999999999999,64
4969,-70.6000000000006,4.10000000000003,43
4970,-46.8000000000008,-13.7999999999999,0
4971,-69.1000000000007,-10.4,97
4972,-40.3000000000007,-13.8999999999999,49
4973,-44.4000000000007,-15.9999999999999,48
4974,-71.7000000000006,2.10000000000003,98
4975,-65.000000000001,6.20000000000002,96
4976,-56.0000000000009,3.60000000000003,100
4977,-62.000000000001,-21.6,0
4978,-74.1000000000004,7.00000000000002,100
4979,-54.5000000000009,-9.89999999999996,0
4980,-68.0000000000008,0.800000000000026,100
4981,-55.7000000000009,-10.8,0
4982,-48.9000000000008,-3.89999999999998,100
4983,-57.4000000000009,-4.39999999999998,100
4984,-75.9000000000003,-5.09999999999997,100
4985,-58.900000000001,2.00000000000003,99
4986,-43.0000000000007,-6.89999999999997,59
4987,-66.2000000000009,-10.7,100
4988,-49.4000000000008,-4.79999999999997,33
4989,-75.4000000000004,-5.09999999999997,100
4990,-59.100000000001,-10.2,100
4991,-43.3000000000007,-9.19999999999996,0
4992,-61.200000000001,-20,NaN
4993,-66.1000000000009,-22.1,0
4994,-61.000000000001,1.80000000000003,100
4995,-60.100000000001,7.40000000000002,100
4996,-44.4000000000007,-5.59999999999997,59
4997,-69.2000000000007,-0.699999999999974,100
4998,-55.9000000000009,-1.69999999999997,0
4999,-58.4000000000009,-13.5999999999999,96
5000,-69.2000000000007,-6.89999999999997,100
5001,-71.2000000000006,-11.4,100
5002,-76.7000000000003,-5.19999999999997,100
5003,-60.300000000001,-21.8,0
5004,-55.7000000000009,1.30000000000003,100
5005,-66.5000000000009,-0.799999999999974,100
5006,-71.8000000000006,-6.79999999999997,100
5007,-71.9000000000006,-3.19999999999998,100
5008,-76.8000000000003,5.30000000000002,91
5009,-69.6000000000007,7.20000000000002,0
5010,-58.6000000000009,-2.39999999999998,100
5011,-64.100000000001,5.60000000000002,100
5012,-72.0000000000006,-8.39999999999996,100
5013,-65.3000000000009,-9.49999999999996,100
5014,-57.7000000000009,0.700000000000026,100
5015,-42.6000000000007,-11.2,15
5016,-41.1000000000007,-21.2,0
5017,-75.7000000000004,-5.79999999999997,100
5018,-69.6000000000007,-21.7,0
5019,-68.2000000000008,-0.399999999999974,100
5020,-50.0000000000008,-11.7999999999999,95
5021,-41.9000000000007,-9.49999999999996,25
5022,-81.9,8.30000000000001,0
5023,-62.000000000001,9.20000000000001,0
5024,-62.000000000001,-18.9,37
5025,-73.3000000000005,-8.19999999999996,100
5026,-65.4000000000009,-15.9999999999999,100
5027,-61.700000000001,-20.9,0
5028,-50.3000000000008,-18.6,0
5029,-38.2000000000007,-6.99999999999997,0
5030,-78.4000000000002,9.00000000000001,97
5031,-73.1000000000005,4.20000000000003,0
5032,-56.5000000000009,-16.2999999999999,0
5033,-63.800000000001,8.60000000000001,33
5034,-75.5000000000004,-4.49999999999998,100
5035,-47.4000000000008,-3.29999999999998,97
5036,-39.6000000000007,-14.2999999999999,100
5037,-47.5000000000008,-22.8,0
5038,-66.5000000000009,-18.7,0
5039,-54.4000000000009,-14.8999999999999,0
5040,-56.2000000000009,-12.1999999999999,100
5041,-59.100000000001,2.50000000000003,100
5042,-44.5000000000007,-7.99999999999996,0
5043,-58.2000000000009,-9.39999999999996,0
5044,-64.000000000001,-23.5,72
5045,-60.500000000001,-16.0999999999999,0
5046,-46.9000000000008,-18.6,0
5047,-62.400000000001,-4.59999999999997,100
5048,-63.200000000001,-1.99999999999997,100
5049,-58.0000000000009,1.30000000000003,100
5050,-75.5000000000004,-9.79999999999996,97
5051,-77.4000000000003,-5.19999999999997,96
5052,-67.6000000000008,7.50000000000002,0
5053,-52.1000000000009,-0.799999999999974,99
5054,-51.7000000000008,-6.09999999999997,4
5055,-74.9000000000004,-12.0999999999999,0
5056,-67.3000000000008,-11,100
5057,-70.4000000000007,-2.89999999999998,100
5058,-79.4000000000001,-6.19999999999997,0
5059,-56.1000000000009,-4.29999999999998,0
5060,-54.0000000000009,-9.29999999999996,100
5061,-51.3000000000008,-23.5,0
5062,-48.3000000000008,-11.5999999999999,0
5063,-55.1000000000009,-3.89999999999998,100
5064,-54.7000000000009,1.40000000000003,100
5065,-35.1000000000006,-5.99999999999997,0
5066,-80.5000000000001,-1.09999999999997,0
5067,-46.8000000000008,-17.0999999999999,0
5068,-62.800000000001,6.90000000000002,98
5069,-49.5000000000008,-1.49999999999997,100
5070,-49.2000000000008,-15.7999999999999,7
5071,-47.2000000000008,-19.9,0
5072,-68.2000000000008,6.80000000000002,0
5073,-74.9000000000004,-6.19999999999997,100
5074,-80.4000000000001,-6.09999999999997,0
5075,-44.1000000000007,-3.29999999999998,79
5076,-53.1000000000009,-16.3999999999999,0
5077,-49.5000000000008,-8.29999999999996,0
5078,-72.8000000000005,3.00000000000003,0
5079,-54.2000000000009,-17.7,47
5080,-54.3000000000009,-11.7999999999999,100
5081,-65.200000000001,-9.09999999999996,100
5082,-58.900000000001,-8.99999999999996,97
5083,-65.200000000001,-0.299999999999974,100
5084,-57.1000000000009,-0.699999999999974,100
5085,-54.4000000000009,-9.79999999999996,95
5086,-65.3000000000009,-19.8,0
5087,-65.000000000001,-14.9999999999999,97
5088,-65.9000000000009,1.10000000000003,100
5089,-36.8000000000006,-7.59999999999996,0
5090,-74.0000000000005,11.2,NaN
5091,-55.4000000000009,-5.69999999999997,100
5092,-45.5000000000008,-6.59999999999997,20
5093,-50.6000000000008,-16.9999999999999,0
5094,-70.3000000000007,0.300000000000026,100
5095,-59.100000000001,-15.0999999999999,89
5096,-57.8000000000009,3.80000000000003,100
5097,-59.800000000001,4.80000000000003,97
5098,-39.5000000000007,-17.7,0
5099,-72.5000000000005,2.10000000000003,0
5100,-68.5000000000008,9.70000000000001,28
5101,-55.3000000000009,3.40000000000003,100
5102,-59.700000000001,6.40000000000002,100
5103,-67.0000000000009,-23.1,0
5104,-40.6000000000007,-19.3,57
5105,-64.600000000001,5.80000000000002,100
5106,-70.0000000000007,-14.0999999999999,0
5107,-74.9000000000004,10.1,NaN
5108,-73.6000000000005,-3.29999999999998,100
5109,-68.3000000000008,3.00000000000003,99
5110,-49.1000000000008,-11.9999999999999,0
5111,-55.6000000000009,-3.39999999999998,96
5112,-43.8000000000007,-14.1999999999999,15
5113,-43.4000000000007,-22.6,98
5114,-63.300000000001,-9.09999999999996,0
5115,-60.700000000001,-6.39999999999997,100
5116,-76.3000000000003,-9.79999999999996,0
5117,-47.3000000000008,-18.6,0
5118,-66.8000000000009,-13.3999999999999,0
5119,-61.400000000001,-16.5999999999999,97
5120,-57.8000000000009,-21.8,0
5121,-58.0000000000009,-17.4,51
5122,-67.4000000000008,-20.3,0
5123,-53.6000000000009,1.30000000000003,100
5124,-51.3000000000008,1.80000000000003,100
5125,-41.2000000000007,-15.2999999999999,0
5126,-38.0000000000007,-6.49999999999997,0
5127,-60.100000000001,-0.399999999999974,100
5128,-55.0000000000009,-16.2999999999999,0
5129,-75.1000000000004,2.10000000000003,98
5130,-74.1000000000004,2.30000000000003,100
5131,-63.500000000001,1.00000000000003,100
5132,-67.0000000000009,-19.1,0
5133,-47.8000000000008,-9.59999999999996,9
5134,-60.500000000001,5.20000000000002,96
5135,-57.8000000000009,-14.0999999999999,0
5136,-70.4000000000007,8.00000000000001,0
5137,-52.0000000000009,-17.3,87
5138,-68.8000000000008,-7.79999999999996,100
5139,-54.7000000000009,-14.4999999999999,0
5140,-56.6000000000009,4.10000000000003,99
5141,-59.900000000001,6.10000000000002,100
5142,-52.9000000000009,-7.19999999999997,97
5143,-44.9000000000008,-13.5999999999999,0
5144,-45.9000000000008,-1.79999999999997,52
5145,-54.2000000000009,-5.49999999999997,100
5146,-53.0000000000009,4.30000000000003,100
5147,-53.5000000000009,-10.2,100
5148,-55.5000000000009,-8.99999999999996,100
5149,-66.7000000000009,2.90000000000003,100
5150,-60.700000000001,2.60000000000003,97
5151,-63.200000000001,-2.19999999999997,100
5152,-76.0000000000003,4.60000000000003,0
5153,-38.8000000000007,-8.09999999999996,3
5154,-75.4000000000004,-9.69999999999996,100
5155,-72.1000000000006,-11.3,96
5156,-49.9000000000008,-13.7999999999999,0
5157,-48.6000000000008,-12.5999999999999,0
5158,-69.6000000000007,-18.6,0
5159,-73.3000000000005,-9.29999999999996,100
5160,-75.1000000000004,-15.1999999999999,0
5161,-70.5000000000007,-13.1999999999999,98
5162,-67.0000000000009,-8.79999999999996,93
5163,-78.1000000000002,-2.59999999999998,98
5164,-51.7000000000008,-8.09999999999996,97
5165,-68.4000000000008,-10.5,100
5166,-67.7000000000008,-20,NaN
5167,-68.1000000000008,-19.8,0
5168,-59.400000000001,-12.7999999999999,54
5169,-61.700000000001,-21.7,0
5170,-52.5000000000009,-18.7,0
5171,-43.0000000000007,-15.4999999999999,0
5172,-73.7000000000005,-13.6999999999999,52
5173,-50.7000000000008,-6.99999999999997,96
5174,-77.3000000000003,-7.09999999999997,99
5175,-41.8000000000007,-20.3,0
5176,-60.900000000001,9.20000000000001,0
5177,-71.8000000000006,7.50000000000002,7
5178,-76.6000000000003,6.70000000000002,68
5179,-68.5000000000008,-21,0
5180,-76.5000000000003,-9.39999999999996,79
5181,-50.8000000000008,-13.7999999999999,24
5182,-70.9000000000006,-2.89999999999998,100
5183,-64.200000000001,-13.9999999999999,100
5184,-74.5000000000004,5.60000000000002,60
5185,-50.6000000000008,-21.8,0
5186,-65.9000000000009,-6.79999999999997,100
5187,-45.5000000000008,-2.99999999999998,0
5188,-70.8000000000006,-16.2999999999999,0
5189,-59.400000000001,5.60000000000002,100
5190,-72.1000000000006,-12.1999999999999,95
5191,-70.1000000000007,10.9,NaN
5192,-55.8000000000009,-14.7999999999999,0
5193,-42.7000000000007,-4.19999999999998,99
5194,-52.5000000000009,-18.5,0
5195,-41.6000000000007,-12.0999999999999,0
5196,-57.4000000000009,5.00000000000002,0
5197,-58.4000000000009,-6.89999999999997,100
5198,-50.8000000000008,-1.49999999999997,100
5199,-65.000000000001,7.10000000000002,98
5200,-51.1000000000008,-23.4,0
5201,-67.6000000000008,-6.09999999999997,100
5202,-59.500000000001,-8.49999999999996,100
5203,-45.0000000000008,-11.9999999999999,56
5204,-56.7000000000009,-8.69999999999996,100
5205,-73.9000000000005,7.80000000000001,0
5206,-71.7000000000006,-2.19999999999997,100
5207,-40.5000000000007,-10.1,0
5208,-50.6000000000008,-0.899999999999974,100
5209,-68.4000000000008,7.20000000000002,64
5210,-75.5000000000004,-2.99999999999998,100
5211,-49.0000000000008,-17.4,0
5212,-73.4000000000005,9.90000000000001,17
5213,-49.2000000000008,-6.89999999999997,25
5214,-58.3000000000009,-3.59999999999998,97
5215,-61.200000000001,10.6,NaN
5216,-74.4000000000004,-14.9999999999999,0
5217,-74.3000000000004,-15.3999999999999,0
5218,-61.700000000001,-19.8,33
5219,-47.3000000000008,-7.29999999999997,0
5220,-74.7000000000004,-4.09999999999998,100
5221,-54.6000000000009,-19.3,0
5222,-73.2000000000005,6.40000000000002,5
5223,-54.1000000000009,-13.4999999999999,0
5224,-62.400000000001,-4.69999999999997,100
5225,-60.800000000001,-1.09999999999997,100
5226,-40.2000000000007,-10.1,0
5227,-77.3000000000003,-3.29999999999998,100
5228,-47.9000000000008,-2.39999999999998,100
5229,-64.800000000001,-1.79999999999997,100
5230,-73.2000000000005,-7.99999999999996,100
5231,-55.5000000000009,-7.49999999999996,100
5232,-68.3000000000008,-12.0999999999999,100
5233,-63.800000000001,-6.79999999999997,100
5234,-63.600000000001,-23.9,47
5235,-50.3000000000008,-19.2,0
5236,-53.8000000000009,-3.09999999999998,100
5237,-73.4000000000005,-5.29999999999997,100
5238,-51.9000000000009,-21.3,10
5239,-60.400000000001,-8.49999999999996,100
5240,-52.7000000000009,-6.19999999999997,93
5241,-65.9000000000009,-2.09999999999997,99
5242,-40.9000000000007,-17.6,82
5243,-60.500000000001,-12.3999999999999,0
5244,-51.3000000000008,-8.39999999999996,0
5245,-77.9000000000002,-5.29999999999997,98
5246,-69.2000000000007,9.90000000000001,72
5247,-53.7000000000009,0.300000000000026,96
5248,-63.200000000001,-0.499999999999974,100
5249,-61.500000000001,-12.6999999999999,0
5250,-71.1000000000006,-3.19999999999998,100
5251,-40.7000000000007,-18.9,86
5252,-75.7000000000004,2.00000000000003,96
5253,-44.9000000000008,-2.79999999999998,0
5254,-68.1000000000008,-13.1999999999999,100
5255,-41.1000000000007,-8.59999999999996,0
5256,-45.7000000000008,-15.5999999999999,0
5257,-55.5000000000009,1.70000000000003,97
5258,-57.6000000000009,-23.6,86
5259,-58.8000000000009,-16.3999999999999,0
5260,-69.4000000000007,-18.4,0
5261,-67.2000000000008,-20.4,0
5262,-39.0000000000007,-15.4999999999999,100
5263,-62.200000000001,-15.0999999999999,97
5264,-60.000000000001,-17.1999999999999,63
5265,-47.1000000000008,-22.4,51
5266,-62.500000000001,-0.999999999999974,100
5267,-56.0000000000009,-11.2,96
5268,-40.9000000000007,-20,NaN
5269,-75.2000000000004,-0.999999999999974,100
5270,-64.000000000001,0.800000000000026,100
5271,-58.6000000000009,-14.1999999999999,0
5272,-51.4000000000008,-17.7,0
5273,-67.0000000000009,-2.99999999999998,100
5274,-66.7000000000009,-4.49999999999998,100
5275,-71.2000000000006,-3.99999999999998,100
5276,-72.9000000000005,-15.2999999999999,0
5277,-71.5000000000006,-1.59999999999997,100
5278,-69.4000000000007,-7.89999999999996,100
5279,-69.0000000000007,-9.79999999999996,100
5280,-53.9000000000009,2.20000000000003,98
5281,-60.100000000001,-19.5,62
5282,-39.7000000000007,-14.4999999999999,98
5283,-63.300000000001,-16.6999999999999,0
5284,-65.7000000000009,-14.7999999999999,100
5285,-70.2000000000007,-12.1999999999999,100
5286,-46.4000000000008,-1.09999999999997,97
5287,-76.9000000000003,-0.599999999999974,97
5288,-66.8000000000009,-18.5,0
5289,-39.3000000000007,-11.8999999999999,49
5290,-57.8000000000009,-10.1,100
5291,-44.8000000000008,-17.6,0
5292,-64.100000000001,5.00000000000002,100
5293,-42.3000000000007,-6.29999999999997,8
5294,-63.800000000001,-0.599999999999974,100
5295,-43.1000000000007,-18.5,95
5296,-62.700000000001,-17.7,0
5297,-75.3000000000004,1.60000000000003,25
5298,-53.5000000000009,2.10000000000003,97
5299,-70.7000000000006,-10.1,100
5300,-52.9000000000009,1.20000000000003,98
5301,-57.9000000000009,-7.79999999999996,100
5302,-40.1000000000007,-11.6999999999999,0
5303,-74.8000000000004,2.40000000000003,89
5304,-55.3000000000009,-13.6999999999999,100
5305,-63.400000000001,-3.59999999999998,100
5306,-68.8000000000008,8.50000000000001,0
5307,-64.500000000001,-11.5999999999999,100
5308,-67.2000000000008,-12.4999999999999,100
5309,-66.3000000000009,-3.19999999999998,100
5310,-60.600000000001,-19.7,79
5311,-69.6000000000007,6.20000000000002,0
5312,-41.0000000000007,-21.7,0
5313,-76.1000000000003,-2.59999999999998,100
5314,-65.8000000000009,-5.49999999999997,100
5315,-68.0000000000008,0.500000000000026,95
5316,-63.300000000001,-21.9,64
5317,-65.9000000000009,-11.1,100
5318,-49.4000000000008,-20.1,0
5319,-61.200000000001,-21.8,45
5320,-66.1000000000009,-4.09999999999998,100
5321,-46.3000000000008,-9.99999999999996,0
5322,-61.500000000001,-3.59999999999998,100
5323,-42.4000000000007,-11.6999999999999,15
5324,-53.8000000000009,2.70000000000003,100
5325,-46.8000000000008,-8.29999999999996,40
5326,-58.3000000000009,-0.699999999999974,100
5327,-63.900000000001,-20.8,96
5328,-56.7000000000009,-10.6,100
5329,-63.600000000001,1.10000000000003,100
5330,-67.5000000000008,-12.7999999999999,100
5331,-51.8000000000008,-6.89999999999997,100
5332,-49.2000000000008,-23.2,99
5333,-49.7000000000008,-12.0999999999999,0
5334,-68.3000000000008,-8.49999999999996,100
5335,-50.2000000000008,-2.99999999999998,100
5336,-63.000000000001,-11.5999999999999,100
5337,-63.600000000001,0.600000000000026,100
5338,-52.9000000000009,-1.79999999999997,0
5339,-42.3000000000007,-10.2,0
5340,-53.9000000000009,-23.5,0
5341,-61.600000000001,3.40000000000003,100
5342,-47.6000000000008,-10.4,0
5343,-70.2000000000007,-6.29999999999997,100
5344,-40.7000000000007,-11.1,0
5345,-66.1000000000009,-0.299999999999974,0
5346,-72.3000000000006,6.20000000000002,96
5347,-54.3000000000009,-16.9999999999999,0
5348,-44.8000000000008,-11.2,54
5349,-39.2000000000007,-11.4,48
5350,-46.0000000000008,-20.4,48
5351,-65.7000000000009,10.2,NaN
5352,-77.3000000000003,4.50000000000003,100
5353,-48.0000000000008,-17.1999999999999,0
5354,-66.2000000000009,6.00000000000002,100
5355,-52.9000000000009,-11.5,100
5356,-62.600000000001,-19.4,44
5357,-72.6000000000005,-13.4999999999999,90
5358,-51.5000000000008,-23.1,0
5359,-40.6000000000007,-9.29999999999996,0
5360,-74.1000000000004,-7.09999999999997,100
5361,-41.6000000000007,-14.8999999999999,0
5362,-66.8000000000009,3.00000000000003,100
5363,-41.5000000000007,-6.89999999999997,0
5364,-71.1000000000006,-7.09999999999997,100
5365,-67.5000000000008,-11,97
5366,-42.3000000000007,-10.3,0
5367,-46.3000000000008,-10.4,0
5368,-55.6000000000009,-0.0999999999999741,100
5369,-56.0000000000009,-22.9,0
5370,-65.8000000000009,-9.89999999999996,100
5371,-54.4000000000009,1.00000000000003,100
5372,-60.500000000001,5.90000000000002,100
5373,-69.0000000000007,-18.4,0
5374,-65.9000000000009,-16.1999999999999,100
5375,-71.3000000000006,8.30000000000001,56
5376,-54.8000000000009,-23.2,59
5377,-71.0000000000006,6.50000000000002,0
5378,-47.4000000000008,-9.29999999999996,0
5379,-65.8000000000009,-16.5999999999999,100
5380,-53.3000000000009,1.60000000000003,100
5381,-48.6000000000008,-18.3,0
5382,-39.8000000000007,-17.5,0
5383,-43.2000000000007,-19,94
5384,-47.1000000000008,-7.89999999999996,0
5385,-64.200000000001,8.50000000000001,0
5386,-69.6000000000007,9.50000000000001,43
5387,-62.100000000001,-2.79999999999998,100
5388,-40.4000000000007,-12.0999999999999,47
5389,-61.900000000001,-11.9999999999999,0
5390,-71.5000000000006,-11.9999999999999,100
5391,-65.000000000001,-15.6999999999999,59
5392,-65.4000000000009,-10.2,100
5393,-63.500000000001,7.20000000000002,0
5394,-39.8000000000007,-17.4,0
5395,-56.9000000000009,-21.3,0
5396,-75.3000000000004,6.30000000000002,51
5397,-47.3000000000008,-8.59999999999996,76
5398,-68.1000000000008,-10.2,95
5399,-61.300000000001,-3.69999999999998,100
5400,-73.9000000000005,5.30000000000002,90
5401,-55.6000000000009,-9.89999999999996,100
5402,-58.900000000001,-23.5,0
5403,-72.8000000000005,-11.3,100
5404,-75.3000000000004,-0.0999999999999741,100
5405,-61.100000000001,-7.19999999999997,100
5406,-60.300000000001,-9.19999999999996,100
5407,-52.3000000000009,3.20000000000003,98
5408,-52.8000000000009,-9.19999999999996,100
5409,-71.5000000000006,-15.2999999999999,0
5410,-67.5000000000008,-16.3999999999999,96
5411,-67.8000000000008,-0.799999999999974,96
5412,-51.2000000000008,-19.6,0
5413,-69.3000000000007,-5.99999999999997,100
5414,-59.700000000001,-16.3999999999999,0
5415,-70.0000000000007,-6.19999999999997,96
5416,-55.6000000000009,-19.2,0
5417,-51.6000000000008,-5.89999999999997,30
5418,-43.2000000000007,-5.19999999999997,98
5419,-50.9000000000008,-12.6999999999999,0
5420,-65.9000000000009,-19.8,0
5421,-56.2000000000009,-4.09999999999998,100
5422,-76.1000000000003,-9.99999999999996,0
5423,-74.6000000000004,-14.0999999999999,0
5424,-54.8000000000009,-15.1999999999999,0
5425,-45.2000000000008,-19.4,0
5426,-64.300000000001,-9.49999999999996,100
5427,-71.4000000000006,-17.0999999999999,0
5428,-75.8000000000004,-0.599999999999974,99
5429,-75.7000000000004,-3.09999999999998,100
5430,-45.8000000000008,-12.3999999999999,44
5431,-63.500000000001,8.40000000000001,0
5432,-63.900000000001,-14.0999999999999,97
5433,-59.900000000001,-11.4,100
5434,-50.0000000000008,-17.8,0
5435,-61.500000000001,-15.1999999999999,99
5436,-64.400000000001,1.00000000000003,100
5437,-66.1000000000009,-1.29999999999997,100
5438,-46.0000000000008,-5.89999999999997,81
5439,-36.0000000000006,-9.89999999999996,0
5440,-54.1000000000009,-18.3,0
5441,-62.400000000001,8.90000000000001,0
5442,-57.6000000000009,-14.5999999999999,0
5443,-45.4000000000008,-13.9999999999999,0
5444,-56.0000000000009,-3.99999999999998,95
5445,-55.9000000000009,-1.99999999999997,0
5446,-43.3000000000007,-5.89999999999997,62
5447,-41.1000000000007,-19.8,0
5448,-56.0000000000009,5.80000000000002,100
5449,-54.1000000000009,3.00000000000003,100
5450,-70.0000000000007,-11.9999999999999,100
5451,-70.9000000000006,10.7,NaN
5452,-68.0000000000008,-16.3999999999999,0
5453,-56.3000000000009,-16.4999999999999,60
5454,-36.7000000000006,-7.69999999999996,0
5455,-47.3000000000008,-7.59999999999996,37
5456,-68.1000000000008,1.80000000000003,100
5457,-69.5000000000007,10.8,NaN
5458,-68.7000000000008,-6.89999999999997,100
5459,-58.8000000000009,-1.59999999999997,100
5460,-44.2000000000007,-19,0
5461,-44.1000000000007,-15.8999999999999,0
5462,-72.3000000000006,-1.49999999999997,100
5463,-72.2000000000006,-1.49999999999997,100
5464,-69.3000000000007,9.10000000000001,0
5465,-50.6000000000008,-11,93
5466,-61.000000000001,-20.3,47
5467,-42.1000000000007,-6.79999999999997,0
5468,-74.7000000000004,-7.19999999999997,100
5469,-66.6000000000009,-1.79999999999997,0
5470,-41.0000000000007,-4.99999999999997,0
5471,-61.400000000001,-4.19999999999998,100
5472,-62.400000000001,2.40000000000003,100
5473,-62.600000000001,-11.1,0
5474,-41.7000000000007,-17.8,51
5475,-66.3000000000009,-13.8999999999999,0
5476,-55.0000000000009,-2.59999999999998,0
5477,-65.3000000000009,-14.7999999999999,60
5478,-51.1000000000008,-16.6999999999999,0
5479,-76.5000000000003,1.30000000000003,95
5480,-39.9000000000007,-8.99999999999996,0
5481,-52.6000000000009,-6.39999999999997,97
5482,-66.8000000000009,-13.4999999999999,0
5483,-40.3000000000007,-6.39999999999997,0
5484,-75.1000000000004,7.70000000000002,98
5485,-64.400000000001,-18.7,30
5486,-71.6000000000006,5.30000000000002,48
5487,-66.8000000000009,-22.1,0
5488,-64.800000000001,-16.7999999999999,100
5489,-51.7000000000008,-5.39999999999997,98
5490,-63.200000000001,-2.79999999999998,100
5491,-54.6000000000009,4.00000000000003,100
5492,-41.3000000000007,-17.8,97
5493,-39.9000000000007,-16.1999999999999,97
5494,-61.600000000001,6.50000000000002,100
5495,-50.1000000000008,-14.8999999999999,25
5496,-75.7000000000004,-5.89999999999997,100
5497,-56.9000000000009,-19.3,0
5498,-46.7000000000008,-4.69999999999997,0
5499,-49.0000000000008,-1.19999999999997,0
5500,-37.2000000000006,-9.29999999999996,0
5501,-72.0000000000006,-4.59999999999997,100
5502,-59.900000000001,5.80000000000002,100
5503,-52.3000000000009,-22,0
5504,-68.2000000000008,-20,NaN
5505,-49.9000000000008,-3.09999999999998,100
5506,-52.6000000000009,-7.39999999999996,100
5507,-62.600000000001,-18.7,45
5508,-61.200000000001,5.60000000000002,90
5509,-72.0000000000006,6.30000000000002,93
5510,-42.6000000000007,-20.5,0
5511,-74.8000000000004,-12.4999999999999,0
5512,-45.3000000000008,-20.6,0
5513,-40.4000000000007,-3.39999999999998,41
5514,-51.9000000000009,-9.59999999999996,0
5515,-61.600000000001,-17.8,0
5516,-43.6000000000007,-19.1,0
5517,-63.700000000001,9.40000000000001,71
5518,-70.4000000000007,-14.2999999999999,0
5519,-55.9000000000009,4.50000000000003,97
5520,-49.8000000000008,0.300000000000026,98
5521,-48.8000000000008,-17.4,0
5522,-68.3000000000008,-22,0
5523,-77.1000000000003,-0.499999999999974,98
5524,-62.900000000001,-18,93
5525,-42.3000000000007,-5.49999999999997,0
5526,-53.7000000000009,-1.89999999999997,0
5527,-61.500000000001,-3.49999999999998,100
5528,-59.800000000001,-11.3,100
5529,-35.6000000000006,-8.39999999999996,0
5530,-71.9000000000006,1.20000000000003,100
5531,-55.9000000000009,-13.2999999999999,100
5532,-61.000000000001,7.20000000000002,98
5533,-43.3000000000007,-14.0999999999999,0
5534,-56.8000000000009,1.50000000000003,100
5535,-46.8000000000008,-10.4,0
5536,-39.5000000000007,-8.49999999999996,0
5537,-65.9000000000009,-20.9,0
5538,-39.6000000000007,-18,69
5539,-63.600000000001,-0.199999999999974,100
5540,-46.5000000000008,-19.6,0
5541,-69.8000000000007,-14.4999999999999,0
5542,-58.8000000000009,-20.9,93
5543,-73.0000000000005,-11.4,100
5544,-37.4000000000006,-8.79999999999996,44
5545,-63.100000000001,-6.59999999999997,100
5546,-55.1000000000009,-23.5,82
5547,-64.100000000001,-22.5,96
5548,-66.7000000000009,7.80000000000001,0
5549,-42.2000000000007,-22.1,0
5550,-55.5000000000009,-22.6,0
5551,-69.0000000000007,-15.7999999999999,0
5552,-55.5000000000009,-14.5999999999999,0
5553,-70.5000000000007,-15.4999999999999,0
5554,-63.200000000001,-12.8999999999999,92
5555,-38.5000000000007,-12.3999999999999,88
5556,-79.9000000000001,-6.59999999999997,0
5557,-58.1000000000009,1.70000000000003,100
5558,-44.2000000000007,-20.8,0
5559,-67.9000000000008,-4.49999999999998,100
5560,-49.3000000000008,-21.3,74
5561,-73.0000000000005,2.30000000000003,97
5562,-50.8000000000008,-5.19999999999997,28
5563,-72.1000000000006,-6.79999999999997,100
5564,-77.5000000000003,-4.09999999999998,100
5565,-68.9000000000007,-9.39999999999996,100
5566,-52.2000000000009,-11.6999999999999,100
5567,-45.3000000000008,-16.6999999999999,0
5568,-35.6000000000006,-6.99999999999997,97
5569,-78.5000000000002,-5.19999999999997,97
5570,-54.9000000000009,-23.5,0
5571,-42.2000000000007,-13.5999999999999,0
5572,-69.0000000000007,-24,0
5573,-65.200000000001,-20.7,0
5574,-52.2000000000009,-3.19999999999998,0
5575,-64.800000000001,0.200000000000026,100
5576,-65.6000000000009,-3.69999999999998,100
5577,-51.0000000000008,-11.9999999999999,0
5578,-52.2000000000009,-15.1999999999999,0
5579,-75.7000000000004,-1.79999999999997,100
5580,-67.8000000000008,-22.7,0
5581,-48.5000000000008,-5.99999999999997,15
5582,-78.2000000000002,-0.699999999999974,89
5583,-52.5000000000009,-12.5999999999999,0
5584,-39.1000000000007,-5.49999999999997,0
5585,-56.9000000000009,0.700000000000026,100
5586,-70.4000000000007,-15.0999999999999,0
5587,-51.7000000000008,1.20000000000003,100
5588,-66.4000000000009,-6.79999999999997,100
5589,-41.2000000000007,-10.1,1
5590,-71.3000000000006,-4.09999999999998,100
5591,-59.200000000001,-8.99999999999996,100
5592,-73.5000000000005,-1.99999999999997,100
5593,-58.8000000000009,-18.8,96
5594,-54.8000000000009,-12.2999999999999,0
5595,-73.1000000000005,-1.99999999999997,100
5596,-60.600000000001,-9.89999999999996,100
5597,-38.4000000000007,-10.9,0
5598,-72.7000000000005,1.70000000000003,100
5599,-45.3000000000008,-19.2,0
5600,-57.1000000000009,-17.1999999999999,0
5601,-52.6000000000009,-14.4999999999999,95
5602,-51.5000000000008,-7.49999999999996,100
5603,-62.800000000001,-6.59999999999997,100
5604,-76.1000000000003,6.40000000000002,96
5605,-66.6000000000009,0.300000000000026,100
5606,-77.9000000000002,-8.79999999999996,0
5607,-59.200000000001,-10.7,100
5608,-67.3000000000008,-21.1,0
5609,-63.000000000001,-18,97
5610,-60.900000000001,-20.8,60
5611,-46.7000000000008,-15.2999999999999,0
5612,-74.0000000000005,5.60000000000002,98
5613,-54.2000000000009,-13.5999999999999,93
5614,-71.7000000000006,-9.19999999999996,100
5615,-68.2000000000008,-7.19999999999997,100
5616,-36.3000000000006,-5.99999999999997,28
5617,-72.0000000000006,-3.49999999999998,100
5618,-54.5000000000009,2.80000000000003,99
5619,-70.0000000000007,0.900000000000026,100
5620,-59.800000000001,6.10000000000002,100
5621,-41.0000000000007,-13.2999999999999,21
5622,-35.0000000000006,-6.89999999999997,0
5623,-42.2000000000007,-7.79999999999996,0
5624,-53.7000000000009,-4.69999999999997,100
5625,-52.1000000000009,-18.9,0
5626,-66.2000000000009,1.30000000000003,100
5627,-64.400000000001,-11.2,100
5628,-48.0000000000008,-14.7999999999999,37
5629,-74.3000000000004,8.60000000000001,87
5630,-63.900000000001,-15.9999999999999,100
5631,-51.0000000000008,-1.39999999999997,97
5632,-60.600000000001,-9.49999999999996,0
5633,-72.4000000000005,4.10000000000003,37
5634,-72.1000000000006,-14.9999999999999,0
5635,-66.9000000000009,3.70000000000003,94
5636,-66.2000000000009,-22.8,0
5637,-64.100000000001,-8.49999999999996,100
5638,-64.800000000001,9.70000000000001,82
5639,-60.700000000001,-2.69999999999998,100
5640,-44.5000000000007,-16.3999999999999,0
5641,-77.7000000000002,-5.69999999999997,96
5642,-59.900000000001,-6.49999999999997,100
5643,-61.100000000001,-19.2,61
5644,-64.600000000001,-3.79999999999998,100
5645,-79.7000000000001,-4.59999999999997,44
5646,-42.0000000000007,-16.5999999999999,60
5647,-46.2000000000008,-17.0999999999999,0
5648,-53.3000000000009,-10.8,100
5649,-63.900000000001,-0.599999999999974,100
5650,-76.9000000000003,-7.39999999999996,97
5651,-48.3000000000008,-14.8999999999999,0
5652,-50.5000000000008,-11.1,0
5653,-60.700000000001,-19.4,60
5654,-70.1000000000007,-7.79999999999996,100
5655,-43.5000000000007,-6.19999999999997,72
5656,-73.0000000000005,-15.7999999999999,0
5657,-56.4000000000009,-16.6999999999999,100
5658,-64.200000000001,-8.89999999999996,0
5659,-78.1000000000002,8.20000000000001,100
5660,-59.700000000001,-1.59999999999997,0
5661,-67.8000000000008,1.70000000000003,100
5662,-44.0000000000007,-11,43
5663,-52.2000000000009,-18.5,86
5664,-78.2000000000002,-7.09999999999997,0
5665,-72.2000000000006,5.40000000000002,0
5666,-58.6000000000009,-10.1,51
5667,-58.4000000000009,-4.09999999999998,100
5668,-51.6000000000008,3.90000000000003,57
5669,-69.3000000000007,3.70000000000003,100
5670,-60.500000000001,-20.9,18
5671,-59.500000000001,-5.79999999999997,100
5672,-66.3000000000009,5.50000000000002,0
5673,-46.8000000000008,-19,30
5674,-71.1000000000006,-16.2999999999999,0
5675,-58.3000000000009,-15.8999999999999,0
5676,-73.1000000000005,-8.59999999999996,100
5677,-37.1000000000006,-7.49999999999996,0
5678,-68.8000000000008,-2.09999999999997,100
5679,-58.0000000000009,-12.5999999999999,95
5680,-76.8000000000003,-11.3,0
5681,-74.2000000000004,-7.09999999999997,100
5682,-70.9000000000006,7.80000000000001,0
5683,-59.700000000001,1.50000000000003,100
5684,-60.000000000001,-7.59999999999996,100
5685,-61.500000000001,-7.79999999999996,100
5686,-72.6000000000005,-12.7999999999999,2
5687,-66.8000000000009,-17.1999999999999,0
5688,-77.2000000000003,0.300000000000026,100
5689,-75.7000000000004,-0.399999999999974,100
5690,-77.5000000000003,-9.19999999999996,0
5691,-59.200000000001,-10.8,100
5692,-60.200000000001,-1.39999999999997,0
5693,-58.4000000000009,-7.69999999999996,100
5694,-69.2000000000007,-21.8,0
5695,-52.4000000000009,4.20000000000003,100
5696,-51.7000000000008,-21.9,0
5697,-59.800000000001,-9.99999999999996,100
5698,-48.9000000000008,-3.99999999999998,97
5699,-70.2000000000007,9.90000000000001,95
5700,-63.600000000001,-19.7,86
5701,-73.6000000000005,10,NaN
5702,-54.7000000000009,-18.7,4
5703,-46.6000000000008,-16.6999999999999,0
5704,-72.4000000000005,-11.7999999999999,100
5705,-63.000000000001,3.50000000000003,100
5706,-41.4000000000007,-5.59999999999997,59
5707,-59.300000000001,4.50000000000003,100
5708,-60.500000000001,6.20000000000002,96
5709,-51.5000000000008,-17.8,0
5710,-46.8000000000008,-22.7,6
5711,-74.1000000000004,4.60000000000003,0
5712,-39.5000000000007,-4.09999999999998,0
5713,-66.5000000000009,-19.2,0
5714,-39.9000000000007,-10.8,0
5715,-80.7000000000001,-4.89999999999997,0
5716,-80.0000000000001,0.500000000000026,82
5717,-60.700000000001,0.700000000000026,100
5718,-40.1000000000007,-16.0999999999999,93
5719,-68.8000000000008,-11.5999999999999,98
5720,-49.5000000000008,-22.6,0
5721,-68.3000000000008,7.80000000000001,82
5722,-51.9000000000009,-16.4999999999999,76
5723,-74.8000000000004,-0.899999999999974,100
5724,-54.2000000000009,-11.4,100
5725,-48.2000000000008,-22.7,0
5726,-63.900000000001,2.90000000000003,100
5727,-41.8000000000007,-21.1,0
5728,-59.100000000001,-13.2999999999999,0
5729,-64.500000000001,6.30000000000002,100
5730,-55.0000000000009,-21.6,0
5731,-70.7000000000006,-17.9,0
5732,-71.3000000000006,-7.19999999999997,100
5733,-50.2000000000008,-23.2,0
5734,-54.6000000000009,-18.6,0
5735,-75.2000000000004,-0.799999999999974,100
5736,-55.7000000000009,-7.59999999999996,98
5737,-60.900000000001,5.10000000000002,0
5738,-71.8000000000006,5.40000000000002,76
5739,-76.5000000000003,7.00000000000002,98
5740,-64.500000000001,-18.2,4
5741,-75.6000000000004,-1.79999999999997,100
5742,-58.5000000000009,-14.4999999999999,97
5743,-75.2000000000004,-13.4999999999999,0
5744,-54.7000000000009,-17.0999999999999,0
5745,-74.1000000000004,1.50000000000003,82
5746,-75.3000000000004,4.60000000000003,90
5747,-43.8000000000007,-4.69999999999997,47
5748,-61.700000000001,6.00000000000002,100
5749,-77.9000000000002,-4.59999999999997,100
5750,-57.1000000000009,-19.6,0
5751,-69.2000000000007,-17.5,0
5752,-64.900000000001,-10.6,100
5753,-67.6000000000008,-18.2,0
5754,-72.8000000000005,-10.5,100
5755,-73.2000000000005,10.7,NaN
5756,-75.8000000000004,3.80000000000003,32
5757,-50.5000000000008,1.80000000000003,0
5758,-62.700000000001,-21.3,6
5759,-57.9000000000009,-4.49999999999998,100
5760,-66.5000000000009,-13.0999999999999,0
5761,-39.8000000000007,-18.2,98
5762,-59.300000000001,-20.3,97
5763,-47.3000000000008,-19.3,0
5764,-62.500000000001,7.50000000000002,0
5765,-49.4000000000008,-4.39999999999998,0
5766,-57.5000000000009,-6.89999999999997,100
5767,-54.1000000000009,4.20000000000003,100
5768,-73.6000000000005,-8.69999999999996,100
5769,-67.5000000000008,4.10000000000003,62
5770,-55.0000000000009,-3.99999999999998,98
5771,-52.5000000000009,-18.4,95
5772,-59.800000000001,-8.29999999999996,100
5773,-53.6000000000009,-15.9999999999999,33
5774,-62.500000000001,-24,0
5775,-77.0000000000003,-8.49999999999996,90
5776,-76.6000000000003,1.60000000000003,100
5777,-55.7000000000009,5.60000000000002,100
5778,-47.8000000000008,-7.69999999999996,0
5779,-61.600000000001,-24,73
5780,-63.600000000001,-16.4999999999999,0
5781,-51.0000000000008,-16.6999999999999,0
5782,-64.700000000001,-9.09999999999996,100
5783,-62.000000000001,7.50000000000002,0
5784,-71.9000000000006,-0.0999999999999741,100
5785,-59.400000000001,2.10000000000003,100
5786,-76.6000000000003,-0.499999999999974,98
5787,-55.1000000000009,-21.3,0
5788,-44.1000000000007,-20.4,15
5789,-55.7000000000009,3.00000000000003,98
5790,-73.9000000000005,-12.0999999999999,96
5791,-72.4000000000005,-16.0999999999999,0
5792,-67.7000000000008,-0.199999999999974,95
5793,-44.9000000000008,-21.8,28
5794,-50.3000000000008,-3.89999999999998,98
5795,-58.8000000000009,-3.09999999999998,100
5796,-59.200000000001,-5.79999999999997,100
5797,-59.600000000001,-20.1,52
5798,-37.3000000000006,-5.89999999999997,0
5799,-55.9000000000009,-15.2999999999999,48
5800,-66.8000000000009,-5.29999999999997,99
5801,-77.4000000000003,-7.09999999999997,96
5802,-42.5000000000007,-14.2999999999999,59
5803,-62.400000000001,0.100000000000026,49
5804,-58.3000000000009,-16.3999999999999,0
5805,-53.7000000000009,-23.6,0
5806,-79.4000000000001,-3.79999999999998,55
5807,-49.4000000000008,-22.4,19
5808,-57.0000000000009,-10.6,97
5809,-41.1000000000007,-2.99999999999998,25
5810,-76.4000000000003,-9.79999999999996,89
5811,-66.8000000000009,4.50000000000003,97
5812,-41.8000000000007,-12.1999999999999,51
5813,-51.5000000000008,-10.1,98
5814,-53.6000000000009,4.80000000000003,100
5815,-53.1000000000009,-10.7,0
5816,-74.2000000000004,-9.09999999999996,100
5817,-47.3000000000008,-13.4999999999999,0
5818,-47.7000000000008,-24,100
5819,-76.1000000000003,-3.59999999999998,100
5820,-51.6000000000008,2.40000000000003,100
5821,-74.4000000000004,6.90000000000002,100
5822,-39.8000000000007,-8.19999999999996,30
5823,-51.4000000000008,-1.19999999999997,0
5824,-77.6000000000003,-9.29999999999996,0
5825,-64.300000000001,-6.79999999999997,100
5826,-70.8000000000006,-9.99999999999996,100
5827,-58.1000000000009,-13.7999999999999,17
5828,-56.0000000000009,-18.4,0
5829,-61.300000000001,-16.7999999999999,96
5830,-68.9000000000007,-7.39999999999996,100
5831,-69.6000000000007,9.60000000000001,76
5832,-69.1000000000007,-9.99999999999996,100
5833,-63.600000000001,-10.4,100
5834,-37.0000000000006,-8.79999999999996,0
5835,-75.3000000000004,5.40000000000002,0
5836,-70.7000000000006,-10.8,100
5837,-71.5000000000006,0.500000000000026,100
5838,-75.2000000000004,0.200000000000026,100
5839,-56.5000000000009,1.20000000000003,100
5840,-69.7000000000007,10.7,NaN
5841,-43.7000000000007,-6.59999999999997,79
5842,-72.6000000000005,-5.39999999999997,100
5843,-64.400000000001,-11,100
5844,-64.100000000001,-2.79999999999998,100
5845,-58.2000000000009,-21.6,82
5846,-35.6000000000006,-7.39999999999996,21
5847,-46.0000000000008,-10.9,0
5848,-79.7000000000001,-1.09999999999997,47
5849,-55.3000000000009,-17.3,95
5850,-44.3000000000007,-18.3,0
5851,-56.7000000000009,-6.69999999999997,100
5852,-58.900000000001,-18.2,97
5853,-61.000000000001,-10.2,100
5854,-64.900000000001,3.30000000000003,97
5855,-47.6000000000008,-7.79999999999996,0
5856,-57.5000000000009,-17.5,77
5857,-54.4000000000009,-18.6,0
5858,-43.4000000000007,-8.89999999999996,87
5859,-69.7000000000007,-0.399999999999974,100
5860,-53.4000000000009,-5.89999999999997,98
5861,-70.7000000000006,-13.9999999999999,0
5862,-63.100000000001,2.40000000000003,98
5863,-66.3000000000009,0.100000000000026,100
5864,-55.5000000000009,-3.69999999999998,100
5865,-42.0000000000007,-17.7,76
5866,-55.5000000000009,-11.5,100
5867,-72.9000000000005,-3.29999999999998,98
5868,-62.500000000001,3.30000000000003,97
5869,-78.3000000000002,-0.799999999999974,19
5870,-65.5000000000009,-2.09999999999997,98
5871,-66.5000000000009,-5.49999999999997,100
5872,-44.9000000000008,-18.4,0
5873,-67.0000000000009,-19.3,0
5874,-56.8000000000009,-23.1,30
5875,-53.3000000000009,-0.299999999999974,100
5876,-70.3000000000007,-12.5999999999999,95
5877,-64.900000000001,-3.79999999999998,100
5878,-73.8000000000005,-5.69999999999997,100
5879,-73.3000000000005,5.90000000000002,76
5880,-55.0000000000009,-12.2999999999999,100
5881,-54.0000000000009,-6.69999999999997,100
5882,-64.300000000001,-16.8999999999999,70
5883,-80.1000000000001,-6.09999999999997,0
5884,-66.1000000000009,-18.4,0
5885,-58.900000000001,-16.0999999999999,0
5886,-60.300000000001,-22.9,63
5887,-69.7000000000007,1.80000000000003,100
5888,-42.1000000000007,-12.1999999999999,52
5889,-69.4000000000007,-16.6999999999999,0
5890,-62.400000000001,-23.2,4
5891,-56.8000000000009,-11.5,100
5892,-41.3000000000007,-9.69999999999996,0
5893,-49.0000000000008,-11.6999999999999,0
5894,-61.300000000001,-2.89999999999998,100
5895,-70.7000000000006,0.300000000000026,100
5896,-77.2000000000003,-4.49999999999998,100
5897,-58.8000000000009,-7.79999999999996,100
5898,-69.6000000000007,-18,0
5899,-63.400000000001,1.40000000000003,100
5900,-75.3000000000004,2.30000000000003,100
5901,-46.9000000000008,-1.39999999999997,56
5902,-62.300000000001,-22.8,14
5903,-60.000000000001,-12.8999999999999,89
5904,-73.8000000000005,9.20000000000001,0
5905,-50.2000000000008,-19.2,0
5906,-62.200000000001,-20.3,29
5907,-39.1000000000007,-15.7999999999999,100
5908,-58.900000000001,-8.19999999999996,100
5909,-38.2000000000007,-7.79999999999996,41
5910,-57.6000000000009,-15.3999999999999,99
5911,-72.2000000000006,3.70000000000003,0
5912,-51.1000000000008,-13.9999999999999,56
5913,-72.7000000000005,-6.59999999999997,100
5914,-57.3000000000009,-6.69999999999997,100
5915,-66.8000000000009,-2.69999999999998,0
5916,-54.6000000000009,-11.4,100
5917,-41.0000000000007,-7.59999999999996,0
5918,-65.7000000000009,-1.79999999999997,0
5919,-72.3000000000006,-3.19999999999998,99
5920,-68.8000000000008,6.40000000000002,0
5921,-62.300000000001,-10.2,0
5922,-69.6000000000007,-5.99999999999997,100
5923,-76.4000000000003,-11.3,0
5924,-60.500000000001,5.40000000000002,100
5925,-45.3000000000008,-23.1,0
5926,-62.700000000001,-7.69999999999996,100
5927,-62.300000000001,-17.3,0
5928,-64.700000000001,6.40000000000002,98
5929,-41.9000000000007,-13.5999999999999,0
5930,-76.2000000000003,-9.79999999999996,0
5931,-51.2000000000008,-2.49999999999998,100
5932,-65.000000000001,-13.7999999999999,0
5933,-57.7000000000009,3.50000000000003,98
5934,-59.700000000001,-11,97
5935,-60.100000000001,6.30000000000002,100
5936,-67.2000000000008,-2.29999999999997,100
5937,-46.6000000000008,-3.29999999999998,82
5938,-70.9000000000006,-8.59999999999996,100
5939,-70.5000000000007,4.90000000000003,98
5940,-53.2000000000009,-10.3,100
5941,-72.3000000000006,-11,100
5942,-51.5000000000008,0.600000000000026,47
5943,-77.7000000000002,-9.89999999999996,0
5944,-63.700000000001,5.80000000000002,96
5945,-72.4000000000005,-9.69999999999996,100
5946,-61.100000000001,-18,100
5947,-71.6000000000006,-11.2,100
5948,-64.400000000001,-16.8999999999999,45
5949,-44.4000000000007,-3.09999999999998,0
5950,-67.8000000000008,-5.79999999999997,97
5951,-72.8000000000005,-13.1999999999999,0
5952,-45.6000000000008,-18.1,0
5953,-45.0000000000008,-4.49999999999998,63
5954,-41.0000000000007,-14.8999999999999,0
5955,-77.3000000000003,-5.49999999999997,100
5956,-64.900000000001,-1.29999999999997,100
5957,-35.8000000000006,-7.79999999999996,27
5958,-61.000000000001,1.40000000000003,76
5959,-61.400000000001,-23.3,7
5960,-55.9000000000009,-16.6999999999999,93
5961,-72.3000000000006,-6.49999999999997,100
5962,-54.2000000000009,-22.4,0
5963,-59.100000000001,7.70000000000002,100
5964,-49.2000000000008,-6.69999999999997,51
5965,-51.0000000000008,-19.1,0
5966,-78.1000000000002,1.70000000000003,100
5967,-63.000000000001,-21.9,51
5968,-67.7000000000008,-23.8,0
5969,-77.0000000000003,6.60000000000002,100
5970,-50.4000000000008,-3.49999999999998,96
5971,-55.2000000000009,-9.19999999999996,97
5972,-62.200000000001,-9.49999999999996,0
5973,-69.9000000000007,-0.499999999999974,100
5974,-67.5000000000008,10.1,NaN
5975,-60.100000000001,-1.29999999999997,100
5976,-68.9000000000007,10.5,NaN
5977,-69.0000000000007,-12.9999999999999,100
5978,-52.5000000000009,4.80000000000003,100
5979,-68.8000000000008,-7.09999999999997,100
5980,-79.4000000000001,-3.99999999999998,0
5981,-62.600000000001,-0.599999999999974,100
5982,-69.9000000000007,-22.5,0
5983,-48.2000000000008,-13.1999999999999,48
5984,-56.5000000000009,-15.0999999999999,0
5985,-73.0000000000005,-4.69999999999997,100
5986,-51.1000000000008,-2.59999999999998,100
5987,-59.000000000001,6.10000000000002,100
5988,-73.6000000000005,-2.29999999999997,100
5989,-58.6000000000009,4.90000000000003,100
5990,-68.0000000000008,5.70000000000002,0
5991,-44.8000000000008,-12.3999999999999,17
5992,-65.3000000000009,3.40000000000003,100
5993,-77.7000000000002,-1.59999999999997,100
5994,-37.8000000000007,-5.79999999999997,0
5995,-71.9000000000006,3.70000000000003,0
5996,-63.800000000001,-7.29999999999997,100
5997,-66.0000000000009,-23.7,0
5998,-61.000000000001,0.100000000000026,100
5999,-77.9000000000002,-5.59999999999997,98
6000,-69.9000000000007,8.10000000000001,0
6001,-54.9000000000009,-11.8999999999999,0
6002,-54.9000000000009,5.40000000000002,100
6003,-61.100000000001,-23.8,19
6004,-78.3000000000002,-4.29999999999998,100
6005,-54.1000000000009,-14.2999999999999,0
6006,-74.6000000000004,-9.09999999999996,98
6007,-69.9000000000007,4.70000000000003,7
6008,-60.200000000001,0.600000000000026,98
6009,-57.3000000000009,-1.79999999999997,100
6010,-63.400000000001,-7.69999999999996,100
6011,-60.000000000001,-22.3,0
6012,-45.8000000000008,-21.7,0
6013,-75.5000000000004,7.70000000000002,95
6014,-71.4000000000006,7.30000000000002,41
6015,-51.6000000000008,4.10000000000003,35
6016,-56.7000000000009,3.20000000000003,100
6017,-72.8000000000005,7.40000000000002,0
6018,-57.1000000000009,-12.7999999999999,0
6019,-74.7000000000004,7.70000000000002,80
6020,-51.7000000000008,-9.89999999999996,100
6021,-51.1000000000008,-14.5999999999999,0
6022,-68.2000000000008,-5.09999999999997,100
6023,-58.900000000001,-12.8999999999999,45
6024,-45.0000000000008,-20.5,0
6025,-66.3000000000009,-18,0
6026,-59.100000000001,-15.9999999999999,0
6027,-52.8000000000009,-0.0999999999999741,100
6028,-50.1000000000008,-0.899999999999974,100
6029,-40.5000000000007,-10.8,0
6030,-47.0000000000008,-16.4999999999999,52
6031,-51.0000000000008,-15.0999999999999,0
6032,-43.0000000000007,-13.2999999999999,0
6033,-43.1000000000007,-12.9999999999999,0
6034,-67.9000000000008,-21.7,0
6035,-47.0000000000008,-3.49999999999998,3
6036,-72.9000000000005,2.50000000000003,100
6037,-51.3000000000008,-9.59999999999996,0
6038,-76.0000000000003,7.40000000000002,100
6039,-81.8,8.20000000000001,0
6040,-67.4000000000008,-22.4,0
6041,-69.5000000000007,-0.199999999999974,100
6042,-62.400000000001,7.80000000000001,0
6043,-39.1000000000007,-14.5999999999999,98
6044,-76.0000000000003,-6.79999999999997,97
6045,-49.4000000000008,-6.99999999999997,0
6046,-46.5000000000008,-2.59999999999998,100
6047,-75.0000000000004,-2.79999999999998,100
6048,-51.7000000000008,1.50000000000003,100
6049,-50.6000000000008,-20.2,0
6050,-44.0000000000007,-12.1999999999999,0
6051,-71.8000000000006,-2.59999999999998,100
6052,-45.8000000000008,-13.9999999999999,0
6053,-46.6000000000008,-7.49999999999996,0
6054,-54.2000000000009,-12.2999999999999,100
6055,-62.800000000001,10,NaN
6056,-81.3,8.10000000000001,0
6057,-76.8000000000003,-9.19999999999996,0
6058,-70.2000000000007,-11.7999999999999,100
6059,-62.100000000001,-13.8999999999999,100
6060,-76.7000000000003,8.40000000000001,14
6061,-54.6000000000009,-17.9,88
6062,-50.6000000000008,-8.49999999999996,0
6063,-62.300000000001,-8.99999999999996,100
6064,-64.500000000001,-7.59999999999996,100
6065,-58.1000000000009,5.30000000000002,0
6066,-57.7000000000009,-16.7999999999999,49
6067,-72.9000000000005,-11.3,100
6068,-52.0000000000009,-13.5999999999999,0
6069,-51.1000000000008,-16.8999999999999,0
6070,-77.3000000000003,-6.69999999999997,98
6071,-52.6000000000009,-20,NaN
6072,-64.900000000001,-6.89999999999997,100
6073,-63.900000000001,-14.5999999999999,48
6074,-65.5000000000009,0.200000000000026,100
6075,-67.0000000000009,-14.6999999999999,97
6076,-62.900000000001,-6.09999999999997,100
6077,-79.8000000000001,-4.59999999999997,41
6078,-64.600000000001,-18.4,30
6079,-60.900000000001,-13.7999999999999,100
6080,-49.7000000000008,-23.8,0
6081,-38.9000000000007,-4.89999999999997,20
6082,-79.8000000000001,9.00000000000001,0
6083,-68.2000000000008,-7.29999999999997,100
6084,-76.7000000000003,-3.69999999999998,100
6085,-75.7000000000004,-13.0999999999999,0
6086,-74.9000000000004,-8.59999999999996,14
6087,-57.3000000000009,5.80000000000002,97
6088,-55.3000000000009,-22.8,99
6089,-67.4000000000008,-16.0999999999999,96
6090,-45.2000000000008,-14.3999999999999,0
6091,-79.5000000000001,-5.69999999999997,21
6092,-71.6000000000006,-16.8999999999999,0
6093,-39.1000000000007,-9.89999999999996,30
6094,-48.5000000000008,-21.6,0
6095,-50.2000000000008,-3.29999999999998,100
6096,-49.5000000000008,-0.699999999999974,45
6097,-42.1000000000007,-14.4999999999999,29
6098,-67.2000000000008,-2.99999999999998,100
6099,-69.7000000000007,-8.79999999999996,100
6100,-61.600000000001,-8.09999999999996,100
6101,-54.3000000000009,-19.4,72
6102,-63.700000000001,-15.8999999999999,28
6103,-72.8000000000005,6.30000000000002,0
6104,-60.300000000001,-8.49999999999996,100
6105,-45.4000000000008,-5.69999999999997,95
6106,-74.1000000000004,9.70000000000001,0
6107,-69.8000000000007,-20,NaN
6108,-45.7000000000008,-11.1,17
6109,-78.0000000000002,-3.09999999999998,100
6110,-54.5000000000009,-2.99999999999998,100
6111,-71.7000000000006,9.00000000000001,0
6112,-58.6000000000009,-17.9,98
6113,-47.9000000000008,-7.99999999999996,61
6114,-49.4000000000008,-17.4,0
6115,-65.200000000001,-12.1999999999999,0
6116,-57.3000000000009,-13.9999999999999,0
6117,-67.7000000000008,-15.5999999999999,0
6118,-61.900000000001,1.30000000000003,51
6119,-60.800000000001,-13.1999999999999,0
6120,-72.2000000000006,-5.79999999999997,100
6121,-61.700000000001,5.40000000000002,100
6122,-38.7000000000007,-9.59999999999996,0
6123,-55.8000000000009,-19.4,0
6124,-64.600000000001,-12.0999999999999,100
6125,-73.1000000000005,-2.29999999999997,100
6126,-64.500000000001,-22.9,0
6127,-70.3000000000007,-18.4,0
6128,-67.0000000000009,-0.999999999999974,100
6129,-49.3000000000008,-2.19999999999997,93
6130,-60.000000000001,-17.7,95
6131,-72.2000000000006,-8.29999999999996,100
6132,-73.2000000000005,-7.09999999999997,100
6133,-52.5000000000009,-14.7999999999999,0
6134,-56.8000000000009,-15.1999999999999,80
6135,-54.5000000000009,-8.39999999999996,100
6136,-42.6000000000007,-11,0
6137,-64.000000000001,2.10000000000003,98
6138,-69.5000000000007,7.70000000000002,99
6139,-72.1000000000006,9.10000000000001,0
6140,-73.0000000000005,8.90000000000001,0
6141,-73.4000000000005,-3.39999999999998,100
6142,-57.9000000000009,-12.4999999999999,100
6143,-43.0000000000007,-8.89999999999996,45
6144,-71.5000000000006,-0.599999999999974,100
6145,-76.3000000000003,-2.39999999999998,100
6146,-54.5000000000009,-7.09999999999997,100
6147,-73.9000000000005,-1.59999999999997,100
6148,-39.8000000000007,-17.6,0
6149,-79.0000000000002,0.800000000000026,97
6150,-75.1000000000004,3.70000000000003,0
6151,-64.900000000001,6.10000000000002,100
6152,-39.5000000000007,-8.99999999999996,0
6153,-44.7000000000007,-14.3999999999999,0
6154,-71.2000000000006,-11.6999999999999,100
6155,-61.300000000001,-21.8,37
6156,-73.2000000000005,-14.6999999999999,0
6157,-66.3000000000009,5.90000000000002,100
6158,-58.6000000000009,-5.19999999999997,100
6159,-70.2000000000007,0.200000000000026,100
6160,-65.6000000000009,-10.2,100
6161,-50.4000000000008,-14.9999999999999,95
6162,-77.3000000000003,2.50000000000003,96
6163,-42.5000000000007,-7.59999999999996,37
6164,-49.8000000000008,-15.3999999999999,0
6165,-67.5000000000008,-4.19999999999998,100
6166,-40.3000000000007,-14.5999999999999,0
6167,-61.600000000001,1.60000000000003,100
6168,-64.400000000001,-21.6,86
6169,-39.5000000000007,-12.7999999999999,97
6170,-39.3000000000007,-5.59999999999997,15
6171,-65.7000000000009,-17.9,75
6172,-54.2000000000009,-13.0999999999999,93
6173,-44.3000000000007,-18.1,0
6174,-69.1000000000007,-10.3,98
6175,-58.6000000000009,1.10000000000003,100
6176,-52.2000000000009,2.20000000000003,100
6177,-43.0000000000007,-9.89999999999996,0
6178,-53.0000000000009,-10.4,90
6179,-80.3000000000001,-3.49999999999998,0
6180,-68.3000000000008,-9.89999999999996,41
6181,-73.8000000000005,-13.4999999999999,0
6182,-37.0000000000006,-6.79999999999997,0
6183,-65.000000000001,5.60000000000002,100
6184,-53.7000000000009,-0.0999999999999741,100
6185,-58.900000000001,-4.99999999999997,100
6186,-45.6000000000008,-7.99999999999996,0
6187,-55.6000000000009,-3.89999999999998,100
6188,-63.300000000001,6.90000000000002,7
6189,-41.8000000000007,-8.79999999999996,0
6190,-69.6000000000007,-10.1,100
6191,-69.8000000000007,-10.5,100
6192,-63.900000000001,-17.1999999999999,0
6193,-70.8000000000006,-4.89999999999997,100
6194,-39.5000000000007,-14.4999999999999,98
6195,-68.9000000000007,-18.4,0
6196,-68.0000000000008,-18.3,0
6197,-64.100000000001,-14.5999999999999,100
6198,-70.5000000000007,-11.9999999999999,100
6199,-66.3000000000009,5.80000000000002,100
6200,-61.200000000001,6.00000000000002,100
6201,-45.3000000000008,-7.89999999999996,0
6202,-45.1000000000008,-5.09999999999997,28
6203,-63.600000000001,-23.5,51
6204,-64.200000000001,-23.7,69
6205,-41.4000000000007,-11.8999999999999,32
6206,-43.2000000000007,-16.9999999999999,0
6207,-50.0000000000008,-20.4,0
6208,-56.0000000000009,-19.8,19
6209,-41.1000000000007,-2.89999999999998,0
6210,-64.900000000001,-2.49999999999998,100
6211,-64.600000000001,-9.29999999999996,45
6212,-75.1000000000004,-12.8999999999999,0
6213,-41.4000000000007,-18.5,0
6214,-64.400000000001,-10.7,100
6215,-63.600000000001,-15.1999999999999,100
6216,-46.0000000000008,-6.39999999999997,15
6217,-42.9000000000007,-17.9,37
6218,-53.5000000000009,-20,NaN
6219,-60.900000000001,-9.69999999999996,100
6220,-61.200000000001,-18.1,72
6221,-48.5000000000008,-23,95
6222,-64.100000000001,-6.59999999999997,100
6223,-59.000000000001,-1.99999999999997,100
6224,-69.0000000000007,-3.99999999999998,100
6225,-76.7000000000003,-2.39999999999998,100
6226,-64.800000000001,-6.89999999999997,100
6227,-57.6000000000009,-21,0
6228,-38.6000000000007,-9.89999999999996,48
6229,-59.600000000001,-23.9,0
6230,-69.2000000000007,-6.79999999999997,100
6231,-57.0000000000009,-22,30
6232,-61.300000000001,-14.3999999999999,95
6233,-73.1000000000005,7.90000000000001,96
6234,-70.1000000000007,5.40000000000002,0
6235,-71.0000000000006,-4.99999999999997,100
6236,-59.400000000001,-0.899999999999974,100
6237,-52.4000000000009,-9.29999999999996,100
6238,-55.8000000000009,2.90000000000003,100
6239,-54.1000000000009,-5.89999999999997,100
6240,-59.900000000001,-9.69999999999996,100
6241,-59.400000000001,-8.99999999999996,100
6242,-66.8000000000009,-16.6999999999999,96
6243,-43.0000000000007,-11.5,52
6244,-74.0000000000005,-14.7999999999999,0
6245,-55.6000000000009,-17.0999999999999,0
6246,-47.2000000000008,-22,0
6247,-53.1000000000009,2.90000000000003,100
6248,-44.5000000000007,-15.4999999999999,60
6249,-62.400000000001,-2.19999999999997,100
6250,-68.2000000000008,1.30000000000003,100
6251,-62.000000000001,2.10000000000003,98
6252,-36.6000000000006,-6.09999999999997,0
6253,-52.9000000000009,-14.8999999999999,88
6254,-66.3000000000009,5.60000000000002,0
6255,-76.0000000000003,2.40000000000003,95
6256,-56.7000000000009,-1.09999999999997,100
6257,-44.5000000000007,-3.29999999999998,79
6258,-51.9000000000009,-1.09999999999997,97
6259,-46.4000000000008,-5.89999999999997,62
6260,-54.3000000000009,-21.1,0
6261,-74.3000000000004,4.30000000000003,0
6262,-66.7000000000009,-8.39999999999996,100
6263,-59.200000000001,5.40000000000002,100
6264,-69.8000000000007,4.90000000000003,21
6265,-59.800000000001,-9.59999999999996,100
6266,-71.7000000000006,-14.3999999999999,0
6267,-54.6000000000009,-18.1,0
6268,-50.5000000000008,-1.19999999999997,100
6269,-72.5000000000005,6.10000000000002,47
6270,-54.9000000000009,-19.4,0
6271,-54.7000000000009,-5.79999999999997,100
6272,-63.800000000001,-14.2999999999999,0
6273,-67.6000000000008,-10.9,100
6274,-72.7000000000005,0.700000000000026,100
6275,-62.200000000001,6.50000000000002,97
6276,-67.5000000000008,-4.39999999999998,100
6277,-57.0000000000009,-14.8999999999999,0
6278,-76.4000000000003,3.50000000000003,0
6279,-79.1000000000002,-5.59999999999997,7
6280,-45.8000000000008,-14.4999999999999,0
6281,-67.3000000000008,-5.59999999999997,100
6282,-63.000000000001,2.60000000000003,100
6283,-64.700000000001,-1.09999999999997,100
6284,-69.4000000000007,4.70000000000003,0
6285,-45.8000000000008,-16.0999999999999,43
6286,-54.2000000000009,-15.3999999999999,0
6287,-73.3000000000005,-7.29999999999997,100
6288,-53.1000000000009,-18.9,0
6289,-49.0000000000008,-20,NaN
6290,-79.7000000000001,-5.89999999999997,0
6291,-46.7000000000008,-8.59999999999996,51
6292,-55.4000000000009,5.10000000000002,100
6293,-47.2000000000008,-3.29999999999998,43
6294,-59.500000000001,-23.8,23
6295,-52.6000000000009,-6.89999999999997,0
6296,-41.0000000000007,-15.9999999999999,87
6297,-43.6000000000007,-22.7,0
6298,-78.4000000000002,0.600000000000026,98
6299,-75.1000000000004,-14.6999999999999,0
6300,-59.300000000001,-3.29999999999998,45
6301,-77.9000000000002,0.500000000000026,0
6302,-58.5000000000009,-11.7999999999999,0
6303,-47.6000000000008,-8.39999999999996,0
6304,-46.3000000000008,-1.49999999999997,98
6305,-58.1000000000009,-20.2,79
6306,-46.0000000000008,-16.0999999999999,0
6307,-53.1000000000009,-3.69999999999998,98
6308,-54.9000000000009,-4.99999999999997,100
6309,-52.5000000000009,-3.99999999999998,99
6310,-51.2000000000008,1.80000000000003,99
6311,-50.3000000000008,-7.49999999999996,43
6312,-56.1000000000009,-3.39999999999998,100
6313,-39.3000000000007,-10.1,0
6314,-61.000000000001,-13.9999999999999,97
6315,-60.400000000001,2.80000000000003,0
6316,-81.1000000000001,-5.19999999999997,0
6317,-67.0000000000009,2.50000000000003,100
6318,-65.100000000001,2.30000000000003,100
6319,-47.2000000000008,-22.1,0
6320,-43.2000000000007,-12.8999999999999,0
6321,-68.9000000000007,1.70000000000003,100
6322,-46.1000000000008,-20.4,0
6323,-65.3000000000009,3.10000000000003,97
6324,-64.500000000001,-14.7999999999999,100
6325,-46.5000000000008,-22.5,0
6326,-41.2000000000007,-11.4,51
6327,-45.7000000000008,-19.4,0
6328,-71.3000000000006,2.58959520493818e-14,100
6329,-72.7000000000005,2.58959520493818e-14,100
6330,-48.2000000000008,-6.99999999999997,49
6331,-63.400000000001,-15.2999999999999,95
6332,-42.6000000000007,-5.09999999999997,93
6333,-49.1000000000008,-21.7,0
6334,-64.600000000001,8.60000000000001,28
6335,-69.0000000000007,-6.39999999999997,100
6336,-63.000000000001,-9.49999999999996,100
6337,-64.300000000001,-16.5999999999999,100
6338,-46.6000000000008,-15.2999999999999,0
6339,-40.8000000000007,-6.39999999999997,15
6340,-69.1000000000007,-9.79999999999996,100
6341,-54.5000000000009,2.70000000000003,100
6342,-62.000000000001,-19.2,43
6343,-74.3000000000004,-6.59999999999997,100
6344,-61.900000000001,2.10000000000003,97
6345,-48.5000000000008,-15.2999999999999,0
6346,-62.600000000001,6.30000000000002,100
6347,-43.1000000000007,-19.5,22
6348,-69.1000000000007,-23.7,0
6349,-43.1000000000007,-10.4,15
6350,-61.000000000001,-18.3,69
6351,-46.5000000000008,-11.4,0
6352,-51.8000000000008,-16.9999999999999,0
6353,-49.7000000000008,-8.19999999999996,43
6354,-63.700000000001,-2.09999999999997,100
6355,-55.8000000000009,-6.59999999999997,100
6356,-50.4000000000008,-19.8,43
6357,-50.4000000000008,-2.39999999999998,100
6358,-39.2000000000007,-13.0999999999999,60
6359,-74.5000000000004,-13.9999999999999,0
6360,-48.0000000000008,-0.899999999999974,97
6361,-76.6000000000003,-4.69999999999997,99
6362,-79.7000000000001,-3.19999999999998,82
6363,-71.3000000000006,10.3,NaN
6364,-75.7000000000004,-12.5999999999999,0
6365,-54.2000000000009,-4.09999999999998,100
6366,-71.2000000000006,-17.0999999999999,0
6367,-50.7000000000008,-4.59999999999997,97
6368,-61.000000000001,-12.4999999999999,0
6369,-52.8000000000009,4.40000000000003,100
6370,-59.800000000001,-18.5,81
6371,-79.7000000000001,9.40000000000001,100
6372,-67.6000000000008,-11,100
6373,-73.5000000000005,7.60000000000002,0
6374,-57.3000000000009,-13.2999999999999,0
6375,-57.9000000000009,-0.199999999999974,100
6376,-55.1000000000009,-1.09999999999997,100
6377,-76.1000000000003,-9.49999999999996,100
6378,-45.2000000000008,-17.4,0
6379,-35.0000000000006,-8.19999999999996,64
6380,-51.1000000000008,0.300000000000026,98
6381,-59.600000000001,-1.49999999999997,100
6382,-65.100000000001,-4.39999999999998,100
6383,-48.7000000000008,-8.79999999999996,0
6384,-38.9000000000007,-3.99999999999998,15
6385,-75.4000000000004,-6.29999999999997,100
6386,-55.6000000000009,-5.79999999999997,100
6387,-63.500000000001,-12.8999999999999,100
6388,-36.1000000000006,-7.49999999999996,0
6389,-58.6000000000009,-24,0
6390,-72.8000000000005,-8.19999999999996,0
6391,-53.4000000000009,-5.59999999999997,82
6392,-65.100000000001,3.60000000000003,100
6393,-66.8000000000009,-7.79999999999996,100
6394,-78.7000000000002,0.100000000000026,80
6395,-58.1000000000009,-5.79999999999997,100
6396,-66.5000000000009,-3.89999999999998,100
6397,-69.2000000000007,5.30000000000002,0
6398,-48.3000000000008,-6.99999999999997,93
6399,-53.4000000000009,-6.39999999999997,82
6400,-65.100000000001,-11.1,100
6401,-62.500000000001,9.20000000000001,0
6402,-73.4000000000005,1.60000000000003,99
6403,-57.7000000000009,-3.59999999999998,100
6404,-57.5000000000009,-17.0999999999999,71
6405,-60.300000000001,-22.5,47
6406,-44.2000000000007,-12.0999999999999,69
6407,-61.500000000001,-12.5999999999999,86
6408,-53.1000000000009,-12.2999999999999,100
6409,-52.9000000000009,-2.59999999999998,100
6410,-41.3000000000007,-4.19999999999998,0
6411,-61.800000000001,-8.19999999999996,0
6412,-64.500000000001,-22.1,76
6413,-74.0000000000005,-5.99999999999997,100
6414,-40.6000000000007,-7.49999999999996,0
6415,-39.9000000000007,-3.99999999999998,0
6416,-57.0000000000009,-1.79999999999997,100
6417,-60.000000000001,-14.0999999999999,100
6418,-75.4000000000004,9.20000000000001,0
6419,-44.1000000000007,-7.59999999999996,48
6420,-79.7000000000001,-3.89999999999998,0
6421,-56.8000000000009,-7.09999999999997,100
6422,-44.7000000000007,-5.29999999999997,0
6423,-61.000000000001,2.70000000000003,48
6424,-52.0000000000009,-15.4999999999999,0
6425,-59.800000000001,-0.699999999999974,100
6426,-69.6000000000007,-16.3999999999999,0
6427,-65.5000000000009,-9.89999999999996,100
6428,-64.400000000001,1.70000000000003,100
6429,-52.0000000000009,-3.29999999999998,100
6430,-70.4000000000007,-6.49999999999997,100
6431,-68.8000000000008,9.00000000000001,0
6432,-45.9000000000008,-20.1,9
6433,-55.7000000000009,-5.09999999999997,100
6434,-52.1000000000009,-9.39999999999996,0
6435,-72.8000000000005,-1.79999999999997,100
6436,-60.800000000001,-18.6,82
6437,-69.7000000000007,-14.6999999999999,0
6438,-65.3000000000009,5.20000000000002,100
6439,-44.7000000000007,-8.29999999999996,0
6440,-58.2000000000009,-23.3,45
6441,-72.2000000000006,-2.79999999999998,100
6442,-62.900000000001,-5.29999999999997,100
6443,-67.0000000000009,-11.8999999999999,100
6444,-66.1000000000009,-19.9,0
6445,-51.9000000000009,2.70000000000003,100
6446,-55.0000000000009,-4.49999999999998,100
6447,-70.0000000000007,-23.2,0
6448,-42.7000000000007,-20.1,0
6449,-70.6000000000006,-12.4999999999999,89
6450,-63.300000000001,7.80000000000001,0
6451,-62.600000000001,-23.7,37
6452,-75.8000000000004,1.80000000000003,20
6453,-43.1000000000007,-11.7999999999999,0
6454,-49.6000000000008,-14.8999999999999,0
6455,-68.6000000000008,-12.8999999999999,100
6456,-45.9000000000008,-22.2,43
6457,-55.7000000000009,-1.59999999999997,100
6458,-72.0000000000006,-5.49999999999997,100
6459,-51.5000000000008,-19.2,0
6460,-71.6000000000006,-13.0999999999999,90
6461,-64.600000000001,0.800000000000026,100
6462,-64.000000000001,-5.69999999999997,100
6463,-70.2000000000007,-13.4999999999999,100
6464,-60.000000000001,-13.6999999999999,100
6465,-65.8000000000009,-12.6999999999999,95
6466,-75.9000000000003,-11.5999999999999,0
6467,-77.2000000000003,-8.09999999999996,94
6468,-69.0000000000007,-19.9,0
6469,-53.7000000000009,-7.39999999999996,100
6470,-48.9000000000008,-9.19999999999996,82
6471,-51.8000000000008,-2.29999999999997,99
6472,-50.5000000000008,-18.5,0
6473,-44.1000000000007,-10.4,71
6474,-69.4000000000007,-12.6999999999999,81
6475,-75.2000000000004,2.40000000000003,95
6476,-70.0000000000007,-6.59999999999997,100
6477,-42.6000000000007,-20.2,71
6478,-45.9000000000008,-17.7,0
6479,-57.0000000000009,-13.1999999999999,97
6480,-41.7000000000007,-3.89999999999998,0
6481,-58.5000000000009,-0.899999999999974,100
6482,-64.700000000001,-14.3999999999999,0
6483,-66.6000000000009,-20.9,0
6484,-55.4000000000009,-24,100
6485,-55.4000000000009,-8.59999999999996,100
6486,-65.4000000000009,-12.0999999999999,0
6487,-62.800000000001,5.80000000000002,96
6488,-54.8000000000009,-7.69999999999996,100
6489,-66.1000000000009,0.100000000000026,95
6490,-72.8000000000005,-14.4999999999999,0
6491,-65.6000000000009,-2.89999999999998,100
6492,-51.3000000000008,3.50000000000003,0
6493,-44.2000000000007,-20.5,0
6494,-75.2000000000004,9.30000000000001,0
6495,-46.4000000000008,-5.49999999999997,0
6496,-50.8000000000008,-12.1999999999999,0
6497,-53.1000000000009,-10.3,100
6498,-68.1000000000008,-10.4,98
6499,-54.9000000000009,-23,51
6500,-74.6000000000004,4.20000000000003,37
6501,-42.3000000000007,-4.99999999999997,0
6502,-46.4000000000008,-3.19999999999998,100
6503,-48.9000000000008,-10.3,0
6504,-56.4000000000009,-19.3,21
6505,-55.1000000000009,1.60000000000003,100
6506,-62.600000000001,-11.6999999999999,0
6507,-49.6000000000008,-21.5,0
6508,-57.4000000000009,-8.59999999999996,100
6509,-47.2000000000008,-6.29999999999997,63
6510,-76.0000000000003,7.80000000000001,100
6511,-56.1000000000009,-15.4999999999999,0
6512,-43.2000000000007,-16.3999999999999,43
6513,-75.1000000000004,4.20000000000003,82
6514,-72.1000000000006,-2.39999999999998,100
6515,-40.4000000000007,-9.09999999999996,0
6516,-69.4000000000007,-12.2999999999999,100
6517,-52.6000000000009,-1.39999999999997,100
6518,-68.1000000000008,-0.799999999999974,100
6519,-64.200000000001,-10.5,100
6520,-62.100000000001,-8.39999999999996,100
6521,-78.8000000000002,-4.09999999999998,95
6522,-54.9000000000009,-20.6,0
6523,-59.100000000001,-8.09999999999996,100
6524,-45.0000000000008,-15.6999999999999,74
6525,-67.4000000000008,-18.8,0
6526,-77.7000000000002,-6.49999999999997,90
6527,-59.900000000001,-21.6,41
6528,-60.700000000001,4.20000000000003,0
6529,-51.4000000000008,-8.99999999999996,0
6530,-55.8000000000009,-17.1999999999999,93
6531,-42.1000000000007,-14.1999999999999,0
6532,-54.9000000000009,-20.4,0
6533,-59.800000000001,-13.3999999999999,100
6534,-57.1000000000009,-13.3999999999999,100
6535,-42.9000000000007,-5.59999999999997,87
6536,-73.5000000000005,0.300000000000026,100
6537,-67.0000000000009,-10.8,100
6538,-65.7000000000009,-23.2,0
6539,-54.0000000000009,-22.3,0
6540,-51.0000000000008,-18.1,74
6541,-69.2000000000007,5.00000000000002,9
6542,-69.0000000000007,-14.0999999999999,96
6543,-42.8000000000007,-12.8999999999999,48
6544,-42.9000000000007,-8.49999999999996,37
6545,-73.9000000000005,-2.09999999999997,100
6546,-42.8000000000007,-18.6,15
6547,-50.2000000000008,-12.0999999999999,49
6548,-57.8000000000009,-7.89999999999996,100
6549,-68.1000000000008,6.00000000000002,0
6550,-53.4000000000009,4.70000000000003,100
6551,-77.7000000000002,-8.19999999999996,0
6552,-52.9000000000009,-20.3,0
6553,-44.4000000000007,-4.09999999999998,76
6554,-60.600000000001,-0.999999999999974,100
6555,-55.8000000000009,-1.69999999999997,76
6556,-59.200000000001,-22.2,17
6557,-37.0000000000006,-9.29999999999996,44
6558,-67.7000000000008,-9.99999999999996,100
6559,-79.5000000000001,-1.29999999999997,0
6560,-63.700000000001,-18.3,84
6561,-69.6000000000007,-8.39999999999996,100
6562,-63.000000000001,5.20000000000002,100
6563,-60.300000000001,2.70000000000003,4
6564,-58.4000000000009,4.80000000000003,100
6565,-54.5000000000009,-5.79999999999997,100
6566,-78.7000000000002,-6.99999999999997,0
6567,-40.1000000000007,-9.09999999999996,0
6568,-56.7000000000009,-18.6,99
6569,-47.8000000000008,-1.59999999999997,98
6570,-69.7000000000007,-15.7999999999999,0
6571,-63.500000000001,6.00000000000002,96
6572,-42.0000000000007,-3.89999999999998,9
6573,-71.5000000000006,9.00000000000001,0
6574,-54.0000000000009,-6.99999999999997,100
6575,-77.8000000000002,-6.09999999999997,0
6576,-72.3000000000006,-2.49999999999998,100
6577,-36.4000000000006,-5.09999999999997,0
6578,-57.9000000000009,-23.5,0
6579,-56.0000000000009,-0.999999999999974,100
6580,-63.000000000001,-18.4,0
6581,-70.8000000000006,-9.29999999999996,100
6582,-70.4000000000007,1.70000000000003,100
6583,-66.1000000000009,-5.99999999999997,100
6584,-54.4000000000009,-1.69999999999997,79
6585,-74.5000000000004,-11.5,51
6586,-59.000000000001,-11,100
6587,-49.4000000000008,-9.79999999999996,7
6588,-76.3000000000003,-5.49999999999997,100
6589,-75.8000000000004,3.30000000000003,62
6590,-73.9000000000005,-0.399999999999974,100
6591,-77.1000000000003,-6.09999999999997,43
6592,-68.0000000000008,-0.0999999999999741,100
6593,-69.7000000000007,-23.5,0
6594,-45.6000000000008,-3.09999999999998,61
6595,-65.3000000000009,-11.5,0
6596,-57.3000000000009,-19.6,0
6597,-61.700000000001,-9.19999999999996,100
6598,-54.1000000000009,4.00000000000003,100
6599,-43.9000000000007,-13.6999999999999,14
6600,-71.0000000000006,-1.69999999999997,100
6601,-58.5000000000009,-10.8,98
6602,-53.0000000000009,-21.8,0
6603,-67.0000000000009,-12.0999999999999,100
6604,-53.5000000000009,-10.8,100
6605,-38.6000000000007,-5.39999999999997,15
6606,-46.4000000000008,-4.39999999999998,89
6607,-64.000000000001,1.90000000000003,97
6608,-68.0000000000008,-3.29999999999998,100
6609,-44.4000000000007,-13.6999999999999,37
6610,-66.8000000000009,-22.4,0
6611,-41.5000000000007,-4.49999999999998,60
6612,-42.9000000000007,-19.2,45
6613,-52.5000000000009,-0.899999999999974,100
6614,-72.3000000000006,8.00000000000001,57
6615,-50.4000000000008,-9.09999999999996,0
6616,-42.6000000000007,-20.7,43
6617,-64.500000000001,-15.9999999999999,100
6618,-74.1000000000004,-6.19999999999997,100
6619,-59.800000000001,-15.4999999999999,0
6620,-56.8000000000009,-7.39999999999996,100
6621,-51.3000000000008,-18.7,0
6622,-36.0000000000006,-5.69999999999997,0
6623,-65.5000000000009,-11.2,99
6624,-47.2000000000008,-16.8999999999999,0
6625,-54.9000000000009,-7.89999999999996,100
6626,-59.200000000001,-17.1999999999999,82
6627,-44.6000000000007,-15.0999999999999,28
6628,-67.4000000000008,-5.59999999999997,100
6629,-51.0000000000008,-22.6,0
6630,-64.700000000001,8.60000000000001,0
6631,-44.3000000000007,-13.2999999999999,76
6632,-68.9000000000007,-13.1999999999999,100
6633,-59.200000000001,-12.1999999999999,100
6634,-47.7000000000008,-19.8,0
6635,-55.3000000000009,-21.7,0
6636,-69.1000000000007,6.40000000000002,0
6637,-58.5000000000009,-3.69999999999998,100
6638,-65.3000000000009,-10.7,51
6639,-41.9000000000007,-17.4,89
6640,-54.1000000000009,1.30000000000003,100
6641,-76.2000000000003,7.60000000000002,100
6642,-41.2000000000007,-8.89999999999996,0
6643,-52.8000000000009,-6.59999999999997,100
6644,-74.7000000000004,-7.89999999999996,98
6645,-68.0000000000008,-20.8,0
6646,-62.900000000001,-12.9999999999999,100
6647,-47.6000000000008,-20.1,0
6648,-49.1000000000008,-0.999999999999974,0
6649,-58.900000000001,6.30000000000002,100
6650,-51.7000000000008,-20,NaN
6651,-57.3000000000009,-0.999999999999974,100
6652,-38.0000000000007,-11.2,0
6653,-76.4000000000003,-8.99999999999996,100
6654,-52.1000000000009,-9.49999999999996,100
6655,-41.1000000000007,-6.29999999999997,0
6656,-74.4000000000004,7.30000000000002,100
6657,-57.5000000000009,6.30000000000002,0
6658,-69.2000000000007,-8.69999999999996,97
6659,-42.4000000000007,-18.2,37
6660,-46.0000000000008,-16.9999999999999,0
6661,-62.600000000001,-9.99999999999996,0
6662,-74.6000000000004,6.20000000000002,61
6663,-50.6000000000008,-22.6,0
6664,-61.000000000001,-19.8,24
6665,-50.7000000000008,-22.9,0
6666,-78.1000000000002,-7.09999999999997,56
6667,-56.2000000000009,-14.3999999999999,0
6668,-66.1000000000009,-15.3999999999999,100
6669,-46.6000000000008,-3.69999999999998,100
6670,-41.3000000000007,-18.1,88
6671,-72.7000000000005,-1.59999999999997,100
6672,-69.1000000000007,-17.9,0
6673,-51.5000000000008,-13.3999999999999,59
6674,-62.800000000001,7.30000000000002,0
6675,-51.7000000000008,-20.3,88
6676,-51.0000000000008,-7.29999999999997,100
6677,-68.3000000000008,-16.2999999999999,0
6678,-48.1000000000008,-3.39999999999998,99
6679,-41.5000000000007,-21.1,41
6680,-38.8000000000007,-5.29999999999997,0
6681,-72.6000000000005,1.20000000000003,100
6682,-59.600000000001,-4.59999999999997,100
6683,-67.9000000000008,3.50000000000003,100
6684,-47.5000000000008,-10.2,60
6685,-52.3000000000009,3.00000000000003,100
6686,-52.7000000000009,-13.8999999999999,0
6687,-44.1000000000007,-12.0999999999999,87
6688,-59.100000000001,5.60000000000002,100
6689,-74.4000000000004,-4.89999999999997,100
6690,-58.3000000000009,-17.4,0
6691,-44.8000000000008,-5.99999999999997,76
6692,-43.4000000000007,-20.2,0
6693,-56.2000000000009,-12.6999999999999,0
6694,-48.7000000000008,-22.7,0
6695,-60.500000000001,-3.29999999999998,100
6696,-72.9000000000005,-5.19999999999997,100
6697,-52.4000000000009,2.80000000000003,82
6698,-54.6000000000009,-9.49999999999996,100
6699,-68.2000000000008,-11.3,100
6700,-63.000000000001,-12.8999999999999,100
6701,-49.0000000000008,-6.09999999999997,0
6702,-66.0000000000009,-9.39999999999996,93
6703,-43.5000000000007,-22.3,0
6704,-71.7000000000006,4.40000000000003,47
6705,-64.800000000001,7.70000000000002,0
6706,-50.6000000000008,-4.49999999999998,100
6707,-67.4000000000008,-21,0
6708,-75.3000000000004,9.50000000000001,0
6709,-40.3000000000007,-11.4,0
6710,-40.8000000000007,-16.1999999999999,76
6711,-44.2000000000007,-22.8,100
6712,-70.1000000000007,-2.59999999999998,100
6713,-58.3000000000009,-15.7999999999999,0
6714,-75.3000000000004,10.3,NaN
6715,-49.6000000000008,-5.49999999999997,100
6716,-53.2000000000009,2.10000000000003,100
6717,-65.7000000000009,2.50000000000003,100
6718,-72.1000000000006,-3.29999999999998,100
6719,-39.4000000000007,-17.8,97
6720,-77.7000000000002,-1.99999999999997,98
6721,-61.700000000001,4.00000000000003,100
6722,-70.1000000000007,-2.19999999999997,99
6723,-68.7000000000008,4.70000000000003,0
6724,-76.5000000000003,-8.49999999999996,100
6725,-79.0000000000002,-5.79999999999997,64
6726,-52.6000000000009,3.50000000000003,100
6727,-57.3000000000009,3.30000000000003,100
6728,-60.400000000001,-20.3,55
6729,-50.0000000000008,-22.2,9
6730,-68.9000000000007,-7.59999999999996,100
6731,-51.0000000000008,1.80000000000003,98
6732,-54.7000000000009,-15.2999999999999,0
6733,-79.5000000000001,9.50000000000001,100
6734,-44.1000000000007,-22.1,100
6735,-64.500000000001,2.50000000000003,100
6736,-77.2000000000003,-3.49999999999998,100
6737,-63.900000000001,8.60000000000001,0
6738,-65.7000000000009,-16.0999999999999,100
6739,-38.9000000000007,-4.49999999999998,0
6740,-60.200000000001,-10.7,97
6741,-46.1000000000008,-22.6,82
6742,-50.0000000000008,-8.09999999999996,0
6743,-72.2000000000006,-7.89999999999996,100
6744,-67.5000000000008,-8.49999999999996,100
6745,-72.3000000000006,-7.49999999999996,100
6746,-65.8000000000009,-11.2,100
6747,-76.2000000000003,0.200000000000026,98
6748,-52.5000000000009,1.90000000000003,100
6749,-41.6000000000007,-4.69999999999997,60
6750,-54.6000000000009,-1.69999999999997,98
6751,-67.2000000000008,-17.0999999999999,0
6752,-66.3000000000009,9.40000000000001,0
6753,-49.7000000000008,-5.19999999999997,0
6754,-70.8000000000006,-15.1999999999999,0
6755,-39.0000000000007,-7.19999999999997,0
6756,-64.900000000001,3.00000000000003,100
6757,-58.2000000000009,-21.1,82
6758,-68.3000000000008,-9.59999999999996,95
6759,-80.6000000000001,8.00000000000001,0
6760,-50.9000000000008,-10.2,97
6761,-79.9000000000001,-0.799999999999974,0
6762,-70.7000000000006,-13.8999999999999,0
6763,-60.400000000001,-17.6,96
6764,-70.4000000000007,10.2,NaN
6765,-43.4000000000007,-7.49999999999996,7
6766,-61.200000000001,7.20000000000002,98
6767,-76.5000000000003,1.00000000000003,97
6768,-44.4000000000007,-19.8,0
6769,-67.4000000000008,7.20000000000002,0
6770,-61.800000000001,-18.7,60
6771,-59.400000000001,-22.1,0
6772,-46.5000000000008,-23,0
6773,-54.5000000000009,1.90000000000003,99
6774,-57.8000000000009,-9.89999999999996,52
6775,-77.8000000000002,-4.09999999999998,100
6776,-59.600000000001,8.10000000000001,96
6777,-60.400000000001,-23.1,44
6778,-51.5000000000008,-22.7,9
6779,-71.0000000000006,8.60000000000001,0
6780,-61.300000000001,5.50000000000002,0
6781,-52.5000000000009,-2.59999999999998,97
6782,-76.5000000000003,-8.99999999999996,96
6783,-68.1000000000008,-5.29999999999997,100
6784,-63.100000000001,-15.2999999999999,97
6785,-54.9000000000009,-16.2999999999999,0
6786,-74.1000000000004,-1.89999999999997,100
6787,-44.2000000000007,-16.3999999999999,43
6788,-73.8000000000005,-6.69999999999997,100
6789,-64.800000000001,-14.5999999999999,28
6790,-66.2000000000009,-14.3999999999999,97
6791,-67.9000000000008,2.00000000000003,100
6792,-57.7000000000009,-19,59
6793,-52.4000000000009,-12.8999999999999,100
6794,-68.9000000000007,-21.7,0
6795,-64.500000000001,-17.3,100
6796,-45.9000000000008,-1.59999999999997,95
6797,-76.4000000000003,-6.99999999999997,99
6798,-45.5000000000008,-23.8,100
6799,-76.6000000000003,-10.7,0
6800,-52.4000000000009,3.40000000000003,100
6801,-60.400000000001,-11.1,100
6802,-79.5000000000001,0.900000000000026,70
6803,-46.5000000000008,-19.2,0
6804,-75.9000000000003,7.60000000000002,98
6805,-67.4000000000008,-4.69999999999997,100
6806,-46.2000000000008,-1.39999999999997,98
6807,-41.5000000000007,-21.6,100
6808,-55.1000000000009,-2.59999999999998,0
6809,-68.6000000000008,-16.3999999999999,0
6810,-71.6000000000006,-5.59999999999997,100
6811,-54.2000000000009,5.80000000000002,99
6812,-64.800000000001,3.00000000000003,100
6813,-64.700000000001,-3.59999999999998,100
6814,-59.900000000001,-23.5,0
6815,-61.700000000001,-12.8999999999999,100
6816,-58.900000000001,-2.09999999999997,100
6817,-62.100000000001,-21,25
6818,-73.4000000000005,6.40000000000002,97
6819,-50.3000000000008,-1.39999999999997,100
6820,-39.5000000000007,-12.2999999999999,0
6821,-69.5000000000007,-3.99999999999998,100
6822,-69.2000000000007,-22.8,0
6823,-46.7000000000008,-17.5,0
6824,-61.500000000001,-21.5,31
6825,-66.0000000000009,-10.3,100
6826,-45.7000000000008,-18.7,0
6827,-61.700000000001,-15.7999999999999,0
6828,-61.400000000001,-5.29999999999997,100
6829,-61.800000000001,-9.69999999999996,100
6830,-55.3000000000009,-11,100
6831,-69.8000000000007,-21.1,0
6832,-58.5000000000009,-8.99999999999996,100
6833,-60.500000000001,-8.19999999999996,100
6834,-59.900000000001,-16.5999999999999,51
6835,-61.000000000001,-8.69999999999996,100
6836,-57.4000000000009,4.90000000000003,100
6837,-54.8000000000009,-2.99999999999998,97
6838,-47.5000000000008,-14.1999999999999,0
6839,-64.400000000001,-22.3,98
6840,-57.9000000000009,-0.299999999999974,100
6841,-69.3000000000007,7.90000000000001,93
6842,-61.300000000001,-12.9999999999999,0
6843,-48.5000000000008,-2.69999999999998,15
6844,-76.3000000000003,-0.799999999999974,100
6845,-55.0000000000009,4.50000000000003,100
6846,-69.2000000000007,-7.19999999999997,100
6847,-73.5000000000005,1.20000000000003,100
6848,-74.5000000000004,-7.59999999999996,100
6849,-59.100000000001,5.80000000000002,100
6850,-54.3000000000009,-23.5,0
6851,-59.400000000001,0.200000000000026,100
6852,-74.9000000000004,1.10000000000003,97
6853,-69.4000000000007,-9.99999999999996,98
6854,-56.9000000000009,-0.399999999999974,100
6855,-44.2000000000007,-9.49999999999996,72
6856,-54.5000000000009,-8.89999999999996,100
6857,-64.400000000001,-12.8999999999999,0
6858,-72.5000000000005,-1.49999999999997,100
6859,-72.5000000000005,-7.09999999999997,100
6860,-56.2000000000009,-4.39999999999998,100
6861,-77.5000000000003,-10.7,0
6862,-64.800000000001,0.400000000000026,100
6863,-55.2000000000009,-15.5999999999999,0
6864,-44.0000000000007,-14.6999999999999,43
6865,-63.900000000001,-18.8,93
6866,-69.2000000000007,-17.9,0
6867,-47.0000000000008,-2.99999999999998,0
6868,-70.2000000000007,-4.69999999999997,98
6869,-57.4000000000009,0.500000000000026,100
6870,-65.6000000000009,-18.8,0
6871,-40.1000000000007,-17.7,22
6872,-51.8000000000008,-12.6999999999999,0
6873,-40.0000000000007,-7.69999999999996,0
6874,-50.3000000000008,-10.5,100
6875,-56.3000000000009,-3.19999999999998,100
6876,-45.8000000000008,-21.3,76
6877,-47.2000000000008,-8.09999999999996,0
6878,-64.000000000001,-20,NaN
6879,-48.0000000000008,-6.79999999999997,0
6880,-74.2000000000004,-11.2,100
6881,-79.3000000000002,-4.69999999999997,44
6882,-39.1000000000007,-4.19999999999998,15
6883,-74.7000000000004,-10.1,98
6884,-47.3000000000008,-5.49999999999997,89
6885,-51.9000000000009,-19,0
6886,-55.2000000000009,-4.99999999999997,100
6887,-63.900000000001,-15.5999999999999,0
6888,-44.0000000000007,-17.3,0
6889,-61.800000000001,3.00000000000003,98
6890,-51.4000000000008,2.60000000000003,100
6891,-62.100000000001,-7.49999999999996,100
6892,-64.100000000001,-1.59999999999997,100
6893,-73.5000000000005,6.10000000000002,89
6894,-64.300000000001,6.10000000000002,95
6895,-57.6000000000009,-22.5,93
6896,-58.2000000000009,-19.9,0
6897,-46.0000000000008,-19.5,0
6898,-50.8000000000008,-11.5999999999999,55
6899,-66.7000000000009,-22.7,0
6900,-58.6000000000009,5.70000000000002,100
6901,-39.1000000000007,-3.79999999999998,0
6902,-75.6000000000004,-13.5999999999999,0
6903,-58.7000000000009,-13.3999999999999,97
6904,-61.800000000001,5.10000000000002,100
6905,-41.1000000000007,-20.5,59
6906,-46.0000000000008,-10.2,0
6907,-78.1000000000002,-7.29999999999997,0
6908,-64.500000000001,-22.2,76
6909,-46.3000000000008,-2.29999999999997,49
6910,-72.5000000000005,10.4,NaN
6911,-66.6000000000009,-6.59999999999997,100
6912,-63.400000000001,-23.8,49
6913,-78.2000000000002,-2.29999999999997,98
6914,-70.5000000000007,-6.49999999999997,100
6915,-42.6000000000007,-8.69999999999996,54
6916,-74.0000000000005,8.70000000000001,95
6917,-60.100000000001,-23.5,0
6918,-59.600000000001,-18.7,93
6919,-59.300000000001,7.40000000000002,100
6920,-46.4000000000008,-19.6,0
6921,-65.6000000000009,1.70000000000003,100
6922,-45.3000000000008,-2.89999999999998,0
6923,-39.4000000000007,-8.89999999999996,0
6924,-52.6000000000009,-1.69999999999997,51
6925,-42.2000000000007,-13.0999999999999,28
6926,-63.600000000001,-18.1,100
6927,-58.3000000000009,-19.4,97
6928,-73.3000000000005,-6.39999999999997,100
6929,-42.8000000000007,-13.6999999999999,26
6930,-45.7000000000008,-16.1999999999999,0
6931,-79.2000000000002,-0.199999999999974,72
6932,-57.3000000000009,-9.99999999999996,0
6933,-43.7000000000007,-15.1999999999999,52
6934,-46.7000000000008,-14.0999999999999,59
6935,-51.8000000000008,-20.2,0
6936,-63.700000000001,-6.29999999999997,100
6937,-54.1000000000009,5.50000000000002,96
6938,-75.5000000000004,2.20000000000003,97
6939,-58.3000000000009,-23.4,0
6940,-57.1000000000009,-17.0999999999999,51
6941,-65.100000000001,-8.39999999999996,100
6942,-61.500000000001,-6.59999999999997,100
6943,-64.600000000001,-17.1999999999999,0
6944,-81.0000000000001,-4.49999999999998,0
6945,-53.1000000000009,-6.99999999999997,0
6946,-65.4000000000009,5.70000000000002,100
6947,-54.9000000000009,5.20000000000002,0
6948,-72.5000000000005,-15.4999999999999,0
6949,-74.1000000000004,3.50000000000003,81
6950,-76.6000000000003,-4.09999999999998,96
6951,-60.500000000001,-10.4,100
6952,-72.7000000000005,6.30000000000002,23
6953,-65.7000000000009,-9.49999999999996,100
6954,-49.0000000000008,-20.2,0
6955,-73.1000000000005,6.70000000000002,76
6956,-70.5000000000007,-7.79999999999996,100
6957,-70.2000000000007,7.30000000000002,0
6958,-69.2000000000007,8.90000000000001,0
6959,-40.9000000000007,-3.59999999999998,43
6960,-49.1000000000008,-20.6,0
6961,-59.600000000001,6.40000000000002,100
6962,-69.2000000000007,9.20000000000001,0
6963,-70.6000000000006,-7.49999999999996,100
6964,-58.6000000000009,-7.99999999999996,100
6965,-60.300000000001,-15.6999999999999,97
6966,-73.0000000000005,-9.59999999999996,100
6967,-76.9000000000003,-9.09999999999996,0
6968,-62.000000000001,-17.4,0
6969,-55.3000000000009,-7.89999999999996,38
6970,-75.6000000000004,4.30000000000003,86
6971,-44.1000000000007,-17.5,87
6972,-68.3000000000008,-22.9,0
6973,-54.8000000000009,-23,95
6974,-73.0000000000005,-6.09999999999997,100
6975,-44.9000000000008,-3.79999999999998,0
6976,-53.8000000000009,-13.4999999999999,100
6977,-39.3000000000007,-4.09999999999998,0
6978,-64.200000000001,-2.59999999999998,100
6979,-38.4000000000007,-5.99999999999997,44
6980,-68.2000000000008,6.70000000000002,2
6981,-49.6000000000008,-0.799999999999974,100
6982,-70.5000000000007,-12.6999999999999,100
6983,-65.000000000001,-11.7999999999999,97
6984,-44.7000000000007,-10.9,76
6985,-42.4000000000007,-17.1999999999999,48
6986,-65.5000000000009,-20,NaN
6987,-79.9000000000001,-4.59999999999997,21
6988,-73.3000000000005,1.30000000000003,100
6989,-57.6000000000009,-0.899999999999974,100
6990,-67.8000000000008,1.00000000000003,100
6991,-50.6000000000008,-18.2,0
6992,-70.9000000000006,-3.79999999999998,100
6993,-54.9000000000009,-4.19999999999998,100
6994,-54.2000000000009,5.60000000000002,99
6995,-55.4000000000009,-14.5999999999999,69
6996,-56.6000000000009,-11.9999999999999,97
6997,-47.4000000000008,-19,0
6998,-76.7000000000003,2.70000000000003,96
6999,-37.0000000000006,-5.49999999999997,0
7000,-78.7000000000002,-6.19999999999997,54
7001,-63.900000000001,-7.09999999999997,100
7002,-39.9000000000007,-18.3,0
7003,-41.5000000000007,-16.4999999999999,0
7004,-63.100000000001,4.20000000000003,96
7005,-74.6000000000004,-7.89999999999996,100
7006,-44.5000000000007,-9.59999999999996,0
7007,-47.2000000000008,-1.19999999999997,0
7008,-62.700000000001,-15.2999999999999,98
7009,-61.900000000001,-12.6999999999999,0
7010,-55.9000000000009,5.80000000000002,99
7011,-35.8000000000006,-8.29999999999996,4
7012,-61.200000000001,3.90000000000003,0
7013,-53.0000000000009,-17.4,0
7014,-71.0000000000006,-15.1999999999999,0
7015,-53.4000000000009,-18.7,0
7016,-60.300000000001,-5.19999999999997,100
7017,-73.2000000000005,-8.89999999999996,97
7018,-60.500000000001,-7.59999999999996,100
7019,-38.3000000000007,-9.99999999999996,0
7020,-62.900000000001,-13.4999999999999,22
7021,-67.2000000000008,5.70000000000002,98
7022,-61.500000000001,4.80000000000003,100
7023,-59.500000000001,-4.59999999999997,100
7024,-46.9000000000008,-4.39999999999998,76
7025,-71.6000000000006,-3.69999999999998,97
7026,-65.200000000001,-1.69999999999997,100
7027,-51.2000000000008,-19.7,0
7028,-61.300000000001,-22.1,7
7029,-70.5000000000007,-23.1,0
7030,-51.5000000000008,-17.3,0
7031,-48.3000000000008,-11.8999999999999,62
7032,-76.9000000000003,3.90000000000003,100
7033,-64.500000000001,-22.6,93
7034,-74.3000000000004,-9.89999999999996,100
7035,-42.9000000000007,-5.29999999999997,30
7036,-67.0000000000009,5.00000000000002,100
7037,-55.7000000000009,5.30000000000002,100
7038,-61.000000000001,-23.1,56
7039,-42.2000000000007,-2.69999999999998,0
7040,-69.3000000000007,11.5,NaN
7041,-52.5000000000009,-16.5999999999999,0
7042,-56.0000000000009,1.90000000000003,0
7043,-77.2000000000003,-1.69999999999997,100
7044,-80.6000000000001,-4.49999999999998,0
7045,-73.3000000000005,-1.99999999999997,100
7046,-63.900000000001,-13.6999999999999,8
7047,-38.8000000000007,-10.9,0
7048,-48.1000000000008,-11.7999999999999,43
7049,-59.500000000001,-4.49999999999998,100
7050,-36.5000000000006,-6.29999999999997,0
7051,-39.7000000000007,-13.5999999999999,47
7052,-72.6000000000005,1.10000000000003,100
7053,-52.0000000000009,2.58959520493818e-14,100
7054,-54.0000000000009,-19.7,8
7055,-70.1000000000007,-15.9999999999999,0
7056,-63.100000000001,-8.99999999999996,100
7057,-69.9000000000007,-20.8,0
7058,-43.3000000000007,-15.3999999999999,51
7059,-74.9000000000004,-14.8999999999999,0
7060,-67.3000000000008,-14.4999999999999,100
7061,-71.4000000000006,11.8,NaN
7062,-58.8000000000009,-17.8,98
7063,-58.900000000001,-5.99999999999997,100
7064,-68.6000000000008,-0.299999999999974,100
7065,-73.3000000000005,-1.19999999999997,100
7066,-55.7000000000009,-17.8,0
7067,-41.3000000000007,-12.6999999999999,7
7068,-77.2000000000003,-2.79999999999998,100
7069,-77.1000000000003,3.70000000000003,100
7070,-43.8000000000007,-19.8,7
7071,-64.700000000001,-11.3,100
7072,-59.500000000001,-23.5,46
7073,-80.8000000000001,7.80000000000001,0
7074,-79.5000000000001,-7.39999999999996,0
7075,-69.9000000000007,-4.79999999999997,100
7076,-42.4000000000007,-8.49999999999996,0
7077,-65.9000000000009,-21.9,0
7078,-74.8000000000004,-13.9999999999999,0
7079,-56.2000000000009,-3.09999999999998,100
7080,-50.3000000000008,-6.19999999999997,100
7081,-72.6000000000005,-6.79999999999997,100
7082,-47.0000000000008,-7.89999999999996,43
7083,-61.200000000001,-17.9,97
7084,-53.3000000000009,2.00000000000003,100
7085,-62.200000000001,-16.5999999999999,89
7086,-62.600000000001,-16.3999999999999,4
7087,-44.6000000000007,-22,94
7088,-72.3000000000006,-11.7999999999999,100
7089,-54.2000000000009,3.70000000000003,100
7090,-60.000000000001,-8.39999999999996,100
7091,-69.2000000000007,-0.199999999999974,100
7092,-52.1000000000009,-16.9999999999999,0
7093,-62.700000000001,4.10000000000003,100
7094,-68.9000000000007,-9.59999999999996,100
7095,-42.4000000000007,-16.6999999999999,0
7096,-53.9000000000009,-5.99999999999997,100
7097,-67.4000000000008,-1.49999999999997,100
7098,-54.2000000000009,-1.79999999999997,30
7099,-56.8000000000009,-18.1,0
7100,-49.8000000000008,-16.9999999999999,0
7101,-48.8000000000008,-17.6,0
7102,-53.7000000000009,-8.49999999999996,100
7103,-64.700000000001,-12.0999999999999,0
7104,-75.8000000000004,9.30000000000001,0
7105,-40.8000000000007,-10.6,0
7106,-42.3000000000007,-12.7999999999999,55
7107,-69.4000000000007,4.20000000000003,98
7108,-45.1000000000008,-5.99999999999997,0
7109,-74.3000000000004,6.30000000000002,45
7110,-44.1000000000007,-16.0999999999999,0
7111,-78.0000000000002,8.10000000000001,96
7112,-55.0000000000009,-19.6,76
7113,-68.8000000000008,-21.1,0
7114,-70.5000000000007,3.70000000000003,100
7115,-46.0000000000008,-1.69999999999997,43
7116,-67.9000000000008,5.90000000000002,0
7117,-68.7000000000008,-11.9999999999999,100
7118,-61.300000000001,-15.5999999999999,98
7119,-58.900000000001,-22.1,88
7120,-77.9000000000002,-8.59999999999996,29
7121,-76.1000000000003,-0.0999999999999741,100
7122,-41.9000000000007,-13.1999999999999,0
7123,-58.1000000000009,-17.3,0
7124,-49.8000000000008,-11.5999999999999,89
7125,-65.7000000000009,-13.6999999999999,0
7126,-52.6000000000009,2.30000000000003,100
7127,-57.8000000000009,-19.6,62
7128,-48.6000000000008,-8.79999999999996,0
7129,-45.4000000000008,-19.8,0
7130,-61.000000000001,-14.4999999999999,100
7131,-52.2000000000009,0.900000000000026,100
7132,-51.4000000000008,-7.69999999999996,100
7133,-57.6000000000009,-6.19999999999997,100
7134,-55.0000000000009,-19.3,89
7135,-66.0000000000009,2.30000000000003,100
7136,-75.7000000000004,-4.79999999999997,100
7137,-57.0000000000009,1.40000000000003,100
7138,-49.9000000000008,-6.79999999999997,71
7139,-63.300000000001,-9.39999999999996,0
7140,-75.4000000000004,5.20000000000002,100
7141,-75.0000000000004,-6.49999999999997,100
7142,-74.3000000000004,-2.79999999999998,100
7143,-62.600000000001,3.60000000000003,100
7144,-49.7000000000008,-1.89999999999997,100
7145,-69.7000000000007,8.40000000000001,0
7146,-54.4000000000009,-9.69999999999996,0
7147,-57.2000000000009,-23.4,28
7148,-53.8000000000009,-19.8,0
7149,-70.1000000000007,-16.1999999999999,0
7150,-66.4000000000009,-19,0
7151,-57.5000000000009,-15.3999999999999,97
7152,-63.400000000001,-16.3999999999999,89
7153,-62.000000000001,1.80000000000003,98
7154,-69.0000000000007,7.30000000000002,21
7155,-45.3000000000008,-15.7999999999999,0
7156,-52.2000000000009,-13.7999999999999,0
7157,-67.1000000000008,-19.3,0
7158,-61.600000000001,-18.3,97
7159,-51.6000000000008,-0.499999999999974,97
7160,-72.6000000000005,-10.2,100
7161,-58.6000000000009,-5.89999999999997,100
7162,-68.7000000000008,2.80000000000003,100
7163,-40.6000000000007,-18.2,0
7164,-60.800000000001,-11.9999999999999,98
7165,-55.1000000000009,-17.3,0
7166,-59.500000000001,-5.69999999999997,100
7167,-60.800000000001,-16.7999999999999,76
7168,-67.4000000000008,-4.19999999999998,100
7169,-62.200000000001,-1.99999999999997,100
7170,-49.2000000000008,-17.4,86
7171,-46.9000000000008,-23.6,0
7172,-70.4000000000007,9.70000000000001,0
7173,-38.7000000000007,-5.29999999999997,0
7174,-69.5000000000007,-18.9,0
7175,-57.4000000000009,-0.699999999999974,100
7176,-46.7000000000008,-16.3999999999999,0
7177,-61.500000000001,5.00000000000002,0
7178,-63.700000000001,6.70000000000002,0
7179,-44.9000000000008,-6.09999999999997,76
7180,-79.8000000000001,-6.09999999999997,0
7181,-55.8000000000009,-23.3,0
7182,-56.9000000000009,4.70000000000003,100
7183,-67.7000000000008,5.60000000000002,0
7184,-68.3000000000008,-8.19999999999996,100
7185,-71.8000000000006,5.50000000000002,43
7186,-58.0000000000009,-9.99999999999996,0
7187,-45.4000000000008,-18.9,0
7188,-50.9000000000008,-0.699999999999974,97
7189,-67.2000000000008,-14.7999999999999,100
7190,-68.9000000000007,4.80000000000003,0
7191,-68.9000000000007,-22.1,0
7192,-38.3000000000007,-7.89999999999996,49
7193,-63.200000000001,-21.9,74
7194,-50.1000000000008,-14.6999999999999,0
7195,-61.600000000001,-7.29999999999997,100
7196,-60.100000000001,0.500000000000026,100
7197,-71.0000000000006,5.30000000000002,0
7198,-41.2000000000007,-11.5,15
7199,-59.600000000001,7.20000000000002,97
7200,-39.0000000000007,-10.2,44
7201,-70.0000000000007,-10.3,100
7202,-52.6000000000009,-16.2999999999999,26
7203,-79.9000000000001,8.80000000000001,81
7204,-72.9000000000005,9.60000000000001,100
7205,-77.3000000000003,-1.39999999999997,100
7206,-55.7000000000009,-8.89999999999996,100
7207,-36.2000000000006,-9.69999999999996,0
7208,-56.7000000000009,-17.9,0
7209,-71.8000000000006,0.300000000000026,100
7210,-39.5000000000007,-14.6999999999999,100
7211,-78.1000000000002,-7.99999999999996,0
7212,-46.7000000000008,-11.5,0
7213,-75.6000000000004,8.80000000000001,14
7214,-37.0000000000006,-7.99999999999996,0
7215,-61.200000000001,-3.09999999999998,100
7216,-72.2000000000006,-6.19999999999997,100
7217,-70.5000000000007,-18.2,0
7218,-58.5000000000009,-21.9,93
7219,-80.7000000000001,-1.09999999999997,0
7220,-55.2000000000009,0.200000000000026,100
7221,-63.200000000001,-0.899999999999974,94
7222,-74.0000000000005,7.00000000000002,89
7223,-45.3000000000008,-2.39999999999998,100
7224,-59.100000000001,-12.1999999999999,86
7225,-68.5000000000008,-17.0999999999999,0
7226,-80.1000000000001,-1.19999999999997,89
7227,-66.3000000000009,-21.8,0
7228,-50.6000000000008,-14.3999999999999,0
7229,-65.4000000000009,4.50000000000003,100
7230,-49.4000000000008,-17.7,0
7231,-46.2000000000008,-9.79999999999996,0
7232,-58.5000000000009,0.500000000000026,100
7233,-57.8000000000009,5.20000000000002,100
7234,-58.0000000000009,-5.89999999999997,100
7235,-46.3000000000008,-8.09999999999996,0
7236,-36.9000000000006,-10.3,0
7237,-49.8000000000008,-21.7,0
7238,-62.700000000001,-20.2,37
7239,-73.2000000000005,-2.19999999999997,100
7240,-55.3000000000009,-3.89999999999998,98
7241,-75.1000000000004,3.30000000000003,41
7242,-76.2000000000003,-7.29999999999997,99
7243,-55.0000000000009,1.20000000000003,97
7244,-60.800000000001,-15.1999999999999,98
7245,-45.9000000000008,-11.8999999999999,37
7246,-62.900000000001,-11.6999999999999,100
7247,-51.6000000000008,-6.49999999999997,100
7248,-65.200000000001,-0.499999999999974,99
7249,-64.300000000001,-11.3,100
7250,-45.6000000000008,-2.89999999999998,20
7251,-69.2000000000007,-3.99999999999998,100
7252,-76.8000000000003,-11.8999999999999,0
7253,-43.1000000000007,-6.39999999999997,51
7254,-47.7000000000008,-18.1,48
7255,-51.4000000000008,1.10000000000003,100
7256,-56.4000000000009,-21.6,0
7257,-73.4000000000005,10.2,NaN
7258,-63.300000000001,-13.0999999999999,100
7259,-80.6000000000001,-4.29999999999998,45
7260,-57.1000000000009,-19.2,0
7261,-40.5000000000007,-4.29999999999998,0
7262,-71.9000000000006,-13.2999999999999,0
7263,-45.7000000000008,-22.7,63
7264,-72.3000000000006,2.70000000000003,0
7265,-58.8000000000009,-12.1999999999999,82
7266,-55.4000000000009,-14.3999999999999,0
7267,-46.5000000000008,-4.89999999999997,98
7268,-55.7000000000009,4.80000000000003,98
7269,-59.600000000001,-3.69999999999998,0
7270,-78.1000000000002,7.80000000000001,100
7271,-52.6000000000009,-9.29999999999996,100
7272,-64.800000000001,-13.2999999999999,23
7273,-63.100000000001,-13.5999999999999,100
7274,-69.8000000000007,-3.29999999999998,100
7275,-51.1000000000008,-11.4,5
7276,-46.0000000000008,-3.89999999999998,95
7277,-54.3000000000009,-11.5999999999999,0
7278,-37.2000000000006,-10.4,51
7279,-72.1000000000006,-10.6,100
7280,-53.4000000000009,-17.3,0
7281,-71.6000000000006,9.00000000000001,69
7282,-68.7000000000008,-8.49999999999996,100
7283,-68.8000000000008,-12.7999999999999,100
7284,-77.6000000000003,-3.69999999999998,97
7285,-65.000000000001,3.70000000000003,100
7286,-78.9000000000002,1.60000000000003,94
7287,-66.2000000000009,-13.1999999999999,100
7288,-61.300000000001,6.70000000000002,100
7289,-60.500000000001,-18.3,69
7290,-64.500000000001,-11.1,100
7291,-72.8000000000005,2.50000000000003,74
7292,-48.9000000000008,-19.9,0
7293,-48.3000000000008,-15.6999999999999,0
7294,-41.0000000000007,-20,NaN
7295,-44.0000000000007,-11.8999999999999,87
7296,-65.6000000000009,-5.29999999999997,100
7297,-41.8000000000007,-16.1999999999999,59
7298,-60.100000000001,-3.79999999999998,100
7299,-50.9000000000008,-6.99999999999997,0
7300,-51.7000000000008,-17.8,0
7301,-55.9000000000009,0.900000000000026,100
7302,-74.6000000000004,-10.8,100
7303,-73.4000000000005,7.20000000000002,81
7304,-63.400000000001,6.00000000000002,96
7305,-51.8000000000008,-21.6,43
7306,-68.6000000000008,8.20000000000001,79
7307,-66.7000000000009,4.90000000000003,100
7308,-45.8000000000008,-10.9,0
7309,-62.100000000001,-13.6999999999999,97
7310,-70.4000000000007,-1.19999999999997,100
7311,-47.7000000000008,-21,93
7312,-57.4000000000009,-15.4999999999999,0
7313,-64.200000000001,-5.39999999999997,100
7314,-39.5000000000007,-3.49999999999998,0
7315,-41.2000000000007,-18.5,0
7316,-43.9000000000007,-19.6,0
7317,-67.1000000000008,8.90000000000001,33
7318,-61.200000000001,-9.59999999999996,100
7319,-76.3000000000003,-6.39999999999997,100
7320,-57.5000000000009,2.40000000000003,100
7321,-40.5000000000007,-20.1,0
7322,-67.3000000000008,-19.5,0
7323,-74.9000000000004,-7.59999999999996,100
7324,-72.9000000000005,-4.69999999999997,100
7325,-72.6000000000005,-4.39999999999998,100
7326,-67.3000000000008,-23.3,0
7327,-48.6000000000008,-23.6,0
7328,-56.5000000000009,-1.89999999999997,26
7329,-52.6000000000009,-15.9999999999999,0
7330,-73.5000000000005,1.90000000000003,100
7331,-52.4000000000009,-14.3999999999999,0
7332,-60.600000000001,5.70000000000002,97
7333,-48.9000000000008,-9.69999999999996,82
7334,-37.3000000000006,-7.89999999999996,19
7335,-63.700000000001,0.300000000000026,17
7336,-37.5000000000006,-6.59999999999997,0
7337,-69.8000000000007,-16.6999999999999,0
7338,-52.9000000000009,3.50000000000003,100
7339,-63.600000000001,-1.49999999999997,100
7340,-52.4000000000009,-1.19999999999997,100
7341,-72.3000000000006,1.40000000000003,100
7342,-66.6000000000009,-14.1999999999999,51
7343,-53.9000000000009,4.90000000000003,100
7344,-65.100000000001,-4.89999999999997,100
7345,-75.4000000000004,-3.99999999999998,100
7346,-76.8000000000003,7.40000000000002,66
7347,-69.7000000000007,5.00000000000002,0
7348,-52.2000000000009,-20.3,0
7349,-51.6000000000008,-22.6,0
7350,-56.6000000000009,-16.8999999999999,93
7351,-38.1000000000007,-10.9,4
7352,-54.6000000000009,-4.49999999999998,100
7353,-66.3000000000009,-1.69999999999997,100
7354,-50.7000000000008,2.58959520493818e-14,0
7355,-69.4000000000007,5.80000000000002,0
7356,-60.100000000001,-17.9,62
7357,-64.500000000001,-11.3,100
7358,-60.600000000001,1.20000000000003,100
7359,-40.5000000000007,-16.2999999999999,0
7360,-61.900000000001,-3.89999999999998,0
7361,-37.2000000000006,-9.59999999999996,0
7362,-40.0000000000007,-6.09999999999997,3
7363,-45.5000000000008,-4.29999999999998,0
7364,-44.7000000000007,-14.0999999999999,0
7365,-75.5000000000004,1.80000000000003,41
7366,-51.4000000000008,-11.2,79
7367,-56.3000000000009,3.50000000000003,97
7368,-38.3000000000007,-9.39999999999996,0
7369,-47.6000000000008,-11.1,0
7370,-72.0000000000006,-16.4999999999999,0
7371,-53.6000000000009,-21.2,0
7372,-71.0000000000006,-0.0999999999999741,100
7373,-41.3000000000007,-12.7999999999999,0
7374,-62.900000000001,-23.1,36
7375,-43.6000000000007,-17.7,0
7376,-58.900000000001,-17.4,100
7377,-43.8000000000007,-19.5,0
7378,-55.5000000000009,-20.9,0
7379,-64.500000000001,-18.7,0
7380,-73.5000000000005,8.30000000000001,70
7381,-62.500000000001,4.40000000000003,100
7382,-44.3000000000007,-9.89999999999996,48
7383,-47.2000000000008,-18.5,0
7384,-68.4000000000008,-22.8,0
7385,-67.6000000000008,-13.6999999999999,99
7386,-70.9000000000006,-0.0999999999999741,0
7387,-41.2000000000007,-14.4999999999999,0
7388,-39.9000000000007,-5.99999999999997,65
7389,-59.000000000001,7.10000000000002,98
7390,-79.2000000000002,-0.699999999999974,14
7391,-45.8000000000008,-6.09999999999997,0
7392,-69.0000000000007,3.50000000000003,100
7393,-63.000000000001,-5.09999999999997,100
7394,-66.4000000000009,-7.09999999999997,100
7395,-64.800000000001,4.80000000000003,100
7396,-67.7000000000008,-16.1999999999999,90
7397,-77.7000000000002,0.600000000000026,95
7398,-60.300000000001,-17.6,97
7399,-46.0000000000008,-2.79999999999998,100
7400,-40.3000000000007,-12.7999999999999,0
7401,-46.2000000000008,-7.09999999999997,47
7402,-58.2000000000009,-1.49999999999997,100
7403,-73.3000000000005,-0.599999999999974,100
7404,-78.9000000000002,-5.29999999999997,82
7405,-53.4000000000009,-18.6,0
7406,-77.0000000000003,-3.39999999999998,100
7407,-69.8000000000007,-11.2,98
7408,-71.7000000000006,1.10000000000003,97
7409,-62.000000000001,-13.6999999999999,100
7410,-53.9000000000009,-8.29999999999996,97
7411,-59.800000000001,-9.09999999999996,100
7412,-69.7000000000007,-22.1,0
7413,-68.2000000000008,9.70000000000001,0
7414,-75.0000000000004,6.40000000000002,96
7415,-46.4000000000008,-23.8,96
7416,-64.900000000001,-20.2,0
7417,-46.9000000000008,-20,NaN
7418,-53.3000000000009,-11.5999999999999,100
7419,-44.0000000000007,-16.8999999999999,48
7420,-50.3000000000008,-7.19999999999997,0
7421,-67.1000000000008,-13.7999999999999,93
7422,-73.4000000000005,-11.7999999999999,100
7423,-52.0000000000009,-7.69999999999996,98
7424,-45.0000000000008,-13.1999999999999,0
7425,-80.1000000000001,7.50000000000002,0
7426,-45.8000000000008,-23.4,55
7427,-41.5000000000007,-18,0
7428,-67.3000000000008,9.30000000000001,25
7429,-62.100000000001,-15.3999999999999,100
7430,-58.8000000000009,1.10000000000003,100
7431,-69.3000000000007,-17.4,0
7432,-63.600000000001,-7.39999999999996,100
7433,-58.0000000000009,-11.7999999999999,0
7434,-62.300000000001,-15.7999999999999,98
7435,-62.300000000001,-17.7,7
7436,-50.0000000000008,-12.0999999999999,0
7437,-65.5000000000009,8.90000000000001,41
7438,-52.2000000000009,-10.1,100
7439,-69.3000000000007,-4.89999999999997,100
7440,-51.2000000000008,-14.3999999999999,51
7441,-51.6000000000008,-20.9,0
7442,-62.600000000001,-21.6,37
7443,-47.0000000000008,-9.39999999999996,0
7444,-41.0000000000007,-2.99999999999998,37
7445,-44.3000000000007,-13.3999999999999,0
7446,-39.4000000000007,-12.7999999999999,82
7447,-72.2000000000006,-2.49999999999998,100
7448,-55.0000000000009,-24,0
7449,-70.5000000000007,-14.5999999999999,0
7450,-43.3000000000007,-4.09999999999998,0
7451,-57.0000000000009,3.00000000000003,98
7452,-69.9000000000007,-6.99999999999997,100
7453,-37.9000000000007,-7.29999999999997,0
7454,-76.1000000000003,6.50000000000002,90
7455,-76.5000000000003,-12.2999999999999,0
7456,-79.7000000000001,-2.79999999999998,59
7457,-72.2000000000006,-10.5,98
7458,-58.8000000000009,-13.9999999999999,0
7459,-75.1000000000004,-9.19999999999996,100
7460,-76.0000000000003,-5.29999999999997,100
7461,-60.300000000001,-10.7,100
7462,-50.1000000000008,-5.29999999999997,99
7463,-66.0000000000009,-5.69999999999997,100
7464,-60.900000000001,-11.5999999999999,0
7465,-60.500000000001,5.00000000000002,0
7466,-48.9000000000008,-17.4,0
7467,-50.7000000000008,-17.7,0
7468,-75.9000000000003,3.10000000000003,94
7469,-69.8000000000007,-3.19999999999998,100
7470,-36.0000000000006,-8.89999999999996,0
7471,-72.9000000000005,-6.39999999999997,100
7472,-63.400000000001,3.50000000000003,100
7473,-44.7000000000007,-16.1999999999999,51
7474,-67.7000000000008,-9.19999999999996,100
7475,-74.6000000000004,-5.39999999999997,100
7476,-77.2000000000003,-1.09999999999997,100
7477,-59.400000000001,-1.69999999999997,100
7478,-43.5000000000007,-21.1,0
7479,-54.6000000000009,-19,0
7480,-45.7000000000008,-6.29999999999997,0
7481,-64.400000000001,3.20000000000003,97
7482,-75.0000000000004,-9.59999999999996,37
7483,-69.9000000000007,-1.59999999999997,100
7484,-49.0000000000008,-8.49999999999996,8
7485,-58.2000000000009,-15.4999999999999,62
7486,-37.7000000000006,-5.09999999999997,0
7487,-53.4000000000009,3.30000000000003,100
7488,-59.000000000001,4.90000000000003,100
7489,-64.900000000001,-11,97
7490,-48.5000000000008,-1.99999999999997,100
7491,-42.8000000000007,-15.1999999999999,36
7492,-42.4000000000007,-5.39999999999997,28
7493,-51.0000000000008,1.60000000000003,93
7494,-61.800000000001,-20.2,17
7495,-68.1000000000008,-15.2999999999999,100
7496,-62.200000000001,4.20000000000003,100
7497,-62.900000000001,-7.89999999999996,98
7498,-45.6000000000008,-15.3999999999999,0
7499,-78.5000000000002,2.58959520493818e-14,0
7500,-78.6000000000002,-1.89999999999997,51
7501,-71.0000000000006,-13.3999999999999,82
7502,-61.800000000001,3.30000000000003,100
7503,-76.2000000000003,-12.1999999999999,0
7504,-40.1000000000007,-10.7,0
7505,-78.0000000000002,-0.0999999999999741,0
7506,-62.700000000001,-18.8,47
7507,-36.6000000000006,-10.1,22
7508,-52.5000000000009,-19.2,76
7509,-61.600000000001,-5.49999999999997,100
7510,-46.6000000000008,-23.9,94
7511,-40.1000000000007,-6.69999999999997,0
7512,-73.4000000000005,-14.6999999999999,0
7513,-75.8000000000004,5.30000000000002,95
7514,-39.4000000000007,-5.69999999999997,41
7515,-40.2000000000007,-18.6,0
7516,-59.700000000001,-21.4,56
7517,-39.0000000000007,-7.49999999999996,0
7518,-44.0000000000007,-11.2,0
7519,-74.5000000000004,-12.6999999999999,0
7520,-65.3000000000009,6.30000000000002,100
7521,-80.2000000000001,-4.69999999999997,0
7522,-70.6000000000006,9.20000000000001,87
7523,-49.7000000000008,0.200000000000026,100
7524,-55.3000000000009,-5.49999999999997,100
7525,-54.1000000000009,-3.49999999999998,98
7526,-41.6000000000007,-6.29999999999997,29
7527,-59.200000000001,-0.199999999999974,100
7528,-67.2000000000008,-0.799999999999974,100
7529,-64.000000000001,-15.4999999999999,60
7530,-44.4000000000007,-20.7,0
7531,-45.1000000000008,-9.09999999999996,0
7532,-60.800000000001,-12.7999999999999,100
7533,-53.3000000000009,-17.4,0
7534,-64.000000000001,-13.6999999999999,0
7535,-44.8000000000008,-19.9,0
7536,-54.5000000000009,-7.59999999999996,100
7537,-60.400000000001,4.50000000000003,0
7538,-42.0000000000007,-3.59999999999998,28
7539,-70.1000000000007,2.70000000000003,100
7540,-66.7000000000009,-16.8999999999999,0
7541,-58.7000000000009,-16.3999999999999,69
7542,-52.1000000000009,-19,0
7543,-47.9000000000008,-19.6,0
7544,-66.6000000000009,-11.7999999999999,100
7545,-53.2000000000009,-16.7999999999999,0
7546,-74.2000000000004,-11.5,100
7547,-44.5000000000007,-6.29999999999997,53
7548,-70.0000000000007,-14.2999999999999,0
7549,-69.1000000000007,-8.79999999999996,100
7550,-54.0000000000009,-3.99999999999998,0
7551,-51.8000000000008,-23.8,0
7552,-76.2000000000003,-11.8999999999999,0
7553,-43.6000000000007,-17.6,51
7554,-60.800000000001,-7.99999999999996,100
7555,-47.5000000000008,-13.3999999999999,40
7556,-61.900000000001,-12.2999999999999,36
7557,-45.9000000000008,-22.7,79
7558,-40.2000000000007,-12.2999999999999,41
7559,-71.9000000000006,-6.99999999999997,100
7560,-47.7000000000008,-3.69999999999998,100
7561,-63.200000000001,-23.3,44
7562,-49.0000000000008,-6.29999999999997,3
7563,-72.6000000000005,-13.0999999999999,85
7564,-76.2000000000003,8.40000000000001,95
7565,-66.3000000000009,10.4,NaN
7566,-66.2000000000009,7.40000000000002,3
7567,-76.2000000000003,7.10000000000002,96
7568,-69.4000000000007,-19.2,0
7569,-44.6000000000007,-7.79999999999996,0
7570,-75.5000000000004,-0.599999999999974,100
7571,-59.200000000001,-15.3999999999999,74
7572,-62.500000000001,9.60000000000001,97
7573,-76.3000000000003,-8.29999999999996,98
7574,-74.2000000000004,-6.79999999999997,100
7575,-36.1000000000006,-5.09999999999997,15
7576,-65.5000000000009,-9.09999999999996,100
7577,-56.9000000000009,-21.2,93
7578,-56.7000000000009,-7.69999999999996,100
7579,-54.7000000000009,-15.0999999999999,24
7580,-42.1000000000007,-18.6,0
7581,-75.6000000000004,2.60000000000003,58
7582,-62.500000000001,6.20000000000002,100
7583,-77.2000000000003,7.50000000000002,99
7584,-56.4000000000009,-22.7,79
7585,-54.7000000000009,-18.4,0
7586,-74.0000000000005,2.20000000000003,100
7587,-58.900000000001,-20.8,0
7588,-46.0000000000008,-22.5,0
7589,-45.1000000000008,-3.09999999999998,55
7590,-63.000000000001,-22.4,51
7591,-42.6000000000007,-7.39999999999996,47
7592,-49.5000000000008,-11,0
7593,-64.900000000001,6.80000000000002,97
7594,-47.8000000000008,-18,0
7595,-58.2000000000009,-5.29999999999997,100
7596,-77.0000000000003,-7.09999999999997,100
7597,-64.400000000001,-1.99999999999997,100
7598,-50.5000000000008,-18.2,0
7599,-39.6000000000007,-5.09999999999997,0
7600,-62.600000000001,2.40000000000003,100
7601,-44.0000000000007,-5.29999999999997,89
7602,-72.8000000000005,5.20000000000002,95
7603,-40.1000000000007,-14.9999999999999,14
7604,-57.3000000000009,-21.5,82
7605,-48.9000000000008,-14.5999999999999,0
7606,-58.1000000000009,3.50000000000003,100
7607,-69.8000000000007,7.60000000000002,47
7608,-43.6000000000007,-2.89999999999998,59
7609,-57.3000000000009,-17.7,0
7610,-70.9000000000006,2.30000000000003,100
7611,-39.4000000000007,-8.59999999999996,0
7612,-72.6000000000005,-16.3999999999999,0
7613,-74.8000000000004,1.60000000000003,0
7614,-64.800000000001,0.500000000000026,100
7615,-75.9000000000003,-13.8999999999999,0
7616,-52.4000000000009,-16.3999999999999,0
7617,-36.3000000000006,-5.89999999999997,43
7618,-46.4000000000008,-14.7999999999999,0
7619,-38.3000000000007,-11.9999999999999,0
7620,-60.500000000001,-9.69999999999996,100
7621,-66.4000000000009,-23.3,0
7622,-61.600000000001,1.40000000000003,100
7623,-68.4000000000008,-17.6,0
7624,-72.6000000000005,-7.19999999999997,100
7625,-68.0000000000008,-8.09999999999996,100
7626,-75.8000000000004,-4.59999999999997,100
7627,-59.600000000001,-20.6,47
7628,-60.200000000001,-18.6,48
7629,-78.8000000000002,-7.69999999999996,0
7630,-48.6000000000008,-16.9999999999999,0
7631,-38.9000000000007,-6.29999999999997,6
7632,-69.8000000000007,3.40000000000003,100
7633,-63.400000000001,8.80000000000001,86
7634,-72.8000000000005,-13.3999999999999,59
7635,-58.900000000001,-19.3,93
7636,-42.3000000000007,-3.79999999999998,89
7637,-75.0000000000004,-10.2,48
7638,-58.6000000000009,-21.5,28
7639,-43.2000000000007,-7.29999999999997,0
7640,-46.9000000000008,-8.49999999999996,59
7641,-68.5000000000008,-9.29999999999996,0
7642,-56.7000000000009,-4.89999999999997,100
7643,-73.3000000000005,4.80000000000003,7
7644,-53.9000000000009,-6.29999999999997,100
7645,-63.500000000001,-11.3,100
7646,-41.1000000000007,-7.39999999999996,0
7647,-73.6000000000005,-4.59999999999997,100
7648,-67.4000000000008,-23.1,0
7649,-61.000000000001,-22.2,36
7650,-60.800000000001,-18.2,48
7651,-59.600000000001,2.50000000000003,0
7652,-67.6000000000008,6.20000000000002,0
7653,-62.100000000001,-11.5,100
7654,-50.9000000000008,-12.2999999999999,0
7655,-61.300000000001,-19.4,43
7656,-50.2000000000008,-3.59999999999998,0
7657,-75.0000000000004,6.90000000000002,43
7658,-69.9000000000007,-9.49999999999996,98
7659,-52.2000000000009,-2.49999999999998,100
7660,-76.3000000000003,1.60000000000003,97
7661,-55.4000000000009,-0.699999999999974,98
7662,-47.9000000000008,-2.59999999999998,100
7663,-65.6000000000009,-4.19999999999998,100
7664,-77.8000000000002,-2.19999999999997,97
7665,-66.5000000000009,-21.9,0
7666,-60.200000000001,8.40000000000001,100
7667,-63.600000000001,-9.39999999999996,100
7668,-53.1000000000009,-11.9999999999999,100
7669,-68.2000000000008,3.60000000000003,0
7670,-44.1000000000007,-8.29999999999996,72
7671,-46.2000000000008,-1.69999999999997,46
7672,-44.5000000000007,-6.99999999999997,0
7673,-57.2000000000009,0.100000000000026,100
7674,-40.2000000000007,-10.7,0
7675,-48.7000000000008,-1.99999999999997,72
7676,-54.0000000000009,-14.3999999999999,0
7677,-77.5000000000003,-6.29999999999997,96
7678,-64.400000000001,-7.69999999999996,100
7679,-57.9000000000009,-20.5,0
7680,-63.200000000001,-1.79999999999997,100
7681,-57.1000000000009,5.20000000000002,100
7682,-69.1000000000007,-7.09999999999997,100
7683,-72.7000000000005,-4.99999999999997,100
7684,-80.6000000000001,-5.59999999999997,0
7685,-79.7000000000001,-2.49999999999998,95
7686,-66.6000000000009,-14.5999999999999,0
7687,-64.200000000001,-19.6,0
7688,-48.8000000000008,-13.2999999999999,0
7689,-57.7000000000009,-22.1,93
7690,-54.1000000000009,2.90000000000003,99
7691,-53.8000000000009,-3.19999999999998,100
7692,-52.3000000000009,-13.7999999999999,0
7693,-67.9000000000008,-10.9,100
7694,-42.3000000000007,-12.6999999999999,0
7695,-43.6000000000007,-21.9,37
7696,-46.1000000000008,-5.69999999999997,0
7697,-63.500000000001,8.20000000000001,15
7698,-67.1000000000008,-6.69999999999997,100
7699,-57.6000000000009,0.700000000000026,100
7700,-54.8000000000009,-18.7,20
7701,-73.2000000000005,-9.49999999999996,100
7702,-42.8000000000007,-5.89999999999997,51
7703,-42.3000000000007,-20.7,54
7704,-52.6000000000009,-3.69999999999998,100
7705,-66.1000000000009,-15.4999999999999,100
7706,-54.3000000000009,-6.09999999999997,100
7707,-51.9000000000009,-6.69999999999997,29
7708,-50.1000000000008,1.30000000000003,33
7709,-60.400000000001,-13.6999999999999,100
7710,-71.3000000000006,10.4,NaN
7711,-68.6000000000008,2.40000000000003,100
7712,-60.200000000001,-10.4,97
7713,-56.6000000000009,-6.19999999999997,100
7714,-58.8000000000009,3.60000000000003,93
7715,-55.3000000000009,1.40000000000003,100
7716,-50.9000000000008,0.800000000000026,100
7717,-58.3000000000009,-17.5,93
7718,-42.7000000000007,-12.4999999999999,49
7719,-70.8000000000006,-5.99999999999997,100
7720,-48.7000000000008,-7.19999999999997,97
7721,-64.100000000001,5.90000000000002,100
7722,-40.0000000000007,-11.1,0
7723,-63.400000000001,-4.29999999999998,0
7724,-56.3000000000009,-5.39999999999997,100
7725,-61.400000000001,-17.9,99
7726,-78.9000000000002,1.20000000000003,90
7727,-56.5000000000009,-17.1999999999999,73
7728,-62.800000000001,-2.59999999999998,100
7729,-68.6000000000008,7.90000000000001,0
7730,-43.9000000000007,-8.39999999999996,0
7731,-80.0000000000001,-0.499999999999974,86
7732,-72.4000000000005,-11.8999999999999,95
7733,-41.8000000000007,-7.09999999999997,36
7734,-49.2000000000008,-22.8,0
7735,-71.9000000000006,2.80000000000003,100
7736,-75.1000000000004,10,NaN
7737,-70.3000000000007,6.80000000000002,7
7738,-70.5000000000007,-8.49999999999996,98
7739,-64.800000000001,-22.4,96
7740,-60.600000000001,-2.29999999999997,100
7741,-76.4000000000003,-5.79999999999997,100
7742,-51.5000000000008,-5.49999999999997,100
7743,-61.700000000001,-15.2999999999999,100
7744,-65.7000000000009,-23.9,0
7745,-57.6000000000009,-4.89999999999997,100
7746,-63.400000000001,7.20000000000002,0
7747,-54.8000000000009,-6.39999999999997,100
7748,-76.4000000000003,-5.69999999999997,98
7749,-71.0000000000006,10.3,NaN
7750,-47.0000000000008,-5.79999999999997,71
7751,-59.700000000001,-18.9,56
7752,-69.6000000000007,-21.4,0
7753,-59.800000000001,2.30000000000003,0
7754,-44.0000000000007,-19.1,60
7755,-69.5000000000007,-1.59999999999997,100
7756,-79.3000000000002,-6.99999999999997,51
7757,-63.500000000001,-15.0999999999999,100
7758,-77.7000000000002,-0.199999999999974,0
7759,-60.100000000001,-1.89999999999997,100
7760,-58.2000000000009,-7.69999999999996,100
7761,-65.3000000000009,5.10000000000002,100
7762,-49.4000000000008,-14.4999999999999,0
7763,-53.5000000000009,-19.8,0
7764,-59.700000000001,-3.19999999999998,93
7765,-68.9000000000007,-2.89999999999998,100
7766,-72.9000000000005,-2.69999999999998,100
7767,-76.6000000000003,-3.19999999999998,100
7768,-67.9000000000008,-5.49999999999997,100
7769,-64.800000000001,-20.5,0
7770,-59.300000000001,-8.29999999999996,100
7771,-42.8000000000007,-14.7999999999999,21
7772,-68.5000000000008,-13.8999999999999,0
7773,-41.9000000000007,-15.2999999999999,0
7774,-58.5000000000009,-14.1999999999999,0
7775,-62.100000000001,-9.99999999999996,100
7776,-43.4000000000007,-18.9,0
7777,-44.5000000000007,-19.1,0
7778,-63.400000000001,-13.6999999999999,0
7779,-66.7000000000009,-6.69999999999997,100
7780,-61.700000000001,-16.5999999999999,98
7781,-59.200000000001,-21.1,0
7782,-43.9000000000007,-17.0999999999999,60
7783,-43.7000000000007,-17.5,0
7784,-42.9000000000007,-21.2,0
7785,-63.500000000001,-21.3,86
7786,-50.0000000000008,-1.49999999999997,100
7787,-61.200000000001,-13.6999999999999,100
7788,-59.000000000001,-15.8999999999999,93
7789,-40.2000000000007,-12.7999999999999,0
7790,-62.400000000001,-3.39999999999998,100
7791,-74.0000000000005,6.00000000000002,95
7792,-64.900000000001,8.00000000000001,0
7793,-63.700000000001,6.20000000000002,100
7794,-70.0000000000007,-18.1,0
7795,-65.5000000000009,-14.7999999999999,15
7796,-66.1000000000009,-1.69999999999997,0
7797,-45.8000000000008,-7.59999999999996,48
7798,-56.5000000000009,4.50000000000003,100
7799,-76.2000000000003,-10.3,0
7800,-81.5,8.20000000000001,49
7801,-45.1000000000008,-8.19999999999996,0
7802,-45.9000000000008,-8.19999999999996,0
7803,-76.3000000000003,-12.6999999999999,0
7804,-38.6000000000007,-8.99999999999996,0
7805,-63.100000000001,-17.9,0
7806,-57.8000000000009,-12.1999999999999,0
7807,-70.9000000000006,2.58959520493818e-14,100
7808,-50.3000000000008,-1.49999999999997,100
7809,-59.200000000001,-9.89999999999996,100
7810,-58.2000000000009,-17.1999999999999,48
7811,-36.1000000000006,-6.89999999999997,15
7812,-63.700000000001,-7.89999999999996,100
7813,-37.1000000000006,-11,0
7814,-54.7000000000009,-16.0999999999999,0
7815,-44.8000000000008,-17.7,0
7816,-37.7000000000006,-8.89999999999996,0
7817,-60.600000000001,1.60000000000003,100
7818,-71.4000000000006,-16.5999999999999,0
7819,-43.6000000000007,-12.6999999999999,0
7820,-59.800000000001,-6.99999999999997,100
7821,-42.4000000000007,-9.79999999999996,0
7822,-65.000000000001,9.20000000000001,0
7823,-79.3000000000002,-6.69999999999997,0
7824,-63.500000000001,4.20000000000003,100
7825,-52.9000000000009,-1.69999999999997,100
7826,-71.9000000000006,9.00000000000001,7
7827,-49.7000000000008,-12.5999999999999,52
7828,-68.6000000000008,-12.2999999999999,100
7829,-40.9000000000007,-18.3,90
7830,-75.0000000000004,-5.99999999999997,100
7831,-59.200000000001,-8.09999999999996,100
7832,-69.4000000000007,-11.3,98
7833,-48.0000000000008,-1.19999999999997,0
7834,-45.2000000000008,-9.49999999999996,55
7835,-54.8000000000009,1.30000000000003,100
7836,-41.0000000000007,-8.89999999999996,0
7837,-41.9000000000007,-9.79999999999996,0
7838,-60.100000000001,-14.3999999999999,0
7839,-63.100000000001,-0.599999999999974,0
7840,-63.200000000001,-11.5,100
7841,-53.9000000000009,3.10000000000003,100
7842,-72.4000000000005,-12.6999999999999,0
7843,-40.9000000000007,-6.69999999999997,17
7844,-78.4000000000002,8.40000000000001,6
7845,-47.6000000000008,-13.4999999999999,0
7846,-68.9000000000007,5.90000000000002,0
7847,-71.1000000000006,-10.4,100
7848,-49.7000000000008,-8.69999999999996,18
7849,-73.2000000000005,4.90000000000003,76
7850,-55.6000000000009,-11.3,0
7851,-43.7000000000007,-9.99999999999996,60
7852,-40.2000000000007,-8.89999999999996,0
7853,-60.300000000001,-15.2999999999999,0
7854,-56.8000000000009,-0.499999999999974,100
7855,-53.4000000000009,-7.49999999999996,100
7856,-58.7000000000009,3.60000000000003,100
7857,-46.8000000000008,-16.8999999999999,0
7858,-45.7000000000008,-2.59999999999998,28
7859,-57.4000000000009,1.60000000000003,100
7860,-46.6000000000008,-8.89999999999996,76
7861,-36.7000000000006,-7.59999999999996,0
7862,-39.6000000000007,-11.9999999999999,0
7863,-71.8000000000006,-5.49999999999997,100
7864,-63.300000000001,-17.7,0
7865,-77.2000000000003,7.00000000000002,97
7866,-72.8000000000005,-5.49999999999997,100
7867,-55.0000000000009,5.10000000000002,100
7868,-58.6000000000009,-20.2,99
7869,-61.600000000001,-4.29999999999998,100
7870,-53.6000000000009,-23.2,0
7871,-67.7000000000008,-21.1,0
7872,-66.3000000000009,9.00000000000001,37
7873,-55.3000000000009,-0.899999999999974,100
7874,-77.5000000000003,6.90000000000002,97
7875,-38.1000000000007,-6.79999999999997,0
7876,-64.900000000001,8.90000000000001,33
7877,-54.5000000000009,-22.5,0
7878,-63.200000000001,4.00000000000003,100
7879,-65.100000000001,6.50000000000002,97
7880,-57.6000000000009,-12.4999999999999,100
7881,-77.8000000000002,2.70000000000003,0
7882,-65.9000000000009,8.50000000000001,0
7883,-63.200000000001,-5.49999999999997,100
7884,-52.0000000000009,-13.1999999999999,0
7885,-67.0000000000009,-3.19999999999998,100
7886,-43.7000000000007,-5.49999999999997,95
7887,-65.200000000001,0.700000000000026,100
7888,-79.3000000000002,-3.89999999999998,0
7889,-63.300000000001,-8.99999999999996,0
7890,-57.9000000000009,-19.6,0
7891,-74.9000000000004,5.10000000000002,0
7892,-69.9000000000007,-2.59999999999998,97
7893,-48.5000000000008,-23.2,97
7894,-64.800000000001,-16.2999999999999,100
7895,-70.2000000000007,5.50000000000002,0
7896,-58.4000000000009,-0.599999999999974,100
7897,-57.3000000000009,-6.09999999999997,100
7898,-47.0000000000008,-13.5999999999999,0
7899,-39.6000000000007,-11.1,0
7900,-61.900000000001,-12.8999999999999,53
7901,-74.0000000000005,-4.29999999999998,100
7902,-73.4000000000005,-12.8999999999999,96
7903,-75.3000000000004,-11.2,94
7904,-46.3000000000008,-7.99999999999996,72
7905,-55.1000000000009,-12.2999999999999,100
7906,-60.300000000001,-0.0999999999999741,100
7907,-58.3000000000009,-5.09999999999997,100
7908,-70.5000000000007,-15.8999999999999,0
7909,-47.1000000000008,-16.7999999999999,0
7910,-59.700000000001,-17.1999999999999,98
7911,-61.300000000001,-12.2999999999999,97
7912,-74.1000000000004,-2.49999999999998,100
7913,-45.4000000000008,-21.2,0
7914,-75.1000000000004,-13.9999999999999,0
7915,-71.5000000000006,-15.5999999999999,0
7916,-58.1000000000009,-8.89999999999996,100
7917,-74.9000000000004,4.00000000000003,0
7918,-41.7000000000007,-14.2999999999999,0
7919,-76.4000000000003,6.80000000000002,62
7920,-49.1000000000008,-23,0
7921,-50.9000000000008,-2.59999999999998,100
7922,-52.2000000000009,-6.59999999999997,0
7923,-62.600000000001,0.400000000000026,46
7924,-55.1000000000009,3.00000000000003,100
7925,-69.1000000000007,-17.4,0
7926,-54.9000000000009,-8.29999999999996,98
7927,-48.0000000000008,-6.69999999999997,0
7928,-57.2000000000009,-4.69999999999997,100
7929,-64.300000000001,-19.5,0
7930,-62.800000000001,-12.7999999999999,0
7931,-78.7000000000002,-4.69999999999997,96
7932,-76.2000000000003,8.10000000000001,28
7933,-41.4000000000007,-6.89999999999997,0
7934,-55.5000000000009,-2.29999999999997,100
7935,-52.5000000000009,-17.6,76
7936,-71.0000000000006,-13.1999999999999,96
7937,-76.6000000000003,-1.99999999999997,100
7938,-37.7000000000006,-4.79999999999997,0
7939,-58.7000000000009,2.90000000000003,100
7940,-45.6000000000008,-11.2,0
7941,-74.8000000000004,6.30000000000002,0
7942,-69.6000000000007,4.30000000000003,100
7943,-46.5000000000008,-2.69999999999998,100
7944,-42.7000000000007,-5.79999999999997,74
7945,-40.3000000000007,-13.1999999999999,24
7946,-63.800000000001,0.500000000000026,100
7947,-49.4000000000008,-16.1999999999999,49
7948,-65.5000000000009,-20.6,0
7949,-68.8000000000008,5.50000000000002,0
7950,-73.7000000000005,1.40000000000003,100
7951,-42.3000000000007,-7.09999999999997,43
7952,-67.0000000000009,3.60000000000003,100
7953,-58.0000000000009,-23.2,93
7954,-67.2000000000008,7.80000000000001,4
7955,-58.4000000000009,-18.1,62
7956,-60.800000000001,2.60000000000003,0
7957,-63.300000000001,-22,86
7958,-73.8000000000005,-9.79999999999996,100
7959,-49.1000000000008,-20.2,0
7960,-64.000000000001,-3.49999999999998,100
7961,-76.8000000000003,-9.79999999999996,0
7962,-59.300000000001,-2.49999999999998,100
7963,-74.5000000000004,-12.8999999999999,0
7964,-39.2000000000007,-15.7999999999999,48
7965,-60.800000000001,-2.99999999999998,100
7966,-51.9000000000009,-2.79999999999998,51
7967,-53.2000000000009,-2.09999999999997,97
7968,-46.8000000000008,-6.39999999999997,28
7969,-70.0000000000007,7.50000000000002,0
7970,-64.700000000001,6.00000000000002,100
7971,-73.0000000000005,-13.6999999999999,37
7972,-69.8000000000007,3.60000000000003,100
7973,-37.6000000000006,-7.59999999999996,0
7974,-69.6000000000007,-14.3999999999999,0
7975,-59.100000000001,-3.99999999999998,0
7976,-41.8000000000007,-20.4,90
7977,-42.0000000000007,-15.3999999999999,0
7978,-41.2000000000007,-18,0
7979,-41.8000000000007,-6.39999999999997,0
7980,-75.7000000000004,-10.3,90
7981,-63.100000000001,8.10000000000001,33
7982,-57.7000000000009,-18.3,88
7983,-71.3000000000006,8.40000000000001,82
7984,-44.2000000000007,-20.2,0
7985,-63.800000000001,-17.0999999999999,86
7986,-47.5000000000008,-17.0999999999999,18
7987,-54.1000000000009,0.400000000000026,100
7988,-42.3000000000007,-16.3999999999999,0
7989,-47.4000000000008,-1.99999999999997,98
7990,-68.6000000000008,3.20000000000003,100
7991,-67.7000000000008,-18.1,0
7992,-52.3000000000009,-11,98
7993,-55.3000000000009,0.600000000000026,100
7994,-73.1000000000005,2.30000000000003,100
7995,-68.0000000000008,6.20000000000002,0
7996,-79.9000000000001,-0.699999999999974,59
7997,-69.9000000000007,0.900000000000026,100
7998,-69.4000000000007,-5.69999999999997,100
7999,-44.5000000000007,-8.09999999999996,0
8000,-76.9000000000003,6.10000000000002,97
8001,-50.6000000000008,-23.8,49
8002,-51.2000000000008,-16.8999999999999,0
8003,-67.5000000000008,8.00000000000001,0
8004,-66.1000000000009,-8.99999999999996,100
8005,-63.800000000001,-10.6,100
8006,-41.5000000000007,-7.79999999999996,0
8007,-56.3000000000009,3.10000000000003,100
8008,-72.2000000000006,0.900000000000026,97
8009,-50.0000000000008,-10.2,96
8010,-48.2000000000008,-8.59999999999996,0
8011,-73.5000000000005,6.00000000000002,44
8012,-74.4000000000004,2.30000000000003,98
8013,-55.2000000000009,-6.09999999999997,100
8014,-76.4000000000003,-4.49999999999998,100
8015,-65.3000000000009,-20.5,0
8016,-68.4000000000008,-9.99999999999996,98
8017,-62.500000000001,8.40000000000001,76
8018,-44.7000000000007,-22.6,93
8019,-61.500000000001,-5.29999999999997,100
8020,-54.9000000000009,1.30000000000003,100
8021,-51.8000000000008,-17.4,36
8022,-73.1000000000005,-4.09999999999998,97
8023,-67.2000000000008,-6.89999999999997,100
8024,-45.5000000000008,-7.19999999999997,0
8025,-53.9000000000009,-0.599999999999974,100
8026,-48.3000000000008,-20.7,0
8027,-74.9000000000004,3.50000000000003,0
8028,-66.9000000000009,0.300000000000026,100
8029,-70.9000000000006,-3.59999999999998,100
8030,-62.800000000001,3.20000000000003,98
8031,-70.5000000000007,1.80000000000003,100
8032,-72.8000000000005,-1.69999999999997,100
8033,-51.2000000000008,-7.49999999999996,51
8034,-62.700000000001,-20.4,48
8035,-44.3000000000007,-16.5999999999999,74
8036,-46.7000000000008,-12.4999999999999,59
8037,-66.7000000000009,7.60000000000002,51
8038,-62.600000000001,5.30000000000002,100
8039,-46.6000000000008,-4.19999999999998,43
8040,-70.7000000000006,2.20000000000003,100
8041,-55.2000000000009,-23.3,0
8042,-67.3000000000008,-21.7,0
8043,-54.2000000000009,-11.5,0
8044,-65.5000000000009,-21.3,0
8045,-53.6000000000009,-4.29999999999998,100
8046,-76.0000000000003,0.200000000000026,100
8047,-56.3000000000009,-17.4,44
8048,-63.100000000001,-7.19999999999997,100
8049,-60.900000000001,-19.7,48
8050,-50.3000000000008,-13.3999999999999,0
8051,-43.1000000000007,-20.7,14
8052,-61.800000000001,-3.09999999999998,100
8053,-38.2000000000007,-10.9,0
8054,-64.900000000001,3.70000000000003,100
8055,-63.700000000001,-19.1,97
8056,-67.0000000000009,7.00000000000002,88
8057,-56.3000000000009,-19.6,51
8058,-56.3000000000009,-22.2,0
8059,-61.100000000001,-14.3999999999999,100
8060,-63.100000000001,-21.7,51
8061,-62.800000000001,-7.29999999999997,100
8062,-62.100000000001,-1.09999999999997,0
8063,-44.4000000000007,-21.8,93
8064,-42.4000000000007,-16.3999999999999,34
8065,-68.8000000000008,9.10000000000001,0
8066,-52.2000000000009,-21.9,0
8067,-45.7000000000008,-21,36
8068,-70.7000000000006,3.10000000000003,100
8069,-42.4000000000007,-4.39999999999998,0
8070,-51.8000000000008,-5.79999999999997,100
8071,-60.700000000001,1.50000000000003,100
8072,-56.1000000000009,-2.49999999999998,100
8073,-73.6000000000005,-11.4,98
8074,-72.8000000000005,-15.6999999999999,0
8075,-50.9000000000008,-21.1,0
8076,-60.300000000001,-13.3999999999999,0
8077,-48.7000000000008,-23.6,21
8078,-73.0000000000005,-4.09999999999998,97
8079,-75.5000000000004,-9.69999999999996,96
8080,-71.5000000000006,-3.59999999999998,100
8081,-70.5000000000007,-4.99999999999997,0
8082,-59.100000000001,-9.39999999999996,89
8083,-49.9000000000008,-11.2,0
8084,-77.2000000000003,-5.49999999999997,100
8085,-70.6000000000006,-0.999999999999974,100
8086,-60.600000000001,5.00000000000002,100
8087,-60.300000000001,-12.6999999999999,98
8088,-42.6000000000007,-7.49999999999996,0
8089,-42.4000000000007,-18,0
8090,-68.8000000000008,-2.89999999999998,100
8091,-67.6000000000008,-16.4999999999999,74
8092,-67.3000000000008,-1.99999999999997,100
8093,-57.2000000000009,-0.899999999999974,97
8094,-69.2000000000007,6.40000000000002,0
8095,-61.900000000001,3.70000000000003,100
8096,-41.6000000000007,-19.3,0
8097,-77.2000000000003,8.20000000000001,100
8098,-64.700000000001,-15.0999999999999,62
8099,-57.9000000000009,-9.49999999999996,97
8100,-39.8000000000007,-12.7999999999999,0
8101,-70.6000000000006,-15.0999999999999,0
8102,-51.8000000000008,-4.39999999999998,100
8103,-68.5000000000008,-15.4999999999999,95
8104,-61.600000000001,8.30000000000001,96
8105,-73.0000000000005,-16.0999999999999,0
8106,-42.0000000000007,-11.6999999999999,0
8107,-43.8000000000007,-14.2999999999999,0
8108,-69.0000000000007,-19.5,0
8109,-62.800000000001,5.20000000000002,100
8110,-56.4000000000009,-20.8,54
8111,-64.100000000001,-19.5,96
8112,-66.9000000000009,-23.8,0
8113,-49.8000000000008,-20.7,0
8114,-60.800000000001,-19.8,47
8115,-44.1000000000007,-22.7,0
8116,-43.5000000000007,-9.49999999999996,54
8117,-74.2000000000004,-5.29999999999997,100
8118,-57.1000000000009,-0.999999999999974,100
8119,-49.6000000000008,-0.299999999999974,97
8120,-50.9000000000008,-17.5,0
8121,-62.400000000001,3.70000000000003,97
8122,-69.5000000000007,-0.399999999999974,100
8123,-74.1000000000004,-14.7999999999999,0
8124,-70.3000000000007,7.10000000000002,0
8125,-52.6000000000009,-5.29999999999997,100
8126,-66.4000000000009,2.90000000000003,100
8127,-72.1000000000006,10.7,NaN
8128,-63.100000000001,-0.0999999999999741,100
8129,-68.6000000000008,-18.6,0
8130,-61.400000000001,-13.4999999999999,98
8131,-46.9000000000008,-14.8999999999999,0
8132,-63.400000000001,-21.9,87
8133,-41.0000000000007,-19.2,0
8134,-78.5000000000002,-3.99999999999998,100
8135,-76.9000000000003,-6.49999999999997,96
8136,-56.6000000000009,-18.2,48
8137,-49.4000000000008,-14.3999999999999,59
8138,-66.8000000000009,-5.59999999999997,100
8139,-51.6000000000008,-9.99999999999996,98
8140,-37.0000000000006,-5.39999999999997,3
8141,-66.0000000000009,8.60000000000001,0
8142,-44.7000000000007,-1.79999999999997,95
8143,-62.200000000001,-21.6,0
8144,-71.9000000000006,7.70000000000002,98
8145,-43.8000000000007,-21.5,97
8146,-50.9000000000008,-16.2999999999999,0
8147,-57.4000000000009,-16.1999999999999,48
8148,-74.7000000000004,0.800000000000026,3
8149,-51.5000000000008,-7.19999999999997,98
8150,-52.4000000000009,0.300000000000026,100
8151,-64.700000000001,-23.1,97
8152,-72.4000000000005,-5.29999999999997,100
8153,-69.5000000000007,4.20000000000003,100
8154,-65.5000000000009,-15.0999999999999,44
8155,-66.4000000000009,8.30000000000001,33
8156,-69.3000000000007,-1.39999999999997,100
8157,-68.6000000000008,7.50000000000002,0
8158,-69.9000000000007,3.50000000000003,100
8159,-41.6000000000007,-3.49999999999998,89
8160,-74.9000000000004,-4.59999999999997,100
8161,-75.1000000000004,-0.799999999999974,100
8162,-45.3000000000008,-17.3,0
8163,-58.4000000000009,-2.59999999999998,100
8164,-56.1000000000009,0.300000000000026,100
8165,-52.6000000000009,-20.3,0
8166,-55.9000000000009,-16.7999999999999,0
8167,-38.9000000000007,-8.69999999999996,9
8168,-37.5000000000006,-5.49999999999997,3
8169,-68.6000000000008,-20.5,0
8170,-56.7000000000009,-13.6999999999999,98
8171,-65.200000000001,2.10000000000003,100
8172,-70.4000000000007,-14.3999999999999,0
8173,-79.4000000000001,-2.69999999999998,0
8174,-44.0000000000007,-15.4999999999999,43
8175,-57.9000000000009,-15.9999999999999,93
8176,-52.2000000000009,-17.7,0
8177,-63.000000000001,4.60000000000003,100
8178,-63.600000000001,-12.2999999999999,97
8179,-47.4000000000008,-19.1,0
8180,-56.1000000000009,-13.9999999999999,0
8181,-76.6000000000003,-11.7999999999999,0
8182,-55.7000000000009,-17.4,76
8183,-42.2000000000007,-5.79999999999997,46
8184,-72.5000000000005,-9.89999999999996,100
8185,-56.7000000000009,-8.49999999999996,100
8186,-64.000000000001,-23.2,79
8187,-66.4000000000009,2.00000000000003,100
8188,-42.3000000000007,-7.99999999999996,43
8189,-61.700000000001,-17.0999999999999,97
8190,-51.8000000000008,-12.3999999999999,98
8191,-65.7000000000009,-23.5,0
8192,-52.1000000000009,-2.89999999999998,98
8193,-71.2000000000006,-7.49999999999996,100
8194,-67.8000000000008,-11.5,100
8195,-57.9000000000009,-9.29999999999996,97
8196,-69.8000000000007,2.50000000000003,100
8197,-61.700000000001,-20,NaN
8198,-58.3000000000009,-7.09999999999997,100
8199,-78.5000000000002,2.10000000000003,95
8200,-68.7000000000008,-19.6,0
8201,-55.0000000000009,-17.9,0
8202,-62.200000000001,-15.3999999999999,98
8203,-41.5000000000007,-7.89999999999996,0
8204,-44.9000000000008,-17.0999999999999,0
8205,-57.6000000000009,-13.5999999999999,0
8206,-47.3000000000008,-9.29999999999996,51
8207,-47.6000000000008,-23,19
8208,-61.100000000001,-20.6,44
8209,-76.9000000000003,-3.39999999999998,100
8210,-68.8000000000008,-3.79999999999998,100
8211,-46.9000000000008,-10.9,0
8212,-66.1000000000009,0.800000000000026,96
8213,-40.5000000000007,-10.9,0
8214,-49.1000000000008,-17.5,0
8215,-60.700000000001,5.90000000000002,97
8216,-75.5000000000004,-5.69999999999997,100
8217,-42.3000000000007,-3.69999999999998,60
8218,-72.4000000000005,-13.0999999999999,95
8219,-66.5000000000009,6.30000000000002,0
8220,-71.4000000000006,-4.39999999999998,100
8221,-44.4000000000007,-16.3999999999999,0
8222,-46.2000000000008,-5.29999999999997,47
8223,-45.5000000000008,-19.2,0
8224,-64.500000000001,-0.0999999999999741,100
8225,-69.1000000000007,11.4,NaN
8226,-47.9000000000008,-9.29999999999996,0
8227,-70.1000000000007,-23.5,0
8228,-63.300000000001,5.00000000000002,100
8229,-65.6000000000009,-11.5,100
8230,-65.200000000001,-21,0
8231,-71.1000000000006,-8.09999999999996,93
8232,-69.0000000000007,-21.1,0
8233,-44.6000000000007,-19.8,0
8234,-65.7000000000009,-12.9999999999999,55
8235,-80.7000000000001,-3.79999999999998,0
8236,-41.6000000000007,-8.79999999999996,0
8237,-73.9000000000005,7.00000000000002,0
8238,-67.7000000000008,1.70000000000003,100
8239,-76.9000000000003,7.10000000000002,100
8240,-59.300000000001,-19.8,93
8241,-65.9000000000009,5.50000000000002,0
8242,-57.6000000000009,-18,71
8243,-54.9000000000009,-1.49999999999997,100
8244,-47.7000000000008,-16.1999999999999,0
8245,-72.0000000000006,8.60000000000001,48
8246,-78.9000000000002,-2.49999999999998,47
8247,-42.8000000000007,-8.99999999999996,4
8248,-45.2000000000008,-9.09999999999996,0
8249,-65.8000000000009,-10.4,100
8250,-53.1000000000009,4.10000000000003,100
8251,-78.4000000000002,8.90000000000001,97
8252,-48.4000000000008,-11.7999999999999,0
8253,-53.7000000000009,-7.79999999999996,100
8254,-55.4000000000009,-6.19999999999997,100
8255,-58.6000000000009,-2.19999999999997,100
8256,-56.2000000000009,-0.499999999999974,100
8257,-60.200000000001,1.30000000000003,0
8258,-59.300000000001,-12.1999999999999,100
8259,-46.9000000000008,-19.6,0
8260,-77.1000000000003,-11.5,0
8261,-67.5000000000008,-14.0999999999999,100
8262,-53.9000000000009,-3.39999999999998,95
8263,-63.800000000001,-22.4,76
8264,-53.5000000000009,-22.3,0
8265,-73.2000000000005,10.2,NaN
8266,-42.4000000000007,-13.1999999999999,0
8267,-60.100000000001,-15.6999999999999,0
8268,-53.8000000000009,-2.49999999999998,100
8269,-61.400000000001,5.30000000000002,0
8270,-59.300000000001,-16.0999999999999,55
8271,-76.1000000000003,-8.69999999999996,97
8272,-46.2000000000008,-7.19999999999997,0
8273,-56.3000000000009,2.00000000000003,100
8274,-70.3000000000007,11.3,NaN
8275,-56.0000000000009,-12.6999999999999,0
8276,-51.8000000000008,-13.2999999999999,55
8277,-75.2000000000004,-13.5999999999999,0
8278,-61.000000000001,-12.7999999999999,100
8279,-57.9000000000009,2.58959520493818e-14,100
8280,-39.6000000000007,-15.8999999999999,100
8281,-59.300000000001,-21.5,60
8282,-73.7000000000005,1.10000000000003,100
8283,-66.6000000000009,-18,0
8284,-60.300000000001,-9.09999999999996,100
8285,-65.4000000000009,-0.199999999999974,100
8286,-55.3000000000009,-21.2,0
8287,-44.7000000000007,-21.8,0
8288,-42.6000000000007,-8.19999999999996,0
8289,-52.9000000000009,-10.3,100
8290,-59.900000000001,3.10000000000003,0
8291,-74.8000000000004,8.50000000000001,9
8292,-44.9000000000008,-13.6999999999999,0
8293,-56.2000000000009,4.90000000000003,100
8294,-49.8000000000008,-18.3,0
8295,-43.6000000000007,-7.49999999999996,43
8296,-71.8000000000006,-4.59999999999997,100
8297,-46.2000000000008,-8.99999999999996,0
8298,-50.0000000000008,-11.9999999999999,0
8299,-68.2000000000008,-16.2999999999999,0
8300,-61.400000000001,6.90000000000002,100
8301,-55.8000000000009,-8.69999999999996,100
8302,-69.3000000000007,2.50000000000003,100
8303,-54.8000000000009,-15.8999999999999,88
8304,-73.5000000000005,-11.5,98
8305,-75.6000000000004,-14.2999999999999,0
8306,-60.500000000001,-22.1,0
8307,-55.7000000000009,4.20000000000003,100
8308,-55.1000000000009,-0.599999999999974,98
8309,-74.9000000000004,9.70000000000001,86
8310,-66.6000000000009,-4.99999999999997,99
8311,-50.8000000000008,-16.3999999999999,49
8312,-58.1000000000009,3.30000000000003,100
8313,-70.7000000000006,2.50000000000003,100
8314,-45.7000000000008,-10.1,0
8315,-72.2000000000006,11.5,NaN
8316,-66.8000000000009,-14.1999999999999,72
8317,-81.6,8.50000000000001,61
8318,-44.7000000000007,-5.79999999999997,0
8319,-61.900000000001,-17.7,55
8320,-43.4000000000007,-15.9999999999999,52
8321,-60.200000000001,4.00000000000003,0
8322,-56.6000000000009,2.40000000000003,100
8323,-68.2000000000008,7.30000000000002,93
8324,-49.0000000000008,-16.2999999999999,0
8325,-74.1000000000004,-10.5,100
8326,-55.2000000000009,-19.8,0
8327,-64.300000000001,6.50000000000002,100
8328,-67.7000000000008,-14.6999999999999,100
8329,-71.6000000000006,-6.89999999999997,100
8330,-53.1000000000009,-16.4999999999999,17
8331,-41.8000000000007,-5.49999999999997,76
8332,-53.4000000000009,-23.4,0
8333,-47.9000000000008,-2.09999999999997,82
8334,-58.4000000000009,2.00000000000003,100
8335,-61.400000000001,-19.8,19
8336,-57.1000000000009,-10.1,4
8337,-69.4000000000007,-10.4,98
8338,-74.9000000000004,-11,76
8339,-46.2000000000008,-12.9999999999999,0
8340,-73.9000000000005,-14.7999999999999,0
8341,-72.0000000000006,-14.2999999999999,0
8342,-49.4000000000008,-3.49999999999998,98
8343,-55.5000000000009,-5.89999999999997,100
8344,-46.0000000000008,-1.49999999999997,97
8345,-57.2000000000009,1.90000000000003,100
8346,-60.300000000001,-8.79999999999996,98
8347,-48.6000000000008,-4.79999999999997,79
8348,-66.0000000000009,7.00000000000002,88
8349,-55.3000000000009,-3.49999999999998,0
8350,-56.2000000000009,-3.39999999999998,100
8351,-72.1000000000006,4.80000000000003,0
8352,-43.9000000000007,-20.8,21
8353,-62.100000000001,7.30000000000002,98
8354,-69.5000000000007,-8.59999999999996,98
8355,-62.000000000001,-21.7,45
8356,-48.6000000000008,-17.5,0
8357,-50.9000000000008,-4.39999999999998,100
8358,-67.2000000000008,-11.3,93
8359,-45.5000000000008,-17.4,0
8360,-57.0000000000009,0.800000000000026,100
8361,-61.300000000001,-21.6,59
8362,-73.1000000000005,-9.89999999999996,100
8363,-57.6000000000009,-4.69999999999997,100
8364,-73.7000000000005,11.1,NaN
8365,-49.6000000000008,-0.999999999999974,100
8366,-60.000000000001,-3.49999999999998,0
8367,-52.9000000000009,-3.29999999999998,79
8368,-54.3000000000009,-12.5999999999999,100
8369,-72.7000000000005,-12.5999999999999,64
8370,-56.6000000000009,-16.3999999999999,0
8371,-60.200000000001,-23,62
8372,-77.0000000000003,-0.199999999999974,100
8373,-68.6000000000008,11.1,NaN
8374,-60.300000000001,7.00000000000002,100
8375,-41.2000000000007,-3.19999999999998,7
8376,-62.800000000001,-5.39999999999997,100
8377,-61.900000000001,-0.299999999999974,100
8378,-56.7000000000009,-21,79
8379,-65.7000000000009,-2.09999999999997,100
8380,-63.600000000001,-4.39999999999998,100
8381,-64.000000000001,5.20000000000002,100
8382,-52.7000000000009,-21.8,0
8383,-44.4000000000007,-21.6,0
8384,-54.8000000000009,-21,0
8385,-52.8000000000009,4.50000000000003,100
8386,-52.0000000000009,-18.4,0
8387,-73.9000000000005,-3.89999999999998,100
8388,-49.1000000000008,-2.69999999999998,97
8389,-55.2000000000009,-0.699999999999974,100
8390,-42.7000000000007,-13.0999999999999,0
8391,-48.0000000000008,-4.39999999999998,0
8392,-48.3000000000008,-12.1999999999999,0
8393,-44.5000000000007,-16.8999999999999,0
8394,-66.3000000000009,1.90000000000003,100
8395,-66.4000000000009,-4.99999999999997,100
8396,-41.4000000000007,-20.1,81
8397,-61.600000000001,-21.2,45
8398,-50.8000000000008,-22.1,0
8399,-49.7000000000008,-20.7,34
8400,-58.3000000000009,-14.4999999999999,0
8401,-47.7000000000008,-14.2999999999999,0
8402,-74.1000000000004,-5.09999999999997,97
8403,-48.9000000000008,-12.1999999999999,0
8404,-70.7000000000006,1.70000000000003,100
8405,-63.600000000001,-17.4,7
8406,-42.8000000000007,-5.99999999999997,59
8407,-40.4000000000007,-8.89999999999996,30
8408,-71.2000000000006,-3.29999999999998,100
8409,-43.3000000000007,-8.09999999999996,44
8410,-35.8000000000006,-5.09999999999997,0
8411,-63.300000000001,-2.79999999999998,100
8412,-55.6000000000009,-22.3,60
8413,-61.200000000001,-1.89999999999997,0
8414,-52.9000000000009,3.90000000000003,100
8415,-54.3000000000009,-1.09999999999997,100
8416,-56.9000000000009,-19.9,95
8417,-75.0000000000004,8.40000000000001,52
8418,-58.900000000001,-18.7,86
8419,-42.0000000000007,-10.4,0
8420,-68.1000000000008,-18.4,0
8421,-62.900000000001,2.10000000000003,100
8422,-76.6000000000003,6.90000000000002,100
8423,-76.0000000000003,-3.69999999999998,100
8424,-43.5000000000007,-3.19999999999998,93
8425,-48.0000000000008,-18,0
8426,-49.8000000000008,-9.19999999999996,0
8427,-47.0000000000008,-12.3999999999999,0
8428,-65.5000000000009,0.400000000000026,100
8429,-54.3000000000009,0.500000000000026,100
8430,-43.2000000000007,-19.4,43
8431,-79.8000000000001,-4.39999999999998,47
8432,-63.100000000001,2.70000000000003,100
8433,-67.9000000000008,3.70000000000003,100
8434,-58.0000000000009,-0.799999999999974,100
8435,-63.400000000001,-9.69999999999996,100
8436,-48.0000000000008,-7.09999999999997,0
8437,-65.4000000000009,6.10000000000002,100
8438,-54.4000000000009,5.00000000000002,100
8439,-62.500000000001,-7.09999999999997,100
8440,-68.6000000000008,-17.8,0
8441,-55.6000000000009,-11.8999999999999,0
8442,-66.9000000000009,-3.39999999999998,100
8443,-48.6000000000008,-16.0999999999999,0
8444,-53.8000000000009,-6.69999999999997,100
8445,-58.8000000000009,4.70000000000003,100
8446,-55.6000000000009,-21.8,93
8447,-48.9000000000008,-11.2,18
8448,-76.7000000000003,-7.89999999999996,96
8449,-76.9000000000003,-11.1,0
8450,-47.1000000000008,-11,0
8451,-40.3000000000007,-6.69999999999997,0
8452,-65.5000000000009,-4.79999999999997,100
8453,-74.0000000000005,10.2,NaN
8454,-55.3000000000009,-16.8999999999999,51
8455,-46.0000000000008,-7.79999999999996,0
8456,-38.4000000000007,-12.4999999999999,8
8457,-59.400000000001,-16.7999999999999,96
8458,-64.900000000001,-3.89999999999998,100
8459,-63.100000000001,-22.9,0
8460,-47.8000000000008,-14.8999999999999,0
8461,-48.4000000000008,-14.5999999999999,22
8462,-45.9000000000008,-8.49999999999996,0
8463,-66.1000000000009,-22.9,0
8464,-49.1000000000008,-10.8,0
8465,-76.4000000000003,-8.89999999999996,98
8466,-41.6000000000007,-17.6,4
8467,-48.5000000000008,-8.89999999999996,4
8468,-48.7000000000008,-9.39999999999996,82
8469,-39.9000000000007,-7.19999999999997,0
8470,-56.9000000000009,-3.69999999999998,100
8471,-66.2000000000009,-6.39999999999997,100
8472,-75.9000000000003,4.10000000000003,48
8473,-67.1000000000008,-16.0999999999999,96
8474,-40.5000000000007,-10.2,0
8475,-50.9000000000008,-16.1999999999999,0
8476,-62.400000000001,-0.399999999999974,100
8477,-43.7000000000007,-16.7999999999999,0
8478,-70.1000000000007,-14.0999999999999,0
8479,-70.6000000000006,7.70000000000002,0
8480,-73.1000000000005,-11.6999999999999,98
8481,-58.7000000000009,-10.9,51
8482,-40.6000000000007,-8.99999999999996,0
8483,-59.800000000001,-7.19999999999997,100
8484,-57.5000000000009,1.30000000000003,100
8485,-61.000000000001,-6.99999999999997,100
8486,-48.7000000000008,-19,0
8487,-39.2000000000007,-15.3999999999999,97
8488,-35.8000000000006,-6.89999999999997,55
8489,-52.8000000000009,-8.19999999999996,100
8490,-54.1000000000009,-4.69999999999997,100
8491,-46.2000000000008,-21.1,0
8492,-48.4000000000008,-15.4999999999999,0
8493,-70.2000000000007,2.00000000000003,100
8494,-56.1000000000009,-10.6,0
8495,-75.8000000000004,-1.69999999999997,100
8496,-74.9000000000004,-7.69999999999996,100
8497,-45.6000000000008,-12.3999999999999,37
8498,-58.0000000000009,-11.6999999999999,0
8499,-41.1000000000007,-17.7,88
8500,-39.2000000000007,-14.6999999999999,100
8501,-35.1000000000006,-6.99999999999997,97
8502,-55.6000000000009,5.40000000000002,100
8503,-66.2000000000009,8.60000000000001,0
8504,-51.9000000000009,1.80000000000003,89
8505,-60.300000000001,-7.39999999999996,100
8506,-69.6000000000007,-8.59999999999996,98
8507,-76.2000000000003,-5.89999999999997,93
8508,-55.4000000000009,-23.6,0
8509,-46.1000000000008,-12.9999999999999,0
8510,-72.7000000000005,11.3,NaN
8511,-54.1000000000009,-14.0999999999999,0
8512,-62.900000000001,-6.19999999999997,100
8513,-68.7000000000008,-8.29999999999996,100
8514,-52.2000000000009,-6.39999999999997,0
8515,-60.100000000001,-15.8999999999999,0
8516,-55.8000000000009,-11.8999999999999,100
8517,-53.9000000000009,-13.1999999999999,96
8518,-66.6000000000009,8.60000000000001,0
8519,-73.4000000000005,-11.2,100
8520,-75.2000000000004,-1.69999999999997,100
8521,-52.0000000000009,-15.9999999999999,0
8522,-61.100000000001,0.600000000000026,49
8523,-52.0000000000009,-23.4,0
8524,-46.5000000000008,-11.1,0
8525,-51.2000000000008,3.90000000000003,96
8526,-73.9000000000005,3.30000000000003,0
8527,-44.3000000000007,-20.4,0
8528,-41.8000000000007,-13.1999999999999,44
8529,-75.0000000000004,-10.9,97
8530,-37.9000000000007,-7.69999999999996,0
8531,-37.9000000000007,-9.19999999999996,8
8532,-67.2000000000008,-4.69999999999997,100
8533,-56.7000000000009,-16.7999999999999,99
8534,-57.4000000000009,-22.9,0
8535,-71.9000000000006,-4.19999999999998,100
8536,-54.5000000000009,-23.1,0
8537,-55.6000000000009,3.70000000000003,100
8538,-71.6000000000006,-16.5999999999999,0
8539,-74.7000000000004,-4.69999999999997,100
8540,-71.3000000000006,5.70000000000002,0
8541,-48.0000000000008,-16.6999999999999,9
8542,-68.7000000000008,-6.29999999999997,100
8543,-45.7000000000008,-4.49999999999998,97
8544,-67.8000000000008,0.800000000000026,100
8545,-51.8000000000008,-2.39999999999998,51
8546,-69.9000000000007,-8.89999999999996,100
8547,-50.4000000000008,-17.4,0
8548,-43.8000000000007,-17.7,7
8549,-69.7000000000007,-12.0999999999999,100
8550,-44.7000000000007,-16.7999999999999,0
8551,-71.4000000000006,0.800000000000026,100
8552,-53.7000000000009,-22,0
8553,-70.5000000000007,3.50000000000003,100
8554,-56.2000000000009,0.800000000000026,100
8555,-61.000000000001,8.00000000000001,100
8556,-51.6000000000008,-18.2,0
8557,-64.700000000001,-19.1,0
8558,-44.4000000000007,-10.5,51
8559,-63.200000000001,6.20000000000002,100
8560,-55.1000000000009,5.40000000000002,51
8561,-76.5000000000003,-8.79999999999996,96
8562,-61.400000000001,2.20000000000003,98
8563,-41.1000000000007,-16.8999999999999,72
8564,-67.8000000000008,7.00000000000002,82
8565,-61.800000000001,-11.2,0
8566,-48.9000000000008,-15.5999999999999,0
8567,-64.400000000001,5.60000000000002,100
8568,-62.200000000001,6.10000000000002,100
8569,-51.5000000000008,-3.69999999999998,100
8570,-76.7000000000003,-11.3,0
8571,-61.200000000001,4.80000000000003,0
8572,-57.9000000000009,-19.9,0
8573,-40.4000000000007,-10.9,0
8574,-60.700000000001,-23.1,51
8575,-47.4000000000008,-12.8999999999999,0
8576,-65.3000000000009,6.70000000000002,89
8577,-65.7000000000009,2.58959520493818e-14,100
8578,-74.0000000000005,4.40000000000003,96
8579,-45.0000000000008,-12.6999999999999,0
8580,-46.2000000000008,-3.59999999999998,100
8581,-63.200000000001,-18.2,89
8582,-69.5000000000007,-13.0999999999999,100
8583,-61.500000000001,-12.8999999999999,99
8584,-48.2000000000008,-20.7,0
8585,-64.300000000001,-15.4999999999999,93
8586,-54.5000000000009,-8.69999999999996,97
8587,-63.600000000001,6.10000000000002,100
8588,-56.9000000000009,-15.2999999999999,0
8589,-66.0000000000009,2.58959520493818e-14,100
8590,-73.2000000000005,4.50000000000003,93
8591,-61.200000000001,-19.7,37
8592,-65.200000000001,-14.1999999999999,0
8593,-54.7000000000009,-24,0
8594,-49.9000000000008,-15.2999999999999,0
8595,-61.300000000001,-7.79999999999996,100
8596,-72.7000000000005,2.90000000000003,0
8597,-76.8000000000003,8.60000000000001,48
8598,-48.3000000000008,-12.4999999999999,52
8599,-57.5000000000009,-0.599999999999974,100
8600,-56.8000000000009,-0.199999999999974,100
8601,-56.2000000000009,-10.6,15
8602,-75.8000000000004,4.20000000000003,95
8603,-63.500000000001,3.00000000000003,100
8604,-66.2000000000009,-5.99999999999997,100
8605,-69.0000000000007,-13.5999999999999,100
8606,-76.9000000000003,-4.19999999999998,100
8607,-48.1000000000008,-1.09999999999997,37
8608,-66.6000000000009,-21.9,0
8609,-70.6000000000006,-1.69999999999997,98
8610,-75.3000000000004,-13.9999999999999,0
8611,-63.500000000001,-11.7999999999999,100
8612,-64.500000000001,-1.19999999999997,100
8613,-42.9000000000007,-3.49999999999998,88
8614,-72.8000000000005,3.80000000000003,0
8615,-49.9000000000008,-12.9999999999999,0
8616,-67.1000000000008,-1.89999999999997,0
8617,-61.400000000001,-1.69999999999997,0
8618,-67.3000000000008,-0.0999999999999741,100
8619,-79.9000000000001,-4.19999999999998,47
8620,-54.0000000000009,-11.5999999999999,100
8621,-73.4000000000005,0.100000000000026,100
8622,-73.7000000000005,-11.3,100
8623,-46.0000000000008,-6.99999999999997,0
8624,-61.200000000001,9.20000000000001,100
8625,-72.6000000000005,-6.99999999999997,100
8626,-47.8000000000008,-23.3,0
8627,-64.800000000001,-6.69999999999997,100
8628,-68.2000000000008,-9.59999999999996,0
8629,-39.1000000000007,-5.79999999999997,0
8630,-67.5000000000008,9.30000000000001,20
8631,-41.8000000000007,-11.3,0
8632,-53.7000000000009,-7.19999999999997,100
8633,-62.900000000001,5.80000000000002,100
8634,-51.4000000000008,-1.09999999999997,100
8635,-61.200000000001,-10.9,100
8636,-76.1000000000003,7.30000000000002,95
8637,-48.2000000000008,-12.1999999999999,15
8638,-68.9000000000007,1.30000000000003,100
8639,-39.8000000000007,-7.39999999999996,0
8640,-80.9000000000001,8.70000000000001,48
8641,-55.2000000000009,-22.9,0
8642,-64.300000000001,-9.89999999999996,100
8643,-50.8000000000008,-21.4,0
8644,-72.7000000000005,-0.0999999999999741,100
8645,-76.1000000000003,-11.3,0
8646,-59.600000000001,-8.19999999999996,100
8647,-66.2000000000009,9.60000000000001,0
8648,-53.4000000000009,-3.79999999999998,98
8649,-47.0000000000008,-9.79999999999996,0
8650,-75.2000000000004,-11.8999999999999,0
8651,-63.000000000001,-23.7,30
8652,-53.3000000000009,-10.5,99
8653,-73.3000000000005,-8.99999999999996,100
8654,-74.9000000000004,5.40000000000002,79
8655,-51.2000000000008,-5.29999999999997,98
8656,-51.7000000000008,-2.09999999999997,100
8657,-59.000000000001,3.00000000000003,100
8658,-52.8000000000009,-18.7,0
8659,-60.800000000001,-20.7,23
8660,-55.5000000000009,-19.6,9
8661,-60.700000000001,-9.59999999999996,100
8662,-75.6000000000004,-9.79999999999996,96
8663,-53.6000000000009,-3.99999999999998,96
8664,-54.3000000000009,-21.4,0
8665,-52.6000000000009,-7.29999999999997,100
8666,-40.6000000000007,-8.19999999999996,0
8667,-47.7000000000008,-20.4,0
8668,-76.4000000000003,8.10000000000001,93
8669,-78.0000000000002,-10.3,0
8670,-75.2000000000004,-12.5999999999999,0
8671,-53.7000000000009,-16.8999999999999,0
8672,-50.7000000000008,-12.2999999999999,0
8673,-71.5000000000006,3.70000000000003,0
8674,-50.2000000000008,-7.49999999999996,0
8675,-41.2000000000007,-20.9,2
8676,-63.100000000001,2.58959520493818e-14,100
8677,-36.3000000000006,-7.79999999999996,30
8678,-64.000000000001,-23.4,59
8679,-74.8000000000004,-2.59999999999998,100
8680,-61.900000000001,5.10000000000002,0
8681,-63.200000000001,8.20000000000001,0
8682,-54.5000000000009,-22.1,0
8683,-64.000000000001,2.30000000000003,98
8684,-55.5000000000009,-11.4,97
8685,-60.800000000001,-3.69999999999998,100
8686,-76.7000000000003,-10.8,0
8687,-62.700000000001,3.00000000000003,98
8688,-44.5000000000007,-16.9999999999999,0
8689,-40.5000000000007,-9.89999999999996,0
8690,-49.6000000000008,-23.7,0
8691,-51.0000000000008,-23,0
8692,-53.4000000000009,-3.69999999999998,99
8693,-50.8000000000008,-20.3,0
8694,-55.6000000000009,-19.4,48
8695,-75.5000000000004,-12.1999999999999,0
8696,-70.6000000000006,-1.99999999999997,100
8697,-52.1000000000009,-1.09999999999997,100
8698,-66.0000000000009,-22.4,0
8699,-54.7000000000009,-16.4999999999999,0
8700,-42.1000000000007,-3.19999999999998,87
8701,-64.300000000001,-19.9,79
8702,-80.4000000000001,7.90000000000001,0
8703,-49.0000000000008,-7.99999999999996,0
8704,-43.3000000000007,-2.79999999999998,71
8705,-63.200000000001,-21.1,62
8706,-50.5000000000008,-4.89999999999997,100
8707,-64.100000000001,-22.2,97
8708,-62.600000000001,-17.0999999999999,0
8709,-71.0000000000006,-14.5999999999999,0
8710,-40.8000000000007,-8.99999999999996,0
8711,-69.7000000000007,9.10000000000001,58
8712,-64.800000000001,-14.2999999999999,0
8713,-77.2000000000003,-6.39999999999997,95
8714,-71.4000000000006,-13.4999999999999,0
8715,-72.4000000000005,2.10000000000003,0
8716,-75.4000000000004,-7.09999999999997,100
8717,-68.5000000000008,-3.59999999999998,100
8718,-75.4000000000004,1.10000000000003,0
8719,-54.5000000000009,-12.4999999999999,59
8720,-72.1000000000006,-12.4999999999999,90
8721,-59.000000000001,-8.69999999999996,100
8722,-49.7000000000008,-18,0
8723,-69.5000000000007,-16.8999999999999,0
8724,-64.600000000001,3.50000000000003,100
8725,-54.8000000000009,-15.5999999999999,74
8726,-51.7000000000008,-10.8,44
8727,-39.9000000000007,-3.89999999999998,0
8728,-57.6000000000009,-11,55
8729,-58.5000000000009,2.90000000000003,100
8730,-48.6000000000008,-18.4,0
8731,-54.0000000000009,-19.4,0
8732,-63.700000000001,2.70000000000003,96
8733,-49.4000000000008,-11.8999999999999,0
8734,-64.400000000001,8.60000000000001,0
8735,-51.1000000000008,1.70000000000003,97
8736,-74.0000000000005,-6.69999999999997,100
8737,-66.9000000000009,-4.89999999999997,0
8738,-56.7000000000009,4.20000000000003,100
8739,-52.3000000000009,-17.6,0
8740,-56.0000000000009,-9.09999999999996,100
8741,-41.6000000000007,-2.99999999999998,61
8742,-61.900000000001,-9.89999999999996,100
8743,-57.2000000000009,-5.09999999999997,100
8744,-63.300000000001,-2.39999999999998,100
8745,-57.8000000000009,-22.1,0
8746,-68.3000000000008,-23.5,0
8747,-63.500000000001,-20.9,86
8748,-65.200000000001,-22.4,0
8749,-47.2000000000008,-19.4,44
8750,-47.8000000000008,-11.2,59
8751,-74.1000000000004,6.20000000000002,0
8752,-78.1000000000002,0.700000000000026,96
8753,-56.2000000000009,-6.39999999999997,47
8754,-42.2000000000007,-3.09999999999998,93
8755,-64.700000000001,-12.5999999999999,47
8756,-41.0000000000007,-19.7,0
8757,-61.300000000001,-2.39999999999998,100
8758,-40.9000000000007,-8.99999999999996,0
8759,-53.1000000000009,-22.3,0
8760,-49.7000000000008,-19.6,0
8761,-40.3000000000007,-17.0999999999999,9
8762,-62.000000000001,-11.8999999999999,8
8763,-48.8000000000008,-22,0
8764,-38.9000000000007,-7.59999999999996,50
8765,-69.0000000000007,-12.8999999999999,100
8766,-39.7000000000007,-10.3,0
8767,-42.9000000000007,-5.19999999999997,0
8768,-77.4000000000003,7.10000000000002,98
8769,-75.0000000000004,-7.89999999999996,100
8770,-78.1000000000002,1.20000000000003,97
8771,-55.5000000000009,-11,100
8772,-58.5000000000009,-22.8,89
8773,-80.0000000000001,-4.09999999999998,100
8774,-74.4000000000004,-13.3999999999999,0
8775,-47.7000000000008,-7.29999999999997,37
8776,-68.3000000000008,10,NaN
8777,-44.3000000000007,-4.49999999999998,97
8778,-54.6000000000009,-0.299999999999974,100
8779,-52.6000000000009,-11.5,0
8780,-40.2000000000007,-4.79999999999997,35
8781,-43.6000000000007,-4.29999999999998,76
8782,-70.4000000000007,-1.89999999999997,100
8783,-42.9000000000007,-21.9,44
8784,-53.0000000000009,-16.2999999999999,0
8785,-62.300000000001,-9.39999999999996,0
8786,-57.4000000000009,6.20000000000002,0
8787,-51.8000000000008,-4.89999999999997,100
8788,-56.8000000000009,3.80000000000003,100
8789,-71.1000000000006,-15.1999999999999,0
8790,-63.100000000001,-5.39999999999997,100
8791,-67.7000000000008,-20.1,0
8792,-41.7000000000007,-22,0
8793,-67.3000000000008,-7.69999999999996,100
8794,-45.3000000000008,-3.49999999999998,95
8795,-69.6000000000007,-23.6,0
8796,-41.8000000000007,-5.89999999999997,52
8797,-46.7000000000008,-13.6999999999999,0
8798,-70.6000000000006,11,NaN
8799,-73.1000000000005,-14.9999999999999,0
8800,-55.5000000000009,-16.8999999999999,6
8801,-78.6000000000002,0.900000000000026,96
8802,-55.5000000000009,-15.4999999999999,0
8803,-48.1000000000008,-6.59999999999997,44
8804,-71.6000000000006,-15.4999999999999,0
8805,-72.0000000000006,4.90000000000003,0
8806,-54.9000000000009,-12.5999999999999,97
8807,-63.400000000001,3.60000000000003,100
8808,-42.7000000000007,-6.89999999999997,54
8809,-64.900000000001,9.60000000000001,0
8810,-49.9000000000008,-16.1999999999999,0
8811,-63.400000000001,-16.1999999999999,100
8812,-77.2000000000003,1.80000000000003,0
8813,-68.3000000000008,-17.6,0
8814,-62.700000000001,-14.2999999999999,100
8815,-64.200000000001,-20,NaN
8816,-70.6000000000006,7.30000000000002,30
8817,-50.4000000000008,-7.49999999999996,0
8818,-51.0000000000008,-17.3,0
8819,-64.700000000001,-20.8,0
8820,-70.5000000000007,3.90000000000003,97
8821,-73.8000000000005,-5.79999999999997,100
8822,-63.000000000001,2.70000000000003,100
8823,-44.9000000000008,-20.6,30
8824,-53.2000000000009,5.30000000000002,100
8825,-43.0000000000007,-8.39999999999996,28
8826,-79.2000000000002,-5.99999999999997,0
8827,-38.0000000000007,-8.29999999999996,0
8828,-62.500000000001,-6.39999999999997,0
8829,-45.0000000000008,-6.29999999999997,0
8830,-57.3000000000009,-10.2,100
8831,-46.9000000000008,-6.89999999999997,0
8832,-65.9000000000009,-18.2,0
8833,-43.1000000000007,-22,63
8834,-58.3000000000009,1.90000000000003,100
8835,-72.1000000000006,-2.19999999999997,100
8836,-74.3000000000004,3.90000000000003,0
8837,-42.9000000000007,-10.7,0
8838,-68.9000000000007,-1.29999999999997,100
8839,-50.6000000000008,1.20000000000003,64
8840,-40.2000000000007,-9.89999999999996,0
8841,-51.0000000000008,-16.1999999999999,27
8842,-58.0000000000009,-14.2999999999999,0
8843,-67.5000000000008,-16.8999999999999,0
8844,-78.6000000000002,-6.69999999999997,0
8845,-57.5000000000009,-8.59999999999996,100
8846,-38.7000000000007,-11.7999999999999,68
8847,-57.1000000000009,-16.4999999999999,0
8848,-51.0000000000008,2.50000000000003,0
8849,-56.6000000000009,-23.3,100
8850,-57.4000000000009,-1.59999999999997,100
8851,-59.100000000001,-24,0
8852,-77.1000000000003,-6.19999999999997,0
8853,-59.800000000001,-21.1,43
8854,-75.6000000000004,-9.29999999999996,81
8855,-41.1000000000007,-21.9,0
8856,-57.5000000000009,-23.8,0
8857,-43.5000000000007,-16.3999999999999,0
8858,-73.2000000000005,-7.49999999999996,100
8859,-60.200000000001,-23.8,96
8860,-71.5000000000006,-8.39999999999996,100
8861,-76.5000000000003,-5.99999999999997,100
8862,-52.5000000000009,-23.3,0
8863,-54.2000000000009,-18.7,62
8864,-54.9000000000009,-2.49999999999998,98
8865,-35.4000000000006,-9.09999999999996,0
8866,-39.8000000000007,-19.2,0
8867,-64.500000000001,-2.69999999999998,100
8868,-49.3000000000008,-11.1,82
8869,-54.2000000000009,-20.6,0
8870,-66.3000000000009,5.40000000000002,100
8871,-57.9000000000009,-6.19999999999997,100
8872,-67.7000000000008,-2.19999999999997,100
8873,-57.1000000000009,-0.0999999999999741,100
8874,-42.3000000000007,-14.2999999999999,0
8875,-75.3000000000004,-3.99999999999998,100
8876,-60.800000000001,-17.0999999999999,95
8877,-57.0000000000009,-15.7999999999999,0
8878,-65.6000000000009,9.30000000000001,0
8879,-58.7000000000009,-17.0999999999999,99
8880,-63.600000000001,6.30000000000002,0
8881,-71.4000000000006,12,NaN
8882,-66.0000000000009,10,NaN
8883,-46.2000000000008,-17.1999999999999,0
8884,-73.0000000000005,-5.39999999999997,100
8885,-43.0000000000007,-5.49999999999997,91
8886,-71.0000000000006,6.20000000000002,0
8887,-65.000000000001,-20.9,0
8888,-64.900000000001,7.80000000000001,0
8889,-76.2000000000003,6.40000000000002,99
8890,-69.3000000000007,-17.8,0
8891,-61.600000000001,-21.3,0
8892,-75.1000000000004,8.90000000000001,0
8893,-50.8000000000008,-18.9,55
8894,-62.900000000001,-6.69999999999997,100
8895,-56.9000000000009,-1.29999999999997,0
8896,-70.7000000000006,11,NaN
8897,-48.3000000000008,-5.09999999999997,0
8898,-50.4000000000008,-20.5,8
8899,-74.4000000000004,-9.39999999999996,100
8900,-72.1000000000006,-15.9999999999999,0
8901,-70.2000000000007,-23.1,0
8902,-43.7000000000007,-15.2999999999999,0
8903,-53.9000000000009,2.70000000000003,100
8904,-68.7000000000008,-7.59999999999996,100
8905,-35.0000000000006,-7.49999999999996,40
8906,-58.3000000000009,-14.2999999999999,0
8907,-58.900000000001,-21,51
8908,-69.5000000000007,-12.8999999999999,98
8909,-68.0000000000008,-10.8,100
8910,-50.9000000000008,-4.89999999999997,0
8911,-45.6000000000008,-22.1,0
8912,-75.6000000000004,-6.09999999999997,100
8913,-69.0000000000007,5.00000000000002,93
8914,-77.0000000000003,-2.59999999999998,97
8915,-63.000000000001,2.20000000000003,100
8916,-67.7000000000008,-1.59999999999997,100
8917,-65.100000000001,-16.4999999999999,100
8918,-67.8000000000008,-19.6,0
8919,-78.3000000000002,-3.19999999999998,100
8920,-74.6000000000004,0.400000000000026,100
8921,-59.300000000001,2.50000000000003,0
8922,-64.500000000001,0.800000000000026,100
8923,-69.8000000000007,7.90000000000001,30
8924,-65.4000000000009,1.60000000000003,100
8925,-57.2000000000009,-2.09999999999997,98
8926,-42.5000000000007,-22.6,0
8927,-41.5000000000007,-8.39999999999996,0
8928,-67.9000000000008,2.40000000000003,100
8929,-55.7000000000009,-3.59999999999998,100
8930,-51.0000000000008,-5.69999999999997,100
8931,-67.9000000000008,-6.29999999999997,100
8932,-72.3000000000006,-7.39999999999996,100
8933,-50.5000000000008,-2.09999999999997,54
8934,-62.600000000001,7.70000000000002,0
8935,-52.9000000000009,-1.39999999999997,100
8936,-48.1000000000008,-18.2,0
8937,-58.7000000000009,-23.4,0
8938,-51.5000000000008,-15.1999999999999,0
8939,-39.1000000000007,-15.3999999999999,100
8940,-51.4000000000008,1.80000000000003,100
8941,-56.0000000000009,-19.6,74
8942,-60.300000000001,7.50000000000002,100
8943,-62.400000000001,-17.7,21
8944,-67.4000000000008,-3.39999999999998,100
8945,-62.200000000001,-7.19999999999997,100
8946,-38.4000000000007,-5.79999999999997,0
8947,-59.700000000001,-10.7,100
8948,-69.0000000000007,6.90000000000002,0
8949,-74.2000000000004,8.60000000000001,0
8950,-44.4000000000007,-9.19999999999996,76
8951,-75.8000000000004,5.00000000000002,0
8952,-42.7000000000007,-14.3999999999999,0
8953,-45.7000000000008,-19.6,0
8954,-60.400000000001,-23.6,98
8955,-49.5000000000008,-19,0
8956,-58.5000000000009,-6.09999999999997,100
8957,-63.800000000001,2.70000000000003,100
8958,-76.3000000000003,3.60000000000003,55
8959,-67.5000000000008,-23.6,0
8960,-80.4000000000001,-3.79999999999998,46
8961,-53.3000000000009,-12.4999999999999,100
8962,-44.9000000000008,-10.6,45
8963,-40.4000000000007,-15.0999999999999,95
8964,-50.8000000000008,-19.3,74
8965,-75.3000000000004,-12.3999999999999,0
8966,-66.0000000000009,8.40000000000001,0
8967,-68.9000000000007,-8.49999999999996,100
8968,-72.6000000000005,0.200000000000026,100
8969,-56.1000000000009,-17.8,0
8970,-77.1000000000003,-4.69999999999997,100
8971,-77.3000000000003,5.00000000000002,98
8972,-75.5000000000004,3.40000000000003,97
8973,-70.2000000000007,8.30000000000001,0
8974,-55.6000000000009,-16.9999999999999,0
8975,-49.1000000000008,-21.5,0
8976,-71.2000000000006,8.00000000000001,64
8977,-44.6000000000007,-15.1999999999999,0
8978,-78.1000000000002,-5.29999999999997,100
8979,-80.7000000000001,-2.29999999999997,0
8980,-55.4000000000009,-2.29999999999997,0
8981,-64.300000000001,5.20000000000002,97
8982,-53.9000000000009,-22.3,0
8983,-66.4000000000009,-15.5999999999999,100
8984,-64.400000000001,-13.7999999999999,93
8985,-58.3000000000009,5.30000000000002,100
8986,-70.3000000000007,-7.99999999999996,99
8987,-56.1000000000009,-9.59999999999996,100
8988,-47.1000000000008,-20.4,30
8989,-35.6000000000006,-5.49999999999997,0
8990,-36.2000000000006,-7.09999999999997,0
8991,-73.5000000000005,-1.19999999999997,100
8992,-43.1000000000007,-9.19999999999996,0
8993,-51.9000000000009,-15.1999999999999,0
8994,-58.6000000000009,-20.3,99
8995,-62.100000000001,-6.29999999999997,100
8996,-55.3000000000009,1.60000000000003,100
8997,-39.7000000000007,-4.69999999999997,0
8998,-56.2000000000009,-10.4,0
8999,-43.0000000000007,-14.5999999999999,0
9000,-67.0000000000009,-8.59999999999996,100
9001,-75.4000000000004,4.90000000000003,60
9002,-54.0000000000009,-0.299999999999974,100
9003,-68.1000000000008,4.50000000000003,100
9004,-62.800000000001,-8.29999999999996,100
9005,-44.4000000000007,-18.8,0
9006,-80.8000000000001,8.10000000000001,0
9007,-61.100000000001,-21.8,37
9008,-47.3000000000008,-2.19999999999997,60
9009,-47.0000000000008,-11.5,0
9010,-77.0000000000003,6.10000000000002,98
9011,-39.1000000000007,-4.59999999999997,4
9012,-73.4000000000005,-15.1999999999999,0
9013,-57.5000000000009,1.40000000000003,100
9014,-47.9000000000008,-8.59999999999996,0
9015,-52.8000000000009,-18.8,0
9016,-74.1000000000004,0.600000000000026,100
9017,-76.5000000000003,8.20000000000001,64
9018,-68.0000000000008,-1.79999999999997,100
9019,-49.8000000000008,-5.69999999999997,100
9020,-55.6000000000009,-17.1999999999999,29
9021,-45.7000000000008,-8.29999999999996,88
9022,-68.0000000000008,-2.29999999999997,100
9023,-80.2000000000001,8.50000000000001,0
9024,-54.7000000000009,-6.29999999999997,100
9025,-67.9000000000008,-20.8,0
9026,-64.200000000001,3.90000000000003,100
9027,-67.2000000000008,1.00000000000003,100
9028,-36.0000000000006,-6.99999999999997,0
9029,-61.500000000001,-5.89999999999997,100
9030,-54.1000000000009,4.60000000000003,100
9031,-68.1000000000008,-12.2999999999999,41
9032,-56.7000000000009,0.700000000000026,100
9033,-60.100000000001,-1.69999999999997,100
9034,-62.400000000001,-16.8999999999999,4
9035,-68.6000000000008,-16.7999999999999,0
9036,-53.8000000000009,3.10000000000003,96
9037,-50.8000000000008,-22.6,0
9038,-68.7000000000008,-18.8,0
9039,-61.400000000001,-13.7999999999999,100
9040,-81.8,8.90000000000001,98
9041,-65.9000000000009,-14.1999999999999,0
9042,-67.7000000000008,8.30000000000001,22
9043,-63.700000000001,-13.5999999999999,71
9044,-63.400000000001,-23,56
9045,-66.4000000000009,-22.4,0
9046,-69.5000000000007,-1.39999999999997,100
9047,-48.8000000000008,-11.4,0
9048,-51.3000000000008,-18.5,0
9049,-46.4000000000008,-8.69999999999996,0
9050,-69.7000000000007,-5.29999999999997,98
9051,-36.6000000000006,-9.39999999999996,0
9052,-46.3000000000008,-17.5,28
9053,-77.1000000000003,0.400000000000026,100
9054,-62.900000000001,3.50000000000003,100
9055,-63.900000000001,9.80000000000001,54
9056,-43.8000000000007,-6.29999999999997,86
9057,-54.9000000000009,-16.5999999999999,0
9058,-46.7000000000008,-2.89999999999998,76
9059,-58.4000000000009,-6.59999999999997,0
9060,-53.2000000000009,-4.79999999999997,97
9061,-66.3000000000009,-6.39999999999997,100
9062,-54.4000000000009,4.80000000000003,100
9063,-42.5000000000007,-5.99999999999997,47
9064,-44.9000000000008,-4.89999999999997,54
9065,-54.6000000000009,-20.9,89
9066,-64.800000000001,-12.3999999999999,100
9067,-53.2000000000009,-1.19999999999997,100
9068,-73.1000000000005,-8.39999999999996,100
9069,-74.7000000000004,-0.699999999999974,100
9070,-71.1000000000006,-14.4999999999999,0
9071,-63.100000000001,-3.69999999999998,97
9072,-70.9000000000006,-12.2999999999999,100
9073,-51.8000000000008,-19.9,0
9074,-59.700000000001,-16.0999999999999,52
9075,-79.2000000000002,0.400000000000026,49
9076,-36.9000000000006,-7.39999999999996,0
9077,-70.6000000000006,-3.69999999999998,100
9078,-73.9000000000005,-7.89999999999996,100
9079,-62.000000000001,0.500000000000026,90
9080,-65.4000000000009,-18.5,4
9081,-66.5000000000009,-20,NaN
9082,-59.400000000001,-14.1999999999999,4
9083,-70.2000000000007,-17.8,0
9084,-55.0000000000009,-12.0999999999999,100
9085,-68.7000000000008,-0.599999999999974,100
9086,-44.8000000000008,-22.8,37
9087,-54.8000000000009,-16.8999999999999,0
9088,-80.6000000000001,-5.79999999999997,0
9089,-66.0000000000009,-17.7,0
9090,-75.4000000000004,2.00000000000003,95
9091,-68.7000000000008,6.00000000000002,0
9092,-67.9000000000008,0.100000000000026,100
9093,-67.6000000000008,4.80000000000003,0
9094,-74.1000000000004,-12.5999999999999,0
9095,-45.2000000000008,-20.9,49
9096,-52.5000000000009,-23.4,0
9097,-39.8000000000007,-5.09999999999997,0
9098,-60.900000000001,6.90000000000002,97
9099,-52.2000000000009,-15.7999999999999,9
9100,-61.300000000001,8.80000000000001,48
9101,-70.7000000000006,-4.79999999999997,100
9102,-62.300000000001,-12.1999999999999,100
9103,-74.8000000000004,3.80000000000003,95
9104,-73.1000000000005,-5.79999999999997,100
9105,-39.0000000000007,-6.89999999999997,25
9106,-81.3,8.70000000000001,98
9107,-63.900000000001,-16.0999999999999,0
9108,-40.0000000000007,-3.49999999999998,0
9109,-57.8000000000009,-14.3999999999999,51
9110,-55.2000000000009,-14.4999999999999,0
9111,-50.0000000000008,-2.99999999999998,100
9112,-64.900000000001,-2.29999999999997,100
9113,-77.3000000000003,-10.9,0
9114,-38.7000000000007,-11.4,0
9115,-41.9000000000007,-15.0999999999999,48
9116,-58.1000000000009,-16.6999999999999,49
9117,-47.6000000000008,-10.9,74
9118,-54.5000000000009,2.10000000000003,100
9119,-44.3000000000007,-18.9,0
9120,-60.900000000001,3.70000000000003,0
9121,-43.9000000000007,-20,NaN
9122,-45.2000000000008,-12.1999999999999,0
9123,-66.7000000000009,1.80000000000003,100
9124,-53.5000000000009,-5.09999999999997,100
9125,-58.3000000000009,-18.4,100
9126,-53.7000000000009,3.20000000000003,100
9127,-60.800000000001,-11.5,0
9128,-53.7000000000009,-21.8,0
9129,-77.1000000000003,6.50000000000002,98
9130,-58.2000000000009,-20.2,99
9131,-74.6000000000004,-3.39999999999998,100
9132,-69.2000000000007,-4.69999999999997,100
9133,-53.5000000000009,-18.9,0
9134,-72.8000000000005,-12.4999999999999,97
9135,-68.2000000000008,6.30000000000002,0
9136,-77.2000000000003,-3.29999999999998,100
9137,-56.6000000000009,-22,0
9138,-61.500000000001,-16.3999999999999,95
9139,-60.500000000001,3.30000000000003,0
9140,-58.8000000000009,-1.09999999999997,100
9141,-55.8000000000009,-22.2,0
9142,-67.1000000000008,-22.9,0
9143,-48.7000000000008,-18.3,59
9144,-79.7000000000001,-0.399999999999974,82
9145,-50.9000000000008,-7.69999999999996,100
9146,-58.8000000000009,-5.99999999999997,100
9147,-43.5000000000007,-16.1999999999999,44
9148,-68.3000000000008,-11,100
9149,-59.700000000001,2.70000000000003,0
9150,-76.1000000000003,-3.99999999999998,100
9151,-67.5000000000008,-23.4,0
9152,-76.3000000000003,-12.2999999999999,0
9153,-70.5000000000007,2.10000000000003,100
9154,-57.5000000000009,1.20000000000003,100
9155,-53.5000000000009,-15.6999999999999,0
9156,-61.700000000001,-21.4,51
9157,-76.2000000000003,-10.2,0
9158,-50.5000000000008,-12.7999999999999,54
9159,-66.6000000000009,-18.8,0
9160,-71.5000000000006,0.200000000000026,100
9161,-66.3000000000009,-4.19999999999998,100
9162,-73.2000000000005,6.00000000000002,94
9163,-76.7000000000003,8.30000000000001,95
9164,-61.500000000001,-18,60
9165,-51.7000000000008,1.80000000000003,100
9166,-69.5000000000007,-17.6,0
9167,-77.9000000000002,-3.89999999999998,97
9168,-77.9000000000002,-7.59999999999996,0
9169,-79.2000000000002,-3.99999999999998,0
9170,-57.7000000000009,-15.1999999999999,44
9171,-70.9000000000006,10.1,NaN
9172,-51.7000000000008,-6.89999999999997,98
9173,-67.5000000000008,-18.3,0
9174,-58.6000000000009,-4.99999999999997,100
9175,-77.3000000000003,6.60000000000002,100
9176,-58.900000000001,6.20000000000002,98
9177,-43.6000000000007,-12.2999999999999,74
9178,-76.9000000000003,-3.49999999999998,100
9179,-74.5000000000004,1.40000000000003,97
9180,-57.3000000000009,0.700000000000026,100
9181,-67.4000000000008,-15.5999999999999,0
9182,-71.0000000000006,1.60000000000003,100
9183,-68.3000000000008,-19.9,0
9184,-66.9000000000009,-16.9999999999999,90
9185,-54.5000000000009,-12.0999999999999,100
9186,-75.8000000000004,1.30000000000003,0
9187,-61.700000000001,-10.2,100
9188,-42.6000000000007,-5.29999999999997,28
9189,-63.200000000001,-20.4,54
9190,-54.9000000000009,-12.3999999999999,100
9191,-54.3000000000009,4.60000000000003,100
9192,-69.0000000000007,10.3,NaN
9193,-60.400000000001,-16.9999999999999,96
9194,-39.9000000000007,-6.79999999999997,0
9195,-66.0000000000009,-0.399999999999974,100
9196,-50.3000000000008,0.500000000000026,100
9197,-74.8000000000004,-5.59999999999997,100
9198,-42.8000000000007,-10.9,0
9199,-53.8000000000009,-20.4,0
9200,-44.9000000000008,-11.3,51
9201,-43.6000000000007,-10.2,44
9202,-65.9000000000009,3.90000000000003,100
9203,-68.4000000000008,-14.4999999999999,0
9204,-53.2000000000009,4.20000000000003,100
9205,-62.200000000001,3.20000000000003,97
9206,-49.4000000000008,-14.9999999999999,48
9207,-68.3000000000008,-18.7,0
9208,-72.5000000000005,-2.29999999999997,100
9209,-79.4000000000001,9.00000000000001,0
9210,-58.6000000000009,-11.2,100
9211,-55.8000000000009,1.60000000000003,100
9212,-43.1000000000007,-5.49999999999997,66
9213,-41.5000000000007,-17.4,97
9214,-41.1000000000007,-18.8,24
9215,-65.8000000000009,-13.6999999999999,0
9216,-67.3000000000008,-19.2,0
9217,-71.6000000000006,-16.9999999999999,0
9218,-67.1000000000008,-23.2,0
9219,-70.9000000000006,-12.1999999999999,100
9220,-61.000000000001,-23.9,66
9221,-79.7000000000001,-6.49999999999997,0
9222,-72.9000000000005,-14.2999999999999,3
9223,-59.400000000001,8.20000000000001,0
9224,-77.3000000000003,-2.89999999999998,100
9225,-60.100000000001,-1.39999999999997,0
9226,-49.2000000000008,-17.1999999999999,0
9227,-55.5000000000009,-18.8,0
9228,-43.5000000000007,-11.9999999999999,0
9229,-66.1000000000009,-10.1,100
9230,-40.4000000000007,-17.9,0
9231,-52.7000000000009,-5.59999999999997,81
9232,-63.900000000001,6.80000000000002,82
9233,-69.3000000000007,-9.59999999999996,100
9234,-71.4000000000006,4.00000000000003,0
9235,-62.700000000001,-9.59999999999996,76
9236,-71.3000000000006,5.10000000000002,0
9237,-45.3000000000008,-15.6999999999999,15
9238,-60.000000000001,-16.6999999999999,95
9239,-62.700000000001,8.50000000000001,0
9240,-71.0000000000006,-2.99999999999998,100
9241,-53.9000000000009,-18.4,48
9242,-56.2000000000009,5.70000000000002,9
9243,-61.000000000001,-11.9999999999999,100
9244,-53.2000000000009,-12.8999999999999,100
9245,-69.5000000000007,-16.0999999999999,0
9246,-46.6000000000008,-19.1,0
9247,-67.9000000000008,4.50000000000003,100
9248,-48.3000000000008,-19.8,0
9249,-50.4000000000008,0.100000000000026,0
9250,-61.500000000001,-16.4999999999999,100
9251,-67.0000000000009,-1.99999999999997,100
9252,-63.200000000001,-22.7,48
9253,-48.4000000000008,-6.39999999999997,51
9254,-67.2000000000008,-5.59999999999997,100
9255,-71.5000000000006,-13.4999999999999,0
9256,-55.8000000000009,-10.2,0
9257,-49.1000000000008,-7.69999999999996,0
9258,-60.700000000001,-2.89999999999998,100
9259,-76.6000000000003,-12.1999999999999,0
9260,-39.4000000000007,-16.2999999999999,96
9261,-69.8000000000007,-7.69999999999996,100
9262,-70.5000000000007,-2.49999999999998,100
9263,-68.9000000000007,3.50000000000003,100
9264,-74.2000000000004,-5.79999999999997,100
9265,-69.6000000000007,-1.29999999999997,100
9266,-64.900000000001,1.40000000000003,100
9267,-52.4000000000009,4.70000000000003,100
9268,-60.200000000001,-7.79999999999996,100
9269,-62.700000000001,-12.9999999999999,0
9270,-72.9000000000005,7.30000000000002,28
9271,-67.9000000000008,-17.5,0
9272,-42.4000000000007,-9.39999999999996,0
9273,-52.1000000000009,-11.3,0
9274,-67.1000000000008,6.60000000000002,90
9275,-62.600000000001,9.40000000000001,100
9276,-55.4000000000009,-4.29999999999998,100
9277,-71.6000000000006,-7.09999999999997,43
9278,-74.4000000000004,-1.89999999999997,100
9279,-54.7000000000009,-12.4999999999999,100
9280,-72.5000000000005,9.70000000000001,0
9281,-61.300000000001,-15.9999999999999,56
9282,-61.000000000001,10.8,NaN
9283,-64.400000000001,-11.9999999999999,100
9284,-73.6000000000005,7.00000000000002,0
9285,-60.400000000001,-2.59999999999998,100
9286,-74.7000000000004,-11.9999999999999,0
9287,-40.6000000000007,-5.19999999999997,0
9288,-47.6000000000008,-15.3999999999999,44
9289,-70.2000000000007,-23.3,0
9290,-75.0000000000004,10.8,NaN
9291,-55.7000000000009,-21.4,72
9292,-57.1000000000009,-3.39999999999998,100
9293,-60.400000000001,-2.69999999999998,0
9294,-68.9000000000007,-21.3,0
9295,-42.6000000000007,-16.3999999999999,0
9296,-59.300000000001,-15.4999999999999,0
9297,-57.5000000000009,4.30000000000003,100
9298,-59.400000000001,-5.79999999999997,100
9299,-59.800000000001,-8.89999999999996,100
9300,-57.2000000000009,-19.8,61
9301,-61.900000000001,0.500000000000026,0
9302,-75.0000000000004,4.70000000000003,49
9303,-61.000000000001,-10.4,100
9304,-68.6000000000008,5.10000000000002,0
9305,-45.2000000000008,-10.3,48
9306,-75.7000000000004,5.60000000000002,96
9307,-71.1000000000006,8.70000000000001,87
9308,-52.1000000000009,-10.3,0
9309,-74.8000000000004,3.00000000000003,98
9310,-66.7000000000009,-19.8,0
9311,-57.6000000000009,0.900000000000026,100
9312,-71.6000000000006,-8.49999999999996,100
9313,-54.9000000000009,-2.69999999999998,0
9314,-62.500000000001,4.30000000000003,97
9315,-51.6000000000008,-5.99999999999997,51
9316,-74.5000000000004,-9.79999999999996,100
9317,-57.4000000000009,-22.5,76
9318,-76.1000000000003,0.900000000000026,0
9319,-51.8000000000008,-9.19999999999996,48
9320,-66.4000000000009,-18.1,0
9321,-54.9000000000009,-9.19999999999996,0
9322,-71.7000000000006,5.00000000000002,86
9323,-46.9000000000008,-12.4999999999999,43
9324,-65.7000000000009,-21.2,0
9325,-47.4000000000008,-14.3999999999999,30
9326,-68.9000000000007,-0.199999999999974,100
9327,-70.1000000000007,-22.2,0
9328,-64.100000000001,3.70000000000003,97
9329,-58.8000000000009,-19.2,79
9330,-71.2000000000006,-4.09999999999998,99
9331,-75.8000000000004,-9.49999999999996,100
9332,-38.6000000000007,-7.29999999999997,0
9333,-52.8000000000009,-23.1,0
9334,-57.2000000000009,-18.8,0
9335,-57.6000000000009,-4.59999999999997,100
9336,-62.600000000001,-19.1,64
9337,-52.5000000000009,-20.9,0
9338,-76.3000000000003,5.50000000000002,90
9339,-77.6000000000003,-8.59999999999996,0
9340,-77.5000000000003,-6.19999999999997,94
9341,-73.6000000000005,-15.5999999999999,0
9342,-60.300000000001,-21.2,79
9343,-54.3000000000009,-2.29999999999997,0
9344,-74.1000000000004,10.1,NaN
9345,-47.6000000000008,-8.79999999999996,0
9346,-43.9000000000007,-11.5999999999999,0
9347,-54.0000000000009,-21.6,0
9348,-74.3000000000004,-3.49999999999998,100
9349,-56.4000000000009,-0.699999999999974,100
9350,-50.7000000000008,-14.4999999999999,0
9351,-52.9000000000009,-23.3,0
9352,-46.1000000000008,-13.0999999999999,0
9353,-45.0000000000008,-9.19999999999996,17
9354,-70.5000000000007,-13.0999999999999,100
9355,-55.6000000000009,-11.5999999999999,100
9356,-46.4000000000008,-16.1999999999999,0
9357,-71.6000000000006,5.40000000000002,74
9358,-64.200000000001,-23.9,60
9359,-52.3000000000009,4.40000000000003,100
9360,-58.1000000000009,-20.1,0
9361,-34.9000000000006,-7.29999999999997,32
9362,-47.3000000000008,-23.6,0
9363,-66.9000000000009,2.60000000000003,100
9364,-59.200000000001,-2.49999999999998,100
9365,-75.3000000000004,-2.89999999999998,100
9366,-53.7000000000009,-3.09999999999998,98
9367,-50.4000000000008,-11.6999999999999,72
9368,-48.5000000000008,-8.29999999999996,0
9369,-46.2000000000008,-15.3999999999999,0
9370,-68.0000000000008,-22.2,0
9371,-73.9000000000005,11.3,NaN
9372,-69.3000000000007,-0.299999999999974,100
9373,-52.9000000000009,4.80000000000003,100
9374,-61.500000000001,-13.1999999999999,100
9375,-38.2000000000007,-5.69999999999997,0
9376,-68.5000000000008,3.60000000000003,100
9377,-75.9000000000003,6.70000000000002,87
9378,-46.0000000000008,-17.4,0
9379,-40.6000000000007,-15.5999999999999,0
9380,-55.9000000000009,5.40000000000002,97
9381,-60.700000000001,0.900000000000026,99
9382,-44.7000000000007,-20.7,0
9383,-42.5000000000007,-19.3,97
9384,-38.2000000000007,-8.49999999999996,0
9385,-74.7000000000004,6.10000000000002,0
9386,-67.6000000000008,-13.9999999999999,82
9387,-68.9000000000007,-23.4,0
9388,-67.9000000000008,-13.8999999999999,100
9389,-70.3000000000007,-2.39999999999998,100
9390,-60.700000000001,-18.7,71
9391,-57.3000000000009,-1.59999999999997,100
9392,-44.4000000000007,-19.6,76
9393,-40.3000000000007,-6.09999999999997,0
9394,-46.1000000000008,-8.89999999999996,55
9395,-37.0000000000006,-8.89999999999996,0
9396,-42.9000000000007,-9.49999999999996,44
9397,-62.200000000001,-24,45
9398,-61.700000000001,-7.69999999999996,100
9399,-48.3000000000008,-21.3,0
9400,-55.4000000000009,2.40000000000003,100
9401,-73.7000000000005,3.80000000000003,0
9402,-39.3000000000007,-11.5,0
9403,-51.0000000000008,-14.0999999999999,0
9404,-56.0000000000009,-2.59999999999998,100
9405,-69.3000000000007,-7.39999999999996,100
9406,-49.3000000000008,-4.79999999999997,23
9407,-67.6000000000008,-2.09999999999997,100
9408,-49.3000000000008,-8.99999999999996,0
9409,-43.1000000000007,-15.6999999999999,0
9410,-64.200000000001,-19.7,44
9411,-44.3000000000007,-20.9,0
9412,-48.5000000000008,-13.8999999999999,36
9413,-64.000000000001,10.4,NaN
9414,-46.2000000000008,-19.6,0
9415,-37.2000000000006,-6.29999999999997,0
9416,-54.5000000000009,-3.99999999999998,100
9417,-65.5000000000009,3.50000000000003,98
9418,-73.5000000000005,-4.09999999999998,100
9419,-68.1000000000008,-1.79999999999997,100
9420,-55.1000000000009,-19.2,49
9421,-66.1000000000009,-17.3,0
9422,-74.0000000000005,-15.7999999999999,0
9423,-40.5000000000007,-12.1999999999999,13
9424,-55.9000000000009,-14.5999999999999,0
9425,-74.3000000000004,-7.99999999999996,100
9426,-56.1000000000009,-23,95
9427,-63.500000000001,-17.8,95
9428,-66.0000000000009,2.90000000000003,99
9429,-41.5000000000007,-9.39999999999996,0
9430,-62.900000000001,-9.29999999999996,100
9431,-66.8000000000009,-22.7,0
9432,-73.2000000000005,3.70000000000003,0
9433,-61.700000000001,-18.3,48
9434,-76.4000000000003,-7.49999999999996,98
9435,-50.7000000000008,-13.7999999999999,0
9436,-61.200000000001,7.30000000000002,98
9437,-70.9000000000006,-5.79999999999997,100
9438,-57.1000000000009,4.00000000000003,100
9439,-79.1000000000002,9.00000000000001,95
9440,-62.400000000001,-18.9,60
9441,-66.5000000000009,-17.6,0
9442,-71.2000000000006,6.40000000000002,43
9443,-60.800000000001,-15.7999999999999,95
9444,-70.4000000000007,2.58959520493818e-14,100
9445,-78.3000000000002,-1.19999999999997,45
9446,-69.0000000000007,-11.3,100
9447,-49.4000000000008,-16.3999999999999,66
9448,-68.9000000000007,-12.4999999999999,100
9449,-54.9000000000009,-2.99999999999998,100
9450,-53.8000000000009,-14.8999999999999,0
9451,-67.4000000000008,-8.69999999999996,100
9452,-54.2000000000009,-0.599999999999974,100
9453,-63.500000000001,-15.2999999999999,100
9454,-51.6000000000008,-12.5999999999999,100
9455,-55.8000000000009,1.10000000000003,96
9456,-62.000000000001,-0.399999999999974,48
9457,-69.3000000000007,2.80000000000003,100
9458,-44.6000000000007,-5.59999999999997,95
9459,-63.600000000001,1.50000000000003,100
9460,-64.500000000001,-3.29999999999998,100
9461,-67.5000000000008,-21.4,0
9462,-66.0000000000009,-6.69999999999997,100
9463,-61.200000000001,-3.69999999999998,24
9464,-40.6000000000007,-3.79999999999998,0
9465,-70.9000000000006,5.20000000000002,0
9466,-63.700000000001,-13.2999999999999,5
9467,-42.8000000000007,-16.0999999999999,23
9468,-60.000000000001,-2.49999999999998,100
9469,-75.0000000000004,-7.19999999999997,100
9470,-62.500000000001,5.50000000000002,0
9471,-75.1000000000004,5.30000000000002,76
9472,-62.900000000001,6.60000000000002,98
9473,-39.1000000000007,-7.39999999999996,51
9474,-66.1000000000009,-12.6999999999999,0
9475,-57.7000000000009,-18.5,98
9476,-64.600000000001,-16.5999999999999,100
9477,-57.1000000000009,-24,93
9478,-58.0000000000009,-6.19999999999997,100
9479,-47.5000000000008,-16.7999999999999,0
9480,-44.4000000000007,-19.1,0
9481,-63.900000000001,-0.899999999999974,100
9482,-44.1000000000007,-10.5,54
9483,-61.200000000001,7.90000000000001,97
9484,-59.500000000001,-0.699999999999974,100
9485,-52.9000000000009,-13.6999999999999,37
9486,-77.2000000000003,-0.399999999999974,100
9487,-76.5000000000003,3.20000000000003,0
9488,-64.200000000001,-0.999999999999974,100
9489,-67.8000000000008,-3.79999999999998,100
9490,-71.9000000000006,2.60000000000003,100
9491,-78.0000000000002,-8.39999999999996,35
9492,-69.3000000000007,1.10000000000003,97
9493,-57.5000000000009,-7.99999999999996,100
9494,-74.7000000000004,10.6,NaN
9495,-53.9000000000009,-16.7999999999999,0
9496,-69.5000000000007,-23.9,0
9497,-56.6000000000009,-20.9,0
9498,-67.4000000000008,3.90000000000003,82
9499,-69.3000000000007,6.40000000000002,0
9500,-70.0000000000007,4.90000000000003,0
9501,-60.800000000001,-15.2999999999999,98
9502,-62.100000000001,-1.19999999999997,0
9503,-68.0000000000008,-8.99999999999996,97
9504,-70.4000000000007,-4.89999999999997,100
9505,-65.000000000001,-1.19999999999997,100
9506,-52.3000000000009,0.200000000000026,97
9507,-61.100000000001,-8.89999999999996,100
9508,-58.4000000000009,-20.4,99
9509,-63.700000000001,-7.29999999999997,100
9510,-55.3000000000009,-12.9999999999999,0
9511,-63.600000000001,-2.29999999999997,100
9512,-52.1000000000009,-21.6,31
9513,-41.6000000000007,-3.19999999999998,49
9514,-51.1000000000008,-0.399999999999974,100
9515,-65.7000000000009,8.60000000000001,0
9516,-60.700000000001,4.00000000000003,0
9517,-71.5000000000006,5.80000000000002,0
9518,-52.6000000000009,2.50000000000003,100
9519,-54.6000000000009,3.80000000000003,100
9520,-40.1000000000007,-3.19999999999998,0
9521,-64.900000000001,-12.4999999999999,100
9522,-58.3000000000009,-20.2,24
9523,-63.000000000001,1.40000000000003,100
9524,-37.6000000000006,-5.19999999999997,0
9525,-36.6000000000006,-7.09999999999997,0
9526,-51.2000000000008,-5.99999999999997,97
9527,-74.5000000000004,-13.3999999999999,0
9528,-74.8000000000004,1.80000000000003,0
9529,-57.5000000000009,2.70000000000003,99
9530,-52.9000000000009,-16.2999999999999,0
9531,-45.4000000000008,-22.6,96
9532,-47.7000000000008,-0.999999999999974,97
9533,-37.8000000000007,-5.39999999999997,19
9534,-57.6000000000009,-6.09999999999997,100
9535,-42.1000000000007,-19.2,0
9536,-63.000000000001,-9.89999999999996,0
9537,-67.1000000000008,-8.29999999999996,100
9538,-51.0000000000008,-3.19999999999998,100
9539,-66.4000000000009,-6.49999999999997,100
9540,-68.3000000000008,-19.4,0
9541,-59.000000000001,-23.4,0
9542,-70.2000000000007,-17.9,0
9543,-39.2000000000007,-8.99999999999996,0
9544,-76.1000000000003,2.10000000000003,95
9545,-74.2000000000004,7.40000000000002,100
9546,-73.0000000000005,-5.49999999999997,100
9547,-56.4000000000009,-4.69999999999997,0
9548,-74.0000000000005,1.30000000000003,100
9549,-75.6000000000004,9.80000000000001,44
9550,-73.6000000000005,6.50000000000002,93
9551,-62.300000000001,-15.1999999999999,100
9552,-71.0000000000006,-9.69999999999996,100
9553,-55.7000000000009,-10.5,0
9554,-47.0000000000008,-14.4999999999999,0
9555,-66.9000000000009,1.20000000000003,100
9556,-48.4000000000008,-19,0
9557,-48.7000000000008,-1.79999999999997,97
9558,-74.7000000000004,3.80000000000003,98
9559,-62.400000000001,-21,43
9560,-79.5000000000001,0.800000000000026,89
9561,-62.700000000001,-7.89999999999996,100
9562,-62.400000000001,-17.8,0
9563,-79.3000000000002,-7.69999999999996,0
9564,-74.0000000000005,-11.4,95
9565,-44.1000000000007,-22.5,0
9566,-58.4000000000009,-19.5,95
9567,-75.7000000000004,8.10000000000001,0
9568,-52.4000000000009,-22.7,0
9569,-59.100000000001,-2.99999999999998,100
9570,-67.2000000000008,10.1,NaN
9571,-73.1000000000005,-1.29999999999997,100
9572,-55.9000000000009,-17.6,0
9573,-40.4000000000007,-19.5,0
9574,-54.8000000000009,-20.7,0
9575,-45.6000000000008,-17.7,0
9576,-70.4000000000007,8.40000000000001,0
9577,-52.8000000000009,-13.7999999999999,88
9578,-61.000000000001,-2.89999999999998,100
9579,-67.2000000000008,-10.5,97
9580,-39.4000000000007,-6.89999999999997,0
9581,-58.900000000001,-6.99999999999997,100
9582,-74.1000000000004,11.1,NaN
9583,-52.9000000000009,-16.6999999999999,0
9584,-69.4000000000007,5.70000000000002,0
9585,-63.500000000001,-5.59999999999997,100
9586,-67.1000000000008,8.00000000000001,59
9587,-80.4000000000001,8.40000000000001,0
9588,-76.3000000000003,3.80000000000003,74
9589,-76.4000000000003,-10.8,0
9590,-74.4000000000004,9.40000000000001,0
9591,-65.9000000000009,-18,0
9592,-81.1000000000001,-5.29999999999997,0
9593,-53.7000000000009,-4.59999999999997,100
9594,-64.000000000001,4.90000000000003,100
9595,-70.0000000000007,-5.89999999999997,100
9596,-56.5000000000009,2.58959520493818e-14,100
9597,-54.0000000000009,-6.29999999999997,100
9598,-70.9000000000006,10.2,NaN
9599,-73.6000000000005,-0.0999999999999741,100
9600,-43.3000000000007,-20.6,50
9601,-71.9000000000006,-10.5,99
9602,-70.4000000000007,8.30000000000001,0
9603,-61.000000000001,-18.9,88
9604,-75.8000000000004,2.58959520493818e-14,100
9605,-67.4000000000008,-11,97
9606,-62.000000000001,-3.79999999999998,100
9607,-65.6000000000009,6.20000000000002,100
9608,-59.700000000001,-7.89999999999996,100
9609,-65.4000000000009,-3.49999999999998,100
9610,-38.7000000000007,-10.7,0
9611,-77.4000000000003,-8.39999999999996,0
9612,-49.4000000000008,-10.7,87
9613,-75.2000000000004,5.10000000000002,93
9614,-58.5000000000009,-9.69999999999996,100
9615,-39.8000000000007,-3.79999999999998,0
9616,-66.2000000000009,0.600000000000026,100
9617,-45.7000000000008,-7.19999999999997,5
9618,-52.0000000000009,-4.39999999999998,100
9619,-66.7000000000009,8.40000000000001,0
9620,-80.1000000000001,-2.29999999999997,48
9621,-70.6000000000006,-9.99999999999996,97
9622,-71.6000000000006,2.80000000000003,100
9623,-52.9000000000009,-20.7,0
9624,-40.4000000000007,-14.8999999999999,59
9625,-65.4000000000009,-12.8999999999999,89
9626,-45.3000000000008,-17.8,0
9627,-50.8000000000008,-18.4,64
9628,-61.000000000001,-3.79999999999998,100
9629,-57.3000000000009,5.40000000000002,98
9630,-74.4000000000004,-12.9999999999999,0
9631,-55.4000000000009,3.80000000000003,100
9632,-68.2000000000008,-19.5,0
9633,-40.9000000000007,-15.9999999999999,7
9634,-77.0000000000003,7.90000000000001,0
9635,-69.8000000000007,-9.79999999999996,98
9636,-54.1000000000009,-12.8999999999999,100
9637,-54.5000000000009,-4.79999999999997,100
9638,-55.7000000000009,3.10000000000003,100
9639,-66.7000000000009,-12.9999999999999,100
9640,-61.900000000001,2.00000000000003,100
9641,-40.7000000000007,-15.6999999999999,44
9642,-59.300000000001,7.20000000000002,100
9643,-70.2000000000007,-5.79999999999997,100
9644,-42.2000000000007,-6.79999999999997,43
9645,-39.4000000000007,-7.19999999999997,0
9646,-77.2000000000003,6.00000000000002,97
9647,-75.4000000000004,-4.59999999999997,100
9648,-50.4000000000008,-5.19999999999997,0
9649,-65.5000000000009,-8.79999999999996,100
9650,-62.300000000001,-10.1,98
9651,-48.4000000000008,-2.49999999999998,96
9652,-44.1000000000007,-12.5999999999999,76
9653,-51.5000000000008,-10.7,0
9654,-61.100000000001,-7.99999999999996,95
9655,-50.1000000000008,-1.19999999999997,100
9656,-57.6000000000009,-16.9999999999999,0
9657,-60.300000000001,-8.89999999999996,100
9658,-61.900000000001,3.30000000000003,98
9659,-64.300000000001,-8.49999999999996,100
9660,-42.3000000000007,-4.89999999999997,3
9661,-52.5000000000009,-21.6,0
9662,-55.0000000000009,-11.7999999999999,100
9663,-67.7000000000008,-18.5,0
9664,-68.4000000000008,-22,0
9665,-59.500000000001,-4.79999999999997,100
9666,-73.2000000000005,-6.79999999999997,100
9667,-53.4000000000009,-16.3999999999999,37
9668,-79.4000000000001,-0.899999999999974,76
9669,-78.4000000000002,9.30000000000001,99
9670,-66.5000000000009,-15.4999999999999,100
9671,-49.4000000000008,-7.99999999999996,97
9672,-64.400000000001,2.60000000000003,100
9673,-54.1000000000009,-7.79999999999996,98
9674,-70.1000000000007,11.4,NaN
9675,-56.0000000000009,5.20000000000002,100
9676,-47.0000000000008,-22.3,97
9677,-41.1000000000007,-16.2999999999999,92
9678,-58.3000000000009,-22.4,93
9679,-60.000000000001,5.20000000000002,96
9680,-65.7000000000009,-14.1999999999999,30
9681,-53.5000000000009,-15.5999999999999,0
9682,-66.0000000000009,-21.3,0
9683,-75.5000000000004,-5.19999999999997,100
9684,-65.7000000000009,-7.99999999999996,100
9685,-54.1000000000009,-14.3999999999999,0
9686,-49.8000000000008,-6.49999999999997,81
9687,-68.1000000000008,-14.0999999999999,97
9688,-56.6000000000009,1.50000000000003,100
9689,-45.0000000000008,-17.6,0
9690,-59.100000000001,-17.7,90
9691,-80.0000000000001,-2.79999999999998,60
9692,-67.6000000000008,0.600000000000026,94
9693,-64.400000000001,-0.599999999999974,100
9694,-66.3000000000009,-22,0
9695,-44.5000000000007,-19.2,0
9696,-50.0000000000008,-12.5999999999999,0
9697,-67.4000000000008,-15.9999999999999,96
9698,-65.8000000000009,-10.7,100
9699,-71.2000000000006,-9.49999999999996,100
9700,-58.8000000000009,7.60000000000002,100
9701,-62.500000000001,-8.39999999999996,100
9702,-71.8000000000006,-17.1999999999999,0
9703,-77.0000000000003,-9.99999999999996,0
9704,-65.200000000001,-3.19999999999998,100
9705,-78.5000000000002,-6.59999999999997,4
9706,-35.7000000000006,-8.29999999999996,0
9707,-58.3000000000009,-7.69999999999996,100
9708,-61.900000000001,-23.7,44
9709,-59.300000000001,5.40000000000002,100
9710,-55.7000000000009,-20.7,0
9711,-41.7000000000007,-12.8999999999999,0
9712,-70.3000000000007,-0.299999999999974,100
9713,-73.2000000000005,5.60000000000002,0
9714,-56.3000000000009,-21.4,0
9715,-64.300000000001,-2.99999999999998,100
9716,-74.0000000000005,2.40000000000003,100
9717,-55.5000000000009,-1.49999999999997,100
9718,-57.5000000000009,-1.09999999999997,100
9719,-52.6000000000009,-14.2999999999999,0
9720,-47.4000000000008,-8.89999999999996,46
9721,-56.8000000000009,-19.7,0
9722,-65.100000000001,-0.399999999999974,100
9723,-39.7000000000007,-18.2,78
9724,-70.3000000000007,-16.5999999999999,0
9725,-36.9000000000006,-5.59999999999997,0
9726,-66.0000000000009,-19.3,0
9727,-65.4000000000009,-2.29999999999997,100
9728,-53.6000000000009,-13.5999999999999,46
9729,-65.3000000000009,-10.6,0
9730,-72.8000000000005,2.80000000000003,0
9731,-75.2000000000004,-10.2,100
9732,-54.7000000000009,-4.49999999999998,100
9733,-61.200000000001,-9.69999999999996,100
9734,-53.5000000000009,-18.8,0
9735,-60.600000000001,1.00000000000003,100
9736,-57.6000000000009,-5.09999999999997,100
9737,-52.4000000000009,-16.9999999999999,0
9738,-73.7000000000005,-14.3999999999999,0
9739,-58.900000000001,-23.4,0
9740,-56.4000000000009,-9.29999999999996,100
9741,-58.8000000000009,2.40000000000003,100
9742,-63.000000000001,8.10000000000001,89
9743,-62.700000000001,-16.8999999999999,0
9744,-72.7000000000005,-9.19999999999996,100
9745,-63.800000000001,-11.8999999999999,95
9746,-68.4000000000008,-11.2,100
9747,-51.9000000000009,3.40000000000003,100
9748,-73.3000000000005,9.40000000000001,96
9749,-69.3000000000007,-1.59999999999997,0
9750,-69.3000000000007,1.20000000000003,100
9751,-51.4000000000008,-23.3,0
9752,-73.3000000000005,-1.39999999999997,100
9753,-48.7000000000008,-17.4,0
9754,-67.6000000000008,7.30000000000002,29
9755,-57.9000000000009,-14.7999999999999,0
9756,-51.3000000000008,-19.5,0
9757,-65.100000000001,-9.99999999999996,100
9758,-55.3000000000009,0.200000000000026,100
9759,-56.5000000000009,2.50000000000003,100
9760,-58.6000000000009,-19.2,89
9761,-63.600000000001,5.90000000000002,96
9762,-43.9000000000007,-7.29999999999997,43
9763,-57.3000000000009,-7.09999999999997,100
9764,-80.7000000000001,-3.89999999999998,0
9765,-40.9000000000007,-5.19999999999997,48
9766,-70.5000000000007,-3.79999999999998,100
9767,-47.1000000000008,-4.49999999999998,0
9768,-54.9000000000009,2.50000000000003,100
9769,-66.4000000000009,-5.99999999999997,100
9770,-69.2000000000007,-16.9999999999999,0
9771,-52.2000000000009,-10.5,22
9772,-67.1000000000008,-18,0
9773,-54.2000000000009,-7.69999999999996,98
9774,-36.2000000000006,-9.29999999999996,0
9775,-61.100000000001,-14.6999999999999,100
9776,-68.7000000000008,10.7,NaN
9777,-62.900000000001,4.90000000000003,100
9778,-43.2000000000007,-22,0
9779,-43.7000000000007,-14.2999999999999,0
9780,-56.2000000000009,-14.2999999999999,0
9781,-46.8000000000008,-7.09999999999997,0
9782,-44.5000000000007,-17.6,44
9783,-49.1000000000008,-22.5,0
9784,-36.5000000000006,-8.49999999999996,0
9785,-52.2000000000009,-5.19999999999997,100
9786,-44.2000000000007,-8.99999999999996,54
9787,-70.2000000000007,2.40000000000003,100
9788,-73.8000000000005,3.00000000000003,0
9789,-72.4000000000005,-5.79999999999997,97
9790,-65.8000000000009,-8.79999999999996,100
9791,-42.8000000000007,-3.89999999999998,92
9792,-48.1000000000008,-13.6999999999999,0
9793,-49.5000000000008,-6.39999999999997,97
9794,-67.6000000000008,-12.8999999999999,100
9795,-55.4000000000009,-10.3,0
9796,-51.1000000000008,-15.3999999999999,0
9797,-58.3000000000009,1.70000000000003,100
9798,-67.8000000000008,3.90000000000003,18
9799,-55.4000000000009,-11.2,100
9800,-56.2000000000009,-14.5999999999999,0
9801,-69.4000000000007,-17.8,0
9802,-68.4000000000008,-1.29999999999997,100
9803,-51.3000000000008,-17.3,0
9804,-65.4000000000009,4.30000000000003,96
9805,-66.0000000000009,-12.4999999999999,0
9806,-70.4000000000007,-17.5,0
9807,-67.8000000000008,-16.5999999999999,0
9808,-38.2000000000007,-11.6999999999999,0
9809,-64.800000000001,-1.69999999999997,100
9810,-41.4000000000007,-13.1999999999999,65
9811,-52.4000000000009,-15.1999999999999,0
9812,-43.1000000000007,-13.8999999999999,0
9813,-70.5000000000007,-15.3999999999999,0
9814,-51.5000000000008,-9.79999999999996,0
9815,-55.7000000000009,-22.3,0
9816,-49.8000000000008,-22.9,0
9817,-43.4000000000007,-11.4,26
9818,-57.3000000000009,-14.2999999999999,0
9819,-44.9000000000008,-7.09999999999997,20
9820,-64.100000000001,5.40000000000002,100
9821,-53.8000000000009,-23.8,0
9822,-43.7000000000007,-9.09999999999996,60
9823,-72.5000000000005,-14.0999999999999,0
9824,-73.5000000000005,-0.799999999999974,100
9825,-52.6000000000009,-12.4999999999999,61
9826,-40.0000000000007,-5.49999999999997,0
9827,-70.2000000000007,5.00000000000002,98
9828,-70.1000000000007,-12.2999999999999,100
9829,-59.700000000001,-12.6999999999999,100
9830,-77.8000000000002,2.50000000000003,100
9831,-62.200000000001,-19,54
9832,-69.9000000000007,-15.5999999999999,0
9833,-74.5000000000004,9.00000000000001,29
9834,-47.2000000000008,-9.89999999999996,0
9835,-59.600000000001,-4.39999999999998,0
9836,-74.2000000000004,-10.2,97
9837,-56.5000000000009,-11.2,100
9838,-70.0000000000007,-14.5999999999999,0
9839,-43.0000000000007,-10.9,0
9840,-58.5000000000009,6.70000000000002,97
9841,-61.000000000001,-3.19999999999998,100
9842,-47.4000000000008,-6.09999999999997,0
9843,-72.9000000000005,0.200000000000026,100
9844,-41.9000000000007,-8.29999999999996,0
9845,-60.300000000001,-23.2,56
9846,-67.4000000000008,0.500000000000026,97
9847,-67.4000000000008,0.400000000000026,100
9848,-53.1000000000009,3.90000000000003,100
9849,-70.0000000000007,-10.7,98
9850,-64.600000000001,1.30000000000003,100
9851,-46.4000000000008,-7.19999999999997,0
9852,-60.700000000001,-14.8999999999999,100
9853,-73.7000000000005,9.60000000000001,0
9854,-60.600000000001,-5.19999999999997,100
9855,-48.0000000000008,-2.29999999999997,100
9856,-64.600000000001,-14.9999999999999,0
9857,-66.0000000000009,-9.49999999999996,0
9858,-73.4000000000005,-14.4999999999999,0
9859,-41.9000000000007,-17.3,4
9860,-75.3000000000004,1.90000000000003,81
9861,-52.4000000000009,-19.8,0
9862,-38.2000000000007,-12.5999999999999,52
9863,-60.700000000001,-21,0
9864,-64.800000000001,-13.3999999999999,5
9865,-41.1000000000007,-5.99999999999997,0
9866,-65.5000000000009,-0.999999999999974,100
9867,-44.6000000000007,-17.4,60
9868,-69.0000000000007,-17.1999999999999,0
9869,-39.0000000000007,-10.3,0
9870,-63.300000000001,7.60000000000002,0
9871,-72.3000000000006,-4.69999999999997,100
9872,-61.100000000001,-4.19999999999998,100
9873,-70.3000000000007,-0.999999999999974,100
9874,-57.7000000000009,-18.2,99
9875,-53.6000000000009,-14.6999999999999,40
9876,-42.3000000000007,-16.7999999999999,44
9877,-77.2000000000003,-4.59999999999997,100
9878,-71.4000000000006,-10.6,98
9879,-76.7000000000003,-7.99999999999996,100
9880,-71.9000000000006,7.40000000000002,98
9881,-59.900000000001,0.300000000000026,100
9882,-56.3000000000009,-3.69999999999998,100
9883,-70.0000000000007,-14.9999999999999,0
9884,-44.7000000000007,-20.4,0
9885,-72.4000000000005,-16.1999999999999,0
9886,-58.4000000000009,2.20000000000003,100
9887,-76.8000000000003,-5.79999999999997,100
9888,-65.5000000000009,-2.39999999999998,100
9889,-61.800000000001,-14.7999999999999,98
9890,-79.6000000000001,-6.29999999999997,0
9891,-40.1000000000007,-15.0999999999999,0
9892,-75.5000000000004,-5.09999999999997,100
9893,-39.3000000000007,-12.9999999999999,0
9894,-71.1000000000006,3.30000000000003,100
9895,-66.7000000000009,8.00000000000001,0
9896,-68.1000000000008,-8.09999999999996,100
9897,-52.1000000000009,-7.89999999999996,98
9898,-44.9000000000008,-10.3,0
9899,-38.7000000000007,-12.5999999999999,95
9900,-40.6000000000007,-14.4999999999999,51
9901,-70.1000000000007,10.5,NaN
9902,-76.0000000000003,5.70000000000002,49
9903,-57.2000000000009,-16.2999999999999,64
9904,-76.7000000000003,5.20000000000002,98
9905,-57.0000000000009,-11.6999999999999,79
9906,-57.4000000000009,-6.79999999999997,100
9907,-57.1000000000009,-3.79999999999998,100
9908,-60.300000000001,3.00000000000003,0
9909,-70.9000000000006,-10.4,100
9910,-52.2000000000009,-21.7,4
9911,-75.4000000000004,-6.89999999999997,100
9912,-71.8000000000006,-6.09999999999997,100
9913,-59.700000000001,-18.5,93
9914,-68.9000000000007,0.700000000000026,95
9915,-40.7000000000007,-18.1,0
9916,-68.3000000000008,2.60000000000003,100
9917,-66.5000000000009,-8.89999999999996,100
9918,-70.6000000000006,-6.19999999999997,100
9919,-67.4000000000008,7.40000000000002,0
9920,-70.6000000000006,4.80000000000003,0
9921,-65.4000000000009,5.30000000000002,97
9922,-37.6000000000006,-6.09999999999997,0
9923,-57.7000000000009,-3.19999999999998,97
9924,-70.2000000000007,5.30000000000002,0
9925,-71.2000000000006,-16.5999999999999,0
9926,-50.4000000000008,-19,0
9927,-53.1000000000009,-6.69999999999997,100
9928,-67.9000000000008,-22.7,0
9929,-75.0000000000004,-0.599999999999974,100
9930,-75.3000000000004,-0.799999999999974,100
9931,-56.7000000000009,2.50000000000003,100
9932,-63.200000000001,-23.5,44
9933,-52.3000000000009,2.80000000000003,100
9934,-54.1000000000009,-16.0999999999999,0
9935,-69.5000000000007,-14.4999999999999,0
9936,-49.2000000000008,-23.8,0
9937,-66.0000000000009,-16.6999999999999,99
9938,-59.800000000001,-16.1999999999999,0
9939,-68.8000000000008,-1.89999999999997,100
9940,-68.5000000000008,-7.69999999999996,100
9941,-63.800000000001,-0.899999999999974,100
9942,-49.8000000000008,0.200000000000026,0
9943,-56.3000000000009,-23.9,0
9944,-75.4000000000004,-11,95
9945,-43.4000000000007,-17.6,0
9946,-52.7000000000009,-3.29999999999998,0
9947,-67.5000000000008,4.30000000000003,44
9948,-69.1000000000007,10.7,NaN
9949,-46.3000000000008,-16.7999999999999,0
9950,-59.500000000001,-7.19999999999997,88
9951,-39.5000000000007,-9.39999999999996,0
9952,-46.9000000000008,-2.59999999999998,0
9953,-56.5000000000009,-5.89999999999997,97
9954,-63.000000000001,-12.0999999999999,82
9955,-61.600000000001,9.30000000000001,0
9956,-51.7000000000008,3.70000000000003,100
9957,-54.8000000000009,-17.8,0
9958,-57.7000000000009,-4.29999999999998,100
9959,-40.5000000000007,-14.0999999999999,50
9960,-57.5000000000009,2.00000000000003,100
9961,-68.0000000000008,-11.7999999999999,100
9962,-71.9000000000006,4.50000000000003,95
9963,-65.8000000000009,-10.8,100
9964,-65.3000000000009,-16.2999999999999,56
9965,-59.800000000001,6.00000000000002,100
9966,-58.1000000000009,-15.3999999999999,55
9967,-56.1000000000009,-6.19999999999997,100
9968,-65.100000000001,-9.69999999999996,0
9969,-47.3000000000008,-7.09999999999997,0
9970,-59.400000000001,-7.39999999999996,100
9971,-59.400000000001,-16.9999999999999,99
9972,-43.5000000000007,-6.69999999999997,0
9973,-43.9000000000007,-4.59999999999997,98
9974,-60.000000000001,-5.79999999999997,100
9975,-53.2000000000009,-16.9999999999999,0
9976,-69.2000000000007,-4.29999999999998,100
9977,-62.100000000001,4.20000000000003,100
9978,-76.0000000000003,4.70000000000003,0
9979,-73.1000000000005,-2.59999999999998,100
9980,-50.3000000000008,-22.4,0
9981,-49.6000000000008,-21.2,74
9982,-42.5000000000007,-3.89999999999998,98
9983,-66.4000000000009,5.80000000000002,51
9984,-65.8000000000009,5.10000000000002,100
9985,-67.5000000000008,4.20000000000003,47
9986,-43.2000000000007,-19.2,14
9987,-72.4000000000005,-2.39999999999998,100
9988,-43.7000000000007,-3.89999999999998,94
9989,-40.5000000000007,-18.3,0
9990,-70.4000000000007,-10.6,98
9991,-56.9000000000009,-21.4,72
9992,-68.6000000000008,-12.9999999999999,100
9993,-67.2000000000008,-17.9,0
9994,-64.900000000001,-19.8,0
9995,-59.800000000001,-1.49999999999997,0
9996,-74.2000000000004,-12.8999999999999,0
9997,-73.5000000000005,7.50000000000002,0
9998,-75.7000000000004,-11.2,72
9999,-71.7000000000006,3.30000000000003,100
10000,-71.4000000000006,-12.0999999999999,100
